2025-04-25T17:03:13,167 [INFO ] W-9000-cifar10_1.0-stdout MODEL_LOG - s_name_part0=/tmp/.ts.sock, s_name_part1=9000, pid=9949
2025-04-25T17:03:13,168 [INFO ] W-9000-cifar10_1.0-stdout MODEL_LOG - Listening on port: /tmp/.ts.sock.9000
2025-04-25T17:03:13,175 [INFO ] W-9000-cifar10_1.0-stdout MODEL_LOG - Successfully loaded /home/amin/miniconda3/envs/deep-learning/lib/python3.9/site-packages/ts/configs/metrics.yaml.
2025-04-25T17:03:13,175 [INFO ] W-9000-cifar10_1.0-stdout MODEL_LOG - [PID]9949
2025-04-25T17:03:13,175 [INFO ] W-9000-cifar10_1.0-stdout MODEL_LOG - Torch worker started.
2025-04-25T17:03:13,176 [INFO ] W-9000-cifar10_1.0-stdout MODEL_LOG - Python runtime: 3.9.21
2025-04-25T17:03:13,186 [INFO ] W-9000-cifar10_1.0-stdout MODEL_LOG - Connection accepted: /tmp/.ts.sock.9000.
2025-04-25T17:03:13,214 [INFO ] W-9000-cifar10_1.0-stdout MODEL_LOG - model_name: cifar10, batchSize: 1
2025-04-25T17:03:13,394 [INFO ] W-9000-cifar10_1.0-stdout MODEL_LOG - OpenVINO is not enabled
2025-04-25T17:03:13,394 [INFO ] W-9000-cifar10_1.0-stdout MODEL_LOG - proceeding without onnxruntime
2025-04-25T17:03:13,394 [INFO ] W-9000-cifar10_1.0-stdout MODEL_LOG - Torch TensorRT not enabled
2025-04-25T17:03:13,521 [INFO ] W-9000-cifar10_1.0-stdout MODEL_LOG - Failed to load model cifar10, exception Error(s) in loading state_dict for SimpleCNN:
2025-04-25T17:03:13,522 [INFO ] W-9000-cifar10_1.0-stdout MODEL_LOG - 	Missing key(s) in state_dict: "conv1.0.weight", "conv1.0.bias", "conv1.1.weight", "conv1.1.bias", "conv1.1.running_mean", "conv1.1.running_var", "conv1.3.weight", "conv1.3.bias", "conv1.4.weight", "conv1.4.bias", "conv1.4.running_mean", "conv1.4.running_var", "conv2.0.weight", "conv2.0.bias", "conv2.1.weight", "conv2.1.bias", "conv2.1.running_mean", "conv2.1.running_var", "conv2.3.weight", "conv2.3.bias", "conv2.4.weight", "conv2.4.bias", "conv2.4.running_mean", "conv2.4.running_var", "fc1.1.weight", "fc1.1.bias", "fc2.1.weight", "fc2.1.bias", "fc3.1.weight", "fc3.1.bias". 
2025-04-25T17:03:13,522 [INFO ] W-9000-cifar10_1.0-stdout MODEL_LOG - 	Unexpected key(s) in state_dict: "epoch", "model", "optimizer". 
2025-04-25T17:03:13,522 [INFO ] W-9000-cifar10_1.0-stdout MODEL_LOG - Traceback (most recent call last):
2025-04-25T17:03:13,523 [INFO ] W-9000-cifar10_1.0-stdout MODEL_LOG -   File "/home/amin/miniconda3/envs/deep-learning/lib/python3.9/site-packages/ts/model_service_worker.py", line 133, in load_model
2025-04-25T17:03:13,523 [INFO ] W-9000-cifar10_1.0-stdout MODEL_LOG -     service = model_loader.load(
2025-04-25T17:03:13,523 [INFO ] W-9000-cifar10_1.0-stdout MODEL_LOG -   File "/home/amin/miniconda3/envs/deep-learning/lib/python3.9/site-packages/ts/model_loader.py", line 143, in load
2025-04-25T17:03:13,524 [INFO ] W-9000-cifar10_1.0-stdout MODEL_LOG -     initialize_fn(service.context)
2025-04-25T17:03:13,524 [INFO ] W-9000-cifar10_1.0-stdout MODEL_LOG -   File "/home/amin/miniconda3/envs/deep-learning/lib/python3.9/site-packages/ts/torch_handler/base_handler.py", line 191, in initialize
2025-04-25T17:03:13,524 [INFO ] W-9000-cifar10_1.0-stdout MODEL_LOG -     self.model = self._load_pickled_model(
2025-04-25T17:03:13,525 [INFO ] W-9000-cifar10_1.0-stdout MODEL_LOG -   File "/home/amin/miniconda3/envs/deep-learning/lib/python3.9/site-packages/ts/torch_handler/base_handler.py", line 356, in _load_pickled_model
2025-04-25T17:03:13,525 [INFO ] W-9000-cifar10_1.0-stdout MODEL_LOG -     model.load_state_dict(state_dict)
2025-04-25T17:03:13,525 [INFO ] W-9000-cifar10_1.0-stdout MODEL_LOG -   File "/home/amin/miniconda3/envs/deep-learning/lib/python3.9/site-packages/torch/nn/modules/module.py", line 2189, in load_state_dict
2025-04-25T17:03:13,525 [INFO ] W-9000-cifar10_1.0-stdout MODEL_LOG -     raise RuntimeError('Error(s) in loading state_dict for {}:\n\t{}'.format(
2025-04-25T17:03:13,526 [INFO ] W-9000-cifar10_1.0-stdout MODEL_LOG - RuntimeError: Error(s) in loading state_dict for SimpleCNN:
2025-04-25T17:03:13,526 [INFO ] W-9000-cifar10_1.0-stdout MODEL_LOG - 	Missing key(s) in state_dict: "conv1.0.weight", "conv1.0.bias", "conv1.1.weight", "conv1.1.bias", "conv1.1.running_mean", "conv1.1.running_var", "conv1.3.weight", "conv1.3.bias", "conv1.4.weight", "conv1.4.bias", "conv1.4.running_mean", "conv1.4.running_var", "conv2.0.weight", "conv2.0.bias", "conv2.1.weight", "conv2.1.bias", "conv2.1.running_mean", "conv2.1.running_var", "conv2.3.weight", "conv2.3.bias", "conv2.4.weight", "conv2.4.bias", "conv2.4.running_mean", "conv2.4.running_var", "fc1.1.weight", "fc1.1.bias", "fc2.1.weight", "fc2.1.bias", "fc3.1.weight", "fc3.1.bias". 
2025-04-25T17:03:13,526 [INFO ] W-9000-cifar10_1.0-stdout MODEL_LOG - 	Unexpected key(s) in state_dict: "epoch", "model", "optimizer". 
2025-04-25T17:03:13,527 [INFO ] W-9000-cifar10_1.0-stdout MODEL_LOG - Backend worker process died.
2025-04-25T17:03:13,527 [INFO ] W-9000-cifar10_1.0-stdout MODEL_LOG - Traceback (most recent call last):
2025-04-25T17:03:13,527 [INFO ] W-9000-cifar10_1.0-stdout MODEL_LOG -   File "/home/amin/miniconda3/envs/deep-learning/lib/python3.9/site-packages/ts/model_service_worker.py", line 301, in <module>
2025-04-25T17:03:13,527 [INFO ] W-9000-cifar10_1.0-stdout MODEL_LOG -     worker.run_server()
2025-04-25T17:03:13,527 [INFO ] W-9000-cifar10_1.0-stdout MODEL_LOG -   File "/home/amin/miniconda3/envs/deep-learning/lib/python3.9/site-packages/ts/model_service_worker.py", line 268, in run_server
2025-04-25T17:03:13,528 [INFO ] W-9000-cifar10_1.0-stdout MODEL_LOG -     self.handle_connection(cl_socket)
2025-04-25T17:03:13,528 [INFO ] W-9000-cifar10_1.0-stdout MODEL_LOG -   File "/home/amin/miniconda3/envs/deep-learning/lib/python3.9/site-packages/ts/model_service_worker.py", line 201, in handle_connection
2025-04-25T17:03:13,528 [INFO ] W-9000-cifar10_1.0-stdout MODEL_LOG -     raise RuntimeError("{} - {}".format(code, result))
2025-04-25T17:03:13,528 [INFO ] W-9000-cifar10_1.0-stdout MODEL_LOG - RuntimeError: 500 - Unknown exception
2025-04-25T17:03:15,708 [INFO ] W-9000-cifar10_1.0-stdout MODEL_LOG - s_name_part0=/tmp/.ts.sock, s_name_part1=9000, pid=9999
2025-04-25T17:03:15,708 [INFO ] W-9000-cifar10_1.0-stdout MODEL_LOG - Listening on port: /tmp/.ts.sock.9000
2025-04-25T17:03:15,717 [INFO ] W-9000-cifar10_1.0-stdout MODEL_LOG - Successfully loaded /home/amin/miniconda3/envs/deep-learning/lib/python3.9/site-packages/ts/configs/metrics.yaml.
2025-04-25T17:03:15,717 [INFO ] W-9000-cifar10_1.0-stdout MODEL_LOG - [PID]9999
2025-04-25T17:03:15,718 [INFO ] W-9000-cifar10_1.0-stdout MODEL_LOG - Torch worker started.
2025-04-25T17:03:15,718 [INFO ] W-9000-cifar10_1.0-stdout MODEL_LOG - Python runtime: 3.9.21
2025-04-25T17:03:15,719 [INFO ] W-9000-cifar10_1.0-stdout MODEL_LOG - Connection accepted: /tmp/.ts.sock.9000.
2025-04-25T17:03:15,730 [INFO ] W-9000-cifar10_1.0-stdout MODEL_LOG - model_name: cifar10, batchSize: 1
2025-04-25T17:03:15,785 [INFO ] W-9000-cifar10_1.0-stdout MODEL_LOG - OpenVINO is not enabled
2025-04-25T17:03:15,786 [INFO ] W-9000-cifar10_1.0-stdout MODEL_LOG - proceeding without onnxruntime
2025-04-25T17:03:15,786 [INFO ] W-9000-cifar10_1.0-stdout MODEL_LOG - Torch TensorRT not enabled
2025-04-25T17:03:15,861 [INFO ] W-9000-cifar10_1.0-stdout MODEL_LOG - Failed to load model cifar10, exception Error(s) in loading state_dict for SimpleCNN:
2025-04-25T17:03:15,861 [INFO ] W-9000-cifar10_1.0-stdout MODEL_LOG - 	Missing key(s) in state_dict: "conv1.0.weight", "conv1.0.bias", "conv1.1.weight", "conv1.1.bias", "conv1.1.running_mean", "conv1.1.running_var", "conv1.3.weight", "conv1.3.bias", "conv1.4.weight", "conv1.4.bias", "conv1.4.running_mean", "conv1.4.running_var", "conv2.0.weight", "conv2.0.bias", "conv2.1.weight", "conv2.1.bias", "conv2.1.running_mean", "conv2.1.running_var", "conv2.3.weight", "conv2.3.bias", "conv2.4.weight", "conv2.4.bias", "conv2.4.running_mean", "conv2.4.running_var", "fc1.1.weight", "fc1.1.bias", "fc2.1.weight", "fc2.1.bias", "fc3.1.weight", "fc3.1.bias". 
2025-04-25T17:03:15,862 [INFO ] W-9000-cifar10_1.0-stdout MODEL_LOG - 	Unexpected key(s) in state_dict: "epoch", "model", "optimizer". 
2025-04-25T17:03:15,862 [INFO ] W-9000-cifar10_1.0-stdout MODEL_LOG - Traceback (most recent call last):
2025-04-25T17:03:15,862 [INFO ] W-9000-cifar10_1.0-stdout MODEL_LOG -   File "/home/amin/miniconda3/envs/deep-learning/lib/python3.9/site-packages/ts/model_service_worker.py", line 133, in load_model
2025-04-25T17:03:15,862 [INFO ] W-9000-cifar10_1.0-stdout MODEL_LOG -     service = model_loader.load(
2025-04-25T17:03:15,862 [INFO ] W-9000-cifar10_1.0-stdout MODEL_LOG -   File "/home/amin/miniconda3/envs/deep-learning/lib/python3.9/site-packages/ts/model_loader.py", line 143, in load
2025-04-25T17:03:15,862 [INFO ] W-9000-cifar10_1.0-stdout MODEL_LOG -     initialize_fn(service.context)
2025-04-25T17:03:15,863 [INFO ] W-9000-cifar10_1.0-stdout MODEL_LOG -   File "/home/amin/miniconda3/envs/deep-learning/lib/python3.9/site-packages/ts/torch_handler/base_handler.py", line 191, in initialize
2025-04-25T17:03:15,864 [INFO ] W-9000-cifar10_1.0-stdout MODEL_LOG -     self.model = self._load_pickled_model(
2025-04-25T17:03:15,864 [INFO ] W-9000-cifar10_1.0-stdout MODEL_LOG -   File "/home/amin/miniconda3/envs/deep-learning/lib/python3.9/site-packages/ts/torch_handler/base_handler.py", line 356, in _load_pickled_model
2025-04-25T17:03:15,864 [INFO ] W-9000-cifar10_1.0-stdout MODEL_LOG -     model.load_state_dict(state_dict)
2025-04-25T17:03:15,864 [INFO ] W-9000-cifar10_1.0-stdout MODEL_LOG -   File "/home/amin/miniconda3/envs/deep-learning/lib/python3.9/site-packages/torch/nn/modules/module.py", line 2189, in load_state_dict
2025-04-25T17:03:15,864 [INFO ] W-9000-cifar10_1.0-stdout MODEL_LOG -     raise RuntimeError('Error(s) in loading state_dict for {}:\n\t{}'.format(
2025-04-25T17:03:15,864 [INFO ] W-9000-cifar10_1.0-stdout MODEL_LOG - RuntimeError: Error(s) in loading state_dict for SimpleCNN:
2025-04-25T17:03:15,865 [INFO ] W-9000-cifar10_1.0-stdout MODEL_LOG - 	Missing key(s) in state_dict: "conv1.0.weight", "conv1.0.bias", "conv1.1.weight", "conv1.1.bias", "conv1.1.running_mean", "conv1.1.running_var", "conv1.3.weight", "conv1.3.bias", "conv1.4.weight", "conv1.4.bias", "conv1.4.running_mean", "conv1.4.running_var", "conv2.0.weight", "conv2.0.bias", "conv2.1.weight", "conv2.1.bias", "conv2.1.running_mean", "conv2.1.running_var", "conv2.3.weight", "conv2.3.bias", "conv2.4.weight", "conv2.4.bias", "conv2.4.running_mean", "conv2.4.running_var", "fc1.1.weight", "fc1.1.bias", "fc2.1.weight", "fc2.1.bias", "fc3.1.weight", "fc3.1.bias". 
2025-04-25T17:03:15,865 [INFO ] W-9000-cifar10_1.0-stdout MODEL_LOG - 	Unexpected key(s) in state_dict: "epoch", "model", "optimizer". 
2025-04-25T17:03:17,989 [INFO ] W-9000-cifar10_1.0-stdout MODEL_LOG - s_name_part0=/tmp/.ts.sock, s_name_part1=9000, pid=10016
2025-04-25T17:03:17,990 [INFO ] W-9000-cifar10_1.0-stdout MODEL_LOG - Listening on port: /tmp/.ts.sock.9000
2025-04-25T17:03:17,999 [INFO ] W-9000-cifar10_1.0-stdout MODEL_LOG - Successfully loaded /home/amin/miniconda3/envs/deep-learning/lib/python3.9/site-packages/ts/configs/metrics.yaml.
2025-04-25T17:03:18,000 [INFO ] W-9000-cifar10_1.0-stdout MODEL_LOG - [PID]10016
2025-04-25T17:03:18,000 [INFO ] W-9000-cifar10_1.0-stdout MODEL_LOG - Torch worker started.
2025-04-25T17:03:18,000 [INFO ] W-9000-cifar10_1.0-stdout MODEL_LOG - Python runtime: 3.9.21
2025-04-25T17:03:18,001 [INFO ] W-9000-cifar10_1.0-stdout MODEL_LOG - Connection accepted: /tmp/.ts.sock.9000.
2025-04-25T17:03:18,012 [INFO ] W-9000-cifar10_1.0-stdout MODEL_LOG - model_name: cifar10, batchSize: 1
2025-04-25T17:03:18,063 [INFO ] W-9000-cifar10_1.0-stdout MODEL_LOG - OpenVINO is not enabled
2025-04-25T17:03:18,063 [INFO ] W-9000-cifar10_1.0-stdout MODEL_LOG - proceeding without onnxruntime
2025-04-25T17:03:18,063 [INFO ] W-9000-cifar10_1.0-stdout MODEL_LOG - Torch TensorRT not enabled
2025-04-25T17:03:18,127 [INFO ] W-9000-cifar10_1.0-stdout MODEL_LOG - Failed to load model cifar10, exception Error(s) in loading state_dict for SimpleCNN:
2025-04-25T17:03:18,127 [INFO ] W-9000-cifar10_1.0-stdout MODEL_LOG - 	Missing key(s) in state_dict: "conv1.0.weight", "conv1.0.bias", "conv1.1.weight", "conv1.1.bias", "conv1.1.running_mean", "conv1.1.running_var", "conv1.3.weight", "conv1.3.bias", "conv1.4.weight", "conv1.4.bias", "conv1.4.running_mean", "conv1.4.running_var", "conv2.0.weight", "conv2.0.bias", "conv2.1.weight", "conv2.1.bias", "conv2.1.running_mean", "conv2.1.running_var", "conv2.3.weight", "conv2.3.bias", "conv2.4.weight", "conv2.4.bias", "conv2.4.running_mean", "conv2.4.running_var", "fc1.1.weight", "fc1.1.bias", "fc2.1.weight", "fc2.1.bias", "fc3.1.weight", "fc3.1.bias". 
2025-04-25T17:03:18,127 [INFO ] W-9000-cifar10_1.0-stdout MODEL_LOG - 	Unexpected key(s) in state_dict: "epoch", "model", "optimizer". 
2025-04-25T17:03:18,127 [INFO ] W-9000-cifar10_1.0-stdout MODEL_LOG - Traceback (most recent call last):
2025-04-25T17:03:18,127 [INFO ] W-9000-cifar10_1.0-stdout MODEL_LOG -   File "/home/amin/miniconda3/envs/deep-learning/lib/python3.9/site-packages/ts/model_service_worker.py", line 133, in load_model
2025-04-25T17:03:18,127 [INFO ] W-9000-cifar10_1.0-stdout MODEL_LOG -     service = model_loader.load(
2025-04-25T17:03:18,128 [INFO ] W-9000-cifar10_1.0-stdout MODEL_LOG -   File "/home/amin/miniconda3/envs/deep-learning/lib/python3.9/site-packages/ts/model_loader.py", line 143, in load
2025-04-25T17:03:18,128 [INFO ] W-9000-cifar10_1.0-stdout MODEL_LOG -     initialize_fn(service.context)
2025-04-25T17:03:18,128 [INFO ] W-9000-cifar10_1.0-stdout MODEL_LOG -   File "/home/amin/miniconda3/envs/deep-learning/lib/python3.9/site-packages/ts/torch_handler/base_handler.py", line 191, in initialize
2025-04-25T17:03:18,128 [INFO ] W-9000-cifar10_1.0-stdout MODEL_LOG -     self.model = self._load_pickled_model(
2025-04-25T17:03:18,128 [INFO ] W-9000-cifar10_1.0-stdout MODEL_LOG -   File "/home/amin/miniconda3/envs/deep-learning/lib/python3.9/site-packages/ts/torch_handler/base_handler.py", line 356, in _load_pickled_model
2025-04-25T17:03:18,128 [INFO ] W-9000-cifar10_1.0-stdout MODEL_LOG -     model.load_state_dict(state_dict)
2025-04-25T17:03:18,128 [INFO ] W-9000-cifar10_1.0-stdout MODEL_LOG -   File "/home/amin/miniconda3/envs/deep-learning/lib/python3.9/site-packages/torch/nn/modules/module.py", line 2189, in load_state_dict
2025-04-25T17:03:18,128 [INFO ] W-9000-cifar10_1.0-stdout MODEL_LOG -     raise RuntimeError('Error(s) in loading state_dict for {}:\n\t{}'.format(
2025-04-25T17:03:18,128 [INFO ] W-9000-cifar10_1.0-stdout MODEL_LOG - RuntimeError: Error(s) in loading state_dict for SimpleCNN:
2025-04-25T17:03:18,129 [INFO ] W-9000-cifar10_1.0-stdout MODEL_LOG - 	Missing key(s) in state_dict: "conv1.0.weight", "conv1.0.bias", "conv1.1.weight", "conv1.1.bias", "conv1.1.running_mean", "conv1.1.running_var", "conv1.3.weight", "conv1.3.bias", "conv1.4.weight", "conv1.4.bias", "conv1.4.running_mean", "conv1.4.running_var", "conv2.0.weight", "conv2.0.bias", "conv2.1.weight", "conv2.1.bias", "conv2.1.running_mean", "conv2.1.running_var", "conv2.3.weight", "conv2.3.bias", "conv2.4.weight", "conv2.4.bias", "conv2.4.running_mean", "conv2.4.running_var", "fc1.1.weight", "fc1.1.bias", "fc2.1.weight", "fc2.1.bias", "fc3.1.weight", "fc3.1.bias". 
2025-04-25T17:03:18,129 [INFO ] W-9000-cifar10_1.0-stdout MODEL_LOG - 	Unexpected key(s) in state_dict: "epoch", "model", "optimizer". 
2025-04-25T17:03:18,129 [INFO ] W-9000-cifar10_1.0-stdout MODEL_LOG - Backend worker process died.
2025-04-25T17:03:18,129 [INFO ] W-9000-cifar10_1.0-stdout MODEL_LOG - Traceback (most recent call last):
2025-04-25T17:03:18,129 [INFO ] W-9000-cifar10_1.0-stdout MODEL_LOG -   File "/home/amin/miniconda3/envs/deep-learning/lib/python3.9/site-packages/ts/model_service_worker.py", line 301, in <module>
2025-04-25T17:03:18,129 [INFO ] W-9000-cifar10_1.0-stdout MODEL_LOG -     worker.run_server()
2025-04-25T17:03:18,129 [INFO ] W-9000-cifar10_1.0-stdout MODEL_LOG -   File "/home/amin/miniconda3/envs/deep-learning/lib/python3.9/site-packages/ts/model_service_worker.py", line 268, in run_server
2025-04-25T17:03:18,129 [INFO ] W-9000-cifar10_1.0-stdout MODEL_LOG -     self.handle_connection(cl_socket)
2025-04-25T17:03:18,130 [INFO ] W-9000-cifar10_1.0-stdout MODEL_LOG -   File "/home/amin/miniconda3/envs/deep-learning/lib/python3.9/site-packages/ts/model_service_worker.py", line 201, in handle_connection
2025-04-25T17:03:18,130 [INFO ] W-9000-cifar10_1.0-stdout MODEL_LOG -     raise RuntimeError("{} - {}".format(code, result))
2025-04-25T17:03:18,130 [INFO ] W-9000-cifar10_1.0-stdout MODEL_LOG - RuntimeError: 500 - Unknown exception
2025-04-25T17:03:21,249 [INFO ] W-9000-cifar10_1.0-stdout MODEL_LOG - s_name_part0=/tmp/.ts.sock, s_name_part1=9000, pid=10040
2025-04-25T17:03:21,249 [INFO ] W-9000-cifar10_1.0-stdout MODEL_LOG - Listening on port: /tmp/.ts.sock.9000
2025-04-25T17:03:21,257 [INFO ] W-9000-cifar10_1.0-stdout MODEL_LOG - Successfully loaded /home/amin/miniconda3/envs/deep-learning/lib/python3.9/site-packages/ts/configs/metrics.yaml.
2025-04-25T17:03:21,257 [INFO ] W-9000-cifar10_1.0-stdout MODEL_LOG - [PID]10040
2025-04-25T17:03:21,257 [INFO ] W-9000-cifar10_1.0-stdout MODEL_LOG - Torch worker started.
2025-04-25T17:03:21,258 [INFO ] W-9000-cifar10_1.0-stdout MODEL_LOG - Python runtime: 3.9.21
2025-04-25T17:03:21,259 [INFO ] W-9000-cifar10_1.0-stdout MODEL_LOG - Connection accepted: /tmp/.ts.sock.9000.
2025-04-25T17:03:21,269 [INFO ] W-9000-cifar10_1.0-stdout MODEL_LOG - model_name: cifar10, batchSize: 1
2025-04-25T17:03:21,316 [INFO ] W-9000-cifar10_1.0-stdout MODEL_LOG - OpenVINO is not enabled
2025-04-25T17:03:21,316 [INFO ] W-9000-cifar10_1.0-stdout MODEL_LOG - proceeding without onnxruntime
2025-04-25T17:03:21,316 [INFO ] W-9000-cifar10_1.0-stdout MODEL_LOG - Torch TensorRT not enabled
2025-04-25T17:03:21,379 [INFO ] W-9000-cifar10_1.0-stdout MODEL_LOG - Failed to load model cifar10, exception Error(s) in loading state_dict for SimpleCNN:
2025-04-25T17:03:21,380 [INFO ] W-9000-cifar10_1.0-stdout MODEL_LOG - 	Missing key(s) in state_dict: "conv1.0.weight", "conv1.0.bias", "conv1.1.weight", "conv1.1.bias", "conv1.1.running_mean", "conv1.1.running_var", "conv1.3.weight", "conv1.3.bias", "conv1.4.weight", "conv1.4.bias", "conv1.4.running_mean", "conv1.4.running_var", "conv2.0.weight", "conv2.0.bias", "conv2.1.weight", "conv2.1.bias", "conv2.1.running_mean", "conv2.1.running_var", "conv2.3.weight", "conv2.3.bias", "conv2.4.weight", "conv2.4.bias", "conv2.4.running_mean", "conv2.4.running_var", "fc1.1.weight", "fc1.1.bias", "fc2.1.weight", "fc2.1.bias", "fc3.1.weight", "fc3.1.bias". 
2025-04-25T17:03:21,380 [INFO ] W-9000-cifar10_1.0-stdout MODEL_LOG - 	Unexpected key(s) in state_dict: "epoch", "model", "optimizer". 
2025-04-25T17:03:21,380 [INFO ] W-9000-cifar10_1.0-stdout MODEL_LOG - Traceback (most recent call last):
2025-04-25T17:03:21,380 [INFO ] W-9000-cifar10_1.0-stdout MODEL_LOG -   File "/home/amin/miniconda3/envs/deep-learning/lib/python3.9/site-packages/ts/model_service_worker.py", line 133, in load_model
2025-04-25T17:03:21,380 [INFO ] W-9000-cifar10_1.0-stdout MODEL_LOG -     service = model_loader.load(
2025-04-25T17:03:21,380 [INFO ] W-9000-cifar10_1.0-stdout MODEL_LOG -   File "/home/amin/miniconda3/envs/deep-learning/lib/python3.9/site-packages/ts/model_loader.py", line 143, in load
2025-04-25T17:03:21,380 [INFO ] W-9000-cifar10_1.0-stdout MODEL_LOG -     initialize_fn(service.context)
2025-04-25T17:03:21,380 [INFO ] W-9000-cifar10_1.0-stdout MODEL_LOG -   File "/home/amin/miniconda3/envs/deep-learning/lib/python3.9/site-packages/ts/torch_handler/base_handler.py", line 191, in initialize
2025-04-25T17:03:21,380 [INFO ] W-9000-cifar10_1.0-stdout MODEL_LOG -     self.model = self._load_pickled_model(
2025-04-25T17:03:21,380 [INFO ] W-9000-cifar10_1.0-stdout MODEL_LOG -   File "/home/amin/miniconda3/envs/deep-learning/lib/python3.9/site-packages/ts/torch_handler/base_handler.py", line 356, in _load_pickled_model
2025-04-25T17:03:21,381 [INFO ] W-9000-cifar10_1.0-stdout MODEL_LOG -     model.load_state_dict(state_dict)
2025-04-25T17:03:21,381 [INFO ] W-9000-cifar10_1.0-stdout MODEL_LOG -   File "/home/amin/miniconda3/envs/deep-learning/lib/python3.9/site-packages/torch/nn/modules/module.py", line 2189, in load_state_dict
2025-04-25T17:03:21,381 [INFO ] W-9000-cifar10_1.0-stdout MODEL_LOG -     raise RuntimeError('Error(s) in loading state_dict for {}:\n\t{}'.format(
2025-04-25T17:03:21,381 [INFO ] W-9000-cifar10_1.0-stdout MODEL_LOG - RuntimeError: Error(s) in loading state_dict for SimpleCNN:
2025-04-25T17:03:21,381 [INFO ] W-9000-cifar10_1.0-stdout MODEL_LOG - 	Missing key(s) in state_dict: "conv1.0.weight", "conv1.0.bias", "conv1.1.weight", "conv1.1.bias", "conv1.1.running_mean", "conv1.1.running_var", "conv1.3.weight", "conv1.3.bias", "conv1.4.weight", "conv1.4.bias", "conv1.4.running_mean", "conv1.4.running_var", "conv2.0.weight", "conv2.0.bias", "conv2.1.weight", "conv2.1.bias", "conv2.1.running_mean", "conv2.1.running_var", "conv2.3.weight", "conv2.3.bias", "conv2.4.weight", "conv2.4.bias", "conv2.4.running_mean", "conv2.4.running_var", "fc1.1.weight", "fc1.1.bias", "fc2.1.weight", "fc2.1.bias", "fc3.1.weight", "fc3.1.bias". 
2025-04-25T17:03:21,381 [INFO ] W-9000-cifar10_1.0-stdout MODEL_LOG - 	Unexpected key(s) in state_dict: "epoch", "model", "optimizer". 
2025-04-25T17:03:21,381 [INFO ] W-9000-cifar10_1.0-stdout MODEL_LOG - Backend worker process died.
2025-04-25T17:03:21,381 [INFO ] W-9000-cifar10_1.0-stdout MODEL_LOG - Traceback (most recent call last):
2025-04-25T17:03:21,382 [INFO ] W-9000-cifar10_1.0-stdout MODEL_LOG -   File "/home/amin/miniconda3/envs/deep-learning/lib/python3.9/site-packages/ts/model_service_worker.py", line 301, in <module>
2025-04-25T17:03:21,382 [INFO ] W-9000-cifar10_1.0-stdout MODEL_LOG -     worker.run_server()
2025-04-25T17:03:21,382 [INFO ] W-9000-cifar10_1.0-stdout MODEL_LOG -   File "/home/amin/miniconda3/envs/deep-learning/lib/python3.9/site-packages/ts/model_service_worker.py", line 268, in run_server
2025-04-25T17:03:21,382 [INFO ] W-9000-cifar10_1.0-stdout MODEL_LOG -     self.handle_connection(cl_socket)
2025-04-25T17:03:21,382 [INFO ] W-9000-cifar10_1.0-stdout MODEL_LOG -   File "/home/amin/miniconda3/envs/deep-learning/lib/python3.9/site-packages/ts/model_service_worker.py", line 201, in handle_connection
2025-04-25T17:03:21,382 [INFO ] W-9000-cifar10_1.0-stdout MODEL_LOG -     raise RuntimeError("{} - {}".format(code, result))
2025-04-25T17:03:21,382 [INFO ] W-9000-cifar10_1.0-stdout MODEL_LOG - RuntimeError: 500 - Unknown exception
2025-04-25T17:03:25,418 [INFO ] W-9000-cifar10_1.0-stdout MODEL_LOG - s_name_part0=/tmp/.ts.sock, s_name_part1=9000, pid=10058
2025-04-25T17:03:25,419 [INFO ] W-9000-cifar10_1.0-stdout MODEL_LOG - Listening on port: /tmp/.ts.sock.9000
2025-04-25T17:03:25,427 [INFO ] W-9000-cifar10_1.0-stdout MODEL_LOG - Successfully loaded /home/amin/miniconda3/envs/deep-learning/lib/python3.9/site-packages/ts/configs/metrics.yaml.
2025-04-25T17:03:25,427 [INFO ] W-9000-cifar10_1.0-stdout MODEL_LOG - [PID]10058
2025-04-25T17:03:25,427 [INFO ] W-9000-cifar10_1.0-stdout MODEL_LOG - Torch worker started.
2025-04-25T17:03:25,427 [INFO ] W-9000-cifar10_1.0-stdout MODEL_LOG - Python runtime: 3.9.21
2025-04-25T17:03:25,428 [INFO ] W-9000-cifar10_1.0-stdout MODEL_LOG - Connection accepted: /tmp/.ts.sock.9000.
2025-04-25T17:03:25,438 [INFO ] W-9000-cifar10_1.0-stdout MODEL_LOG - model_name: cifar10, batchSize: 1
2025-04-25T17:03:25,486 [INFO ] W-9000-cifar10_1.0-stdout MODEL_LOG - OpenVINO is not enabled
2025-04-25T17:03:25,486 [INFO ] W-9000-cifar10_1.0-stdout MODEL_LOG - proceeding without onnxruntime
2025-04-25T17:03:25,486 [INFO ] W-9000-cifar10_1.0-stdout MODEL_LOG - Torch TensorRT not enabled
2025-04-25T17:03:25,566 [INFO ] W-9000-cifar10_1.0-stdout MODEL_LOG - Failed to load model cifar10, exception Error(s) in loading state_dict for SimpleCNN:
2025-04-25T17:03:25,567 [INFO ] W-9000-cifar10_1.0-stdout MODEL_LOG - 	Missing key(s) in state_dict: "conv1.0.weight", "conv1.0.bias", "conv1.1.weight", "conv1.1.bias", "conv1.1.running_mean", "conv1.1.running_var", "conv1.3.weight", "conv1.3.bias", "conv1.4.weight", "conv1.4.bias", "conv1.4.running_mean", "conv1.4.running_var", "conv2.0.weight", "conv2.0.bias", "conv2.1.weight", "conv2.1.bias", "conv2.1.running_mean", "conv2.1.running_var", "conv2.3.weight", "conv2.3.bias", "conv2.4.weight", "conv2.4.bias", "conv2.4.running_mean", "conv2.4.running_var", "fc1.1.weight", "fc1.1.bias", "fc2.1.weight", "fc2.1.bias", "fc3.1.weight", "fc3.1.bias". 
2025-04-25T17:03:25,567 [INFO ] W-9000-cifar10_1.0-stdout MODEL_LOG - 	Unexpected key(s) in state_dict: "epoch", "model", "optimizer". 
2025-04-25T17:03:25,567 [INFO ] W-9000-cifar10_1.0-stdout MODEL_LOG - Traceback (most recent call last):
2025-04-25T17:03:25,567 [INFO ] W-9000-cifar10_1.0-stdout MODEL_LOG -   File "/home/amin/miniconda3/envs/deep-learning/lib/python3.9/site-packages/ts/model_service_worker.py", line 133, in load_model
2025-04-25T17:03:25,567 [INFO ] W-9000-cifar10_1.0-stdout MODEL_LOG -     service = model_loader.load(
2025-04-25T17:03:25,567 [INFO ] W-9000-cifar10_1.0-stdout MODEL_LOG -   File "/home/amin/miniconda3/envs/deep-learning/lib/python3.9/site-packages/ts/model_loader.py", line 143, in load
2025-04-25T17:03:25,567 [INFO ] W-9000-cifar10_1.0-stdout MODEL_LOG -     initialize_fn(service.context)
2025-04-25T17:03:25,567 [INFO ] W-9000-cifar10_1.0-stdout MODEL_LOG -   File "/home/amin/miniconda3/envs/deep-learning/lib/python3.9/site-packages/ts/torch_handler/base_handler.py", line 191, in initialize
2025-04-25T17:03:25,567 [INFO ] W-9000-cifar10_1.0-stdout MODEL_LOG -     self.model = self._load_pickled_model(
2025-04-25T17:03:25,568 [INFO ] W-9000-cifar10_1.0-stdout MODEL_LOG -   File "/home/amin/miniconda3/envs/deep-learning/lib/python3.9/site-packages/ts/torch_handler/base_handler.py", line 356, in _load_pickled_model
2025-04-25T17:03:25,568 [INFO ] W-9000-cifar10_1.0-stdout MODEL_LOG -     model.load_state_dict(state_dict)
2025-04-25T17:03:25,568 [INFO ] W-9000-cifar10_1.0-stdout MODEL_LOG -   File "/home/amin/miniconda3/envs/deep-learning/lib/python3.9/site-packages/torch/nn/modules/module.py", line 2189, in load_state_dict
2025-04-25T17:03:25,568 [INFO ] W-9000-cifar10_1.0-stdout MODEL_LOG -     raise RuntimeError('Error(s) in loading state_dict for {}:\n\t{}'.format(
2025-04-25T17:03:25,568 [INFO ] W-9000-cifar10_1.0-stdout MODEL_LOG - RuntimeError: Error(s) in loading state_dict for SimpleCNN:
2025-04-25T17:03:25,568 [INFO ] W-9000-cifar10_1.0-stdout MODEL_LOG - 	Missing key(s) in state_dict: "conv1.0.weight", "conv1.0.bias", "conv1.1.weight", "conv1.1.bias", "conv1.1.running_mean", "conv1.1.running_var", "conv1.3.weight", "conv1.3.bias", "conv1.4.weight", "conv1.4.bias", "conv1.4.running_mean", "conv1.4.running_var", "conv2.0.weight", "conv2.0.bias", "conv2.1.weight", "conv2.1.bias", "conv2.1.running_mean", "conv2.1.running_var", "conv2.3.weight", "conv2.3.bias", "conv2.4.weight", "conv2.4.bias", "conv2.4.running_mean", "conv2.4.running_var", "fc1.1.weight", "fc1.1.bias", "fc2.1.weight", "fc2.1.bias", "fc3.1.weight", "fc3.1.bias". 
2025-04-25T17:03:25,568 [INFO ] W-9000-cifar10_1.0-stdout MODEL_LOG - 	Unexpected key(s) in state_dict: "epoch", "model", "optimizer". 
2025-04-25T17:03:25,568 [INFO ] W-9000-cifar10_1.0-stdout MODEL_LOG - Backend worker process died.
2025-04-25T17:03:25,568 [INFO ] W-9000-cifar10_1.0-stdout MODEL_LOG - Traceback (most recent call last):
2025-04-25T17:03:25,569 [INFO ] W-9000-cifar10_1.0-stdout MODEL_LOG -   File "/home/amin/miniconda3/envs/deep-learning/lib/python3.9/site-packages/ts/model_service_worker.py", line 301, in <module>
2025-04-25T17:03:25,569 [INFO ] W-9000-cifar10_1.0-stdout MODEL_LOG -     worker.run_server()
2025-04-25T17:03:25,569 [INFO ] W-9000-cifar10_1.0-stdout MODEL_LOG -   File "/home/amin/miniconda3/envs/deep-learning/lib/python3.9/site-packages/ts/model_service_worker.py", line 268, in run_server
2025-04-25T17:03:25,569 [INFO ] W-9000-cifar10_1.0-stdout MODEL_LOG -     self.handle_connection(cl_socket)
2025-04-25T17:03:25,569 [INFO ] W-9000-cifar10_1.0-stdout MODEL_LOG -   File "/home/amin/miniconda3/envs/deep-learning/lib/python3.9/site-packages/ts/model_service_worker.py", line 201, in handle_connection
2025-04-25T17:03:25,569 [INFO ] W-9000-cifar10_1.0-stdout MODEL_LOG -     raise RuntimeError("{} - {}".format(code, result))
2025-04-25T17:03:25,569 [INFO ] W-9000-cifar10_1.0-stdout MODEL_LOG - RuntimeError: 500 - Unknown exception
2025-04-25T17:03:31,604 [INFO ] W-9000-cifar10_1.0-stdout MODEL_LOG - s_name_part0=/tmp/.ts.sock, s_name_part1=9000, pid=10075
2025-04-25T17:03:31,604 [INFO ] W-9000-cifar10_1.0-stdout MODEL_LOG - Listening on port: /tmp/.ts.sock.9000
2025-04-25T17:03:31,612 [INFO ] W-9000-cifar10_1.0-stdout MODEL_LOG - Successfully loaded /home/amin/miniconda3/envs/deep-learning/lib/python3.9/site-packages/ts/configs/metrics.yaml.
2025-04-25T17:03:31,612 [INFO ] W-9000-cifar10_1.0-stdout MODEL_LOG - [PID]10075
2025-04-25T17:03:31,612 [INFO ] W-9000-cifar10_1.0-stdout MODEL_LOG - Torch worker started.
2025-04-25T17:03:31,612 [INFO ] W-9000-cifar10_1.0-stdout MODEL_LOG - Python runtime: 3.9.21
2025-04-25T17:03:31,613 [INFO ] W-9000-cifar10_1.0-stdout MODEL_LOG - Connection accepted: /tmp/.ts.sock.9000.
2025-04-25T17:03:31,624 [INFO ] W-9000-cifar10_1.0-stdout MODEL_LOG - model_name: cifar10, batchSize: 1
2025-04-25T17:03:31,682 [INFO ] W-9000-cifar10_1.0-stdout MODEL_LOG - OpenVINO is not enabled
2025-04-25T17:03:31,682 [INFO ] W-9000-cifar10_1.0-stdout MODEL_LOG - proceeding without onnxruntime
2025-04-25T17:03:31,682 [INFO ] W-9000-cifar10_1.0-stdout MODEL_LOG - Torch TensorRT not enabled
2025-04-25T17:03:31,770 [INFO ] W-9000-cifar10_1.0-stdout MODEL_LOG - Failed to load model cifar10, exception Error(s) in loading state_dict for SimpleCNN:
2025-04-25T17:03:31,771 [INFO ] W-9000-cifar10_1.0-stdout MODEL_LOG - 	Missing key(s) in state_dict: "conv1.0.weight", "conv1.0.bias", "conv1.1.weight", "conv1.1.bias", "conv1.1.running_mean", "conv1.1.running_var", "conv1.3.weight", "conv1.3.bias", "conv1.4.weight", "conv1.4.bias", "conv1.4.running_mean", "conv1.4.running_var", "conv2.0.weight", "conv2.0.bias", "conv2.1.weight", "conv2.1.bias", "conv2.1.running_mean", "conv2.1.running_var", "conv2.3.weight", "conv2.3.bias", "conv2.4.weight", "conv2.4.bias", "conv2.4.running_mean", "conv2.4.running_var", "fc1.1.weight", "fc1.1.bias", "fc2.1.weight", "fc2.1.bias", "fc3.1.weight", "fc3.1.bias". 
2025-04-25T17:03:31,771 [INFO ] W-9000-cifar10_1.0-stdout MODEL_LOG - 	Unexpected key(s) in state_dict: "epoch", "model", "optimizer". 
2025-04-25T17:03:31,771 [INFO ] W-9000-cifar10_1.0-stdout MODEL_LOG - Traceback (most recent call last):
2025-04-25T17:03:31,771 [INFO ] W-9000-cifar10_1.0-stdout MODEL_LOG -   File "/home/amin/miniconda3/envs/deep-learning/lib/python3.9/site-packages/ts/model_service_worker.py", line 133, in load_model
2025-04-25T17:03:31,771 [INFO ] W-9000-cifar10_1.0-stdout MODEL_LOG -     service = model_loader.load(
2025-04-25T17:03:31,771 [INFO ] W-9000-cifar10_1.0-stdout MODEL_LOG -   File "/home/amin/miniconda3/envs/deep-learning/lib/python3.9/site-packages/ts/model_loader.py", line 143, in load
2025-04-25T17:03:31,771 [INFO ] W-9000-cifar10_1.0-stdout MODEL_LOG -     initialize_fn(service.context)
2025-04-25T17:03:31,771 [INFO ] W-9000-cifar10_1.0-stdout MODEL_LOG -   File "/home/amin/miniconda3/envs/deep-learning/lib/python3.9/site-packages/ts/torch_handler/base_handler.py", line 191, in initialize
2025-04-25T17:03:31,771 [INFO ] W-9000-cifar10_1.0-stdout MODEL_LOG -     self.model = self._load_pickled_model(
2025-04-25T17:03:31,772 [INFO ] W-9000-cifar10_1.0-stdout MODEL_LOG -   File "/home/amin/miniconda3/envs/deep-learning/lib/python3.9/site-packages/ts/torch_handler/base_handler.py", line 356, in _load_pickled_model
2025-04-25T17:03:31,772 [INFO ] W-9000-cifar10_1.0-stdout MODEL_LOG -     model.load_state_dict(state_dict)
2025-04-25T17:03:31,772 [INFO ] W-9000-cifar10_1.0-stdout MODEL_LOG -   File "/home/amin/miniconda3/envs/deep-learning/lib/python3.9/site-packages/torch/nn/modules/module.py", line 2189, in load_state_dict
2025-04-25T17:03:31,772 [INFO ] W-9000-cifar10_1.0-stdout MODEL_LOG -     raise RuntimeError('Error(s) in loading state_dict for {}:\n\t{}'.format(
2025-04-25T17:03:31,772 [INFO ] W-9000-cifar10_1.0-stdout MODEL_LOG - RuntimeError: Error(s) in loading state_dict for SimpleCNN:
2025-04-25T17:03:31,772 [INFO ] W-9000-cifar10_1.0-stdout MODEL_LOG - 	Missing key(s) in state_dict: "conv1.0.weight", "conv1.0.bias", "conv1.1.weight", "conv1.1.bias", "conv1.1.running_mean", "conv1.1.running_var", "conv1.3.weight", "conv1.3.bias", "conv1.4.weight", "conv1.4.bias", "conv1.4.running_mean", "conv1.4.running_var", "conv2.0.weight", "conv2.0.bias", "conv2.1.weight", "conv2.1.bias", "conv2.1.running_mean", "conv2.1.running_var", "conv2.3.weight", "conv2.3.bias", "conv2.4.weight", "conv2.4.bias", "conv2.4.running_mean", "conv2.4.running_var", "fc1.1.weight", "fc1.1.bias", "fc2.1.weight", "fc2.1.bias", "fc3.1.weight", "fc3.1.bias". 
2025-04-25T17:03:31,772 [INFO ] W-9000-cifar10_1.0-stdout MODEL_LOG - 	Unexpected key(s) in state_dict: "epoch", "model", "optimizer". 
2025-04-25T17:03:40,781 [INFO ] W-9000-cifar10_1.0-stdout MODEL_LOG - s_name_part0=/tmp/.ts.sock, s_name_part1=9000, pid=10093
2025-04-25T17:03:40,782 [INFO ] W-9000-cifar10_1.0-stdout MODEL_LOG - Listening on port: /tmp/.ts.sock.9000
2025-04-25T17:03:40,790 [INFO ] W-9000-cifar10_1.0-stdout MODEL_LOG - Successfully loaded /home/amin/miniconda3/envs/deep-learning/lib/python3.9/site-packages/ts/configs/metrics.yaml.
2025-04-25T17:03:40,790 [INFO ] W-9000-cifar10_1.0-stdout MODEL_LOG - [PID]10093
2025-04-25T17:03:40,791 [INFO ] W-9000-cifar10_1.0-stdout MODEL_LOG - Torch worker started.
2025-04-25T17:03:40,791 [INFO ] W-9000-cifar10_1.0-stdout MODEL_LOG - Python runtime: 3.9.21
2025-04-25T17:03:40,792 [INFO ] W-9000-cifar10_1.0-stdout MODEL_LOG - Connection accepted: /tmp/.ts.sock.9000.
2025-04-25T17:03:40,804 [INFO ] W-9000-cifar10_1.0-stdout MODEL_LOG - model_name: cifar10, batchSize: 1
2025-04-25T17:03:40,854 [INFO ] W-9000-cifar10_1.0-stdout MODEL_LOG - OpenVINO is not enabled
2025-04-25T17:03:40,854 [INFO ] W-9000-cifar10_1.0-stdout MODEL_LOG - proceeding without onnxruntime
2025-04-25T17:03:40,854 [INFO ] W-9000-cifar10_1.0-stdout MODEL_LOG - Torch TensorRT not enabled
2025-04-25T17:03:40,937 [INFO ] W-9000-cifar10_1.0-stdout MODEL_LOG - Failed to load model cifar10, exception Error(s) in loading state_dict for SimpleCNN:
2025-04-25T17:03:40,937 [INFO ] W-9000-cifar10_1.0-stdout MODEL_LOG - 	Missing key(s) in state_dict: "conv1.0.weight", "conv1.0.bias", "conv1.1.weight", "conv1.1.bias", "conv1.1.running_mean", "conv1.1.running_var", "conv1.3.weight", "conv1.3.bias", "conv1.4.weight", "conv1.4.bias", "conv1.4.running_mean", "conv1.4.running_var", "conv2.0.weight", "conv2.0.bias", "conv2.1.weight", "conv2.1.bias", "conv2.1.running_mean", "conv2.1.running_var", "conv2.3.weight", "conv2.3.bias", "conv2.4.weight", "conv2.4.bias", "conv2.4.running_mean", "conv2.4.running_var", "fc1.1.weight", "fc1.1.bias", "fc2.1.weight", "fc2.1.bias", "fc3.1.weight", "fc3.1.bias". 
2025-04-25T17:03:40,937 [INFO ] W-9000-cifar10_1.0-stdout MODEL_LOG - 	Unexpected key(s) in state_dict: "epoch", "model", "optimizer". 
2025-04-25T17:03:40,937 [INFO ] W-9000-cifar10_1.0-stdout MODEL_LOG - Traceback (most recent call last):
2025-04-25T17:03:40,937 [INFO ] W-9000-cifar10_1.0-stdout MODEL_LOG -   File "/home/amin/miniconda3/envs/deep-learning/lib/python3.9/site-packages/ts/model_service_worker.py", line 133, in load_model
2025-04-25T17:03:40,937 [INFO ] W-9000-cifar10_1.0-stdout MODEL_LOG -     service = model_loader.load(
2025-04-25T17:03:40,937 [INFO ] W-9000-cifar10_1.0-stdout MODEL_LOG -   File "/home/amin/miniconda3/envs/deep-learning/lib/python3.9/site-packages/ts/model_loader.py", line 143, in load
2025-04-25T17:03:40,938 [INFO ] W-9000-cifar10_1.0-stdout MODEL_LOG -     initialize_fn(service.context)
2025-04-25T17:03:40,938 [INFO ] W-9000-cifar10_1.0-stdout MODEL_LOG -   File "/home/amin/miniconda3/envs/deep-learning/lib/python3.9/site-packages/ts/torch_handler/base_handler.py", line 191, in initialize
2025-04-25T17:03:40,938 [INFO ] W-9000-cifar10_1.0-stdout MODEL_LOG -     self.model = self._load_pickled_model(
2025-04-25T17:03:40,938 [INFO ] W-9000-cifar10_1.0-stdout MODEL_LOG -   File "/home/amin/miniconda3/envs/deep-learning/lib/python3.9/site-packages/ts/torch_handler/base_handler.py", line 356, in _load_pickled_model
2025-04-25T17:03:40,938 [INFO ] W-9000-cifar10_1.0-stdout MODEL_LOG -     model.load_state_dict(state_dict)
2025-04-25T17:03:40,938 [INFO ] W-9000-cifar10_1.0-stdout MODEL_LOG -   File "/home/amin/miniconda3/envs/deep-learning/lib/python3.9/site-packages/torch/nn/modules/module.py", line 2189, in load_state_dict
2025-04-25T17:03:40,938 [INFO ] W-9000-cifar10_1.0-stdout MODEL_LOG -     raise RuntimeError('Error(s) in loading state_dict for {}:\n\t{}'.format(
2025-04-25T17:03:40,938 [INFO ] W-9000-cifar10_1.0-stdout MODEL_LOG - RuntimeError: Error(s) in loading state_dict for SimpleCNN:
2025-04-25T17:03:40,938 [INFO ] W-9000-cifar10_1.0-stdout MODEL_LOG - 	Missing key(s) in state_dict: "conv1.0.weight", "conv1.0.bias", "conv1.1.weight", "conv1.1.bias", "conv1.1.running_mean", "conv1.1.running_var", "conv1.3.weight", "conv1.3.bias", "conv1.4.weight", "conv1.4.bias", "conv1.4.running_mean", "conv1.4.running_var", "conv2.0.weight", "conv2.0.bias", "conv2.1.weight", "conv2.1.bias", "conv2.1.running_mean", "conv2.1.running_var", "conv2.3.weight", "conv2.3.bias", "conv2.4.weight", "conv2.4.bias", "conv2.4.running_mean", "conv2.4.running_var", "fc1.1.weight", "fc1.1.bias", "fc2.1.weight", "fc2.1.bias", "fc3.1.weight", "fc3.1.bias". 
2025-04-25T17:03:40,938 [INFO ] W-9000-cifar10_1.0-stdout MODEL_LOG - 	Unexpected key(s) in state_dict: "epoch", "model", "optimizer". 
2025-04-25T17:03:40,938 [INFO ] W-9000-cifar10_1.0-stdout MODEL_LOG - Backend worker process died.
2025-04-25T17:03:40,938 [INFO ] W-9000-cifar10_1.0-stdout MODEL_LOG - Traceback (most recent call last):
2025-04-25T17:03:40,938 [INFO ] W-9000-cifar10_1.0-stdout MODEL_LOG -   File "/home/amin/miniconda3/envs/deep-learning/lib/python3.9/site-packages/ts/model_service_worker.py", line 301, in <module>
2025-04-25T17:03:40,939 [INFO ] W-9000-cifar10_1.0-stdout MODEL_LOG -     worker.run_server()
2025-04-25T17:03:40,939 [INFO ] W-9000-cifar10_1.0-stdout MODEL_LOG -   File "/home/amin/miniconda3/envs/deep-learning/lib/python3.9/site-packages/ts/model_service_worker.py", line 268, in run_server
2025-04-25T17:03:40,939 [INFO ] W-9000-cifar10_1.0-stdout MODEL_LOG -     self.handle_connection(cl_socket)
2025-04-25T17:03:40,939 [INFO ] W-9000-cifar10_1.0-stdout MODEL_LOG -   File "/home/amin/miniconda3/envs/deep-learning/lib/python3.9/site-packages/ts/model_service_worker.py", line 201, in handle_connection
2025-04-25T17:03:40,939 [INFO ] W-9000-cifar10_1.0-stdout MODEL_LOG -     raise RuntimeError("{} - {}".format(code, result))
2025-04-25T17:03:40,939 [INFO ] W-9000-cifar10_1.0-stdout MODEL_LOG - RuntimeError: 500 - Unknown exception
2025-04-25T17:03:54,939 [INFO ] W-9000-cifar10_1.0-stdout MODEL_LOG - s_name_part0=/tmp/.ts.sock, s_name_part1=9000, pid=10126
2025-04-25T17:03:54,939 [INFO ] W-9000-cifar10_1.0-stdout MODEL_LOG - Listening on port: /tmp/.ts.sock.9000
2025-04-25T17:03:54,948 [INFO ] W-9000-cifar10_1.0-stdout MODEL_LOG - Successfully loaded /home/amin/miniconda3/envs/deep-learning/lib/python3.9/site-packages/ts/configs/metrics.yaml.
2025-04-25T17:03:54,948 [INFO ] W-9000-cifar10_1.0-stdout MODEL_LOG - [PID]10126
2025-04-25T17:03:54,948 [INFO ] W-9000-cifar10_1.0-stdout MODEL_LOG - Torch worker started.
2025-04-25T17:03:54,948 [INFO ] W-9000-cifar10_1.0-stdout MODEL_LOG - Python runtime: 3.9.21
2025-04-25T17:03:54,949 [INFO ] W-9000-cifar10_1.0-stdout MODEL_LOG - Connection accepted: /tmp/.ts.sock.9000.
2025-04-25T17:03:54,962 [INFO ] W-9000-cifar10_1.0-stdout MODEL_LOG - model_name: cifar10, batchSize: 1
2025-04-25T17:03:56,553 [INFO ] W-9000-cifar10_1.0-stdout MODEL_LOG - OpenVINO is not enabled
2025-04-25T17:03:56,553 [INFO ] W-9000-cifar10_1.0-stdout MODEL_LOG - proceeding without onnxruntime
2025-04-25T17:03:56,553 [INFO ] W-9000-cifar10_1.0-stdout MODEL_LOG - Torch TensorRT not enabled
2025-04-25T17:03:56,623 [INFO ] W-9000-cifar10_1.0-stdout MODEL_LOG - Failed to load model cifar10, exception Error(s) in loading state_dict for SimpleCNN:
2025-04-25T17:03:56,623 [INFO ] W-9000-cifar10_1.0-stdout MODEL_LOG - 	Missing key(s) in state_dict: "conv1.0.weight", "conv1.0.bias", "conv1.1.weight", "conv1.1.bias", "conv1.1.running_mean", "conv1.1.running_var", "conv1.3.weight", "conv1.3.bias", "conv1.4.weight", "conv1.4.bias", "conv1.4.running_mean", "conv1.4.running_var", "conv2.0.weight", "conv2.0.bias", "conv2.1.weight", "conv2.1.bias", "conv2.1.running_mean", "conv2.1.running_var", "conv2.3.weight", "conv2.3.bias", "conv2.4.weight", "conv2.4.bias", "conv2.4.running_mean", "conv2.4.running_var", "fc1.1.weight", "fc1.1.bias", "fc2.1.weight", "fc2.1.bias", "fc3.1.weight", "fc3.1.bias". 
2025-04-25T17:03:56,623 [INFO ] W-9000-cifar10_1.0-stdout MODEL_LOG - 	Unexpected key(s) in state_dict: "epoch", "model", "optimizer". 
2025-04-25T17:03:56,623 [INFO ] W-9000-cifar10_1.0-stdout MODEL_LOG - Traceback (most recent call last):
2025-04-25T17:03:56,623 [INFO ] W-9000-cifar10_1.0-stdout MODEL_LOG -   File "/home/amin/miniconda3/envs/deep-learning/lib/python3.9/site-packages/ts/model_service_worker.py", line 133, in load_model
2025-04-25T17:03:56,623 [INFO ] W-9000-cifar10_1.0-stdout MODEL_LOG -     service = model_loader.load(
2025-04-25T17:03:56,624 [INFO ] W-9000-cifar10_1.0-stdout MODEL_LOG -   File "/home/amin/miniconda3/envs/deep-learning/lib/python3.9/site-packages/ts/model_loader.py", line 143, in load
2025-04-25T17:03:56,624 [INFO ] W-9000-cifar10_1.0-stdout MODEL_LOG -     initialize_fn(service.context)
2025-04-25T17:03:56,624 [INFO ] W-9000-cifar10_1.0-stdout MODEL_LOG -   File "/home/amin/miniconda3/envs/deep-learning/lib/python3.9/site-packages/ts/torch_handler/base_handler.py", line 191, in initialize
2025-04-25T17:03:56,624 [INFO ] W-9000-cifar10_1.0-stdout MODEL_LOG -     self.model = self._load_pickled_model(
2025-04-25T17:03:56,624 [INFO ] W-9000-cifar10_1.0-stdout MODEL_LOG -   File "/home/amin/miniconda3/envs/deep-learning/lib/python3.9/site-packages/ts/torch_handler/base_handler.py", line 356, in _load_pickled_model
2025-04-25T17:03:56,624 [INFO ] W-9000-cifar10_1.0-stdout MODEL_LOG -     model.load_state_dict(state_dict)
2025-04-25T17:03:56,624 [INFO ] W-9000-cifar10_1.0-stdout MODEL_LOG -   File "/home/amin/miniconda3/envs/deep-learning/lib/python3.9/site-packages/torch/nn/modules/module.py", line 2189, in load_state_dict
2025-04-25T17:03:56,624 [INFO ] W-9000-cifar10_1.0-stdout MODEL_LOG -     raise RuntimeError('Error(s) in loading state_dict for {}:\n\t{}'.format(
2025-04-25T17:03:56,624 [INFO ] W-9000-cifar10_1.0-stdout MODEL_LOG - RuntimeError: Error(s) in loading state_dict for SimpleCNN:
2025-04-25T17:03:56,624 [INFO ] W-9000-cifar10_1.0-stdout MODEL_LOG - 	Missing key(s) in state_dict: "conv1.0.weight", "conv1.0.bias", "conv1.1.weight", "conv1.1.bias", "conv1.1.running_mean", "conv1.1.running_var", "conv1.3.weight", "conv1.3.bias", "conv1.4.weight", "conv1.4.bias", "conv1.4.running_mean", "conv1.4.running_var", "conv2.0.weight", "conv2.0.bias", "conv2.1.weight", "conv2.1.bias", "conv2.1.running_mean", "conv2.1.running_var", "conv2.3.weight", "conv2.3.bias", "conv2.4.weight", "conv2.4.bias", "conv2.4.running_mean", "conv2.4.running_var", "fc1.1.weight", "fc1.1.bias", "fc2.1.weight", "fc2.1.bias", "fc3.1.weight", "fc3.1.bias". 
2025-04-25T17:03:56,624 [INFO ] W-9000-cifar10_1.0-stdout MODEL_LOG - 	Unexpected key(s) in state_dict: "epoch", "model", "optimizer". 
2025-04-25T17:03:56,624 [INFO ] W-9000-cifar10_1.0-stdout MODEL_LOG - Backend worker process died.
2025-04-25T17:03:56,624 [INFO ] W-9000-cifar10_1.0-stdout MODEL_LOG - Traceback (most recent call last):
2025-04-25T17:03:56,624 [INFO ] W-9000-cifar10_1.0-stdout MODEL_LOG -   File "/home/amin/miniconda3/envs/deep-learning/lib/python3.9/site-packages/ts/model_service_worker.py", line 301, in <module>
2025-04-25T17:03:56,624 [INFO ] W-9000-cifar10_1.0-stdout MODEL_LOG -     worker.run_server()
2025-04-25T17:03:56,625 [INFO ] W-9000-cifar10_1.0-stdout MODEL_LOG -   File "/home/amin/miniconda3/envs/deep-learning/lib/python3.9/site-packages/ts/model_service_worker.py", line 268, in run_server
2025-04-25T17:03:56,625 [INFO ] W-9000-cifar10_1.0-stdout MODEL_LOG -     self.handle_connection(cl_socket)
2025-04-25T17:03:56,625 [INFO ] W-9000-cifar10_1.0-stdout MODEL_LOG -   File "/home/amin/miniconda3/envs/deep-learning/lib/python3.9/site-packages/ts/model_service_worker.py", line 201, in handle_connection
2025-04-25T17:03:56,625 [INFO ] W-9000-cifar10_1.0-stdout MODEL_LOG -     raise RuntimeError("{} - {}".format(code, result))
2025-04-25T17:03:56,625 [INFO ] W-9000-cifar10_1.0-stdout MODEL_LOG - RuntimeError: 500 - Unknown exception
2025-04-25T17:04:18,845 [INFO ] W-9000-cifar10_1.0-stdout MODEL_LOG - s_name_part0=/tmp/.ts.sock, s_name_part1=9000, pid=10182
2025-04-25T17:04:18,846 [INFO ] W-9000-cifar10_1.0-stdout MODEL_LOG - Listening on port: /tmp/.ts.sock.9000
2025-04-25T17:04:18,857 [INFO ] W-9000-cifar10_1.0-stdout MODEL_LOG - Successfully loaded /home/amin/miniconda3/envs/deep-learning/lib/python3.9/site-packages/ts/configs/metrics.yaml.
2025-04-25T17:04:18,857 [INFO ] W-9000-cifar10_1.0-stdout MODEL_LOG - [PID]10182
2025-04-25T17:04:18,857 [INFO ] W-9000-cifar10_1.0-stdout MODEL_LOG - Torch worker started.
2025-04-25T17:04:18,857 [INFO ] W-9000-cifar10_1.0-stdout MODEL_LOG - Python runtime: 3.9.21
2025-04-25T17:04:18,858 [INFO ] W-9000-cifar10_1.0-stdout MODEL_LOG - Connection accepted: /tmp/.ts.sock.9000.
2025-04-25T17:04:18,871 [INFO ] W-9000-cifar10_1.0-stdout MODEL_LOG - model_name: cifar10, batchSize: 1
2025-04-25T17:04:20,498 [INFO ] W-9000-cifar10_1.0-stdout MODEL_LOG - OpenVINO is not enabled
2025-04-25T17:04:20,498 [INFO ] W-9000-cifar10_1.0-stdout MODEL_LOG - proceeding without onnxruntime
2025-04-25T17:04:20,498 [INFO ] W-9000-cifar10_1.0-stdout MODEL_LOG - Torch TensorRT not enabled
2025-04-25T17:04:20,582 [INFO ] W-9000-cifar10_1.0-stdout MODEL_LOG - Failed to load model cifar10, exception Error(s) in loading state_dict for SimpleCNN:
2025-04-25T17:04:20,583 [INFO ] W-9000-cifar10_1.0-stdout MODEL_LOG - 	Missing key(s) in state_dict: "conv1.0.weight", "conv1.0.bias", "conv1.1.weight", "conv1.1.bias", "conv1.1.running_mean", "conv1.1.running_var", "conv1.3.weight", "conv1.3.bias", "conv1.4.weight", "conv1.4.bias", "conv1.4.running_mean", "conv1.4.running_var", "conv2.0.weight", "conv2.0.bias", "conv2.1.weight", "conv2.1.bias", "conv2.1.running_mean", "conv2.1.running_var", "conv2.3.weight", "conv2.3.bias", "conv2.4.weight", "conv2.4.bias", "conv2.4.running_mean", "conv2.4.running_var", "fc1.1.weight", "fc1.1.bias", "fc2.1.weight", "fc2.1.bias", "fc3.1.weight", "fc3.1.bias". 
2025-04-25T17:04:20,583 [INFO ] W-9000-cifar10_1.0-stdout MODEL_LOG - 	Unexpected key(s) in state_dict: "epoch", "model", "optimizer". 
2025-04-25T17:04:20,584 [INFO ] W-9000-cifar10_1.0-stdout MODEL_LOG - Traceback (most recent call last):
2025-04-25T17:04:20,584 [INFO ] W-9000-cifar10_1.0-stdout MODEL_LOG -   File "/home/amin/miniconda3/envs/deep-learning/lib/python3.9/site-packages/ts/model_service_worker.py", line 133, in load_model
2025-04-25T17:04:20,584 [INFO ] W-9000-cifar10_1.0-stdout MODEL_LOG -     service = model_loader.load(
2025-04-25T17:04:20,584 [INFO ] W-9000-cifar10_1.0-stdout MODEL_LOG -   File "/home/amin/miniconda3/envs/deep-learning/lib/python3.9/site-packages/ts/model_loader.py", line 143, in load
2025-04-25T17:04:20,584 [INFO ] W-9000-cifar10_1.0-stdout MODEL_LOG -     initialize_fn(service.context)
2025-04-25T17:04:20,585 [INFO ] W-9000-cifar10_1.0-stdout MODEL_LOG -   File "/home/amin/miniconda3/envs/deep-learning/lib/python3.9/site-packages/ts/torch_handler/base_handler.py", line 191, in initialize
2025-04-25T17:04:20,585 [INFO ] W-9000-cifar10_1.0-stdout MODEL_LOG -     self.model = self._load_pickled_model(
2025-04-25T17:04:20,585 [INFO ] W-9000-cifar10_1.0-stdout MODEL_LOG -   File "/home/amin/miniconda3/envs/deep-learning/lib/python3.9/site-packages/ts/torch_handler/base_handler.py", line 356, in _load_pickled_model
2025-04-25T17:04:20,585 [INFO ] W-9000-cifar10_1.0-stdout MODEL_LOG -     model.load_state_dict(state_dict)
2025-04-25T17:04:20,585 [INFO ] W-9000-cifar10_1.0-stdout MODEL_LOG -   File "/home/amin/miniconda3/envs/deep-learning/lib/python3.9/site-packages/torch/nn/modules/module.py", line 2189, in load_state_dict
2025-04-25T17:04:20,586 [INFO ] W-9000-cifar10_1.0-stdout MODEL_LOG -     raise RuntimeError('Error(s) in loading state_dict for {}:\n\t{}'.format(
2025-04-25T17:04:20,586 [INFO ] W-9000-cifar10_1.0-stdout MODEL_LOG - RuntimeError: Error(s) in loading state_dict for SimpleCNN:
2025-04-25T17:04:20,586 [INFO ] W-9000-cifar10_1.0-stdout MODEL_LOG - 	Missing key(s) in state_dict: "conv1.0.weight", "conv1.0.bias", "conv1.1.weight", "conv1.1.bias", "conv1.1.running_mean", "conv1.1.running_var", "conv1.3.weight", "conv1.3.bias", "conv1.4.weight", "conv1.4.bias", "conv1.4.running_mean", "conv1.4.running_var", "conv2.0.weight", "conv2.0.bias", "conv2.1.weight", "conv2.1.bias", "conv2.1.running_mean", "conv2.1.running_var", "conv2.3.weight", "conv2.3.bias", "conv2.4.weight", "conv2.4.bias", "conv2.4.running_mean", "conv2.4.running_var", "fc1.1.weight", "fc1.1.bias", "fc2.1.weight", "fc2.1.bias", "fc3.1.weight", "fc3.1.bias". 
2025-04-25T17:04:20,586 [INFO ] W-9000-cifar10_1.0-stdout MODEL_LOG - 	Unexpected key(s) in state_dict: "epoch", "model", "optimizer". 
2025-04-25T17:04:20,586 [INFO ] W-9000-cifar10_1.0-stdout MODEL_LOG - Backend worker process died.
2025-04-25T17:04:20,586 [INFO ] W-9000-cifar10_1.0-stdout MODEL_LOG - Traceback (most recent call last):
2025-04-25T17:04:20,586 [INFO ] W-9000-cifar10_1.0-stdout MODEL_LOG -   File "/home/amin/miniconda3/envs/deep-learning/lib/python3.9/site-packages/ts/model_service_worker.py", line 301, in <module>
2025-04-25T17:04:20,586 [INFO ] W-9000-cifar10_1.0-stdout MODEL_LOG -     worker.run_server()
2025-04-25T17:04:20,586 [INFO ] W-9000-cifar10_1.0-stdout MODEL_LOG -   File "/home/amin/miniconda3/envs/deep-learning/lib/python3.9/site-packages/ts/model_service_worker.py", line 268, in run_server
2025-04-25T17:04:20,587 [INFO ] W-9000-cifar10_1.0-stdout MODEL_LOG -     self.handle_connection(cl_socket)
2025-04-25T17:04:20,587 [INFO ] W-9000-cifar10_1.0-stdout MODEL_LOG -   File "/home/amin/miniconda3/envs/deep-learning/lib/python3.9/site-packages/ts/model_service_worker.py", line 201, in handle_connection
2025-04-25T17:04:20,587 [INFO ] W-9000-cifar10_1.0-stdout MODEL_LOG -     raise RuntimeError("{} - {}".format(code, result))
2025-04-25T17:04:20,587 [INFO ] W-9000-cifar10_1.0-stdout MODEL_LOG - RuntimeError: 500 - Unknown exception
2025-04-25T17:04:35,158 [INFO ] W-9000-cifar10_1.0-stdout MODEL_LOG - s_name_part0=/tmp/.ts.sock, s_name_part1=9000, pid=10274
2025-04-25T17:04:35,159 [INFO ] W-9000-cifar10_1.0-stdout MODEL_LOG - Listening on port: /tmp/.ts.sock.9000
2025-04-25T17:04:35,167 [INFO ] W-9000-cifar10_1.0-stdout MODEL_LOG - Successfully loaded /home/amin/miniconda3/envs/deep-learning/lib/python3.9/site-packages/ts/configs/metrics.yaml.
2025-04-25T17:04:35,167 [INFO ] W-9000-cifar10_1.0-stdout MODEL_LOG - [PID]10274
2025-04-25T17:04:35,167 [INFO ] W-9000-cifar10_1.0-stdout MODEL_LOG - Torch worker started.
2025-04-25T17:04:35,167 [INFO ] W-9000-cifar10_1.0-stdout MODEL_LOG - Python runtime: 3.9.21
2025-04-25T17:04:35,178 [INFO ] W-9000-cifar10_1.0-stdout MODEL_LOG - Connection accepted: /tmp/.ts.sock.9000.
2025-04-25T17:04:35,205 [INFO ] W-9000-cifar10_1.0-stdout MODEL_LOG - model_name: cifar10, batchSize: 1
2025-04-25T17:04:35,259 [INFO ] W-9000-cifar10_1.0-stdout MODEL_LOG - OpenVINO is not enabled
2025-04-25T17:04:35,259 [INFO ] W-9000-cifar10_1.0-stdout MODEL_LOG - proceeding without onnxruntime
2025-04-25T17:04:35,260 [INFO ] W-9000-cifar10_1.0-stdout MODEL_LOG - Torch TensorRT not enabled
2025-04-25T17:04:35,354 [INFO ] W-9000-cifar10_1.0-stdout MODEL_LOG - Failed to load model cifar10, exception Error(s) in loading state_dict for SimpleCNN:
2025-04-25T17:04:35,355 [INFO ] W-9000-cifar10_1.0-stdout MODEL_LOG - 	Missing key(s) in state_dict: "conv1.0.weight", "conv1.0.bias", "conv1.1.weight", "conv1.1.bias", "conv1.1.running_mean", "conv1.1.running_var", "conv1.3.weight", "conv1.3.bias", "conv1.4.weight", "conv1.4.bias", "conv1.4.running_mean", "conv1.4.running_var", "conv2.0.weight", "conv2.0.bias", "conv2.1.weight", "conv2.1.bias", "conv2.1.running_mean", "conv2.1.running_var", "conv2.3.weight", "conv2.3.bias", "conv2.4.weight", "conv2.4.bias", "conv2.4.running_mean", "conv2.4.running_var", "fc1.1.weight", "fc1.1.bias", "fc2.1.weight", "fc2.1.bias", "fc3.1.weight", "fc3.1.bias". 
2025-04-25T17:04:35,356 [INFO ] W-9000-cifar10_1.0-stdout MODEL_LOG - 	Unexpected key(s) in state_dict: "epoch", "model", "optimizer". 
2025-04-25T17:04:35,356 [INFO ] W-9000-cifar10_1.0-stdout MODEL_LOG - Traceback (most recent call last):
2025-04-25T17:04:35,357 [INFO ] W-9000-cifar10_1.0-stdout MODEL_LOG -   File "/home/amin/miniconda3/envs/deep-learning/lib/python3.9/site-packages/ts/model_service_worker.py", line 133, in load_model
2025-04-25T17:04:35,357 [INFO ] W-9000-cifar10_1.0-stdout MODEL_LOG -     service = model_loader.load(
2025-04-25T17:04:35,357 [INFO ] W-9000-cifar10_1.0-stdout MODEL_LOG -   File "/home/amin/miniconda3/envs/deep-learning/lib/python3.9/site-packages/ts/model_loader.py", line 143, in load
2025-04-25T17:04:35,357 [INFO ] W-9000-cifar10_1.0-stdout MODEL_LOG -     initialize_fn(service.context)
2025-04-25T17:04:35,358 [INFO ] W-9000-cifar10_1.0-stdout MODEL_LOG -   File "/home/amin/miniconda3/envs/deep-learning/lib/python3.9/site-packages/ts/torch_handler/base_handler.py", line 191, in initialize
2025-04-25T17:04:35,358 [INFO ] W-9000-cifar10_1.0-stdout MODEL_LOG -     self.model = self._load_pickled_model(
2025-04-25T17:04:35,358 [INFO ] W-9000-cifar10_1.0-stdout MODEL_LOG -   File "/home/amin/miniconda3/envs/deep-learning/lib/python3.9/site-packages/ts/torch_handler/base_handler.py", line 356, in _load_pickled_model
2025-04-25T17:04:35,358 [INFO ] W-9000-cifar10_1.0-stdout MODEL_LOG -     model.load_state_dict(state_dict)
2025-04-25T17:04:35,358 [INFO ] W-9000-cifar10_1.0-stdout MODEL_LOG -   File "/home/amin/miniconda3/envs/deep-learning/lib/python3.9/site-packages/torch/nn/modules/module.py", line 2189, in load_state_dict
2025-04-25T17:04:35,359 [INFO ] W-9000-cifar10_1.0-stdout MODEL_LOG -     raise RuntimeError('Error(s) in loading state_dict for {}:\n\t{}'.format(
2025-04-25T17:04:35,359 [INFO ] W-9000-cifar10_1.0-stdout MODEL_LOG - RuntimeError: Error(s) in loading state_dict for SimpleCNN:
2025-04-25T17:04:35,359 [INFO ] W-9000-cifar10_1.0-stdout MODEL_LOG - 	Missing key(s) in state_dict: "conv1.0.weight", "conv1.0.bias", "conv1.1.weight", "conv1.1.bias", "conv1.1.running_mean", "conv1.1.running_var", "conv1.3.weight", "conv1.3.bias", "conv1.4.weight", "conv1.4.bias", "conv1.4.running_mean", "conv1.4.running_var", "conv2.0.weight", "conv2.0.bias", "conv2.1.weight", "conv2.1.bias", "conv2.1.running_mean", "conv2.1.running_var", "conv2.3.weight", "conv2.3.bias", "conv2.4.weight", "conv2.4.bias", "conv2.4.running_mean", "conv2.4.running_var", "fc1.1.weight", "fc1.1.bias", "fc2.1.weight", "fc2.1.bias", "fc3.1.weight", "fc3.1.bias". 
2025-04-25T17:04:35,360 [INFO ] W-9000-cifar10_1.0-stdout MODEL_LOG - 	Unexpected key(s) in state_dict: "epoch", "model", "optimizer". 
2025-04-25T17:04:35,360 [INFO ] W-9000-cifar10_1.0-stdout MODEL_LOG - Backend worker process died.
2025-04-25T17:04:35,360 [INFO ] W-9000-cifar10_1.0-stdout MODEL_LOG - Traceback (most recent call last):
2025-04-25T17:04:35,360 [INFO ] W-9000-cifar10_1.0-stdout MODEL_LOG -   File "/home/amin/miniconda3/envs/deep-learning/lib/python3.9/site-packages/ts/model_service_worker.py", line 301, in <module>
2025-04-25T17:04:35,360 [INFO ] W-9000-cifar10_1.0-stdout MODEL_LOG -     worker.run_server()
2025-04-25T17:04:35,361 [INFO ] W-9000-cifar10_1.0-stdout MODEL_LOG -   File "/home/amin/miniconda3/envs/deep-learning/lib/python3.9/site-packages/ts/model_service_worker.py", line 268, in run_server
2025-04-25T17:04:35,361 [INFO ] W-9000-cifar10_1.0-stdout MODEL_LOG -     self.handle_connection(cl_socket)
2025-04-25T17:04:35,362 [INFO ] W-9000-cifar10_1.0-stdout MODEL_LOG -   File "/home/amin/miniconda3/envs/deep-learning/lib/python3.9/site-packages/ts/model_service_worker.py", line 201, in handle_connection
2025-04-25T17:04:35,362 [INFO ] W-9000-cifar10_1.0-stdout MODEL_LOG -     raise RuntimeError("{} - {}".format(code, result))
2025-04-25T17:04:35,362 [INFO ] W-9000-cifar10_1.0-stdout MODEL_LOG - RuntimeError: 500 - Unknown exception
2025-04-25T17:04:37,501 [INFO ] W-9000-cifar10_1.0-stdout MODEL_LOG - s_name_part0=/tmp/.ts.sock, s_name_part1=9000, pid=10328
2025-04-25T17:04:37,502 [INFO ] W-9000-cifar10_1.0-stdout MODEL_LOG - Listening on port: /tmp/.ts.sock.9000
2025-04-25T17:04:37,511 [INFO ] W-9000-cifar10_1.0-stdout MODEL_LOG - Successfully loaded /home/amin/miniconda3/envs/deep-learning/lib/python3.9/site-packages/ts/configs/metrics.yaml.
2025-04-25T17:04:37,511 [INFO ] W-9000-cifar10_1.0-stdout MODEL_LOG - [PID]10328
2025-04-25T17:04:37,511 [INFO ] W-9000-cifar10_1.0-stdout MODEL_LOG - Torch worker started.
2025-04-25T17:04:37,512 [INFO ] W-9000-cifar10_1.0-stdout MODEL_LOG - Python runtime: 3.9.21
2025-04-25T17:04:37,513 [INFO ] W-9000-cifar10_1.0-stdout MODEL_LOG - Connection accepted: /tmp/.ts.sock.9000.
2025-04-25T17:04:37,525 [INFO ] W-9000-cifar10_1.0-stdout MODEL_LOG - model_name: cifar10, batchSize: 1
2025-04-25T17:04:37,581 [INFO ] W-9000-cifar10_1.0-stdout MODEL_LOG - OpenVINO is not enabled
2025-04-25T17:04:37,581 [INFO ] W-9000-cifar10_1.0-stdout MODEL_LOG - proceeding without onnxruntime
2025-04-25T17:04:37,581 [INFO ] W-9000-cifar10_1.0-stdout MODEL_LOG - Torch TensorRT not enabled
2025-04-25T17:04:37,675 [INFO ] W-9000-cifar10_1.0-stdout MODEL_LOG - Failed to load model cifar10, exception Error(s) in loading state_dict for SimpleCNN:
2025-04-25T17:04:37,675 [INFO ] W-9000-cifar10_1.0-stdout MODEL_LOG - 	Missing key(s) in state_dict: "conv1.0.weight", "conv1.0.bias", "conv1.1.weight", "conv1.1.bias", "conv1.1.running_mean", "conv1.1.running_var", "conv1.3.weight", "conv1.3.bias", "conv1.4.weight", "conv1.4.bias", "conv1.4.running_mean", "conv1.4.running_var", "conv2.0.weight", "conv2.0.bias", "conv2.1.weight", "conv2.1.bias", "conv2.1.running_mean", "conv2.1.running_var", "conv2.3.weight", "conv2.3.bias", "conv2.4.weight", "conv2.4.bias", "conv2.4.running_mean", "conv2.4.running_var", "fc1.1.weight", "fc1.1.bias", "fc2.1.weight", "fc2.1.bias", "fc3.1.weight", "fc3.1.bias". 
2025-04-25T17:04:37,676 [INFO ] W-9000-cifar10_1.0-stdout MODEL_LOG - 	Unexpected key(s) in state_dict: "epoch", "model", "optimizer". 
2025-04-25T17:04:37,676 [INFO ] W-9000-cifar10_1.0-stdout MODEL_LOG - Traceback (most recent call last):
2025-04-25T17:04:37,676 [INFO ] W-9000-cifar10_1.0-stdout MODEL_LOG -   File "/home/amin/miniconda3/envs/deep-learning/lib/python3.9/site-packages/ts/model_service_worker.py", line 133, in load_model
2025-04-25T17:04:37,676 [INFO ] W-9000-cifar10_1.0-stdout MODEL_LOG -     service = model_loader.load(
2025-04-25T17:04:37,676 [INFO ] W-9000-cifar10_1.0-stdout MODEL_LOG -   File "/home/amin/miniconda3/envs/deep-learning/lib/python3.9/site-packages/ts/model_loader.py", line 143, in load
2025-04-25T17:04:37,676 [INFO ] W-9000-cifar10_1.0-stdout MODEL_LOG -     initialize_fn(service.context)
2025-04-25T17:04:37,676 [INFO ] W-9000-cifar10_1.0-stdout MODEL_LOG -   File "/home/amin/miniconda3/envs/deep-learning/lib/python3.9/site-packages/ts/torch_handler/base_handler.py", line 191, in initialize
2025-04-25T17:04:37,677 [INFO ] W-9000-cifar10_1.0-stdout MODEL_LOG -     self.model = self._load_pickled_model(
2025-04-25T17:04:37,677 [INFO ] W-9000-cifar10_1.0-stdout MODEL_LOG -   File "/home/amin/miniconda3/envs/deep-learning/lib/python3.9/site-packages/ts/torch_handler/base_handler.py", line 356, in _load_pickled_model
2025-04-25T17:04:37,677 [INFO ] W-9000-cifar10_1.0-stdout MODEL_LOG -     model.load_state_dict(state_dict)
2025-04-25T17:04:37,677 [INFO ] W-9000-cifar10_1.0-stdout MODEL_LOG -   File "/home/amin/miniconda3/envs/deep-learning/lib/python3.9/site-packages/torch/nn/modules/module.py", line 2189, in load_state_dict
2025-04-25T17:04:37,677 [INFO ] W-9000-cifar10_1.0-stdout MODEL_LOG -     raise RuntimeError('Error(s) in loading state_dict for {}:\n\t{}'.format(
2025-04-25T17:04:37,677 [INFO ] W-9000-cifar10_1.0-stdout MODEL_LOG - RuntimeError: Error(s) in loading state_dict for SimpleCNN:
2025-04-25T17:04:37,678 [INFO ] W-9000-cifar10_1.0-stdout MODEL_LOG - 	Missing key(s) in state_dict: "conv1.0.weight", "conv1.0.bias", "conv1.1.weight", "conv1.1.bias", "conv1.1.running_mean", "conv1.1.running_var", "conv1.3.weight", "conv1.3.bias", "conv1.4.weight", "conv1.4.bias", "conv1.4.running_mean", "conv1.4.running_var", "conv2.0.weight", "conv2.0.bias", "conv2.1.weight", "conv2.1.bias", "conv2.1.running_mean", "conv2.1.running_var", "conv2.3.weight", "conv2.3.bias", "conv2.4.weight", "conv2.4.bias", "conv2.4.running_mean", "conv2.4.running_var", "fc1.1.weight", "fc1.1.bias", "fc2.1.weight", "fc2.1.bias", "fc3.1.weight", "fc3.1.bias". 
2025-04-25T17:04:37,678 [INFO ] W-9000-cifar10_1.0-stdout MODEL_LOG - 	Unexpected key(s) in state_dict: "epoch", "model", "optimizer". 
2025-04-25T17:04:39,687 [INFO ] W-9000-cifar10_1.0-stdout MODEL_LOG - s_name_part0=/tmp/.ts.sock, s_name_part1=9000, pid=10345
2025-04-25T17:04:39,688 [INFO ] W-9000-cifar10_1.0-stdout MODEL_LOG - Listening on port: /tmp/.ts.sock.9000
2025-04-25T17:04:39,696 [INFO ] W-9000-cifar10_1.0-stdout MODEL_LOG - Successfully loaded /home/amin/miniconda3/envs/deep-learning/lib/python3.9/site-packages/ts/configs/metrics.yaml.
2025-04-25T17:04:39,696 [INFO ] W-9000-cifar10_1.0-stdout MODEL_LOG - [PID]10345
2025-04-25T17:04:39,696 [INFO ] W-9000-cifar10_1.0-stdout MODEL_LOG - Torch worker started.
2025-04-25T17:04:39,696 [INFO ] W-9000-cifar10_1.0-stdout MODEL_LOG - Python runtime: 3.9.21
2025-04-25T17:04:39,697 [INFO ] W-9000-cifar10_1.0-stdout MODEL_LOG - Connection accepted: /tmp/.ts.sock.9000.
2025-04-25T17:04:39,707 [INFO ] W-9000-cifar10_1.0-stdout MODEL_LOG - model_name: cifar10, batchSize: 1
2025-04-25T17:04:39,755 [INFO ] W-9000-cifar10_1.0-stdout MODEL_LOG - OpenVINO is not enabled
2025-04-25T17:04:39,755 [INFO ] W-9000-cifar10_1.0-stdout MODEL_LOG - proceeding without onnxruntime
2025-04-25T17:04:39,755 [INFO ] W-9000-cifar10_1.0-stdout MODEL_LOG - Torch TensorRT not enabled
2025-04-25T17:04:39,830 [INFO ] W-9000-cifar10_1.0-stdout MODEL_LOG - Failed to load model cifar10, exception Error(s) in loading state_dict for SimpleCNN:
2025-04-25T17:04:39,830 [INFO ] W-9000-cifar10_1.0-stdout MODEL_LOG - 	Missing key(s) in state_dict: "conv1.0.weight", "conv1.0.bias", "conv1.1.weight", "conv1.1.bias", "conv1.1.running_mean", "conv1.1.running_var", "conv1.3.weight", "conv1.3.bias", "conv1.4.weight", "conv1.4.bias", "conv1.4.running_mean", "conv1.4.running_var", "conv2.0.weight", "conv2.0.bias", "conv2.1.weight", "conv2.1.bias", "conv2.1.running_mean", "conv2.1.running_var", "conv2.3.weight", "conv2.3.bias", "conv2.4.weight", "conv2.4.bias", "conv2.4.running_mean", "conv2.4.running_var", "fc1.1.weight", "fc1.1.bias", "fc2.1.weight", "fc2.1.bias", "fc3.1.weight", "fc3.1.bias". 
2025-04-25T17:04:39,830 [INFO ] W-9000-cifar10_1.0-stdout MODEL_LOG - 	Unexpected key(s) in state_dict: "epoch", "model", "optimizer". 
2025-04-25T17:04:39,830 [INFO ] W-9000-cifar10_1.0-stdout MODEL_LOG - Traceback (most recent call last):
2025-04-25T17:04:39,830 [INFO ] W-9000-cifar10_1.0-stdout MODEL_LOG -   File "/home/amin/miniconda3/envs/deep-learning/lib/python3.9/site-packages/ts/model_service_worker.py", line 133, in load_model
2025-04-25T17:04:39,831 [INFO ] W-9000-cifar10_1.0-stdout MODEL_LOG -     service = model_loader.load(
2025-04-25T17:04:39,831 [INFO ] W-9000-cifar10_1.0-stdout MODEL_LOG -   File "/home/amin/miniconda3/envs/deep-learning/lib/python3.9/site-packages/ts/model_loader.py", line 143, in load
2025-04-25T17:04:39,831 [INFO ] W-9000-cifar10_1.0-stdout MODEL_LOG -     initialize_fn(service.context)
2025-04-25T17:04:39,831 [INFO ] W-9000-cifar10_1.0-stdout MODEL_LOG -   File "/home/amin/miniconda3/envs/deep-learning/lib/python3.9/site-packages/ts/torch_handler/base_handler.py", line 191, in initialize
2025-04-25T17:04:39,831 [INFO ] W-9000-cifar10_1.0-stdout MODEL_LOG -     self.model = self._load_pickled_model(
2025-04-25T17:04:39,831 [INFO ] W-9000-cifar10_1.0-stdout MODEL_LOG -   File "/home/amin/miniconda3/envs/deep-learning/lib/python3.9/site-packages/ts/torch_handler/base_handler.py", line 356, in _load_pickled_model
2025-04-25T17:04:39,831 [INFO ] W-9000-cifar10_1.0-stdout MODEL_LOG -     model.load_state_dict(state_dict)
2025-04-25T17:04:39,831 [INFO ] W-9000-cifar10_1.0-stdout MODEL_LOG -   File "/home/amin/miniconda3/envs/deep-learning/lib/python3.9/site-packages/torch/nn/modules/module.py", line 2189, in load_state_dict
2025-04-25T17:04:39,831 [INFO ] W-9000-cifar10_1.0-stdout MODEL_LOG -     raise RuntimeError('Error(s) in loading state_dict for {}:\n\t{}'.format(
2025-04-25T17:04:39,832 [INFO ] W-9000-cifar10_1.0-stdout MODEL_LOG - RuntimeError: Error(s) in loading state_dict for SimpleCNN:
2025-04-25T17:04:39,832 [INFO ] W-9000-cifar10_1.0-stdout MODEL_LOG - 	Missing key(s) in state_dict: "conv1.0.weight", "conv1.0.bias", "conv1.1.weight", "conv1.1.bias", "conv1.1.running_mean", "conv1.1.running_var", "conv1.3.weight", "conv1.3.bias", "conv1.4.weight", "conv1.4.bias", "conv1.4.running_mean", "conv1.4.running_var", "conv2.0.weight", "conv2.0.bias", "conv2.1.weight", "conv2.1.bias", "conv2.1.running_mean", "conv2.1.running_var", "conv2.3.weight", "conv2.3.bias", "conv2.4.weight", "conv2.4.bias", "conv2.4.running_mean", "conv2.4.running_var", "fc1.1.weight", "fc1.1.bias", "fc2.1.weight", "fc2.1.bias", "fc3.1.weight", "fc3.1.bias". 
2025-04-25T17:04:39,832 [INFO ] W-9000-cifar10_1.0-stdout MODEL_LOG - 	Unexpected key(s) in state_dict: "epoch", "model", "optimizer". 
2025-04-25T17:04:42,879 [INFO ] W-9000-cifar10_1.0-stdout MODEL_LOG - s_name_part0=/tmp/.ts.sock, s_name_part1=9000, pid=10364
2025-04-25T17:04:42,885 [INFO ] W-9000-cifar10_1.0-stdout MODEL_LOG - Listening on port: /tmp/.ts.sock.9000
2025-04-25T17:04:42,888 [INFO ] W-9000-cifar10_1.0-stdout MODEL_LOG - Successfully loaded /home/amin/miniconda3/envs/deep-learning/lib/python3.9/site-packages/ts/configs/metrics.yaml.
2025-04-25T17:04:42,888 [INFO ] W-9000-cifar10_1.0-stdout MODEL_LOG - [PID]10364
2025-04-25T17:04:42,888 [INFO ] W-9000-cifar10_1.0-stdout MODEL_LOG - Torch worker started.
2025-04-25T17:04:42,888 [INFO ] W-9000-cifar10_1.0-stdout MODEL_LOG - Python runtime: 3.9.21
2025-04-25T17:04:42,889 [INFO ] W-9000-cifar10_1.0-stdout MODEL_LOG - Connection accepted: /tmp/.ts.sock.9000.
2025-04-25T17:04:42,902 [INFO ] W-9000-cifar10_1.0-stdout MODEL_LOG - model_name: cifar10, batchSize: 1
2025-04-25T17:04:42,954 [INFO ] W-9000-cifar10_1.0-stdout MODEL_LOG - OpenVINO is not enabled
2025-04-25T17:04:42,954 [INFO ] W-9000-cifar10_1.0-stdout MODEL_LOG - proceeding without onnxruntime
2025-04-25T17:04:42,954 [INFO ] W-9000-cifar10_1.0-stdout MODEL_LOG - Torch TensorRT not enabled
2025-04-25T17:04:43,036 [INFO ] W-9000-cifar10_1.0-stdout MODEL_LOG - Failed to load model cifar10, exception Error(s) in loading state_dict for SimpleCNN:
2025-04-25T17:04:43,037 [INFO ] W-9000-cifar10_1.0-stdout MODEL_LOG - 	Missing key(s) in state_dict: "conv1.0.weight", "conv1.0.bias", "conv1.1.weight", "conv1.1.bias", "conv1.1.running_mean", "conv1.1.running_var", "conv1.3.weight", "conv1.3.bias", "conv1.4.weight", "conv1.4.bias", "conv1.4.running_mean", "conv1.4.running_var", "conv2.0.weight", "conv2.0.bias", "conv2.1.weight", "conv2.1.bias", "conv2.1.running_mean", "conv2.1.running_var", "conv2.3.weight", "conv2.3.bias", "conv2.4.weight", "conv2.4.bias", "conv2.4.running_mean", "conv2.4.running_var", "fc1.1.weight", "fc1.1.bias", "fc2.1.weight", "fc2.1.bias", "fc3.1.weight", "fc3.1.bias". 
2025-04-25T17:04:43,037 [INFO ] W-9000-cifar10_1.0-stdout MODEL_LOG - 	Unexpected key(s) in state_dict: "epoch", "model", "optimizer". 
2025-04-25T17:04:43,037 [INFO ] W-9000-cifar10_1.0-stdout MODEL_LOG - Traceback (most recent call last):
2025-04-25T17:04:43,037 [INFO ] W-9000-cifar10_1.0-stdout MODEL_LOG -   File "/home/amin/miniconda3/envs/deep-learning/lib/python3.9/site-packages/ts/model_service_worker.py", line 133, in load_model
2025-04-25T17:04:43,037 [INFO ] W-9000-cifar10_1.0-stdout MODEL_LOG -     service = model_loader.load(
2025-04-25T17:04:43,037 [INFO ] W-9000-cifar10_1.0-stdout MODEL_LOG -   File "/home/amin/miniconda3/envs/deep-learning/lib/python3.9/site-packages/ts/model_loader.py", line 143, in load
2025-04-25T17:04:43,038 [INFO ] W-9000-cifar10_1.0-stdout MODEL_LOG -     initialize_fn(service.context)
2025-04-25T17:04:43,038 [INFO ] W-9000-cifar10_1.0-stdout MODEL_LOG -   File "/home/amin/miniconda3/envs/deep-learning/lib/python3.9/site-packages/ts/torch_handler/base_handler.py", line 191, in initialize
2025-04-25T17:04:43,038 [INFO ] W-9000-cifar10_1.0-stdout MODEL_LOG -     self.model = self._load_pickled_model(
2025-04-25T17:04:43,038 [INFO ] W-9000-cifar10_1.0-stdout MODEL_LOG -   File "/home/amin/miniconda3/envs/deep-learning/lib/python3.9/site-packages/ts/torch_handler/base_handler.py", line 356, in _load_pickled_model
2025-04-25T17:04:43,038 [INFO ] W-9000-cifar10_1.0-stdout MODEL_LOG -     model.load_state_dict(state_dict)
2025-04-25T17:04:43,039 [INFO ] W-9000-cifar10_1.0-stdout MODEL_LOG -   File "/home/amin/miniconda3/envs/deep-learning/lib/python3.9/site-packages/torch/nn/modules/module.py", line 2189, in load_state_dict
2025-04-25T17:04:43,039 [INFO ] W-9000-cifar10_1.0-stdout MODEL_LOG -     raise RuntimeError('Error(s) in loading state_dict for {}:\n\t{}'.format(
2025-04-25T17:04:43,039 [INFO ] W-9000-cifar10_1.0-stdout MODEL_LOG - RuntimeError: Error(s) in loading state_dict for SimpleCNN:
2025-04-25T17:04:43,039 [INFO ] W-9000-cifar10_1.0-stdout MODEL_LOG - 	Missing key(s) in state_dict: "conv1.0.weight", "conv1.0.bias", "conv1.1.weight", "conv1.1.bias", "conv1.1.running_mean", "conv1.1.running_var", "conv1.3.weight", "conv1.3.bias", "conv1.4.weight", "conv1.4.bias", "conv1.4.running_mean", "conv1.4.running_var", "conv2.0.weight", "conv2.0.bias", "conv2.1.weight", "conv2.1.bias", "conv2.1.running_mean", "conv2.1.running_var", "conv2.3.weight", "conv2.3.bias", "conv2.4.weight", "conv2.4.bias", "conv2.4.running_mean", "conv2.4.running_var", "fc1.1.weight", "fc1.1.bias", "fc2.1.weight", "fc2.1.bias", "fc3.1.weight", "fc3.1.bias". 
2025-04-25T17:04:43,039 [INFO ] W-9000-cifar10_1.0-stdout MODEL_LOG - 	Unexpected key(s) in state_dict: "epoch", "model", "optimizer". 
2025-04-25T17:04:47,080 [INFO ] W-9000-cifar10_1.0-stdout MODEL_LOG - s_name_part0=/tmp/.ts.sock, s_name_part1=9000, pid=10381
2025-04-25T17:04:47,080 [INFO ] W-9000-cifar10_1.0-stdout MODEL_LOG - Listening on port: /tmp/.ts.sock.9000
2025-04-25T17:04:47,089 [INFO ] W-9000-cifar10_1.0-stdout MODEL_LOG - Successfully loaded /home/amin/miniconda3/envs/deep-learning/lib/python3.9/site-packages/ts/configs/metrics.yaml.
2025-04-25T17:04:47,089 [INFO ] W-9000-cifar10_1.0-stdout MODEL_LOG - [PID]10381
2025-04-25T17:04:47,089 [INFO ] W-9000-cifar10_1.0-stdout MODEL_LOG - Torch worker started.
2025-04-25T17:04:47,090 [INFO ] W-9000-cifar10_1.0-stdout MODEL_LOG - Python runtime: 3.9.21
2025-04-25T17:04:47,090 [INFO ] W-9000-cifar10_1.0-stdout MODEL_LOG - Connection accepted: /tmp/.ts.sock.9000.
2025-04-25T17:04:47,100 [INFO ] W-9000-cifar10_1.0-stdout MODEL_LOG - model_name: cifar10, batchSize: 1
2025-04-25T17:04:47,148 [INFO ] W-9000-cifar10_1.0-stdout MODEL_LOG - OpenVINO is not enabled
2025-04-25T17:04:47,148 [INFO ] W-9000-cifar10_1.0-stdout MODEL_LOG - proceeding without onnxruntime
2025-04-25T17:04:47,148 [INFO ] W-9000-cifar10_1.0-stdout MODEL_LOG - Torch TensorRT not enabled
2025-04-25T17:04:47,225 [INFO ] W-9000-cifar10_1.0-stdout MODEL_LOG - Failed to load model cifar10, exception Error(s) in loading state_dict for SimpleCNN:
2025-04-25T17:04:47,225 [INFO ] W-9000-cifar10_1.0-stdout MODEL_LOG - 	Missing key(s) in state_dict: "conv1.0.weight", "conv1.0.bias", "conv1.1.weight", "conv1.1.bias", "conv1.1.running_mean", "conv1.1.running_var", "conv1.3.weight", "conv1.3.bias", "conv1.4.weight", "conv1.4.bias", "conv1.4.running_mean", "conv1.4.running_var", "conv2.0.weight", "conv2.0.bias", "conv2.1.weight", "conv2.1.bias", "conv2.1.running_mean", "conv2.1.running_var", "conv2.3.weight", "conv2.3.bias", "conv2.4.weight", "conv2.4.bias", "conv2.4.running_mean", "conv2.4.running_var", "fc1.1.weight", "fc1.1.bias", "fc2.1.weight", "fc2.1.bias", "fc3.1.weight", "fc3.1.bias". 
2025-04-25T17:04:47,226 [INFO ] W-9000-cifar10_1.0-stdout MODEL_LOG - 	Unexpected key(s) in state_dict: "epoch", "model", "optimizer". 
2025-04-25T17:04:47,226 [INFO ] W-9000-cifar10_1.0-stdout MODEL_LOG - Traceback (most recent call last):
2025-04-25T17:04:47,226 [INFO ] W-9000-cifar10_1.0-stdout MODEL_LOG -   File "/home/amin/miniconda3/envs/deep-learning/lib/python3.9/site-packages/ts/model_service_worker.py", line 133, in load_model
2025-04-25T17:04:47,226 [INFO ] W-9000-cifar10_1.0-stdout MODEL_LOG -     service = model_loader.load(
2025-04-25T17:04:47,226 [INFO ] W-9000-cifar10_1.0-stdout MODEL_LOG -   File "/home/amin/miniconda3/envs/deep-learning/lib/python3.9/site-packages/ts/model_loader.py", line 143, in load
2025-04-25T17:04:47,226 [INFO ] W-9000-cifar10_1.0-stdout MODEL_LOG -     initialize_fn(service.context)
2025-04-25T17:04:47,226 [INFO ] W-9000-cifar10_1.0-stdout MODEL_LOG -   File "/home/amin/miniconda3/envs/deep-learning/lib/python3.9/site-packages/ts/torch_handler/base_handler.py", line 191, in initialize
2025-04-25T17:04:47,226 [INFO ] W-9000-cifar10_1.0-stdout MODEL_LOG -     self.model = self._load_pickled_model(
2025-04-25T17:04:47,226 [INFO ] W-9000-cifar10_1.0-stdout MODEL_LOG -   File "/home/amin/miniconda3/envs/deep-learning/lib/python3.9/site-packages/ts/torch_handler/base_handler.py", line 356, in _load_pickled_model
2025-04-25T17:04:47,226 [INFO ] W-9000-cifar10_1.0-stdout MODEL_LOG -     model.load_state_dict(state_dict)
2025-04-25T17:04:47,226 [INFO ] W-9000-cifar10_1.0-stdout MODEL_LOG -   File "/home/amin/miniconda3/envs/deep-learning/lib/python3.9/site-packages/torch/nn/modules/module.py", line 2189, in load_state_dict
2025-04-25T17:04:47,226 [INFO ] W-9000-cifar10_1.0-stdout MODEL_LOG -     raise RuntimeError('Error(s) in loading state_dict for {}:\n\t{}'.format(
2025-04-25T17:04:47,226 [INFO ] W-9000-cifar10_1.0-stdout MODEL_LOG - RuntimeError: Error(s) in loading state_dict for SimpleCNN:
2025-04-25T17:04:47,227 [INFO ] W-9000-cifar10_1.0-stdout MODEL_LOG - 	Missing key(s) in state_dict: "conv1.0.weight", "conv1.0.bias", "conv1.1.weight", "conv1.1.bias", "conv1.1.running_mean", "conv1.1.running_var", "conv1.3.weight", "conv1.3.bias", "conv1.4.weight", "conv1.4.bias", "conv1.4.running_mean", "conv1.4.running_var", "conv2.0.weight", "conv2.0.bias", "conv2.1.weight", "conv2.1.bias", "conv2.1.running_mean", "conv2.1.running_var", "conv2.3.weight", "conv2.3.bias", "conv2.4.weight", "conv2.4.bias", "conv2.4.running_mean", "conv2.4.running_var", "fc1.1.weight", "fc1.1.bias", "fc2.1.weight", "fc2.1.bias", "fc3.1.weight", "fc3.1.bias". 
2025-04-25T17:04:47,227 [INFO ] W-9000-cifar10_1.0-stdout MODEL_LOG - 	Unexpected key(s) in state_dict: "epoch", "model", "optimizer". 
2025-04-25T17:04:47,227 [INFO ] W-9000-cifar10_1.0-stdout MODEL_LOG - Backend worker process died.
2025-04-25T17:04:47,227 [INFO ] W-9000-cifar10_1.0-stdout MODEL_LOG - Traceback (most recent call last):
2025-04-25T17:04:47,227 [INFO ] W-9000-cifar10_1.0-stdout MODEL_LOG -   File "/home/amin/miniconda3/envs/deep-learning/lib/python3.9/site-packages/ts/model_service_worker.py", line 301, in <module>
2025-04-25T17:04:47,227 [INFO ] W-9000-cifar10_1.0-stdout MODEL_LOG -     worker.run_server()
2025-04-25T17:04:47,227 [INFO ] W-9000-cifar10_1.0-stdout MODEL_LOG -   File "/home/amin/miniconda3/envs/deep-learning/lib/python3.9/site-packages/ts/model_service_worker.py", line 268, in run_server
2025-04-25T17:04:47,227 [INFO ] W-9000-cifar10_1.0-stdout MODEL_LOG -     self.handle_connection(cl_socket)
2025-04-25T17:04:47,227 [INFO ] W-9000-cifar10_1.0-stdout MODEL_LOG -   File "/home/amin/miniconda3/envs/deep-learning/lib/python3.9/site-packages/ts/model_service_worker.py", line 201, in handle_connection
2025-04-25T17:04:47,227 [INFO ] W-9000-cifar10_1.0-stdout MODEL_LOG -     raise RuntimeError("{} - {}".format(code, result))
2025-04-25T17:04:47,228 [INFO ] W-9000-cifar10_1.0-stdout MODEL_LOG - RuntimeError: 500 - Unknown exception
2025-04-25T17:04:53,289 [INFO ] W-9000-cifar10_1.0-stdout MODEL_LOG - s_name_part0=/tmp/.ts.sock, s_name_part1=9000, pid=10398
2025-04-25T17:04:53,290 [INFO ] W-9000-cifar10_1.0-stdout MODEL_LOG - Listening on port: /tmp/.ts.sock.9000
2025-04-25T17:04:53,300 [INFO ] W-9000-cifar10_1.0-stdout MODEL_LOG - Successfully loaded /home/amin/miniconda3/envs/deep-learning/lib/python3.9/site-packages/ts/configs/metrics.yaml.
2025-04-25T17:04:53,300 [INFO ] W-9000-cifar10_1.0-stdout MODEL_LOG - [PID]10398
2025-04-25T17:04:53,300 [INFO ] W-9000-cifar10_1.0-stdout MODEL_LOG - Torch worker started.
2025-04-25T17:04:53,300 [INFO ] W-9000-cifar10_1.0-stdout MODEL_LOG - Python runtime: 3.9.21
2025-04-25T17:04:53,301 [INFO ] W-9000-cifar10_1.0-stdout MODEL_LOG - Connection accepted: /tmp/.ts.sock.9000.
2025-04-25T17:04:53,311 [INFO ] W-9000-cifar10_1.0-stdout MODEL_LOG - model_name: cifar10, batchSize: 1
2025-04-25T17:04:53,361 [INFO ] W-9000-cifar10_1.0-stdout MODEL_LOG - OpenVINO is not enabled
2025-04-25T17:04:53,361 [INFO ] W-9000-cifar10_1.0-stdout MODEL_LOG - proceeding without onnxruntime
2025-04-25T17:04:53,361 [INFO ] W-9000-cifar10_1.0-stdout MODEL_LOG - Torch TensorRT not enabled
2025-04-25T17:04:53,444 [INFO ] W-9000-cifar10_1.0-stdout MODEL_LOG - Failed to load model cifar10, exception Error(s) in loading state_dict for SimpleCNN:
2025-04-25T17:04:53,445 [INFO ] W-9000-cifar10_1.0-stdout MODEL_LOG - 	Missing key(s) in state_dict: "conv1.0.weight", "conv1.0.bias", "conv1.1.weight", "conv1.1.bias", "conv1.1.running_mean", "conv1.1.running_var", "conv1.3.weight", "conv1.3.bias", "conv1.4.weight", "conv1.4.bias", "conv1.4.running_mean", "conv1.4.running_var", "conv2.0.weight", "conv2.0.bias", "conv2.1.weight", "conv2.1.bias", "conv2.1.running_mean", "conv2.1.running_var", "conv2.3.weight", "conv2.3.bias", "conv2.4.weight", "conv2.4.bias", "conv2.4.running_mean", "conv2.4.running_var", "fc1.1.weight", "fc1.1.bias", "fc2.1.weight", "fc2.1.bias", "fc3.1.weight", "fc3.1.bias". 
2025-04-25T17:04:53,445 [INFO ] W-9000-cifar10_1.0-stdout MODEL_LOG - 	Unexpected key(s) in state_dict: "epoch", "model", "optimizer". 
2025-04-25T17:04:53,448 [INFO ] W-9000-cifar10_1.0-stdout MODEL_LOG - Traceback (most recent call last):
2025-04-25T17:04:53,448 [INFO ] W-9000-cifar10_1.0-stdout MODEL_LOG -   File "/home/amin/miniconda3/envs/deep-learning/lib/python3.9/site-packages/ts/model_service_worker.py", line 133, in load_model
2025-04-25T17:04:53,449 [INFO ] W-9000-cifar10_1.0-stdout MODEL_LOG -     service = model_loader.load(
2025-04-25T17:04:53,449 [INFO ] W-9000-cifar10_1.0-stdout MODEL_LOG -   File "/home/amin/miniconda3/envs/deep-learning/lib/python3.9/site-packages/ts/model_loader.py", line 143, in load
2025-04-25T17:04:53,449 [INFO ] W-9000-cifar10_1.0-stdout MODEL_LOG -     initialize_fn(service.context)
2025-04-25T17:04:53,449 [INFO ] W-9000-cifar10_1.0-stdout MODEL_LOG -   File "/home/amin/miniconda3/envs/deep-learning/lib/python3.9/site-packages/ts/torch_handler/base_handler.py", line 191, in initialize
2025-04-25T17:04:53,449 [INFO ] W-9000-cifar10_1.0-stdout MODEL_LOG -     self.model = self._load_pickled_model(
2025-04-25T17:04:53,449 [INFO ] W-9000-cifar10_1.0-stdout MODEL_LOG -   File "/home/amin/miniconda3/envs/deep-learning/lib/python3.9/site-packages/ts/torch_handler/base_handler.py", line 356, in _load_pickled_model
2025-04-25T17:04:53,449 [INFO ] W-9000-cifar10_1.0-stdout MODEL_LOG -     model.load_state_dict(state_dict)
2025-04-25T17:04:53,450 [INFO ] W-9000-cifar10_1.0-stdout MODEL_LOG -   File "/home/amin/miniconda3/envs/deep-learning/lib/python3.9/site-packages/torch/nn/modules/module.py", line 2189, in load_state_dict
2025-04-25T17:04:53,450 [INFO ] W-9000-cifar10_1.0-stdout MODEL_LOG -     raise RuntimeError('Error(s) in loading state_dict for {}:\n\t{}'.format(
2025-04-25T17:04:53,450 [INFO ] W-9000-cifar10_1.0-stdout MODEL_LOG - RuntimeError: Error(s) in loading state_dict for SimpleCNN:
2025-04-25T17:04:53,450 [INFO ] W-9000-cifar10_1.0-stdout MODEL_LOG - 	Missing key(s) in state_dict: "conv1.0.weight", "conv1.0.bias", "conv1.1.weight", "conv1.1.bias", "conv1.1.running_mean", "conv1.1.running_var", "conv1.3.weight", "conv1.3.bias", "conv1.4.weight", "conv1.4.bias", "conv1.4.running_mean", "conv1.4.running_var", "conv2.0.weight", "conv2.0.bias", "conv2.1.weight", "conv2.1.bias", "conv2.1.running_mean", "conv2.1.running_var", "conv2.3.weight", "conv2.3.bias", "conv2.4.weight", "conv2.4.bias", "conv2.4.running_mean", "conv2.4.running_var", "fc1.1.weight", "fc1.1.bias", "fc2.1.weight", "fc2.1.bias", "fc3.1.weight", "fc3.1.bias". 
2025-04-25T17:04:53,450 [INFO ] W-9000-cifar10_1.0-stdout MODEL_LOG - 	Unexpected key(s) in state_dict: "epoch", "model", "optimizer". 
2025-04-25T17:05:02,507 [INFO ] W-9000-cifar10_1.0-stdout MODEL_LOG - s_name_part0=/tmp/.ts.sock, s_name_part1=9000, pid=10424
2025-04-25T17:05:02,507 [INFO ] W-9000-cifar10_1.0-stdout MODEL_LOG - Listening on port: /tmp/.ts.sock.9000
2025-04-25T17:05:02,515 [INFO ] W-9000-cifar10_1.0-stdout MODEL_LOG - Successfully loaded /home/amin/miniconda3/envs/deep-learning/lib/python3.9/site-packages/ts/configs/metrics.yaml.
2025-04-25T17:05:02,516 [INFO ] W-9000-cifar10_1.0-stdout MODEL_LOG - [PID]10424
2025-04-25T17:05:02,516 [INFO ] W-9000-cifar10_1.0-stdout MODEL_LOG - Torch worker started.
2025-04-25T17:05:02,516 [INFO ] W-9000-cifar10_1.0-stdout MODEL_LOG - Python runtime: 3.9.21
2025-04-25T17:05:02,517 [INFO ] W-9000-cifar10_1.0-stdout MODEL_LOG - Connection accepted: /tmp/.ts.sock.9000.
2025-04-25T17:05:02,533 [INFO ] W-9000-cifar10_1.0-stdout MODEL_LOG - model_name: cifar10, batchSize: 1
2025-04-25T17:05:04,134 [INFO ] W-9000-cifar10_1.0-stdout MODEL_LOG - OpenVINO is not enabled
2025-04-25T17:05:04,134 [INFO ] W-9000-cifar10_1.0-stdout MODEL_LOG - proceeding without onnxruntime
2025-04-25T17:05:04,134 [INFO ] W-9000-cifar10_1.0-stdout MODEL_LOG - Torch TensorRT not enabled
2025-04-25T17:05:04,201 [INFO ] W-9000-cifar10_1.0-stdout MODEL_LOG - Failed to load model cifar10, exception Error(s) in loading state_dict for SimpleCNN:
2025-04-25T17:05:04,202 [INFO ] W-9000-cifar10_1.0-stdout MODEL_LOG - 	Missing key(s) in state_dict: "conv1.0.weight", "conv1.0.bias", "conv1.1.weight", "conv1.1.bias", "conv1.1.running_mean", "conv1.1.running_var", "conv1.3.weight", "conv1.3.bias", "conv1.4.weight", "conv1.4.bias", "conv1.4.running_mean", "conv1.4.running_var", "conv2.0.weight", "conv2.0.bias", "conv2.1.weight", "conv2.1.bias", "conv2.1.running_mean", "conv2.1.running_var", "conv2.3.weight", "conv2.3.bias", "conv2.4.weight", "conv2.4.bias", "conv2.4.running_mean", "conv2.4.running_var", "fc1.1.weight", "fc1.1.bias", "fc2.1.weight", "fc2.1.bias", "fc3.1.weight", "fc3.1.bias". 
2025-04-25T17:05:04,202 [INFO ] W-9000-cifar10_1.0-stdout MODEL_LOG - 	Unexpected key(s) in state_dict: "epoch", "model", "optimizer". 
2025-04-25T17:05:04,202 [INFO ] W-9000-cifar10_1.0-stdout MODEL_LOG - Traceback (most recent call last):
2025-04-25T17:05:04,202 [INFO ] W-9000-cifar10_1.0-stdout MODEL_LOG -   File "/home/amin/miniconda3/envs/deep-learning/lib/python3.9/site-packages/ts/model_service_worker.py", line 133, in load_model
2025-04-25T17:05:04,202 [INFO ] W-9000-cifar10_1.0-stdout MODEL_LOG -     service = model_loader.load(
2025-04-25T17:05:04,202 [INFO ] W-9000-cifar10_1.0-stdout MODEL_LOG -   File "/home/amin/miniconda3/envs/deep-learning/lib/python3.9/site-packages/ts/model_loader.py", line 143, in load
2025-04-25T17:05:04,202 [INFO ] W-9000-cifar10_1.0-stdout MODEL_LOG -     initialize_fn(service.context)
2025-04-25T17:05:04,202 [INFO ] W-9000-cifar10_1.0-stdout MODEL_LOG -   File "/home/amin/miniconda3/envs/deep-learning/lib/python3.9/site-packages/ts/torch_handler/base_handler.py", line 191, in initialize
2025-04-25T17:05:04,203 [INFO ] W-9000-cifar10_1.0-stdout MODEL_LOG -     self.model = self._load_pickled_model(
2025-04-25T17:05:04,203 [INFO ] W-9000-cifar10_1.0-stdout MODEL_LOG -   File "/home/amin/miniconda3/envs/deep-learning/lib/python3.9/site-packages/ts/torch_handler/base_handler.py", line 356, in _load_pickled_model
2025-04-25T17:05:04,203 [INFO ] W-9000-cifar10_1.0-stdout MODEL_LOG -     model.load_state_dict(state_dict)
2025-04-25T17:05:04,203 [INFO ] W-9000-cifar10_1.0-stdout MODEL_LOG -   File "/home/amin/miniconda3/envs/deep-learning/lib/python3.9/site-packages/torch/nn/modules/module.py", line 2189, in load_state_dict
2025-04-25T17:05:04,203 [INFO ] W-9000-cifar10_1.0-stdout MODEL_LOG -     raise RuntimeError('Error(s) in loading state_dict for {}:\n\t{}'.format(
2025-04-25T17:05:04,203 [INFO ] W-9000-cifar10_1.0-stdout MODEL_LOG - RuntimeError: Error(s) in loading state_dict for SimpleCNN:
2025-04-25T17:05:04,204 [INFO ] W-9000-cifar10_1.0-stdout MODEL_LOG - 	Missing key(s) in state_dict: "conv1.0.weight", "conv1.0.bias", "conv1.1.weight", "conv1.1.bias", "conv1.1.running_mean", "conv1.1.running_var", "conv1.3.weight", "conv1.3.bias", "conv1.4.weight", "conv1.4.bias", "conv1.4.running_mean", "conv1.4.running_var", "conv2.0.weight", "conv2.0.bias", "conv2.1.weight", "conv2.1.bias", "conv2.1.running_mean", "conv2.1.running_var", "conv2.3.weight", "conv2.3.bias", "conv2.4.weight", "conv2.4.bias", "conv2.4.running_mean", "conv2.4.running_var", "fc1.1.weight", "fc1.1.bias", "fc2.1.weight", "fc2.1.bias", "fc3.1.weight", "fc3.1.bias". 
2025-04-25T17:05:04,204 [INFO ] W-9000-cifar10_1.0-stdout MODEL_LOG - 	Unexpected key(s) in state_dict: "epoch", "model", "optimizer". 
2025-04-25T17:05:04,204 [INFO ] W-9000-cifar10_1.0-stdout MODEL_LOG - Backend worker process died.
2025-04-25T17:05:04,204 [INFO ] W-9000-cifar10_1.0-stdout MODEL_LOG - Traceback (most recent call last):
2025-04-25T17:05:04,204 [INFO ] W-9000-cifar10_1.0-stdout MODEL_LOG -   File "/home/amin/miniconda3/envs/deep-learning/lib/python3.9/site-packages/ts/model_service_worker.py", line 301, in <module>
2025-04-25T17:05:04,204 [INFO ] W-9000-cifar10_1.0-stdout MODEL_LOG -     worker.run_server()
2025-04-25T17:05:04,204 [INFO ] W-9000-cifar10_1.0-stdout MODEL_LOG -   File "/home/amin/miniconda3/envs/deep-learning/lib/python3.9/site-packages/ts/model_service_worker.py", line 268, in run_server
2025-04-25T17:05:04,204 [INFO ] W-9000-cifar10_1.0-stdout MODEL_LOG -     self.handle_connection(cl_socket)
2025-04-25T17:05:04,204 [INFO ] W-9000-cifar10_1.0-stdout MODEL_LOG -   File "/home/amin/miniconda3/envs/deep-learning/lib/python3.9/site-packages/ts/model_service_worker.py", line 201, in handle_connection
2025-04-25T17:05:04,204 [INFO ] W-9000-cifar10_1.0-stdout MODEL_LOG -     raise RuntimeError("{} - {}".format(code, result))
2025-04-25T17:05:04,205 [INFO ] W-9000-cifar10_1.0-stdout MODEL_LOG - RuntimeError: 500 - Unknown exception
2025-04-25T17:05:18,275 [INFO ] W-9000-cifar10_1.0-stdout MODEL_LOG - s_name_part0=/tmp/.ts.sock, s_name_part1=9000, pid=10455
2025-04-25T17:05:18,276 [INFO ] W-9000-cifar10_1.0-stdout MODEL_LOG - Listening on port: /tmp/.ts.sock.9000
2025-04-25T17:05:18,284 [INFO ] W-9000-cifar10_1.0-stdout MODEL_LOG - Successfully loaded /home/amin/miniconda3/envs/deep-learning/lib/python3.9/site-packages/ts/configs/metrics.yaml.
2025-04-25T17:05:18,284 [INFO ] W-9000-cifar10_1.0-stdout MODEL_LOG - [PID]10455
2025-04-25T17:05:18,284 [INFO ] W-9000-cifar10_1.0-stdout MODEL_LOG - Torch worker started.
2025-04-25T17:05:18,284 [INFO ] W-9000-cifar10_1.0-stdout MODEL_LOG - Python runtime: 3.9.21
2025-04-25T17:05:18,285 [INFO ] W-9000-cifar10_1.0-stdout MODEL_LOG - Connection accepted: /tmp/.ts.sock.9000.
2025-04-25T17:05:18,294 [INFO ] W-9000-cifar10_1.0-stdout MODEL_LOG - model_name: cifar10, batchSize: 1
2025-04-25T17:05:18,344 [INFO ] W-9000-cifar10_1.0-stdout MODEL_LOG - OpenVINO is not enabled
2025-04-25T17:05:18,344 [INFO ] W-9000-cifar10_1.0-stdout MODEL_LOG - proceeding without onnxruntime
2025-04-25T17:05:18,344 [INFO ] W-9000-cifar10_1.0-stdout MODEL_LOG - Torch TensorRT not enabled
2025-04-25T17:05:18,424 [INFO ] W-9000-cifar10_1.0-stdout MODEL_LOG - Failed to load model cifar10, exception Error(s) in loading state_dict for SimpleCNN:
2025-04-25T17:05:18,424 [INFO ] W-9000-cifar10_1.0-stdout MODEL_LOG - 	Missing key(s) in state_dict: "conv1.0.weight", "conv1.0.bias", "conv1.1.weight", "conv1.1.bias", "conv1.1.running_mean", "conv1.1.running_var", "conv1.3.weight", "conv1.3.bias", "conv1.4.weight", "conv1.4.bias", "conv1.4.running_mean", "conv1.4.running_var", "conv2.0.weight", "conv2.0.bias", "conv2.1.weight", "conv2.1.bias", "conv2.1.running_mean", "conv2.1.running_var", "conv2.3.weight", "conv2.3.bias", "conv2.4.weight", "conv2.4.bias", "conv2.4.running_mean", "conv2.4.running_var", "fc1.1.weight", "fc1.1.bias", "fc2.1.weight", "fc2.1.bias", "fc3.1.weight", "fc3.1.bias". 
2025-04-25T17:05:18,424 [INFO ] W-9000-cifar10_1.0-stdout MODEL_LOG - 	Unexpected key(s) in state_dict: "epoch", "model", "optimizer". 
2025-04-25T17:05:18,424 [INFO ] W-9000-cifar10_1.0-stdout MODEL_LOG - Traceback (most recent call last):
2025-04-25T17:05:18,425 [INFO ] W-9000-cifar10_1.0-stdout MODEL_LOG -   File "/home/amin/miniconda3/envs/deep-learning/lib/python3.9/site-packages/ts/model_service_worker.py", line 133, in load_model
2025-04-25T17:05:18,425 [INFO ] W-9000-cifar10_1.0-stdout MODEL_LOG -     service = model_loader.load(
2025-04-25T17:05:18,425 [INFO ] W-9000-cifar10_1.0-stdout MODEL_LOG -   File "/home/amin/miniconda3/envs/deep-learning/lib/python3.9/site-packages/ts/model_loader.py", line 143, in load
2025-04-25T17:05:18,425 [INFO ] W-9000-cifar10_1.0-stdout MODEL_LOG -     initialize_fn(service.context)
2025-04-25T17:05:18,425 [INFO ] W-9000-cifar10_1.0-stdout MODEL_LOG -   File "/home/amin/miniconda3/envs/deep-learning/lib/python3.9/site-packages/ts/torch_handler/base_handler.py", line 191, in initialize
2025-04-25T17:05:18,425 [INFO ] W-9000-cifar10_1.0-stdout MODEL_LOG -     self.model = self._load_pickled_model(
2025-04-25T17:05:18,425 [INFO ] W-9000-cifar10_1.0-stdout MODEL_LOG -   File "/home/amin/miniconda3/envs/deep-learning/lib/python3.9/site-packages/ts/torch_handler/base_handler.py", line 356, in _load_pickled_model
2025-04-25T17:05:18,425 [INFO ] W-9000-cifar10_1.0-stdout MODEL_LOG -     model.load_state_dict(state_dict)
2025-04-25T17:05:18,425 [INFO ] W-9000-cifar10_1.0-stdout MODEL_LOG -   File "/home/amin/miniconda3/envs/deep-learning/lib/python3.9/site-packages/torch/nn/modules/module.py", line 2189, in load_state_dict
2025-04-25T17:05:18,425 [INFO ] W-9000-cifar10_1.0-stdout MODEL_LOG -     raise RuntimeError('Error(s) in loading state_dict for {}:\n\t{}'.format(
2025-04-25T17:05:18,426 [INFO ] W-9000-cifar10_1.0-stdout MODEL_LOG - RuntimeError: Error(s) in loading state_dict for SimpleCNN:
2025-04-25T17:05:18,426 [INFO ] W-9000-cifar10_1.0-stdout MODEL_LOG - 	Missing key(s) in state_dict: "conv1.0.weight", "conv1.0.bias", "conv1.1.weight", "conv1.1.bias", "conv1.1.running_mean", "conv1.1.running_var", "conv1.3.weight", "conv1.3.bias", "conv1.4.weight", "conv1.4.bias", "conv1.4.running_mean", "conv1.4.running_var", "conv2.0.weight", "conv2.0.bias", "conv2.1.weight", "conv2.1.bias", "conv2.1.running_mean", "conv2.1.running_var", "conv2.3.weight", "conv2.3.bias", "conv2.4.weight", "conv2.4.bias", "conv2.4.running_mean", "conv2.4.running_var", "fc1.1.weight", "fc1.1.bias", "fc2.1.weight", "fc2.1.bias", "fc3.1.weight", "fc3.1.bias". 
2025-04-25T17:05:18,426 [INFO ] W-9000-cifar10_1.0-stdout MODEL_LOG - 	Unexpected key(s) in state_dict: "epoch", "model", "optimizer". 
2025-04-25T17:05:40,466 [INFO ] W-9000-cifar10_1.0-stdout MODEL_LOG - s_name_part0=/tmp/.ts.sock, s_name_part1=9000, pid=10505
2025-04-25T17:05:40,467 [INFO ] W-9000-cifar10_1.0-stdout MODEL_LOG - Listening on port: /tmp/.ts.sock.9000
2025-04-25T17:05:40,478 [INFO ] W-9000-cifar10_1.0-stdout MODEL_LOG - Successfully loaded /home/amin/miniconda3/envs/deep-learning/lib/python3.9/site-packages/ts/configs/metrics.yaml.
2025-04-25T17:05:40,478 [INFO ] W-9000-cifar10_1.0-stdout MODEL_LOG - [PID]10505
2025-04-25T17:05:40,479 [INFO ] W-9000-cifar10_1.0-stdout MODEL_LOG - Torch worker started.
2025-04-25T17:05:40,479 [INFO ] W-9000-cifar10_1.0-stdout MODEL_LOG - Python runtime: 3.9.21
2025-04-25T17:05:40,480 [INFO ] W-9000-cifar10_1.0-stdout MODEL_LOG - Connection accepted: /tmp/.ts.sock.9000.
2025-04-25T17:05:40,490 [INFO ] W-9000-cifar10_1.0-stdout MODEL_LOG - model_name: cifar10, batchSize: 1
2025-04-25T17:05:40,540 [INFO ] W-9000-cifar10_1.0-stdout MODEL_LOG - OpenVINO is not enabled
2025-04-25T17:05:40,540 [INFO ] W-9000-cifar10_1.0-stdout MODEL_LOG - proceeding without onnxruntime
2025-04-25T17:05:40,540 [INFO ] W-9000-cifar10_1.0-stdout MODEL_LOG - Torch TensorRT not enabled
2025-04-25T17:05:40,619 [INFO ] W-9000-cifar10_1.0-stdout MODEL_LOG - Failed to load model cifar10, exception Error(s) in loading state_dict for SimpleCNN:
2025-04-25T17:05:40,619 [INFO ] W-9000-cifar10_1.0-stdout MODEL_LOG - 	Missing key(s) in state_dict: "conv1.0.weight", "conv1.0.bias", "conv1.1.weight", "conv1.1.bias", "conv1.1.running_mean", "conv1.1.running_var", "conv1.3.weight", "conv1.3.bias", "conv1.4.weight", "conv1.4.bias", "conv1.4.running_mean", "conv1.4.running_var", "conv2.0.weight", "conv2.0.bias", "conv2.1.weight", "conv2.1.bias", "conv2.1.running_mean", "conv2.1.running_var", "conv2.3.weight", "conv2.3.bias", "conv2.4.weight", "conv2.4.bias", "conv2.4.running_mean", "conv2.4.running_var", "fc1.1.weight", "fc1.1.bias", "fc2.1.weight", "fc2.1.bias", "fc3.1.weight", "fc3.1.bias". 
2025-04-25T17:05:40,619 [INFO ] W-9000-cifar10_1.0-stdout MODEL_LOG - 	Unexpected key(s) in state_dict: "epoch", "model", "optimizer". 
2025-04-25T17:05:40,620 [INFO ] W-9000-cifar10_1.0-stdout MODEL_LOG - Traceback (most recent call last):
2025-04-25T17:05:40,620 [INFO ] W-9000-cifar10_1.0-stdout MODEL_LOG -   File "/home/amin/miniconda3/envs/deep-learning/lib/python3.9/site-packages/ts/model_service_worker.py", line 133, in load_model
2025-04-25T17:05:40,620 [INFO ] W-9000-cifar10_1.0-stdout MODEL_LOG -     service = model_loader.load(
2025-04-25T17:05:40,620 [INFO ] W-9000-cifar10_1.0-stdout MODEL_LOG -   File "/home/amin/miniconda3/envs/deep-learning/lib/python3.9/site-packages/ts/model_loader.py", line 143, in load
2025-04-25T17:05:40,620 [INFO ] W-9000-cifar10_1.0-stdout MODEL_LOG -     initialize_fn(service.context)
2025-04-25T17:05:40,620 [INFO ] W-9000-cifar10_1.0-stdout MODEL_LOG -   File "/home/amin/miniconda3/envs/deep-learning/lib/python3.9/site-packages/ts/torch_handler/base_handler.py", line 191, in initialize
2025-04-25T17:05:40,620 [INFO ] W-9000-cifar10_1.0-stdout MODEL_LOG -     self.model = self._load_pickled_model(
2025-04-25T17:05:40,620 [INFO ] W-9000-cifar10_1.0-stdout MODEL_LOG -   File "/home/amin/miniconda3/envs/deep-learning/lib/python3.9/site-packages/ts/torch_handler/base_handler.py", line 356, in _load_pickled_model
2025-04-25T17:05:40,620 [INFO ] W-9000-cifar10_1.0-stdout MODEL_LOG -     model.load_state_dict(state_dict)
2025-04-25T17:05:40,621 [INFO ] W-9000-cifar10_1.0-stdout MODEL_LOG -   File "/home/amin/miniconda3/envs/deep-learning/lib/python3.9/site-packages/torch/nn/modules/module.py", line 2189, in load_state_dict
2025-04-25T17:05:40,621 [INFO ] W-9000-cifar10_1.0-stdout MODEL_LOG -     raise RuntimeError('Error(s) in loading state_dict for {}:\n\t{}'.format(
2025-04-25T17:05:40,621 [INFO ] W-9000-cifar10_1.0-stdout MODEL_LOG - RuntimeError: Error(s) in loading state_dict for SimpleCNN:
2025-04-25T17:05:40,621 [INFO ] W-9000-cifar10_1.0-stdout MODEL_LOG - 	Missing key(s) in state_dict: "conv1.0.weight", "conv1.0.bias", "conv1.1.weight", "conv1.1.bias", "conv1.1.running_mean", "conv1.1.running_var", "conv1.3.weight", "conv1.3.bias", "conv1.4.weight", "conv1.4.bias", "conv1.4.running_mean", "conv1.4.running_var", "conv2.0.weight", "conv2.0.bias", "conv2.1.weight", "conv2.1.bias", "conv2.1.running_mean", "conv2.1.running_var", "conv2.3.weight", "conv2.3.bias", "conv2.4.weight", "conv2.4.bias", "conv2.4.running_mean", "conv2.4.running_var", "fc1.1.weight", "fc1.1.bias", "fc2.1.weight", "fc2.1.bias", "fc3.1.weight", "fc3.1.bias". 
2025-04-25T17:05:40,621 [INFO ] W-9000-cifar10_1.0-stdout MODEL_LOG - 	Unexpected key(s) in state_dict: "epoch", "model", "optimizer". 
2025-04-25T17:06:59,937 [INFO ] W-9000-cifar10_1.0-stdout MODEL_LOG - s_name_part0=/tmp/.ts.sock, s_name_part1=9000, pid=10650
2025-04-25T17:06:59,938 [INFO ] W-9000-cifar10_1.0-stdout MODEL_LOG - Listening on port: /tmp/.ts.sock.9000
2025-04-25T17:06:59,945 [INFO ] W-9000-cifar10_1.0-stdout MODEL_LOG - Successfully loaded /home/amin/miniconda3/envs/deep-learning/lib/python3.9/site-packages/ts/configs/metrics.yaml.
2025-04-25T17:06:59,946 [INFO ] W-9000-cifar10_1.0-stdout MODEL_LOG - [PID]10650
2025-04-25T17:06:59,946 [INFO ] W-9000-cifar10_1.0-stdout MODEL_LOG - Torch worker started.
2025-04-25T17:06:59,946 [INFO ] W-9000-cifar10_1.0-stdout MODEL_LOG - Python runtime: 3.9.21
2025-04-25T17:06:59,953 [INFO ] W-9000-cifar10_1.0-stdout MODEL_LOG - Connection accepted: /tmp/.ts.sock.9000.
2025-04-25T17:06:59,977 [INFO ] W-9000-cifar10_1.0-stdout MODEL_LOG - model_name: cifar10, batchSize: 1
2025-04-25T17:07:00,026 [INFO ] W-9000-cifar10_1.0-stdout MODEL_LOG - OpenVINO is not enabled
2025-04-25T17:07:00,026 [INFO ] W-9000-cifar10_1.0-stdout MODEL_LOG - proceeding without onnxruntime
2025-04-25T17:07:00,027 [INFO ] W-9000-cifar10_1.0-stdout MODEL_LOG - Torch TensorRT not enabled
2025-04-25T17:07:00,097 [INFO ] W-9000-cifar10_1.0-stdout MODEL_LOG - Failed to load model cifar10, exception Error(s) in loading state_dict for SimpleCNN:
2025-04-25T17:07:00,098 [INFO ] W-9000-cifar10_1.0-stdout MODEL_LOG - 	Missing key(s) in state_dict: "conv1.0.weight", "conv1.0.bias", "conv1.1.weight", "conv1.1.bias", "conv1.1.running_mean", "conv1.1.running_var", "conv1.3.weight", "conv1.3.bias", "conv1.4.weight", "conv1.4.bias", "conv1.4.running_mean", "conv1.4.running_var", "conv2.0.weight", "conv2.0.bias", "conv2.1.weight", "conv2.1.bias", "conv2.1.running_mean", "conv2.1.running_var", "conv2.3.weight", "conv2.3.bias", "conv2.4.weight", "conv2.4.bias", "conv2.4.running_mean", "conv2.4.running_var", "fc1.1.weight", "fc1.1.bias", "fc2.1.weight", "fc2.1.bias", "fc3.1.weight", "fc3.1.bias". 
2025-04-25T17:07:00,098 [INFO ] W-9000-cifar10_1.0-stdout MODEL_LOG - 	Unexpected key(s) in state_dict: "epoch", "model", "optimizer". 
2025-04-25T17:07:00,098 [INFO ] W-9000-cifar10_1.0-stdout MODEL_LOG - Traceback (most recent call last):
2025-04-25T17:07:00,098 [INFO ] W-9000-cifar10_1.0-stdout MODEL_LOG -   File "/home/amin/miniconda3/envs/deep-learning/lib/python3.9/site-packages/ts/model_service_worker.py", line 133, in load_model
2025-04-25T17:07:00,098 [INFO ] W-9000-cifar10_1.0-stdout MODEL_LOG -     service = model_loader.load(
2025-04-25T17:07:00,098 [INFO ] W-9000-cifar10_1.0-stdout MODEL_LOG -   File "/home/amin/miniconda3/envs/deep-learning/lib/python3.9/site-packages/ts/model_loader.py", line 143, in load
2025-04-25T17:07:00,098 [INFO ] W-9000-cifar10_1.0-stdout MODEL_LOG -     initialize_fn(service.context)
2025-04-25T17:07:00,099 [INFO ] W-9000-cifar10_1.0-stdout MODEL_LOG -   File "/home/amin/miniconda3/envs/deep-learning/lib/python3.9/site-packages/ts/torch_handler/base_handler.py", line 191, in initialize
2025-04-25T17:07:00,099 [INFO ] W-9000-cifar10_1.0-stdout MODEL_LOG -     self.model = self._load_pickled_model(
2025-04-25T17:07:00,099 [INFO ] W-9000-cifar10_1.0-stdout MODEL_LOG -   File "/home/amin/miniconda3/envs/deep-learning/lib/python3.9/site-packages/ts/torch_handler/base_handler.py", line 356, in _load_pickled_model
2025-04-25T17:07:00,099 [INFO ] W-9000-cifar10_1.0-stdout MODEL_LOG -     model.load_state_dict(state_dict)
2025-04-25T17:07:00,099 [INFO ] W-9000-cifar10_1.0-stdout MODEL_LOG -   File "/home/amin/miniconda3/envs/deep-learning/lib/python3.9/site-packages/torch/nn/modules/module.py", line 2189, in load_state_dict
2025-04-25T17:07:00,099 [INFO ] W-9000-cifar10_1.0-stdout MODEL_LOG -     raise RuntimeError('Error(s) in loading state_dict for {}:\n\t{}'.format(
2025-04-25T17:07:00,099 [INFO ] W-9000-cifar10_1.0-stdout MODEL_LOG - RuntimeError: Error(s) in loading state_dict for SimpleCNN:
2025-04-25T17:07:00,099 [INFO ] W-9000-cifar10_1.0-stdout MODEL_LOG - 	Missing key(s) in state_dict: "conv1.0.weight", "conv1.0.bias", "conv1.1.weight", "conv1.1.bias", "conv1.1.running_mean", "conv1.1.running_var", "conv1.3.weight", "conv1.3.bias", "conv1.4.weight", "conv1.4.bias", "conv1.4.running_mean", "conv1.4.running_var", "conv2.0.weight", "conv2.0.bias", "conv2.1.weight", "conv2.1.bias", "conv2.1.running_mean", "conv2.1.running_var", "conv2.3.weight", "conv2.3.bias", "conv2.4.weight", "conv2.4.bias", "conv2.4.running_mean", "conv2.4.running_var", "fc1.1.weight", "fc1.1.bias", "fc2.1.weight", "fc2.1.bias", "fc3.1.weight", "fc3.1.bias". 
2025-04-25T17:07:00,100 [INFO ] W-9000-cifar10_1.0-stdout MODEL_LOG - 	Unexpected key(s) in state_dict: "epoch", "model", "optimizer". 
2025-04-25T17:07:00,100 [INFO ] W-9000-cifar10_1.0-stdout MODEL_LOG - Backend worker process died.
2025-04-25T17:07:00,100 [INFO ] W-9000-cifar10_1.0-stdout MODEL_LOG - Traceback (most recent call last):
2025-04-25T17:07:00,101 [INFO ] W-9000-cifar10_1.0-stdout MODEL_LOG -   File "/home/amin/miniconda3/envs/deep-learning/lib/python3.9/site-packages/ts/model_service_worker.py", line 301, in <module>
2025-04-25T17:07:00,101 [INFO ] W-9000-cifar10_1.0-stdout MODEL_LOG -     worker.run_server()
2025-04-25T17:07:00,102 [INFO ] W-9000-cifar10_1.0-stdout MODEL_LOG -   File "/home/amin/miniconda3/envs/deep-learning/lib/python3.9/site-packages/ts/model_service_worker.py", line 268, in run_server
2025-04-25T17:07:00,102 [INFO ] W-9000-cifar10_1.0-stdout MODEL_LOG -     self.handle_connection(cl_socket)
2025-04-25T17:07:00,103 [INFO ] W-9000-cifar10_1.0-stdout MODEL_LOG -   File "/home/amin/miniconda3/envs/deep-learning/lib/python3.9/site-packages/ts/model_service_worker.py", line 201, in handle_connection
2025-04-25T17:07:00,104 [INFO ] W-9000-cifar10_1.0-stdout MODEL_LOG -     raise RuntimeError("{} - {}".format(code, result))
2025-04-25T17:07:00,105 [INFO ] W-9000-cifar10_1.0-stdout MODEL_LOG - RuntimeError: 500 - Unknown exception
2025-04-25T17:07:02,262 [INFO ] W-9000-cifar10_1.0-stdout MODEL_LOG - s_name_part0=/tmp/.ts.sock, s_name_part1=9000, pid=10700
2025-04-25T17:07:02,262 [INFO ] W-9000-cifar10_1.0-stdout MODEL_LOG - Listening on port: /tmp/.ts.sock.9000
2025-04-25T17:07:02,270 [INFO ] W-9000-cifar10_1.0-stdout MODEL_LOG - Successfully loaded /home/amin/miniconda3/envs/deep-learning/lib/python3.9/site-packages/ts/configs/metrics.yaml.
2025-04-25T17:07:02,270 [INFO ] W-9000-cifar10_1.0-stdout MODEL_LOG - [PID]10700
2025-04-25T17:07:02,270 [INFO ] W-9000-cifar10_1.0-stdout MODEL_LOG - Torch worker started.
2025-04-25T17:07:02,271 [INFO ] W-9000-cifar10_1.0-stdout MODEL_LOG - Python runtime: 3.9.21
2025-04-25T17:07:02,272 [INFO ] W-9000-cifar10_1.0-stdout MODEL_LOG - Connection accepted: /tmp/.ts.sock.9000.
2025-04-25T17:07:02,285 [INFO ] W-9000-cifar10_1.0-stdout MODEL_LOG - model_name: cifar10, batchSize: 1
2025-04-25T17:07:02,336 [INFO ] W-9000-cifar10_1.0-stdout MODEL_LOG - OpenVINO is not enabled
2025-04-25T17:07:02,336 [INFO ] W-9000-cifar10_1.0-stdout MODEL_LOG - proceeding without onnxruntime
2025-04-25T17:07:02,336 [INFO ] W-9000-cifar10_1.0-stdout MODEL_LOG - Torch TensorRT not enabled
2025-04-25T17:07:02,410 [INFO ] W-9000-cifar10_1.0-stdout MODEL_LOG - Failed to load model cifar10, exception Error(s) in loading state_dict for SimpleCNN:
2025-04-25T17:07:02,410 [INFO ] W-9000-cifar10_1.0-stdout MODEL_LOG - 	Missing key(s) in state_dict: "conv1.0.weight", "conv1.0.bias", "conv1.1.weight", "conv1.1.bias", "conv1.1.running_mean", "conv1.1.running_var", "conv1.3.weight", "conv1.3.bias", "conv1.4.weight", "conv1.4.bias", "conv1.4.running_mean", "conv1.4.running_var", "conv2.0.weight", "conv2.0.bias", "conv2.1.weight", "conv2.1.bias", "conv2.1.running_mean", "conv2.1.running_var", "conv2.3.weight", "conv2.3.bias", "conv2.4.weight", "conv2.4.bias", "conv2.4.running_mean", "conv2.4.running_var", "fc1.1.weight", "fc1.1.bias", "fc2.1.weight", "fc2.1.bias", "fc3.1.weight", "fc3.1.bias". 
2025-04-25T17:07:02,410 [INFO ] W-9000-cifar10_1.0-stdout MODEL_LOG - 	Unexpected key(s) in state_dict: "epoch", "model", "optimizer". 
2025-04-25T17:07:02,410 [INFO ] W-9000-cifar10_1.0-stdout MODEL_LOG - Traceback (most recent call last):
2025-04-25T17:07:02,410 [INFO ] W-9000-cifar10_1.0-stdout MODEL_LOG -   File "/home/amin/miniconda3/envs/deep-learning/lib/python3.9/site-packages/ts/model_service_worker.py", line 133, in load_model
2025-04-25T17:07:02,411 [INFO ] W-9000-cifar10_1.0-stdout MODEL_LOG -     service = model_loader.load(
2025-04-25T17:07:02,411 [INFO ] W-9000-cifar10_1.0-stdout MODEL_LOG -   File "/home/amin/miniconda3/envs/deep-learning/lib/python3.9/site-packages/ts/model_loader.py", line 143, in load
2025-04-25T17:07:02,411 [INFO ] W-9000-cifar10_1.0-stdout MODEL_LOG -     initialize_fn(service.context)
2025-04-25T17:07:02,411 [INFO ] W-9000-cifar10_1.0-stdout MODEL_LOG -   File "/home/amin/miniconda3/envs/deep-learning/lib/python3.9/site-packages/ts/torch_handler/base_handler.py", line 191, in initialize
2025-04-25T17:07:02,411 [INFO ] W-9000-cifar10_1.0-stdout MODEL_LOG -     self.model = self._load_pickled_model(
2025-04-25T17:07:02,411 [INFO ] W-9000-cifar10_1.0-stdout MODEL_LOG -   File "/home/amin/miniconda3/envs/deep-learning/lib/python3.9/site-packages/ts/torch_handler/base_handler.py", line 356, in _load_pickled_model
2025-04-25T17:07:02,412 [INFO ] W-9000-cifar10_1.0-stdout MODEL_LOG -     model.load_state_dict(state_dict)
2025-04-25T17:07:02,412 [INFO ] W-9000-cifar10_1.0-stdout MODEL_LOG -   File "/home/amin/miniconda3/envs/deep-learning/lib/python3.9/site-packages/torch/nn/modules/module.py", line 2189, in load_state_dict
2025-04-25T17:07:02,412 [INFO ] W-9000-cifar10_1.0-stdout MODEL_LOG -     raise RuntimeError('Error(s) in loading state_dict for {}:\n\t{}'.format(
2025-04-25T17:07:02,412 [INFO ] W-9000-cifar10_1.0-stdout MODEL_LOG - RuntimeError: Error(s) in loading state_dict for SimpleCNN:
2025-04-25T17:07:02,412 [INFO ] W-9000-cifar10_1.0-stdout MODEL_LOG - 	Missing key(s) in state_dict: "conv1.0.weight", "conv1.0.bias", "conv1.1.weight", "conv1.1.bias", "conv1.1.running_mean", "conv1.1.running_var", "conv1.3.weight", "conv1.3.bias", "conv1.4.weight", "conv1.4.bias", "conv1.4.running_mean", "conv1.4.running_var", "conv2.0.weight", "conv2.0.bias", "conv2.1.weight", "conv2.1.bias", "conv2.1.running_mean", "conv2.1.running_var", "conv2.3.weight", "conv2.3.bias", "conv2.4.weight", "conv2.4.bias", "conv2.4.running_mean", "conv2.4.running_var", "fc1.1.weight", "fc1.1.bias", "fc2.1.weight", "fc2.1.bias", "fc3.1.weight", "fc3.1.bias". 
2025-04-25T17:07:02,413 [INFO ] W-9000-cifar10_1.0-stdout MODEL_LOG - 	Unexpected key(s) in state_dict: "epoch", "model", "optimizer". 
2025-04-25T17:07:04,615 [INFO ] W-9000-cifar10_1.0-stdout MODEL_LOG - s_name_part0=/tmp/.ts.sock, s_name_part1=9000, pid=10722
2025-04-25T17:07:04,616 [INFO ] W-9000-cifar10_1.0-stdout MODEL_LOG - Listening on port: /tmp/.ts.sock.9000
2025-04-25T17:07:04,625 [INFO ] W-9000-cifar10_1.0-stdout MODEL_LOG - Successfully loaded /home/amin/miniconda3/envs/deep-learning/lib/python3.9/site-packages/ts/configs/metrics.yaml.
2025-04-25T17:07:04,625 [INFO ] W-9000-cifar10_1.0-stdout MODEL_LOG - [PID]10722
2025-04-25T17:07:04,625 [INFO ] W-9000-cifar10_1.0-stdout MODEL_LOG - Torch worker started.
2025-04-25T17:07:04,625 [INFO ] W-9000-cifar10_1.0-stdout MODEL_LOG - Python runtime: 3.9.21
2025-04-25T17:07:04,626 [INFO ] W-9000-cifar10_1.0-stdout MODEL_LOG - Connection accepted: /tmp/.ts.sock.9000.
2025-04-25T17:07:04,636 [INFO ] W-9000-cifar10_1.0-stdout MODEL_LOG - model_name: cifar10, batchSize: 1
2025-04-25T17:07:04,682 [INFO ] W-9000-cifar10_1.0-stdout MODEL_LOG - OpenVINO is not enabled
2025-04-25T17:07:04,682 [INFO ] W-9000-cifar10_1.0-stdout MODEL_LOG - proceeding without onnxruntime
2025-04-25T17:07:04,682 [INFO ] W-9000-cifar10_1.0-stdout MODEL_LOG - Torch TensorRT not enabled
2025-04-25T17:07:04,749 [INFO ] W-9000-cifar10_1.0-stdout MODEL_LOG - Failed to load model cifar10, exception Error(s) in loading state_dict for SimpleCNN:
2025-04-25T17:07:04,749 [INFO ] W-9000-cifar10_1.0-stdout MODEL_LOG - 	Missing key(s) in state_dict: "conv1.0.weight", "conv1.0.bias", "conv1.1.weight", "conv1.1.bias", "conv1.1.running_mean", "conv1.1.running_var", "conv1.3.weight", "conv1.3.bias", "conv1.4.weight", "conv1.4.bias", "conv1.4.running_mean", "conv1.4.running_var", "conv2.0.weight", "conv2.0.bias", "conv2.1.weight", "conv2.1.bias", "conv2.1.running_mean", "conv2.1.running_var", "conv2.3.weight", "conv2.3.bias", "conv2.4.weight", "conv2.4.bias", "conv2.4.running_mean", "conv2.4.running_var", "fc1.1.weight", "fc1.1.bias", "fc2.1.weight", "fc2.1.bias", "fc3.1.weight", "fc3.1.bias". 
2025-04-25T17:07:04,749 [INFO ] W-9000-cifar10_1.0-stdout MODEL_LOG - 	Unexpected key(s) in state_dict: "epoch", "model", "optimizer". 
2025-04-25T17:07:04,749 [INFO ] W-9000-cifar10_1.0-stdout MODEL_LOG - Traceback (most recent call last):
2025-04-25T17:07:04,749 [INFO ] W-9000-cifar10_1.0-stdout MODEL_LOG -   File "/home/amin/miniconda3/envs/deep-learning/lib/python3.9/site-packages/ts/model_service_worker.py", line 133, in load_model
2025-04-25T17:07:04,750 [INFO ] W-9000-cifar10_1.0-stdout MODEL_LOG -     service = model_loader.load(
2025-04-25T17:07:04,750 [INFO ] W-9000-cifar10_1.0-stdout MODEL_LOG -   File "/home/amin/miniconda3/envs/deep-learning/lib/python3.9/site-packages/ts/model_loader.py", line 143, in load
2025-04-25T17:07:04,750 [INFO ] W-9000-cifar10_1.0-stdout MODEL_LOG -     initialize_fn(service.context)
2025-04-25T17:07:04,750 [INFO ] W-9000-cifar10_1.0-stdout MODEL_LOG -   File "/home/amin/miniconda3/envs/deep-learning/lib/python3.9/site-packages/ts/torch_handler/base_handler.py", line 191, in initialize
2025-04-25T17:07:04,750 [INFO ] W-9000-cifar10_1.0-stdout MODEL_LOG -     self.model = self._load_pickled_model(
2025-04-25T17:07:04,750 [INFO ] W-9000-cifar10_1.0-stdout MODEL_LOG -   File "/home/amin/miniconda3/envs/deep-learning/lib/python3.9/site-packages/ts/torch_handler/base_handler.py", line 356, in _load_pickled_model
2025-04-25T17:07:04,750 [INFO ] W-9000-cifar10_1.0-stdout MODEL_LOG -     model.load_state_dict(state_dict)
2025-04-25T17:07:04,750 [INFO ] W-9000-cifar10_1.0-stdout MODEL_LOG -   File "/home/amin/miniconda3/envs/deep-learning/lib/python3.9/site-packages/torch/nn/modules/module.py", line 2189, in load_state_dict
2025-04-25T17:07:04,751 [INFO ] W-9000-cifar10_1.0-stdout MODEL_LOG -     raise RuntimeError('Error(s) in loading state_dict for {}:\n\t{}'.format(
2025-04-25T17:07:04,751 [INFO ] W-9000-cifar10_1.0-stdout MODEL_LOG - RuntimeError: Error(s) in loading state_dict for SimpleCNN:
2025-04-25T17:07:04,751 [INFO ] W-9000-cifar10_1.0-stdout MODEL_LOG - 	Missing key(s) in state_dict: "conv1.0.weight", "conv1.0.bias", "conv1.1.weight", "conv1.1.bias", "conv1.1.running_mean", "conv1.1.running_var", "conv1.3.weight", "conv1.3.bias", "conv1.4.weight", "conv1.4.bias", "conv1.4.running_mean", "conv1.4.running_var", "conv2.0.weight", "conv2.0.bias", "conv2.1.weight", "conv2.1.bias", "conv2.1.running_mean", "conv2.1.running_var", "conv2.3.weight", "conv2.3.bias", "conv2.4.weight", "conv2.4.bias", "conv2.4.running_mean", "conv2.4.running_var", "fc1.1.weight", "fc1.1.bias", "fc2.1.weight", "fc2.1.bias", "fc3.1.weight", "fc3.1.bias". 
2025-04-25T17:07:04,751 [INFO ] W-9000-cifar10_1.0-stdout MODEL_LOG - 	Unexpected key(s) in state_dict: "epoch", "model", "optimizer". 
2025-04-25T17:07:07,952 [INFO ] W-9000-cifar10_1.0-stdout MODEL_LOG - s_name_part0=/tmp/.ts.sock, s_name_part1=9000, pid=10748
2025-04-25T17:07:07,953 [INFO ] W-9000-cifar10_1.0-stdout MODEL_LOG - Listening on port: /tmp/.ts.sock.9000
2025-04-25T17:07:07,961 [INFO ] W-9000-cifar10_1.0-stdout MODEL_LOG - Successfully loaded /home/amin/miniconda3/envs/deep-learning/lib/python3.9/site-packages/ts/configs/metrics.yaml.
2025-04-25T17:07:07,961 [INFO ] W-9000-cifar10_1.0-stdout MODEL_LOG - [PID]10748
2025-04-25T17:07:07,961 [INFO ] W-9000-cifar10_1.0-stdout MODEL_LOG - Torch worker started.
2025-04-25T17:07:07,961 [INFO ] W-9000-cifar10_1.0-stdout MODEL_LOG - Python runtime: 3.9.21
2025-04-25T17:07:07,962 [INFO ] W-9000-cifar10_1.0-stdout MODEL_LOG - Connection accepted: /tmp/.ts.sock.9000.
2025-04-25T17:07:07,974 [INFO ] W-9000-cifar10_1.0-stdout MODEL_LOG - model_name: cifar10, batchSize: 1
2025-04-25T17:07:08,020 [INFO ] W-9000-cifar10_1.0-stdout MODEL_LOG - OpenVINO is not enabled
2025-04-25T17:07:08,020 [INFO ] W-9000-cifar10_1.0-stdout MODEL_LOG - proceeding without onnxruntime
2025-04-25T17:07:08,020 [INFO ] W-9000-cifar10_1.0-stdout MODEL_LOG - Torch TensorRT not enabled
2025-04-25T17:07:08,083 [INFO ] W-9000-cifar10_1.0-stdout MODEL_LOG - Failed to load model cifar10, exception Error(s) in loading state_dict for SimpleCNN:
2025-04-25T17:07:08,083 [INFO ] W-9000-cifar10_1.0-stdout MODEL_LOG - 	Missing key(s) in state_dict: "conv1.0.weight", "conv1.0.bias", "conv1.1.weight", "conv1.1.bias", "conv1.1.running_mean", "conv1.1.running_var", "conv1.3.weight", "conv1.3.bias", "conv1.4.weight", "conv1.4.bias", "conv1.4.running_mean", "conv1.4.running_var", "conv2.0.weight", "conv2.0.bias", "conv2.1.weight", "conv2.1.bias", "conv2.1.running_mean", "conv2.1.running_var", "conv2.3.weight", "conv2.3.bias", "conv2.4.weight", "conv2.4.bias", "conv2.4.running_mean", "conv2.4.running_var", "fc1.1.weight", "fc1.1.bias", "fc2.1.weight", "fc2.1.bias", "fc3.1.weight", "fc3.1.bias". 
2025-04-25T17:07:08,084 [INFO ] W-9000-cifar10_1.0-stdout MODEL_LOG - 	Unexpected key(s) in state_dict: "epoch", "model", "optimizer". 
2025-04-25T17:07:08,084 [INFO ] W-9000-cifar10_1.0-stdout MODEL_LOG - Traceback (most recent call last):
2025-04-25T17:07:08,084 [INFO ] W-9000-cifar10_1.0-stdout MODEL_LOG -   File "/home/amin/miniconda3/envs/deep-learning/lib/python3.9/site-packages/ts/model_service_worker.py", line 133, in load_model
2025-04-25T17:07:08,084 [INFO ] W-9000-cifar10_1.0-stdout MODEL_LOG -     service = model_loader.load(
2025-04-25T17:07:08,084 [INFO ] W-9000-cifar10_1.0-stdout MODEL_LOG -   File "/home/amin/miniconda3/envs/deep-learning/lib/python3.9/site-packages/ts/model_loader.py", line 143, in load
2025-04-25T17:07:08,084 [INFO ] W-9000-cifar10_1.0-stdout MODEL_LOG -     initialize_fn(service.context)
2025-04-25T17:07:08,084 [INFO ] W-9000-cifar10_1.0-stdout MODEL_LOG -   File "/home/amin/miniconda3/envs/deep-learning/lib/python3.9/site-packages/ts/torch_handler/base_handler.py", line 191, in initialize
2025-04-25T17:07:08,084 [INFO ] W-9000-cifar10_1.0-stdout MODEL_LOG -     self.model = self._load_pickled_model(
2025-04-25T17:07:08,085 [INFO ] W-9000-cifar10_1.0-stdout MODEL_LOG -   File "/home/amin/miniconda3/envs/deep-learning/lib/python3.9/site-packages/ts/torch_handler/base_handler.py", line 356, in _load_pickled_model
2025-04-25T17:07:08,085 [INFO ] W-9000-cifar10_1.0-stdout MODEL_LOG -     model.load_state_dict(state_dict)
2025-04-25T17:07:08,085 [INFO ] W-9000-cifar10_1.0-stdout MODEL_LOG -   File "/home/amin/miniconda3/envs/deep-learning/lib/python3.9/site-packages/torch/nn/modules/module.py", line 2189, in load_state_dict
2025-04-25T17:07:08,085 [INFO ] W-9000-cifar10_1.0-stdout MODEL_LOG -     raise RuntimeError('Error(s) in loading state_dict for {}:\n\t{}'.format(
2025-04-25T17:07:08,085 [INFO ] W-9000-cifar10_1.0-stdout MODEL_LOG - RuntimeError: Error(s) in loading state_dict for SimpleCNN:
2025-04-25T17:07:08,085 [INFO ] W-9000-cifar10_1.0-stdout MODEL_LOG - 	Missing key(s) in state_dict: "conv1.0.weight", "conv1.0.bias", "conv1.1.weight", "conv1.1.bias", "conv1.1.running_mean", "conv1.1.running_var", "conv1.3.weight", "conv1.3.bias", "conv1.4.weight", "conv1.4.bias", "conv1.4.running_mean", "conv1.4.running_var", "conv2.0.weight", "conv2.0.bias", "conv2.1.weight", "conv2.1.bias", "conv2.1.running_mean", "conv2.1.running_var", "conv2.3.weight", "conv2.3.bias", "conv2.4.weight", "conv2.4.bias", "conv2.4.running_mean", "conv2.4.running_var", "fc1.1.weight", "fc1.1.bias", "fc2.1.weight", "fc2.1.bias", "fc3.1.weight", "fc3.1.bias". 
2025-04-25T17:07:08,085 [INFO ] W-9000-cifar10_1.0-stdout MODEL_LOG - 	Unexpected key(s) in state_dict: "epoch", "model", "optimizer". 
2025-04-25T17:07:12,115 [INFO ] W-9000-cifar10_1.0-stdout MODEL_LOG - s_name_part0=/tmp/.ts.sock, s_name_part1=9000, pid=10772
2025-04-25T17:07:12,116 [INFO ] W-9000-cifar10_1.0-stdout MODEL_LOG - Listening on port: /tmp/.ts.sock.9000
2025-04-25T17:07:12,124 [INFO ] W-9000-cifar10_1.0-stdout MODEL_LOG - Successfully loaded /home/amin/miniconda3/envs/deep-learning/lib/python3.9/site-packages/ts/configs/metrics.yaml.
2025-04-25T17:07:12,125 [INFO ] W-9000-cifar10_1.0-stdout MODEL_LOG - [PID]10772
2025-04-25T17:07:12,125 [INFO ] W-9000-cifar10_1.0-stdout MODEL_LOG - Torch worker started.
2025-04-25T17:07:12,125 [INFO ] W-9000-cifar10_1.0-stdout MODEL_LOG - Python runtime: 3.9.21
2025-04-25T17:07:12,126 [INFO ] W-9000-cifar10_1.0-stdout MODEL_LOG - Connection accepted: /tmp/.ts.sock.9000.
2025-04-25T17:07:12,136 [INFO ] W-9000-cifar10_1.0-stdout MODEL_LOG - model_name: cifar10, batchSize: 1
2025-04-25T17:07:12,190 [INFO ] W-9000-cifar10_1.0-stdout MODEL_LOG - OpenVINO is not enabled
2025-04-25T17:07:12,190 [INFO ] W-9000-cifar10_1.0-stdout MODEL_LOG - proceeding without onnxruntime
2025-04-25T17:07:12,190 [INFO ] W-9000-cifar10_1.0-stdout MODEL_LOG - Torch TensorRT not enabled
2025-04-25T17:07:12,274 [INFO ] W-9000-cifar10_1.0-stdout MODEL_LOG - Failed to load model cifar10, exception Error(s) in loading state_dict for SimpleCNN:
2025-04-25T17:07:12,275 [INFO ] W-9000-cifar10_1.0-stdout MODEL_LOG - 	Missing key(s) in state_dict: "conv1.0.weight", "conv1.0.bias", "conv1.1.weight", "conv1.1.bias", "conv1.1.running_mean", "conv1.1.running_var", "conv1.3.weight", "conv1.3.bias", "conv1.4.weight", "conv1.4.bias", "conv1.4.running_mean", "conv1.4.running_var", "conv2.0.weight", "conv2.0.bias", "conv2.1.weight", "conv2.1.bias", "conv2.1.running_mean", "conv2.1.running_var", "conv2.3.weight", "conv2.3.bias", "conv2.4.weight", "conv2.4.bias", "conv2.4.running_mean", "conv2.4.running_var", "fc1.1.weight", "fc1.1.bias", "fc2.1.weight", "fc2.1.bias", "fc3.1.weight", "fc3.1.bias". 
2025-04-25T17:07:12,275 [INFO ] W-9000-cifar10_1.0-stdout MODEL_LOG - 	Unexpected key(s) in state_dict: "epoch", "model", "optimizer". 
2025-04-25T17:07:12,275 [INFO ] W-9000-cifar10_1.0-stdout MODEL_LOG - Traceback (most recent call last):
2025-04-25T17:07:12,275 [INFO ] W-9000-cifar10_1.0-stdout MODEL_LOG -   File "/home/amin/miniconda3/envs/deep-learning/lib/python3.9/site-packages/ts/model_service_worker.py", line 133, in load_model
2025-04-25T17:07:12,275 [INFO ] W-9000-cifar10_1.0-stdout MODEL_LOG -     service = model_loader.load(
2025-04-25T17:07:12,275 [INFO ] W-9000-cifar10_1.0-stdout MODEL_LOG -   File "/home/amin/miniconda3/envs/deep-learning/lib/python3.9/site-packages/ts/model_loader.py", line 143, in load
2025-04-25T17:07:12,275 [INFO ] W-9000-cifar10_1.0-stdout MODEL_LOG -     initialize_fn(service.context)
2025-04-25T17:07:12,275 [INFO ] W-9000-cifar10_1.0-stdout MODEL_LOG -   File "/home/amin/miniconda3/envs/deep-learning/lib/python3.9/site-packages/ts/torch_handler/base_handler.py", line 191, in initialize
2025-04-25T17:07:12,276 [INFO ] W-9000-cifar10_1.0-stdout MODEL_LOG -     self.model = self._load_pickled_model(
2025-04-25T17:07:12,276 [INFO ] W-9000-cifar10_1.0-stdout MODEL_LOG -   File "/home/amin/miniconda3/envs/deep-learning/lib/python3.9/site-packages/ts/torch_handler/base_handler.py", line 356, in _load_pickled_model
2025-04-25T17:07:12,276 [INFO ] W-9000-cifar10_1.0-stdout MODEL_LOG -     model.load_state_dict(state_dict)
2025-04-25T17:07:12,276 [INFO ] W-9000-cifar10_1.0-stdout MODEL_LOG -   File "/home/amin/miniconda3/envs/deep-learning/lib/python3.9/site-packages/torch/nn/modules/module.py", line 2189, in load_state_dict
2025-04-25T17:07:12,276 [INFO ] W-9000-cifar10_1.0-stdout MODEL_LOG -     raise RuntimeError('Error(s) in loading state_dict for {}:\n\t{}'.format(
2025-04-25T17:07:12,276 [INFO ] W-9000-cifar10_1.0-stdout MODEL_LOG - RuntimeError: Error(s) in loading state_dict for SimpleCNN:
2025-04-25T17:07:12,276 [INFO ] W-9000-cifar10_1.0-stdout MODEL_LOG - 	Missing key(s) in state_dict: "conv1.0.weight", "conv1.0.bias", "conv1.1.weight", "conv1.1.bias", "conv1.1.running_mean", "conv1.1.running_var", "conv1.3.weight", "conv1.3.bias", "conv1.4.weight", "conv1.4.bias", "conv1.4.running_mean", "conv1.4.running_var", "conv2.0.weight", "conv2.0.bias", "conv2.1.weight", "conv2.1.bias", "conv2.1.running_mean", "conv2.1.running_var", "conv2.3.weight", "conv2.3.bias", "conv2.4.weight", "conv2.4.bias", "conv2.4.running_mean", "conv2.4.running_var", "fc1.1.weight", "fc1.1.bias", "fc2.1.weight", "fc2.1.bias", "fc3.1.weight", "fc3.1.bias". 
2025-04-25T17:07:12,276 [INFO ] W-9000-cifar10_1.0-stdout MODEL_LOG - 	Unexpected key(s) in state_dict: "epoch", "model", "optimizer". 
2025-04-25T17:07:12,276 [INFO ] W-9000-cifar10_1.0-stdout MODEL_LOG - Backend worker process died.
2025-04-25T17:07:12,276 [INFO ] W-9000-cifar10_1.0-stdout MODEL_LOG - Traceback (most recent call last):
2025-04-25T17:07:12,276 [INFO ] W-9000-cifar10_1.0-stdout MODEL_LOG -   File "/home/amin/miniconda3/envs/deep-learning/lib/python3.9/site-packages/ts/model_service_worker.py", line 301, in <module>
2025-04-25T17:07:12,277 [INFO ] W-9000-cifar10_1.0-stdout MODEL_LOG -     worker.run_server()
2025-04-25T17:07:12,277 [INFO ] W-9000-cifar10_1.0-stdout MODEL_LOG -   File "/home/amin/miniconda3/envs/deep-learning/lib/python3.9/site-packages/ts/model_service_worker.py", line 268, in run_server
2025-04-25T17:07:12,277 [INFO ] W-9000-cifar10_1.0-stdout MODEL_LOG -     self.handle_connection(cl_socket)
2025-04-25T17:07:12,277 [INFO ] W-9000-cifar10_1.0-stdout MODEL_LOG -   File "/home/amin/miniconda3/envs/deep-learning/lib/python3.9/site-packages/ts/model_service_worker.py", line 201, in handle_connection
2025-04-25T17:07:12,277 [INFO ] W-9000-cifar10_1.0-stdout MODEL_LOG -     raise RuntimeError("{} - {}".format(code, result))
2025-04-25T17:07:12,277 [INFO ] W-9000-cifar10_1.0-stdout MODEL_LOG - RuntimeError: 500 - Unknown exception
2025-04-25T17:07:18,335 [INFO ] W-9000-cifar10_1.0-stdout MODEL_LOG - s_name_part0=/tmp/.ts.sock, s_name_part1=9000, pid=10791
2025-04-25T17:07:18,336 [INFO ] W-9000-cifar10_1.0-stdout MODEL_LOG - Listening on port: /tmp/.ts.sock.9000
2025-04-25T17:07:18,344 [INFO ] W-9000-cifar10_1.0-stdout MODEL_LOG - Successfully loaded /home/amin/miniconda3/envs/deep-learning/lib/python3.9/site-packages/ts/configs/metrics.yaml.
2025-04-25T17:07:18,344 [INFO ] W-9000-cifar10_1.0-stdout MODEL_LOG - [PID]10791
2025-04-25T17:07:18,344 [INFO ] W-9000-cifar10_1.0-stdout MODEL_LOG - Torch worker started.
2025-04-25T17:07:18,344 [INFO ] W-9000-cifar10_1.0-stdout MODEL_LOG - Python runtime: 3.9.21
2025-04-25T17:07:18,345 [INFO ] W-9000-cifar10_1.0-stdout MODEL_LOG - Connection accepted: /tmp/.ts.sock.9000.
2025-04-25T17:07:18,355 [INFO ] W-9000-cifar10_1.0-stdout MODEL_LOG - model_name: cifar10, batchSize: 1
2025-04-25T17:07:18,408 [INFO ] W-9000-cifar10_1.0-stdout MODEL_LOG - OpenVINO is not enabled
2025-04-25T17:07:18,408 [INFO ] W-9000-cifar10_1.0-stdout MODEL_LOG - proceeding without onnxruntime
2025-04-25T17:07:18,408 [INFO ] W-9000-cifar10_1.0-stdout MODEL_LOG - Torch TensorRT not enabled
2025-04-25T17:07:18,489 [INFO ] W-9000-cifar10_1.0-stdout MODEL_LOG - Failed to load model cifar10, exception Error(s) in loading state_dict for SimpleCNN:
2025-04-25T17:07:18,490 [INFO ] W-9000-cifar10_1.0-stdout MODEL_LOG - 	Missing key(s) in state_dict: "conv1.0.weight", "conv1.0.bias", "conv1.1.weight", "conv1.1.bias", "conv1.1.running_mean", "conv1.1.running_var", "conv1.3.weight", "conv1.3.bias", "conv1.4.weight", "conv1.4.bias", "conv1.4.running_mean", "conv1.4.running_var", "conv2.0.weight", "conv2.0.bias", "conv2.1.weight", "conv2.1.bias", "conv2.1.running_mean", "conv2.1.running_var", "conv2.3.weight", "conv2.3.bias", "conv2.4.weight", "conv2.4.bias", "conv2.4.running_mean", "conv2.4.running_var", "fc1.1.weight", "fc1.1.bias", "fc2.1.weight", "fc2.1.bias", "fc3.1.weight", "fc3.1.bias". 
2025-04-25T17:07:18,490 [INFO ] W-9000-cifar10_1.0-stdout MODEL_LOG - 	Unexpected key(s) in state_dict: "epoch", "model", "optimizer". 
2025-04-25T17:07:18,490 [INFO ] W-9000-cifar10_1.0-stdout MODEL_LOG - Traceback (most recent call last):
2025-04-25T17:07:18,490 [INFO ] W-9000-cifar10_1.0-stdout MODEL_LOG -   File "/home/amin/miniconda3/envs/deep-learning/lib/python3.9/site-packages/ts/model_service_worker.py", line 133, in load_model
2025-04-25T17:07:18,490 [INFO ] W-9000-cifar10_1.0-stdout MODEL_LOG -     service = model_loader.load(
2025-04-25T17:07:18,490 [INFO ] W-9000-cifar10_1.0-stdout MODEL_LOG -   File "/home/amin/miniconda3/envs/deep-learning/lib/python3.9/site-packages/ts/model_loader.py", line 143, in load
2025-04-25T17:07:18,490 [INFO ] W-9000-cifar10_1.0-stdout MODEL_LOG -     initialize_fn(service.context)
2025-04-25T17:07:18,490 [INFO ] W-9000-cifar10_1.0-stdout MODEL_LOG -   File "/home/amin/miniconda3/envs/deep-learning/lib/python3.9/site-packages/ts/torch_handler/base_handler.py", line 191, in initialize
2025-04-25T17:07:18,490 [INFO ] W-9000-cifar10_1.0-stdout MODEL_LOG -     self.model = self._load_pickled_model(
2025-04-25T17:07:18,490 [INFO ] W-9000-cifar10_1.0-stdout MODEL_LOG -   File "/home/amin/miniconda3/envs/deep-learning/lib/python3.9/site-packages/ts/torch_handler/base_handler.py", line 356, in _load_pickled_model
2025-04-25T17:07:18,490 [INFO ] W-9000-cifar10_1.0-stdout MODEL_LOG -     model.load_state_dict(state_dict)
2025-04-25T17:07:18,491 [INFO ] W-9000-cifar10_1.0-stdout MODEL_LOG -   File "/home/amin/miniconda3/envs/deep-learning/lib/python3.9/site-packages/torch/nn/modules/module.py", line 2189, in load_state_dict
2025-04-25T17:07:18,491 [INFO ] W-9000-cifar10_1.0-stdout MODEL_LOG -     raise RuntimeError('Error(s) in loading state_dict for {}:\n\t{}'.format(
2025-04-25T17:07:18,491 [INFO ] W-9000-cifar10_1.0-stdout MODEL_LOG - RuntimeError: Error(s) in loading state_dict for SimpleCNN:
2025-04-25T17:07:18,491 [INFO ] W-9000-cifar10_1.0-stdout MODEL_LOG - 	Missing key(s) in state_dict: "conv1.0.weight", "conv1.0.bias", "conv1.1.weight", "conv1.1.bias", "conv1.1.running_mean", "conv1.1.running_var", "conv1.3.weight", "conv1.3.bias", "conv1.4.weight", "conv1.4.bias", "conv1.4.running_mean", "conv1.4.running_var", "conv2.0.weight", "conv2.0.bias", "conv2.1.weight", "conv2.1.bias", "conv2.1.running_mean", "conv2.1.running_var", "conv2.3.weight", "conv2.3.bias", "conv2.4.weight", "conv2.4.bias", "conv2.4.running_mean", "conv2.4.running_var", "fc1.1.weight", "fc1.1.bias", "fc2.1.weight", "fc2.1.bias", "fc3.1.weight", "fc3.1.bias". 
2025-04-25T17:07:18,491 [INFO ] W-9000-cifar10_1.0-stdout MODEL_LOG - 	Unexpected key(s) in state_dict: "epoch", "model", "optimizer". 
2025-04-25T17:07:18,491 [INFO ] W-9000-cifar10_1.0-stdout MODEL_LOG - Backend worker process died.
2025-04-25T17:07:18,491 [INFO ] W-9000-cifar10_1.0-stdout MODEL_LOG - Traceback (most recent call last):
2025-04-25T17:07:18,491 [INFO ] W-9000-cifar10_1.0-stdout MODEL_LOG -   File "/home/amin/miniconda3/envs/deep-learning/lib/python3.9/site-packages/ts/model_service_worker.py", line 301, in <module>
2025-04-25T17:07:18,491 [INFO ] W-9000-cifar10_1.0-stdout MODEL_LOG -     worker.run_server()
2025-04-25T17:07:18,491 [INFO ] W-9000-cifar10_1.0-stdout MODEL_LOG -   File "/home/amin/miniconda3/envs/deep-learning/lib/python3.9/site-packages/ts/model_service_worker.py", line 268, in run_server
2025-04-25T17:07:18,491 [INFO ] W-9000-cifar10_1.0-stdout MODEL_LOG -     self.handle_connection(cl_socket)
2025-04-25T17:07:18,492 [INFO ] W-9000-cifar10_1.0-stdout MODEL_LOG -   File "/home/amin/miniconda3/envs/deep-learning/lib/python3.9/site-packages/ts/model_service_worker.py", line 201, in handle_connection
2025-04-25T17:07:18,492 [INFO ] W-9000-cifar10_1.0-stdout MODEL_LOG -     raise RuntimeError("{} - {}".format(code, result))
2025-04-25T17:07:18,492 [INFO ] W-9000-cifar10_1.0-stdout MODEL_LOG - RuntimeError: 500 - Unknown exception
2025-04-25T17:07:27,529 [INFO ] W-9000-cifar10_1.0-stdout MODEL_LOG - s_name_part0=/tmp/.ts.sock, s_name_part1=9000, pid=10812
2025-04-25T17:07:27,530 [INFO ] W-9000-cifar10_1.0-stdout MODEL_LOG - Listening on port: /tmp/.ts.sock.9000
2025-04-25T17:07:27,541 [INFO ] W-9000-cifar10_1.0-stdout MODEL_LOG - Successfully loaded /home/amin/miniconda3/envs/deep-learning/lib/python3.9/site-packages/ts/configs/metrics.yaml.
2025-04-25T17:07:27,541 [INFO ] W-9000-cifar10_1.0-stdout MODEL_LOG - [PID]10812
2025-04-25T17:07:27,541 [INFO ] W-9000-cifar10_1.0-stdout MODEL_LOG - Torch worker started.
2025-04-25T17:07:27,541 [INFO ] W-9000-cifar10_1.0-stdout MODEL_LOG - Python runtime: 3.9.21
2025-04-25T17:07:27,542 [INFO ] W-9000-cifar10_1.0-stdout MODEL_LOG - Connection accepted: /tmp/.ts.sock.9000.
2025-04-25T17:07:27,556 [INFO ] W-9000-cifar10_1.0-stdout MODEL_LOG - model_name: cifar10, batchSize: 1
2025-04-25T17:07:27,610 [INFO ] W-9000-cifar10_1.0-stdout MODEL_LOG - OpenVINO is not enabled
2025-04-25T17:07:27,610 [INFO ] W-9000-cifar10_1.0-stdout MODEL_LOG - proceeding without onnxruntime
2025-04-25T17:07:27,611 [INFO ] W-9000-cifar10_1.0-stdout MODEL_LOG - Torch TensorRT not enabled
2025-04-25T17:07:27,697 [INFO ] W-9000-cifar10_1.0-stdout MODEL_LOG - Failed to load model cifar10, exception Error(s) in loading state_dict for SimpleCNN:
2025-04-25T17:07:27,698 [INFO ] W-9000-cifar10_1.0-stdout MODEL_LOG - 	Missing key(s) in state_dict: "conv1.0.weight", "conv1.0.bias", "conv1.1.weight", "conv1.1.bias", "conv1.1.running_mean", "conv1.1.running_var", "conv1.3.weight", "conv1.3.bias", "conv1.4.weight", "conv1.4.bias", "conv1.4.running_mean", "conv1.4.running_var", "conv2.0.weight", "conv2.0.bias", "conv2.1.weight", "conv2.1.bias", "conv2.1.running_mean", "conv2.1.running_var", "conv2.3.weight", "conv2.3.bias", "conv2.4.weight", "conv2.4.bias", "conv2.4.running_mean", "conv2.4.running_var", "fc1.1.weight", "fc1.1.bias", "fc2.1.weight", "fc2.1.bias", "fc3.1.weight", "fc3.1.bias". 
2025-04-25T17:07:27,698 [INFO ] W-9000-cifar10_1.0-stdout MODEL_LOG - 	Unexpected key(s) in state_dict: "epoch", "model", "optimizer". 
2025-04-25T17:07:27,698 [INFO ] W-9000-cifar10_1.0-stdout MODEL_LOG - Traceback (most recent call last):
2025-04-25T17:07:27,698 [INFO ] W-9000-cifar10_1.0-stdout MODEL_LOG -   File "/home/amin/miniconda3/envs/deep-learning/lib/python3.9/site-packages/ts/model_service_worker.py", line 133, in load_model
2025-04-25T17:07:27,698 [INFO ] W-9000-cifar10_1.0-stdout MODEL_LOG -     service = model_loader.load(
2025-04-25T17:07:27,698 [INFO ] W-9000-cifar10_1.0-stdout MODEL_LOG -   File "/home/amin/miniconda3/envs/deep-learning/lib/python3.9/site-packages/ts/model_loader.py", line 143, in load
2025-04-25T17:07:27,699 [INFO ] W-9000-cifar10_1.0-stdout MODEL_LOG -     initialize_fn(service.context)
2025-04-25T17:07:27,699 [INFO ] W-9000-cifar10_1.0-stdout MODEL_LOG -   File "/home/amin/miniconda3/envs/deep-learning/lib/python3.9/site-packages/ts/torch_handler/base_handler.py", line 191, in initialize
2025-04-25T17:07:27,699 [INFO ] W-9000-cifar10_1.0-stdout MODEL_LOG -     self.model = self._load_pickled_model(
2025-04-25T17:07:27,699 [INFO ] W-9000-cifar10_1.0-stdout MODEL_LOG -   File "/home/amin/miniconda3/envs/deep-learning/lib/python3.9/site-packages/ts/torch_handler/base_handler.py", line 356, in _load_pickled_model
2025-04-25T17:07:27,699 [INFO ] W-9000-cifar10_1.0-stdout MODEL_LOG -     model.load_state_dict(state_dict)
2025-04-25T17:07:27,699 [INFO ] W-9000-cifar10_1.0-stdout MODEL_LOG -   File "/home/amin/miniconda3/envs/deep-learning/lib/python3.9/site-packages/torch/nn/modules/module.py", line 2189, in load_state_dict
2025-04-25T17:07:27,699 [INFO ] W-9000-cifar10_1.0-stdout MODEL_LOG -     raise RuntimeError('Error(s) in loading state_dict for {}:\n\t{}'.format(
2025-04-25T17:07:27,699 [INFO ] W-9000-cifar10_1.0-stdout MODEL_LOG - RuntimeError: Error(s) in loading state_dict for SimpleCNN:
2025-04-25T17:07:27,700 [INFO ] W-9000-cifar10_1.0-stdout MODEL_LOG - 	Missing key(s) in state_dict: "conv1.0.weight", "conv1.0.bias", "conv1.1.weight", "conv1.1.bias", "conv1.1.running_mean", "conv1.1.running_var", "conv1.3.weight", "conv1.3.bias", "conv1.4.weight", "conv1.4.bias", "conv1.4.running_mean", "conv1.4.running_var", "conv2.0.weight", "conv2.0.bias", "conv2.1.weight", "conv2.1.bias", "conv2.1.running_mean", "conv2.1.running_var", "conv2.3.weight", "conv2.3.bias", "conv2.4.weight", "conv2.4.bias", "conv2.4.running_mean", "conv2.4.running_var", "fc1.1.weight", "fc1.1.bias", "fc2.1.weight", "fc2.1.bias", "fc3.1.weight", "fc3.1.bias". 
2025-04-25T17:07:27,700 [INFO ] W-9000-cifar10_1.0-stdout MODEL_LOG - 	Unexpected key(s) in state_dict: "epoch", "model", "optimizer". 
2025-04-25T17:07:41,732 [INFO ] W-9000-cifar10_1.0-stdout MODEL_LOG - s_name_part0=/tmp/.ts.sock, s_name_part1=9000, pid=10884
2025-04-25T17:07:41,732 [INFO ] W-9000-cifar10_1.0-stdout MODEL_LOG - Listening on port: /tmp/.ts.sock.9000
2025-04-25T17:07:41,740 [INFO ] W-9000-cifar10_1.0-stdout MODEL_LOG - Successfully loaded /home/amin/miniconda3/envs/deep-learning/lib/python3.9/site-packages/ts/configs/metrics.yaml.
2025-04-25T17:07:41,741 [INFO ] W-9000-cifar10_1.0-stdout MODEL_LOG - [PID]10884
2025-04-25T17:07:41,741 [INFO ] W-9000-cifar10_1.0-stdout MODEL_LOG - Torch worker started.
2025-04-25T17:07:41,741 [INFO ] W-9000-cifar10_1.0-stdout MODEL_LOG - Python runtime: 3.9.21
2025-04-25T17:07:41,742 [INFO ] W-9000-cifar10_1.0-stdout MODEL_LOG - Connection accepted: /tmp/.ts.sock.9000.
2025-04-25T17:07:41,752 [INFO ] W-9000-cifar10_1.0-stdout MODEL_LOG - model_name: cifar10, batchSize: 1
2025-04-25T17:07:43,369 [INFO ] W-9000-cifar10_1.0-stdout MODEL_LOG - OpenVINO is not enabled
2025-04-25T17:07:43,370 [INFO ] W-9000-cifar10_1.0-stdout MODEL_LOG - proceeding without onnxruntime
2025-04-25T17:07:43,370 [INFO ] W-9000-cifar10_1.0-stdout MODEL_LOG - Torch TensorRT not enabled
2025-04-25T17:07:43,438 [INFO ] W-9000-cifar10_1.0-stdout MODEL_LOG - Failed to load model cifar10, exception Error(s) in loading state_dict for SimpleCNN:
2025-04-25T17:07:43,438 [INFO ] W-9000-cifar10_1.0-stdout MODEL_LOG - 	Missing key(s) in state_dict: "conv1.0.weight", "conv1.0.bias", "conv1.1.weight", "conv1.1.bias", "conv1.1.running_mean", "conv1.1.running_var", "conv1.3.weight", "conv1.3.bias", "conv1.4.weight", "conv1.4.bias", "conv1.4.running_mean", "conv1.4.running_var", "conv2.0.weight", "conv2.0.bias", "conv2.1.weight", "conv2.1.bias", "conv2.1.running_mean", "conv2.1.running_var", "conv2.3.weight", "conv2.3.bias", "conv2.4.weight", "conv2.4.bias", "conv2.4.running_mean", "conv2.4.running_var", "fc1.1.weight", "fc1.1.bias", "fc2.1.weight", "fc2.1.bias", "fc3.1.weight", "fc3.1.bias". 
2025-04-25T17:07:43,438 [INFO ] W-9000-cifar10_1.0-stdout MODEL_LOG - 	Unexpected key(s) in state_dict: "epoch", "model", "optimizer". 
2025-04-25T17:07:43,438 [INFO ] W-9000-cifar10_1.0-stdout MODEL_LOG - Traceback (most recent call last):
2025-04-25T17:07:43,438 [INFO ] W-9000-cifar10_1.0-stdout MODEL_LOG -   File "/home/amin/miniconda3/envs/deep-learning/lib/python3.9/site-packages/ts/model_service_worker.py", line 133, in load_model
2025-04-25T17:07:43,438 [INFO ] W-9000-cifar10_1.0-stdout MODEL_LOG -     service = model_loader.load(
2025-04-25T17:07:43,438 [INFO ] W-9000-cifar10_1.0-stdout MODEL_LOG -   File "/home/amin/miniconda3/envs/deep-learning/lib/python3.9/site-packages/ts/model_loader.py", line 143, in load
2025-04-25T17:07:43,438 [INFO ] W-9000-cifar10_1.0-stdout MODEL_LOG -     initialize_fn(service.context)
2025-04-25T17:07:43,438 [INFO ] W-9000-cifar10_1.0-stdout MODEL_LOG -   File "/home/amin/miniconda3/envs/deep-learning/lib/python3.9/site-packages/ts/torch_handler/base_handler.py", line 191, in initialize
2025-04-25T17:07:43,439 [INFO ] W-9000-cifar10_1.0-stdout MODEL_LOG -     self.model = self._load_pickled_model(
2025-04-25T17:07:43,439 [INFO ] W-9000-cifar10_1.0-stdout MODEL_LOG -   File "/home/amin/miniconda3/envs/deep-learning/lib/python3.9/site-packages/ts/torch_handler/base_handler.py", line 356, in _load_pickled_model
2025-04-25T17:07:43,439 [INFO ] W-9000-cifar10_1.0-stdout MODEL_LOG -     model.load_state_dict(state_dict)
2025-04-25T17:07:43,439 [INFO ] W-9000-cifar10_1.0-stdout MODEL_LOG -   File "/home/amin/miniconda3/envs/deep-learning/lib/python3.9/site-packages/torch/nn/modules/module.py", line 2189, in load_state_dict
2025-04-25T17:07:43,439 [INFO ] W-9000-cifar10_1.0-stdout MODEL_LOG -     raise RuntimeError('Error(s) in loading state_dict for {}:\n\t{}'.format(
2025-04-25T17:07:43,439 [INFO ] W-9000-cifar10_1.0-stdout MODEL_LOG - RuntimeError: Error(s) in loading state_dict for SimpleCNN:
2025-04-25T17:07:43,439 [INFO ] W-9000-cifar10_1.0-stdout MODEL_LOG - 	Missing key(s) in state_dict: "conv1.0.weight", "conv1.0.bias", "conv1.1.weight", "conv1.1.bias", "conv1.1.running_mean", "conv1.1.running_var", "conv1.3.weight", "conv1.3.bias", "conv1.4.weight", "conv1.4.bias", "conv1.4.running_mean", "conv1.4.running_var", "conv2.0.weight", "conv2.0.bias", "conv2.1.weight", "conv2.1.bias", "conv2.1.running_mean", "conv2.1.running_var", "conv2.3.weight", "conv2.3.bias", "conv2.4.weight", "conv2.4.bias", "conv2.4.running_mean", "conv2.4.running_var", "fc1.1.weight", "fc1.1.bias", "fc2.1.weight", "fc2.1.bias", "fc3.1.weight", "fc3.1.bias". 
2025-04-25T17:07:43,439 [INFO ] W-9000-cifar10_1.0-stdout MODEL_LOG - 	Unexpected key(s) in state_dict: "epoch", "model", "optimizer". 
2025-04-25T17:07:43,439 [INFO ] W-9000-cifar10_1.0-stdout MODEL_LOG - Backend worker process died.
2025-04-25T17:07:43,439 [INFO ] W-9000-cifar10_1.0-stdout MODEL_LOG - Traceback (most recent call last):
2025-04-25T17:07:43,439 [INFO ] W-9000-cifar10_1.0-stdout MODEL_LOG -   File "/home/amin/miniconda3/envs/deep-learning/lib/python3.9/site-packages/ts/model_service_worker.py", line 301, in <module>
2025-04-25T17:07:43,439 [INFO ] W-9000-cifar10_1.0-stdout MODEL_LOG -     worker.run_server()
2025-04-25T17:07:43,440 [INFO ] W-9000-cifar10_1.0-stdout MODEL_LOG -   File "/home/amin/miniconda3/envs/deep-learning/lib/python3.9/site-packages/ts/model_service_worker.py", line 268, in run_server
2025-04-25T17:07:43,440 [INFO ] W-9000-cifar10_1.0-stdout MODEL_LOG -     self.handle_connection(cl_socket)
2025-04-25T17:07:43,440 [INFO ] W-9000-cifar10_1.0-stdout MODEL_LOG -   File "/home/amin/miniconda3/envs/deep-learning/lib/python3.9/site-packages/ts/model_service_worker.py", line 201, in handle_connection
2025-04-25T17:07:43,440 [INFO ] W-9000-cifar10_1.0-stdout MODEL_LOG -     raise RuntimeError("{} - {}".format(code, result))
2025-04-25T17:07:43,440 [INFO ] W-9000-cifar10_1.0-stdout MODEL_LOG - RuntimeError: 500 - Unknown exception
2025-04-25T17:08:05,451 [INFO ] W-9000-cifar10_1.0-stdout MODEL_LOG - s_name_part0=/tmp/.ts.sock, s_name_part1=9000, pid=10964
2025-04-25T17:08:05,451 [INFO ] W-9000-cifar10_1.0-stdout MODEL_LOG - Listening on port: /tmp/.ts.sock.9000
2025-04-25T17:08:05,459 [INFO ] W-9000-cifar10_1.0-stdout MODEL_LOG - Successfully loaded /home/amin/miniconda3/envs/deep-learning/lib/python3.9/site-packages/ts/configs/metrics.yaml.
2025-04-25T17:08:05,459 [INFO ] W-9000-cifar10_1.0-stdout MODEL_LOG - [PID]10964
2025-04-25T17:08:05,459 [INFO ] W-9000-cifar10_1.0-stdout MODEL_LOG - Torch worker started.
2025-04-25T17:08:05,459 [INFO ] W-9000-cifar10_1.0-stdout MODEL_LOG - Python runtime: 3.9.21
2025-04-25T17:08:05,460 [INFO ] W-9000-cifar10_1.0-stdout MODEL_LOG - Connection accepted: /tmp/.ts.sock.9000.
2025-04-25T17:08:05,471 [INFO ] W-9000-cifar10_1.0-stdout MODEL_LOG - model_name: cifar10, batchSize: 1
2025-04-25T17:08:05,517 [INFO ] W-9000-cifar10_1.0-stdout MODEL_LOG - OpenVINO is not enabled
2025-04-25T17:08:05,518 [INFO ] W-9000-cifar10_1.0-stdout MODEL_LOG - proceeding without onnxruntime
2025-04-25T17:08:05,518 [INFO ] W-9000-cifar10_1.0-stdout MODEL_LOG - Torch TensorRT not enabled
2025-04-25T17:08:05,595 [INFO ] W-9000-cifar10_1.0-stdout MODEL_LOG - Failed to load model cifar10, exception Error(s) in loading state_dict for SimpleCNN:
2025-04-25T17:08:05,595 [INFO ] W-9000-cifar10_1.0-stdout MODEL_LOG - 	Missing key(s) in state_dict: "conv1.0.weight", "conv1.0.bias", "conv1.1.weight", "conv1.1.bias", "conv1.1.running_mean", "conv1.1.running_var", "conv1.3.weight", "conv1.3.bias", "conv1.4.weight", "conv1.4.bias", "conv1.4.running_mean", "conv1.4.running_var", "conv2.0.weight", "conv2.0.bias", "conv2.1.weight", "conv2.1.bias", "conv2.1.running_mean", "conv2.1.running_var", "conv2.3.weight", "conv2.3.bias", "conv2.4.weight", "conv2.4.bias", "conv2.4.running_mean", "conv2.4.running_var", "fc1.1.weight", "fc1.1.bias", "fc2.1.weight", "fc2.1.bias", "fc3.1.weight", "fc3.1.bias". 
2025-04-25T17:08:05,595 [INFO ] W-9000-cifar10_1.0-stdout MODEL_LOG - 	Unexpected key(s) in state_dict: "epoch", "model", "optimizer". 
2025-04-25T17:08:05,595 [INFO ] W-9000-cifar10_1.0-stdout MODEL_LOG - Traceback (most recent call last):
2025-04-25T17:08:05,595 [INFO ] W-9000-cifar10_1.0-stdout MODEL_LOG -   File "/home/amin/miniconda3/envs/deep-learning/lib/python3.9/site-packages/ts/model_service_worker.py", line 133, in load_model
2025-04-25T17:08:05,595 [INFO ] W-9000-cifar10_1.0-stdout MODEL_LOG -     service = model_loader.load(
2025-04-25T17:08:05,595 [INFO ] W-9000-cifar10_1.0-stdout MODEL_LOG -   File "/home/amin/miniconda3/envs/deep-learning/lib/python3.9/site-packages/ts/model_loader.py", line 143, in load
2025-04-25T17:08:05,595 [INFO ] W-9000-cifar10_1.0-stdout MODEL_LOG -     initialize_fn(service.context)
2025-04-25T17:08:05,595 [INFO ] W-9000-cifar10_1.0-stdout MODEL_LOG -   File "/home/amin/miniconda3/envs/deep-learning/lib/python3.9/site-packages/ts/torch_handler/base_handler.py", line 191, in initialize
2025-04-25T17:08:05,595 [INFO ] W-9000-cifar10_1.0-stdout MODEL_LOG -     self.model = self._load_pickled_model(
2025-04-25T17:08:05,595 [INFO ] W-9000-cifar10_1.0-stdout MODEL_LOG -   File "/home/amin/miniconda3/envs/deep-learning/lib/python3.9/site-packages/ts/torch_handler/base_handler.py", line 356, in _load_pickled_model
2025-04-25T17:08:05,595 [INFO ] W-9000-cifar10_1.0-stdout MODEL_LOG -     model.load_state_dict(state_dict)
2025-04-25T17:08:05,595 [INFO ] W-9000-cifar10_1.0-stdout MODEL_LOG -   File "/home/amin/miniconda3/envs/deep-learning/lib/python3.9/site-packages/torch/nn/modules/module.py", line 2189, in load_state_dict
2025-04-25T17:08:05,595 [INFO ] W-9000-cifar10_1.0-stdout MODEL_LOG -     raise RuntimeError('Error(s) in loading state_dict for {}:\n\t{}'.format(
2025-04-25T17:08:05,596 [INFO ] W-9000-cifar10_1.0-stdout MODEL_LOG - RuntimeError: Error(s) in loading state_dict for SimpleCNN:
2025-04-25T17:08:05,596 [INFO ] W-9000-cifar10_1.0-stdout MODEL_LOG - 	Missing key(s) in state_dict: "conv1.0.weight", "conv1.0.bias", "conv1.1.weight", "conv1.1.bias", "conv1.1.running_mean", "conv1.1.running_var", "conv1.3.weight", "conv1.3.bias", "conv1.4.weight", "conv1.4.bias", "conv1.4.running_mean", "conv1.4.running_var", "conv2.0.weight", "conv2.0.bias", "conv2.1.weight", "conv2.1.bias", "conv2.1.running_mean", "conv2.1.running_var", "conv2.3.weight", "conv2.3.bias", "conv2.4.weight", "conv2.4.bias", "conv2.4.running_mean", "conv2.4.running_var", "fc1.1.weight", "fc1.1.bias", "fc2.1.weight", "fc2.1.bias", "fc3.1.weight", "fc3.1.bias". 
2025-04-25T17:08:05,596 [INFO ] W-9000-cifar10_1.0-stdout MODEL_LOG - 	Unexpected key(s) in state_dict: "epoch", "model", "optimizer". 
2025-04-25T17:08:05,596 [INFO ] W-9000-cifar10_1.0-stdout MODEL_LOG - Backend worker process died.
2025-04-25T17:08:05,596 [INFO ] W-9000-cifar10_1.0-stdout MODEL_LOG - Traceback (most recent call last):
2025-04-25T17:08:05,596 [INFO ] W-9000-cifar10_1.0-stdout MODEL_LOG -   File "/home/amin/miniconda3/envs/deep-learning/lib/python3.9/site-packages/ts/model_service_worker.py", line 301, in <module>
2025-04-25T17:08:05,596 [INFO ] W-9000-cifar10_1.0-stdout MODEL_LOG -     worker.run_server()
2025-04-25T17:08:05,596 [INFO ] W-9000-cifar10_1.0-stdout MODEL_LOG -   File "/home/amin/miniconda3/envs/deep-learning/lib/python3.9/site-packages/ts/model_service_worker.py", line 268, in run_server
2025-04-25T17:08:05,596 [INFO ] W-9000-cifar10_1.0-stdout MODEL_LOG -     self.handle_connection(cl_socket)
2025-04-25T17:08:05,596 [INFO ] W-9000-cifar10_1.0-stdout MODEL_LOG -   File "/home/amin/miniconda3/envs/deep-learning/lib/python3.9/site-packages/ts/model_service_worker.py", line 201, in handle_connection
2025-04-25T17:08:05,596 [INFO ] W-9000-cifar10_1.0-stdout MODEL_LOG -     raise RuntimeError("{} - {}".format(code, result))
2025-04-25T17:08:05,596 [INFO ] W-9000-cifar10_1.0-stdout MODEL_LOG - RuntimeError: 500 - Unknown exception
2025-04-25T17:09:09,303 [INFO ] W-9000-cifar10_1.0-stdout MODEL_LOG - s_name_part0=/tmp/.ts.sock, s_name_part1=9000, pid=11056
2025-04-25T17:09:09,304 [INFO ] W-9000-cifar10_1.0-stdout MODEL_LOG - Listening on port: /tmp/.ts.sock.9000
2025-04-25T17:09:09,311 [INFO ] W-9000-cifar10_1.0-stdout MODEL_LOG - Successfully loaded /home/amin/miniconda3/envs/deep-learning/lib/python3.9/site-packages/ts/configs/metrics.yaml.
2025-04-25T17:09:09,312 [INFO ] W-9000-cifar10_1.0-stdout MODEL_LOG - [PID]11056
2025-04-25T17:09:09,312 [INFO ] W-9000-cifar10_1.0-stdout MODEL_LOG - Torch worker started.
2025-04-25T17:09:09,312 [INFO ] W-9000-cifar10_1.0-stdout MODEL_LOG - Python runtime: 3.9.21
2025-04-25T17:09:09,319 [INFO ] W-9000-cifar10_1.0-stdout MODEL_LOG - Connection accepted: /tmp/.ts.sock.9000.
2025-04-25T17:09:09,342 [INFO ] W-9000-cifar10_1.0-stdout MODEL_LOG - model_name: cifar10, batchSize: 1
2025-04-25T17:09:09,389 [INFO ] W-9000-cifar10_1.0-stdout MODEL_LOG - OpenVINO is not enabled
2025-04-25T17:09:09,389 [INFO ] W-9000-cifar10_1.0-stdout MODEL_LOG - proceeding without onnxruntime
2025-04-25T17:09:09,390 [INFO ] W-9000-cifar10_1.0-stdout MODEL_LOG - Torch TensorRT not enabled
2025-04-25T17:09:09,456 [INFO ] W-9000-cifar10_1.0-stdout MODEL_LOG - Failed to load model cifar10, exception Error(s) in loading state_dict for SimpleCNN:
2025-04-25T17:09:09,457 [INFO ] W-9000-cifar10_1.0-stdout MODEL_LOG - 	Missing key(s) in state_dict: "conv1.0.weight", "conv1.0.bias", "conv1.1.weight", "conv1.1.bias", "conv1.1.running_mean", "conv1.1.running_var", "conv1.3.weight", "conv1.3.bias", "conv1.4.weight", "conv1.4.bias", "conv1.4.running_mean", "conv1.4.running_var", "conv2.0.weight", "conv2.0.bias", "conv2.1.weight", "conv2.1.bias", "conv2.1.running_mean", "conv2.1.running_var", "conv2.3.weight", "conv2.3.bias", "conv2.4.weight", "conv2.4.bias", "conv2.4.running_mean", "conv2.4.running_var", "fc1.1.weight", "fc1.1.bias", "fc2.1.weight", "fc2.1.bias", "fc3.1.weight", "fc3.1.bias". 
2025-04-25T17:09:09,457 [INFO ] W-9000-cifar10_1.0-stdout MODEL_LOG - 	Unexpected key(s) in state_dict: "epoch", "model", "optimizer". 
2025-04-25T17:09:09,457 [INFO ] W-9000-cifar10_1.0-stdout MODEL_LOG - Traceback (most recent call last):
2025-04-25T17:09:09,457 [INFO ] W-9000-cifar10_1.0-stdout MODEL_LOG -   File "/home/amin/miniconda3/envs/deep-learning/lib/python3.9/site-packages/ts/model_service_worker.py", line 133, in load_model
2025-04-25T17:09:09,458 [INFO ] W-9000-cifar10_1.0-stdout MODEL_LOG -     service = model_loader.load(
2025-04-25T17:09:09,458 [INFO ] W-9000-cifar10_1.0-stdout MODEL_LOG -   File "/home/amin/miniconda3/envs/deep-learning/lib/python3.9/site-packages/ts/model_loader.py", line 143, in load
2025-04-25T17:09:09,458 [INFO ] W-9000-cifar10_1.0-stdout MODEL_LOG -     initialize_fn(service.context)
2025-04-25T17:09:09,458 [INFO ] W-9000-cifar10_1.0-stdout MODEL_LOG -   File "/home/amin/miniconda3/envs/deep-learning/lib/python3.9/site-packages/ts/torch_handler/base_handler.py", line 191, in initialize
2025-04-25T17:09:09,458 [INFO ] W-9000-cifar10_1.0-stdout MODEL_LOG -     self.model = self._load_pickled_model(
2025-04-25T17:09:09,458 [INFO ] W-9000-cifar10_1.0-stdout MODEL_LOG -   File "/home/amin/miniconda3/envs/deep-learning/lib/python3.9/site-packages/ts/torch_handler/base_handler.py", line 356, in _load_pickled_model
2025-04-25T17:09:09,459 [INFO ] W-9000-cifar10_1.0-stdout MODEL_LOG -     model.load_state_dict(state_dict)
2025-04-25T17:09:09,459 [INFO ] W-9000-cifar10_1.0-stdout MODEL_LOG -   File "/home/amin/miniconda3/envs/deep-learning/lib/python3.9/site-packages/torch/nn/modules/module.py", line 2189, in load_state_dict
2025-04-25T17:09:09,459 [INFO ] W-9000-cifar10_1.0-stdout MODEL_LOG -     raise RuntimeError('Error(s) in loading state_dict for {}:\n\t{}'.format(
2025-04-25T17:09:09,459 [INFO ] W-9000-cifar10_1.0-stdout MODEL_LOG - RuntimeError: Error(s) in loading state_dict for SimpleCNN:
2025-04-25T17:09:09,460 [INFO ] W-9000-cifar10_1.0-stdout MODEL_LOG - 	Missing key(s) in state_dict: "conv1.0.weight", "conv1.0.bias", "conv1.1.weight", "conv1.1.bias", "conv1.1.running_mean", "conv1.1.running_var", "conv1.3.weight", "conv1.3.bias", "conv1.4.weight", "conv1.4.bias", "conv1.4.running_mean", "conv1.4.running_var", "conv2.0.weight", "conv2.0.bias", "conv2.1.weight", "conv2.1.bias", "conv2.1.running_mean", "conv2.1.running_var", "conv2.3.weight", "conv2.3.bias", "conv2.4.weight", "conv2.4.bias", "conv2.4.running_mean", "conv2.4.running_var", "fc1.1.weight", "fc1.1.bias", "fc2.1.weight", "fc2.1.bias", "fc3.1.weight", "fc3.1.bias". 
2025-04-25T17:09:09,460 [INFO ] W-9000-cifar10_1.0-stdout MODEL_LOG - 	Unexpected key(s) in state_dict: "epoch", "model", "optimizer". 
2025-04-25T17:09:09,460 [INFO ] W-9000-cifar10_1.0-stdout MODEL_LOG - Backend worker process died.
2025-04-25T17:09:09,460 [INFO ] W-9000-cifar10_1.0-stdout MODEL_LOG - Traceback (most recent call last):
2025-04-25T17:09:09,460 [INFO ] W-9000-cifar10_1.0-stdout MODEL_LOG -   File "/home/amin/miniconda3/envs/deep-learning/lib/python3.9/site-packages/ts/model_service_worker.py", line 301, in <module>
2025-04-25T17:09:09,461 [INFO ] W-9000-cifar10_1.0-stdout MODEL_LOG -     worker.run_server()
2025-04-25T17:09:09,461 [INFO ] W-9000-cifar10_1.0-stdout MODEL_LOG -   File "/home/amin/miniconda3/envs/deep-learning/lib/python3.9/site-packages/ts/model_service_worker.py", line 268, in run_server
2025-04-25T17:09:09,462 [INFO ] W-9000-cifar10_1.0-stdout MODEL_LOG -     self.handle_connection(cl_socket)
2025-04-25T17:09:09,462 [INFO ] W-9000-cifar10_1.0-stdout MODEL_LOG -   File "/home/amin/miniconda3/envs/deep-learning/lib/python3.9/site-packages/ts/model_service_worker.py", line 201, in handle_connection
2025-04-25T17:09:09,462 [INFO ] W-9000-cifar10_1.0-stdout MODEL_LOG -     raise RuntimeError("{} - {}".format(code, result))
2025-04-25T17:09:09,462 [INFO ] W-9000-cifar10_1.0-stdout MODEL_LOG - RuntimeError: 500 - Unknown exception
2025-04-25T17:09:11,498 [INFO ] W-9000-cifar10_1.0-stdout MODEL_LOG - s_name_part0=/tmp/.ts.sock, s_name_part1=9000, pid=11107
2025-04-25T17:09:11,498 [INFO ] W-9000-cifar10_1.0-stdout MODEL_LOG - Listening on port: /tmp/.ts.sock.9000
2025-04-25T17:09:11,506 [INFO ] W-9000-cifar10_1.0-stdout MODEL_LOG - Successfully loaded /home/amin/miniconda3/envs/deep-learning/lib/python3.9/site-packages/ts/configs/metrics.yaml.
2025-04-25T17:09:11,507 [INFO ] W-9000-cifar10_1.0-stdout MODEL_LOG - [PID]11107
2025-04-25T17:09:11,507 [INFO ] W-9000-cifar10_1.0-stdout MODEL_LOG - Torch worker started.
2025-04-25T17:09:11,507 [INFO ] W-9000-cifar10_1.0-stdout MODEL_LOG - Python runtime: 3.9.21
2025-04-25T17:09:11,508 [INFO ] W-9000-cifar10_1.0-stdout MODEL_LOG - Connection accepted: /tmp/.ts.sock.9000.
2025-04-25T17:09:11,518 [INFO ] W-9000-cifar10_1.0-stdout MODEL_LOG - model_name: cifar10, batchSize: 1
2025-04-25T17:09:11,565 [INFO ] W-9000-cifar10_1.0-stdout MODEL_LOG - OpenVINO is not enabled
2025-04-25T17:09:11,565 [INFO ] W-9000-cifar10_1.0-stdout MODEL_LOG - proceeding without onnxruntime
2025-04-25T17:09:11,565 [INFO ] W-9000-cifar10_1.0-stdout MODEL_LOG - Torch TensorRT not enabled
2025-04-25T17:09:11,632 [INFO ] W-9000-cifar10_1.0-stdout MODEL_LOG - Failed to load model cifar10, exception Error(s) in loading state_dict for SimpleCNN:
2025-04-25T17:09:11,632 [INFO ] W-9000-cifar10_1.0-stdout MODEL_LOG - 	Missing key(s) in state_dict: "conv1.0.weight", "conv1.0.bias", "conv1.1.weight", "conv1.1.bias", "conv1.1.running_mean", "conv1.1.running_var", "conv1.3.weight", "conv1.3.bias", "conv1.4.weight", "conv1.4.bias", "conv1.4.running_mean", "conv1.4.running_var", "conv2.0.weight", "conv2.0.bias", "conv2.1.weight", "conv2.1.bias", "conv2.1.running_mean", "conv2.1.running_var", "conv2.3.weight", "conv2.3.bias", "conv2.4.weight", "conv2.4.bias", "conv2.4.running_mean", "conv2.4.running_var", "fc1.1.weight", "fc1.1.bias", "fc2.1.weight", "fc2.1.bias", "fc3.1.weight", "fc3.1.bias". 
2025-04-25T17:09:11,632 [INFO ] W-9000-cifar10_1.0-stdout MODEL_LOG - 	Unexpected key(s) in state_dict: "epoch", "model", "optimizer". 
2025-04-25T17:09:11,632 [INFO ] W-9000-cifar10_1.0-stdout MODEL_LOG - Traceback (most recent call last):
2025-04-25T17:09:11,633 [INFO ] W-9000-cifar10_1.0-stdout MODEL_LOG -   File "/home/amin/miniconda3/envs/deep-learning/lib/python3.9/site-packages/ts/model_service_worker.py", line 133, in load_model
2025-04-25T17:09:11,633 [INFO ] W-9000-cifar10_1.0-stdout MODEL_LOG -     service = model_loader.load(
2025-04-25T17:09:11,633 [INFO ] W-9000-cifar10_1.0-stdout MODEL_LOG -   File "/home/amin/miniconda3/envs/deep-learning/lib/python3.9/site-packages/ts/model_loader.py", line 143, in load
2025-04-25T17:09:11,633 [INFO ] W-9000-cifar10_1.0-stdout MODEL_LOG -     initialize_fn(service.context)
2025-04-25T17:09:11,633 [INFO ] W-9000-cifar10_1.0-stdout MODEL_LOG -   File "/home/amin/miniconda3/envs/deep-learning/lib/python3.9/site-packages/ts/torch_handler/base_handler.py", line 191, in initialize
2025-04-25T17:09:11,633 [INFO ] W-9000-cifar10_1.0-stdout MODEL_LOG -     self.model = self._load_pickled_model(
2025-04-25T17:09:11,633 [INFO ] W-9000-cifar10_1.0-stdout MODEL_LOG -   File "/home/amin/miniconda3/envs/deep-learning/lib/python3.9/site-packages/ts/torch_handler/base_handler.py", line 356, in _load_pickled_model
2025-04-25T17:09:11,633 [INFO ] W-9000-cifar10_1.0-stdout MODEL_LOG -     model.load_state_dict(state_dict)
2025-04-25T17:09:11,633 [INFO ] W-9000-cifar10_1.0-stdout MODEL_LOG -   File "/home/amin/miniconda3/envs/deep-learning/lib/python3.9/site-packages/torch/nn/modules/module.py", line 2189, in load_state_dict
2025-04-25T17:09:11,634 [INFO ] W-9000-cifar10_1.0-stdout MODEL_LOG -     raise RuntimeError('Error(s) in loading state_dict for {}:\n\t{}'.format(
2025-04-25T17:09:11,634 [INFO ] W-9000-cifar10_1.0-stdout MODEL_LOG - RuntimeError: Error(s) in loading state_dict for SimpleCNN:
2025-04-25T17:09:11,634 [INFO ] W-9000-cifar10_1.0-stdout MODEL_LOG - 	Missing key(s) in state_dict: "conv1.0.weight", "conv1.0.bias", "conv1.1.weight", "conv1.1.bias", "conv1.1.running_mean", "conv1.1.running_var", "conv1.3.weight", "conv1.3.bias", "conv1.4.weight", "conv1.4.bias", "conv1.4.running_mean", "conv1.4.running_var", "conv2.0.weight", "conv2.0.bias", "conv2.1.weight", "conv2.1.bias", "conv2.1.running_mean", "conv2.1.running_var", "conv2.3.weight", "conv2.3.bias", "conv2.4.weight", "conv2.4.bias", "conv2.4.running_mean", "conv2.4.running_var", "fc1.1.weight", "fc1.1.bias", "fc2.1.weight", "fc2.1.bias", "fc3.1.weight", "fc3.1.bias". 
2025-04-25T17:09:11,634 [INFO ] W-9000-cifar10_1.0-stdout MODEL_LOG - 	Unexpected key(s) in state_dict: "epoch", "model", "optimizer". 
2025-04-25T17:09:13,690 [INFO ] W-9000-cifar10_1.0-stdout MODEL_LOG - s_name_part0=/tmp/.ts.sock, s_name_part1=9000, pid=11127
2025-04-25T17:09:13,690 [INFO ] W-9000-cifar10_1.0-stdout MODEL_LOG - Listening on port: /tmp/.ts.sock.9000
2025-04-25T17:09:13,701 [INFO ] W-9000-cifar10_1.0-stdout MODEL_LOG - Successfully loaded /home/amin/miniconda3/envs/deep-learning/lib/python3.9/site-packages/ts/configs/metrics.yaml.
2025-04-25T17:09:13,701 [INFO ] W-9000-cifar10_1.0-stdout MODEL_LOG - [PID]11127
2025-04-25T17:09:13,701 [INFO ] W-9000-cifar10_1.0-stdout MODEL_LOG - Torch worker started.
2025-04-25T17:09:13,701 [INFO ] W-9000-cifar10_1.0-stdout MODEL_LOG - Python runtime: 3.9.21
2025-04-25T17:09:13,702 [INFO ] W-9000-cifar10_1.0-stdout MODEL_LOG - Connection accepted: /tmp/.ts.sock.9000.
2025-04-25T17:09:13,712 [INFO ] W-9000-cifar10_1.0-stdout MODEL_LOG - model_name: cifar10, batchSize: 1
2025-04-25T17:09:13,760 [INFO ] W-9000-cifar10_1.0-stdout MODEL_LOG - OpenVINO is not enabled
2025-04-25T17:09:13,760 [INFO ] W-9000-cifar10_1.0-stdout MODEL_LOG - proceeding without onnxruntime
2025-04-25T17:09:13,760 [INFO ] W-9000-cifar10_1.0-stdout MODEL_LOG - Torch TensorRT not enabled
2025-04-25T17:09:13,823 [INFO ] W-9000-cifar10_1.0-stdout MODEL_LOG - Failed to load model cifar10, exception Error(s) in loading state_dict for SimpleCNN:
2025-04-25T17:09:13,823 [INFO ] W-9000-cifar10_1.0-stdout MODEL_LOG - 	Missing key(s) in state_dict: "conv1.0.weight", "conv1.0.bias", "conv1.1.weight", "conv1.1.bias", "conv1.1.running_mean", "conv1.1.running_var", "conv1.3.weight", "conv1.3.bias", "conv1.4.weight", "conv1.4.bias", "conv1.4.running_mean", "conv1.4.running_var", "conv2.0.weight", "conv2.0.bias", "conv2.1.weight", "conv2.1.bias", "conv2.1.running_mean", "conv2.1.running_var", "conv2.3.weight", "conv2.3.bias", "conv2.4.weight", "conv2.4.bias", "conv2.4.running_mean", "conv2.4.running_var", "fc1.1.weight", "fc1.1.bias", "fc2.1.weight", "fc2.1.bias", "fc3.1.weight", "fc3.1.bias". 
2025-04-25T17:09:13,824 [INFO ] W-9000-cifar10_1.0-stdout MODEL_LOG - 	Unexpected key(s) in state_dict: "epoch", "model", "optimizer". 
2025-04-25T17:09:13,824 [INFO ] W-9000-cifar10_1.0-stdout MODEL_LOG - Traceback (most recent call last):
2025-04-25T17:09:13,824 [INFO ] W-9000-cifar10_1.0-stdout MODEL_LOG -   File "/home/amin/miniconda3/envs/deep-learning/lib/python3.9/site-packages/ts/model_service_worker.py", line 133, in load_model
2025-04-25T17:09:13,824 [INFO ] W-9000-cifar10_1.0-stdout MODEL_LOG -     service = model_loader.load(
2025-04-25T17:09:13,824 [INFO ] W-9000-cifar10_1.0-stdout MODEL_LOG -   File "/home/amin/miniconda3/envs/deep-learning/lib/python3.9/site-packages/ts/model_loader.py", line 143, in load
2025-04-25T17:09:13,824 [INFO ] W-9000-cifar10_1.0-stdout MODEL_LOG -     initialize_fn(service.context)
2025-04-25T17:09:13,824 [INFO ] W-9000-cifar10_1.0-stdout MODEL_LOG -   File "/home/amin/miniconda3/envs/deep-learning/lib/python3.9/site-packages/ts/torch_handler/base_handler.py", line 191, in initialize
2025-04-25T17:09:13,825 [INFO ] W-9000-cifar10_1.0-stdout MODEL_LOG -     self.model = self._load_pickled_model(
2025-04-25T17:09:13,825 [INFO ] W-9000-cifar10_1.0-stdout MODEL_LOG -   File "/home/amin/miniconda3/envs/deep-learning/lib/python3.9/site-packages/ts/torch_handler/base_handler.py", line 356, in _load_pickled_model
2025-04-25T17:09:13,825 [INFO ] W-9000-cifar10_1.0-stdout MODEL_LOG -     model.load_state_dict(state_dict)
2025-04-25T17:09:13,825 [INFO ] W-9000-cifar10_1.0-stdout MODEL_LOG -   File "/home/amin/miniconda3/envs/deep-learning/lib/python3.9/site-packages/torch/nn/modules/module.py", line 2189, in load_state_dict
2025-04-25T17:09:13,825 [INFO ] W-9000-cifar10_1.0-stdout MODEL_LOG -     raise RuntimeError('Error(s) in loading state_dict for {}:\n\t{}'.format(
2025-04-25T17:09:13,825 [INFO ] W-9000-cifar10_1.0-stdout MODEL_LOG - RuntimeError: Error(s) in loading state_dict for SimpleCNN:
2025-04-25T17:09:13,825 [INFO ] W-9000-cifar10_1.0-stdout MODEL_LOG - 	Missing key(s) in state_dict: "conv1.0.weight", "conv1.0.bias", "conv1.1.weight", "conv1.1.bias", "conv1.1.running_mean", "conv1.1.running_var", "conv1.3.weight", "conv1.3.bias", "conv1.4.weight", "conv1.4.bias", "conv1.4.running_mean", "conv1.4.running_var", "conv2.0.weight", "conv2.0.bias", "conv2.1.weight", "conv2.1.bias", "conv2.1.running_mean", "conv2.1.running_var", "conv2.3.weight", "conv2.3.bias", "conv2.4.weight", "conv2.4.bias", "conv2.4.running_mean", "conv2.4.running_var", "fc1.1.weight", "fc1.1.bias", "fc2.1.weight", "fc2.1.bias", "fc3.1.weight", "fc3.1.bias". 
2025-04-25T17:09:13,826 [INFO ] W-9000-cifar10_1.0-stdout MODEL_LOG - 	Unexpected key(s) in state_dict: "epoch", "model", "optimizer". 
2025-04-25T17:09:17,004 [INFO ] W-9000-cifar10_1.0-stdout MODEL_LOG - s_name_part0=/tmp/.ts.sock, s_name_part1=9000, pid=11144
2025-04-25T17:09:17,005 [INFO ] W-9000-cifar10_1.0-stdout MODEL_LOG - Listening on port: /tmp/.ts.sock.9000
2025-04-25T17:09:17,015 [INFO ] W-9000-cifar10_1.0-stdout MODEL_LOG - Successfully loaded /home/amin/miniconda3/envs/deep-learning/lib/python3.9/site-packages/ts/configs/metrics.yaml.
2025-04-25T17:09:17,015 [INFO ] W-9000-cifar10_1.0-stdout MODEL_LOG - [PID]11144
2025-04-25T17:09:17,015 [INFO ] W-9000-cifar10_1.0-stdout MODEL_LOG - Torch worker started.
2025-04-25T17:09:17,016 [INFO ] W-9000-cifar10_1.0-stdout MODEL_LOG - Python runtime: 3.9.21
2025-04-25T17:09:17,017 [INFO ] W-9000-cifar10_1.0-stdout MODEL_LOG - Connection accepted: /tmp/.ts.sock.9000.
2025-04-25T17:09:17,029 [INFO ] W-9000-cifar10_1.0-stdout MODEL_LOG - model_name: cifar10, batchSize: 1
2025-04-25T17:09:17,080 [INFO ] W-9000-cifar10_1.0-stdout MODEL_LOG - OpenVINO is not enabled
2025-04-25T17:09:17,080 [INFO ] W-9000-cifar10_1.0-stdout MODEL_LOG - proceeding without onnxruntime
2025-04-25T17:09:17,080 [INFO ] W-9000-cifar10_1.0-stdout MODEL_LOG - Torch TensorRT not enabled
2025-04-25T17:09:17,157 [INFO ] W-9000-cifar10_1.0-stdout MODEL_LOG - Failed to load model cifar10, exception Error(s) in loading state_dict for SimpleCNN:
2025-04-25T17:09:17,157 [INFO ] W-9000-cifar10_1.0-stdout MODEL_LOG - 	Missing key(s) in state_dict: "conv1.0.weight", "conv1.0.bias", "conv1.1.weight", "conv1.1.bias", "conv1.1.running_mean", "conv1.1.running_var", "conv1.3.weight", "conv1.3.bias", "conv1.4.weight", "conv1.4.bias", "conv1.4.running_mean", "conv1.4.running_var", "conv2.0.weight", "conv2.0.bias", "conv2.1.weight", "conv2.1.bias", "conv2.1.running_mean", "conv2.1.running_var", "conv2.3.weight", "conv2.3.bias", "conv2.4.weight", "conv2.4.bias", "conv2.4.running_mean", "conv2.4.running_var", "fc1.1.weight", "fc1.1.bias", "fc2.1.weight", "fc2.1.bias", "fc3.1.weight", "fc3.1.bias". 
2025-04-25T17:09:17,158 [INFO ] W-9000-cifar10_1.0-stdout MODEL_LOG - 	Unexpected key(s) in state_dict: "epoch", "model", "optimizer". 
2025-04-25T17:09:17,158 [INFO ] W-9000-cifar10_1.0-stdout MODEL_LOG - Traceback (most recent call last):
2025-04-25T17:09:17,158 [INFO ] W-9000-cifar10_1.0-stdout MODEL_LOG -   File "/home/amin/miniconda3/envs/deep-learning/lib/python3.9/site-packages/ts/model_service_worker.py", line 133, in load_model
2025-04-25T17:09:17,158 [INFO ] W-9000-cifar10_1.0-stdout MODEL_LOG -     service = model_loader.load(
2025-04-25T17:09:17,159 [INFO ] W-9000-cifar10_1.0-stdout MODEL_LOG -   File "/home/amin/miniconda3/envs/deep-learning/lib/python3.9/site-packages/ts/model_loader.py", line 143, in load
2025-04-25T17:09:17,159 [INFO ] W-9000-cifar10_1.0-stdout MODEL_LOG -     initialize_fn(service.context)
2025-04-25T17:09:17,159 [INFO ] W-9000-cifar10_1.0-stdout MODEL_LOG -   File "/home/amin/miniconda3/envs/deep-learning/lib/python3.9/site-packages/ts/torch_handler/base_handler.py", line 191, in initialize
2025-04-25T17:09:17,159 [INFO ] W-9000-cifar10_1.0-stdout MODEL_LOG -     self.model = self._load_pickled_model(
2025-04-25T17:09:17,160 [INFO ] W-9000-cifar10_1.0-stdout MODEL_LOG -   File "/home/amin/miniconda3/envs/deep-learning/lib/python3.9/site-packages/ts/torch_handler/base_handler.py", line 356, in _load_pickled_model
2025-04-25T17:09:17,160 [INFO ] W-9000-cifar10_1.0-stdout MODEL_LOG -     model.load_state_dict(state_dict)
2025-04-25T17:09:17,160 [INFO ] W-9000-cifar10_1.0-stdout MODEL_LOG -   File "/home/amin/miniconda3/envs/deep-learning/lib/python3.9/site-packages/torch/nn/modules/module.py", line 2189, in load_state_dict
2025-04-25T17:09:17,160 [INFO ] W-9000-cifar10_1.0-stdout MODEL_LOG -     raise RuntimeError('Error(s) in loading state_dict for {}:\n\t{}'.format(
2025-04-25T17:09:17,160 [INFO ] W-9000-cifar10_1.0-stdout MODEL_LOG - RuntimeError: Error(s) in loading state_dict for SimpleCNN:
2025-04-25T17:09:17,161 [INFO ] W-9000-cifar10_1.0-stdout MODEL_LOG - 	Missing key(s) in state_dict: "conv1.0.weight", "conv1.0.bias", "conv1.1.weight", "conv1.1.bias", "conv1.1.running_mean", "conv1.1.running_var", "conv1.3.weight", "conv1.3.bias", "conv1.4.weight", "conv1.4.bias", "conv1.4.running_mean", "conv1.4.running_var", "conv2.0.weight", "conv2.0.bias", "conv2.1.weight", "conv2.1.bias", "conv2.1.running_mean", "conv2.1.running_var", "conv2.3.weight", "conv2.3.bias", "conv2.4.weight", "conv2.4.bias", "conv2.4.running_mean", "conv2.4.running_var", "fc1.1.weight", "fc1.1.bias", "fc2.1.weight", "fc2.1.bias", "fc3.1.weight", "fc3.1.bias". 
2025-04-25T17:09:17,161 [INFO ] W-9000-cifar10_1.0-stdout MODEL_LOG - 	Unexpected key(s) in state_dict: "epoch", "model", "optimizer". 
2025-04-25T17:09:17,161 [INFO ] W-9000-cifar10_1.0-stdout MODEL_LOG - Backend worker process died.
2025-04-25T17:09:17,161 [INFO ] W-9000-cifar10_1.0-stdout MODEL_LOG - Traceback (most recent call last):
2025-04-25T17:09:17,161 [INFO ] W-9000-cifar10_1.0-stdout MODEL_LOG -   File "/home/amin/miniconda3/envs/deep-learning/lib/python3.9/site-packages/ts/model_service_worker.py", line 301, in <module>
2025-04-25T17:09:17,161 [INFO ] W-9000-cifar10_1.0-stdout MODEL_LOG -     worker.run_server()
2025-04-25T17:09:17,161 [INFO ] W-9000-cifar10_1.0-stdout MODEL_LOG -   File "/home/amin/miniconda3/envs/deep-learning/lib/python3.9/site-packages/ts/model_service_worker.py", line 268, in run_server
2025-04-25T17:09:17,162 [INFO ] W-9000-cifar10_1.0-stdout MODEL_LOG -     self.handle_connection(cl_socket)
2025-04-25T17:09:17,162 [INFO ] W-9000-cifar10_1.0-stdout MODEL_LOG -   File "/home/amin/miniconda3/envs/deep-learning/lib/python3.9/site-packages/ts/model_service_worker.py", line 201, in handle_connection
2025-04-25T17:09:17,162 [INFO ] W-9000-cifar10_1.0-stdout MODEL_LOG -     raise RuntimeError("{} - {}".format(code, result))
2025-04-25T17:09:17,162 [INFO ] W-9000-cifar10_1.0-stdout MODEL_LOG - RuntimeError: 500 - Unknown exception
2025-04-25T17:09:21,360 [INFO ] W-9000-cifar10_1.0-stdout MODEL_LOG - s_name_part0=/tmp/.ts.sock, s_name_part1=9000, pid=11168
2025-04-25T17:09:21,360 [INFO ] W-9000-cifar10_1.0-stdout MODEL_LOG - Listening on port: /tmp/.ts.sock.9000
2025-04-25T17:09:21,368 [INFO ] W-9000-cifar10_1.0-stdout MODEL_LOG - Successfully loaded /home/amin/miniconda3/envs/deep-learning/lib/python3.9/site-packages/ts/configs/metrics.yaml.
2025-04-25T17:09:21,368 [INFO ] W-9000-cifar10_1.0-stdout MODEL_LOG - [PID]11168
2025-04-25T17:09:21,368 [INFO ] W-9000-cifar10_1.0-stdout MODEL_LOG - Torch worker started.
2025-04-25T17:09:21,369 [INFO ] W-9000-cifar10_1.0-stdout MODEL_LOG - Python runtime: 3.9.21
2025-04-25T17:09:21,369 [INFO ] W-9000-cifar10_1.0-stdout MODEL_LOG - Connection accepted: /tmp/.ts.sock.9000.
2025-04-25T17:09:21,385 [INFO ] W-9000-cifar10_1.0-stdout MODEL_LOG - model_name: cifar10, batchSize: 1
2025-04-25T17:09:21,437 [INFO ] W-9000-cifar10_1.0-stdout MODEL_LOG - OpenVINO is not enabled
2025-04-25T17:09:21,438 [INFO ] W-9000-cifar10_1.0-stdout MODEL_LOG - proceeding without onnxruntime
2025-04-25T17:09:21,438 [INFO ] W-9000-cifar10_1.0-stdout MODEL_LOG - Torch TensorRT not enabled
2025-04-25T17:09:21,528 [INFO ] W-9000-cifar10_1.0-stdout MODEL_LOG - Failed to load model cifar10, exception Error(s) in loading state_dict for SimpleCNN:
2025-04-25T17:09:21,529 [INFO ] W-9000-cifar10_1.0-stdout MODEL_LOG - 	Missing key(s) in state_dict: "conv1.0.weight", "conv1.0.bias", "conv1.1.weight", "conv1.1.bias", "conv1.1.running_mean", "conv1.1.running_var", "conv1.3.weight", "conv1.3.bias", "conv1.4.weight", "conv1.4.bias", "conv1.4.running_mean", "conv1.4.running_var", "conv2.0.weight", "conv2.0.bias", "conv2.1.weight", "conv2.1.bias", "conv2.1.running_mean", "conv2.1.running_var", "conv2.3.weight", "conv2.3.bias", "conv2.4.weight", "conv2.4.bias", "conv2.4.running_mean", "conv2.4.running_var", "fc1.1.weight", "fc1.1.bias", "fc2.1.weight", "fc2.1.bias", "fc3.1.weight", "fc3.1.bias". 
2025-04-25T17:09:21,529 [INFO ] W-9000-cifar10_1.0-stdout MODEL_LOG - 	Unexpected key(s) in state_dict: "epoch", "model", "optimizer". 
2025-04-25T17:09:21,529 [INFO ] W-9000-cifar10_1.0-stdout MODEL_LOG - Traceback (most recent call last):
2025-04-25T17:09:21,529 [INFO ] W-9000-cifar10_1.0-stdout MODEL_LOG -   File "/home/amin/miniconda3/envs/deep-learning/lib/python3.9/site-packages/ts/model_service_worker.py", line 133, in load_model
2025-04-25T17:09:21,529 [INFO ] W-9000-cifar10_1.0-stdout MODEL_LOG -     service = model_loader.load(
2025-04-25T17:09:21,529 [INFO ] W-9000-cifar10_1.0-stdout MODEL_LOG -   File "/home/amin/miniconda3/envs/deep-learning/lib/python3.9/site-packages/ts/model_loader.py", line 143, in load
2025-04-25T17:09:21,529 [INFO ] W-9000-cifar10_1.0-stdout MODEL_LOG -     initialize_fn(service.context)
2025-04-25T17:09:21,529 [INFO ] W-9000-cifar10_1.0-stdout MODEL_LOG -   File "/home/amin/miniconda3/envs/deep-learning/lib/python3.9/site-packages/ts/torch_handler/base_handler.py", line 191, in initialize
2025-04-25T17:09:21,529 [INFO ] W-9000-cifar10_1.0-stdout MODEL_LOG -     self.model = self._load_pickled_model(
2025-04-25T17:09:21,529 [INFO ] W-9000-cifar10_1.0-stdout MODEL_LOG -   File "/home/amin/miniconda3/envs/deep-learning/lib/python3.9/site-packages/ts/torch_handler/base_handler.py", line 356, in _load_pickled_model
2025-04-25T17:09:21,529 [INFO ] W-9000-cifar10_1.0-stdout MODEL_LOG -     model.load_state_dict(state_dict)
2025-04-25T17:09:21,530 [INFO ] W-9000-cifar10_1.0-stdout MODEL_LOG -   File "/home/amin/miniconda3/envs/deep-learning/lib/python3.9/site-packages/torch/nn/modules/module.py", line 2189, in load_state_dict
2025-04-25T17:09:21,530 [INFO ] W-9000-cifar10_1.0-stdout MODEL_LOG -     raise RuntimeError('Error(s) in loading state_dict for {}:\n\t{}'.format(
2025-04-25T17:09:21,530 [INFO ] W-9000-cifar10_1.0-stdout MODEL_LOG - RuntimeError: Error(s) in loading state_dict for SimpleCNN:
2025-04-25T17:09:21,530 [INFO ] W-9000-cifar10_1.0-stdout MODEL_LOG - 	Missing key(s) in state_dict: "conv1.0.weight", "conv1.0.bias", "conv1.1.weight", "conv1.1.bias", "conv1.1.running_mean", "conv1.1.running_var", "conv1.3.weight", "conv1.3.bias", "conv1.4.weight", "conv1.4.bias", "conv1.4.running_mean", "conv1.4.running_var", "conv2.0.weight", "conv2.0.bias", "conv2.1.weight", "conv2.1.bias", "conv2.1.running_mean", "conv2.1.running_var", "conv2.3.weight", "conv2.3.bias", "conv2.4.weight", "conv2.4.bias", "conv2.4.running_mean", "conv2.4.running_var", "fc1.1.weight", "fc1.1.bias", "fc2.1.weight", "fc2.1.bias", "fc3.1.weight", "fc3.1.bias". 
2025-04-25T17:09:21,530 [INFO ] W-9000-cifar10_1.0-stdout MODEL_LOG - 	Unexpected key(s) in state_dict: "epoch", "model", "optimizer". 
2025-04-25T17:09:27,597 [INFO ] W-9000-cifar10_1.0-stdout MODEL_LOG - s_name_part0=/tmp/.ts.sock, s_name_part1=9000, pid=11185
2025-04-25T17:09:27,597 [INFO ] W-9000-cifar10_1.0-stdout MODEL_LOG - Listening on port: /tmp/.ts.sock.9000
2025-04-25T17:09:27,606 [INFO ] W-9000-cifar10_1.0-stdout MODEL_LOG - Successfully loaded /home/amin/miniconda3/envs/deep-learning/lib/python3.9/site-packages/ts/configs/metrics.yaml.
2025-04-25T17:09:27,606 [INFO ] W-9000-cifar10_1.0-stdout MODEL_LOG - [PID]11185
2025-04-25T17:09:27,606 [INFO ] W-9000-cifar10_1.0-stdout MODEL_LOG - Torch worker started.
2025-04-25T17:09:27,606 [INFO ] W-9000-cifar10_1.0-stdout MODEL_LOG - Python runtime: 3.9.21
2025-04-25T17:09:27,607 [INFO ] W-9000-cifar10_1.0-stdout MODEL_LOG - Connection accepted: /tmp/.ts.sock.9000.
2025-04-25T17:09:27,617 [INFO ] W-9000-cifar10_1.0-stdout MODEL_LOG - model_name: cifar10, batchSize: 1
2025-04-25T17:09:27,667 [INFO ] W-9000-cifar10_1.0-stdout MODEL_LOG - OpenVINO is not enabled
2025-04-25T17:09:27,667 [INFO ] W-9000-cifar10_1.0-stdout MODEL_LOG - proceeding without onnxruntime
2025-04-25T17:09:27,667 [INFO ] W-9000-cifar10_1.0-stdout MODEL_LOG - Torch TensorRT not enabled
2025-04-25T17:09:27,756 [INFO ] W-9000-cifar10_1.0-stdout MODEL_LOG - Failed to load model cifar10, exception Error(s) in loading state_dict for SimpleCNN:
2025-04-25T17:09:27,756 [INFO ] W-9000-cifar10_1.0-stdout MODEL_LOG - 	Missing key(s) in state_dict: "conv1.0.weight", "conv1.0.bias", "conv1.1.weight", "conv1.1.bias", "conv1.1.running_mean", "conv1.1.running_var", "conv1.3.weight", "conv1.3.bias", "conv1.4.weight", "conv1.4.bias", "conv1.4.running_mean", "conv1.4.running_var", "conv2.0.weight", "conv2.0.bias", "conv2.1.weight", "conv2.1.bias", "conv2.1.running_mean", "conv2.1.running_var", "conv2.3.weight", "conv2.3.bias", "conv2.4.weight", "conv2.4.bias", "conv2.4.running_mean", "conv2.4.running_var", "fc1.1.weight", "fc1.1.bias", "fc2.1.weight", "fc2.1.bias", "fc3.1.weight", "fc3.1.bias". 
2025-04-25T17:09:27,756 [INFO ] W-9000-cifar10_1.0-stdout MODEL_LOG - 	Unexpected key(s) in state_dict: "epoch", "model", "optimizer". 
2025-04-25T17:09:27,756 [INFO ] W-9000-cifar10_1.0-stdout MODEL_LOG - Traceback (most recent call last):
2025-04-25T17:09:27,756 [INFO ] W-9000-cifar10_1.0-stdout MODEL_LOG -   File "/home/amin/miniconda3/envs/deep-learning/lib/python3.9/site-packages/ts/model_service_worker.py", line 133, in load_model
2025-04-25T17:09:27,757 [INFO ] W-9000-cifar10_1.0-stdout MODEL_LOG -     service = model_loader.load(
2025-04-25T17:09:27,757 [INFO ] W-9000-cifar10_1.0-stdout MODEL_LOG -   File "/home/amin/miniconda3/envs/deep-learning/lib/python3.9/site-packages/ts/model_loader.py", line 143, in load
2025-04-25T17:09:27,757 [INFO ] W-9000-cifar10_1.0-stdout MODEL_LOG -     initialize_fn(service.context)
2025-04-25T17:09:27,757 [INFO ] W-9000-cifar10_1.0-stdout MODEL_LOG -   File "/home/amin/miniconda3/envs/deep-learning/lib/python3.9/site-packages/ts/torch_handler/base_handler.py", line 191, in initialize
2025-04-25T17:09:27,757 [INFO ] W-9000-cifar10_1.0-stdout MODEL_LOG -     self.model = self._load_pickled_model(
2025-04-25T17:09:27,757 [INFO ] W-9000-cifar10_1.0-stdout MODEL_LOG -   File "/home/amin/miniconda3/envs/deep-learning/lib/python3.9/site-packages/ts/torch_handler/base_handler.py", line 356, in _load_pickled_model
2025-04-25T17:09:27,757 [INFO ] W-9000-cifar10_1.0-stdout MODEL_LOG -     model.load_state_dict(state_dict)
2025-04-25T17:09:27,757 [INFO ] W-9000-cifar10_1.0-stdout MODEL_LOG -   File "/home/amin/miniconda3/envs/deep-learning/lib/python3.9/site-packages/torch/nn/modules/module.py", line 2189, in load_state_dict
2025-04-25T17:09:27,757 [INFO ] W-9000-cifar10_1.0-stdout MODEL_LOG -     raise RuntimeError('Error(s) in loading state_dict for {}:\n\t{}'.format(
2025-04-25T17:09:27,757 [INFO ] W-9000-cifar10_1.0-stdout MODEL_LOG - RuntimeError: Error(s) in loading state_dict for SimpleCNN:
2025-04-25T17:09:27,757 [INFO ] W-9000-cifar10_1.0-stdout MODEL_LOG - 	Missing key(s) in state_dict: "conv1.0.weight", "conv1.0.bias", "conv1.1.weight", "conv1.1.bias", "conv1.1.running_mean", "conv1.1.running_var", "conv1.3.weight", "conv1.3.bias", "conv1.4.weight", "conv1.4.bias", "conv1.4.running_mean", "conv1.4.running_var", "conv2.0.weight", "conv2.0.bias", "conv2.1.weight", "conv2.1.bias", "conv2.1.running_mean", "conv2.1.running_var", "conv2.3.weight", "conv2.3.bias", "conv2.4.weight", "conv2.4.bias", "conv2.4.running_mean", "conv2.4.running_var", "fc1.1.weight", "fc1.1.bias", "fc2.1.weight", "fc2.1.bias", "fc3.1.weight", "fc3.1.bias". 
2025-04-25T17:09:27,757 [INFO ] W-9000-cifar10_1.0-stdout MODEL_LOG - 	Unexpected key(s) in state_dict: "epoch", "model", "optimizer". 
2025-04-25T17:09:27,757 [INFO ] W-9000-cifar10_1.0-stdout MODEL_LOG - Backend worker process died.
2025-04-25T17:09:27,757 [INFO ] W-9000-cifar10_1.0-stdout MODEL_LOG - Traceback (most recent call last):
2025-04-25T17:09:27,758 [INFO ] W-9000-cifar10_1.0-stdout MODEL_LOG -   File "/home/amin/miniconda3/envs/deep-learning/lib/python3.9/site-packages/ts/model_service_worker.py", line 301, in <module>
2025-04-25T17:09:27,758 [INFO ] W-9000-cifar10_1.0-stdout MODEL_LOG -     worker.run_server()
2025-04-25T17:09:27,758 [INFO ] W-9000-cifar10_1.0-stdout MODEL_LOG -   File "/home/amin/miniconda3/envs/deep-learning/lib/python3.9/site-packages/ts/model_service_worker.py", line 268, in run_server
2025-04-25T17:09:27,758 [INFO ] W-9000-cifar10_1.0-stdout MODEL_LOG -     self.handle_connection(cl_socket)
2025-04-25T17:09:27,758 [INFO ] W-9000-cifar10_1.0-stdout MODEL_LOG -   File "/home/amin/miniconda3/envs/deep-learning/lib/python3.9/site-packages/ts/model_service_worker.py", line 201, in handle_connection
2025-04-25T17:09:27,758 [INFO ] W-9000-cifar10_1.0-stdout MODEL_LOG -     raise RuntimeError("{} - {}".format(code, result))
2025-04-25T17:09:27,758 [INFO ] W-9000-cifar10_1.0-stdout MODEL_LOG - RuntimeError: 500 - Unknown exception
2025-04-25T17:09:36,808 [INFO ] W-9000-cifar10_1.0-stdout MODEL_LOG - s_name_part0=/tmp/.ts.sock, s_name_part1=9000, pid=11204
2025-04-25T17:09:36,809 [INFO ] W-9000-cifar10_1.0-stdout MODEL_LOG - Listening on port: /tmp/.ts.sock.9000
2025-04-25T17:09:36,817 [INFO ] W-9000-cifar10_1.0-stdout MODEL_LOG - Successfully loaded /home/amin/miniconda3/envs/deep-learning/lib/python3.9/site-packages/ts/configs/metrics.yaml.
2025-04-25T17:09:36,817 [INFO ] W-9000-cifar10_1.0-stdout MODEL_LOG - [PID]11204
2025-04-25T17:09:36,817 [INFO ] W-9000-cifar10_1.0-stdout MODEL_LOG - Torch worker started.
2025-04-25T17:09:36,817 [INFO ] W-9000-cifar10_1.0-stdout MODEL_LOG - Python runtime: 3.9.21
2025-04-25T17:09:36,818 [INFO ] W-9000-cifar10_1.0-stdout MODEL_LOG - Connection accepted: /tmp/.ts.sock.9000.
2025-04-25T17:09:36,831 [INFO ] W-9000-cifar10_1.0-stdout MODEL_LOG - model_name: cifar10, batchSize: 1
2025-04-25T17:09:36,880 [INFO ] W-9000-cifar10_1.0-stdout MODEL_LOG - OpenVINO is not enabled
2025-04-25T17:09:36,880 [INFO ] W-9000-cifar10_1.0-stdout MODEL_LOG - proceeding without onnxruntime
2025-04-25T17:09:36,880 [INFO ] W-9000-cifar10_1.0-stdout MODEL_LOG - Torch TensorRT not enabled
2025-04-25T17:09:36,956 [INFO ] W-9000-cifar10_1.0-stdout MODEL_LOG - Failed to load model cifar10, exception Error(s) in loading state_dict for SimpleCNN:
2025-04-25T17:09:36,957 [INFO ] W-9000-cifar10_1.0-stdout MODEL_LOG - 	Missing key(s) in state_dict: "conv1.0.weight", "conv1.0.bias", "conv1.1.weight", "conv1.1.bias", "conv1.1.running_mean", "conv1.1.running_var", "conv1.3.weight", "conv1.3.bias", "conv1.4.weight", "conv1.4.bias", "conv1.4.running_mean", "conv1.4.running_var", "conv2.0.weight", "conv2.0.bias", "conv2.1.weight", "conv2.1.bias", "conv2.1.running_mean", "conv2.1.running_var", "conv2.3.weight", "conv2.3.bias", "conv2.4.weight", "conv2.4.bias", "conv2.4.running_mean", "conv2.4.running_var", "fc1.1.weight", "fc1.1.bias", "fc2.1.weight", "fc2.1.bias", "fc3.1.weight", "fc3.1.bias". 
2025-04-25T17:09:36,957 [INFO ] W-9000-cifar10_1.0-stdout MODEL_LOG - 	Unexpected key(s) in state_dict: "epoch", "model", "optimizer". 
2025-04-25T17:09:36,957 [INFO ] W-9000-cifar10_1.0-stdout MODEL_LOG - Traceback (most recent call last):
2025-04-25T17:09:36,957 [INFO ] W-9000-cifar10_1.0-stdout MODEL_LOG -   File "/home/amin/miniconda3/envs/deep-learning/lib/python3.9/site-packages/ts/model_service_worker.py", line 133, in load_model
2025-04-25T17:09:36,957 [INFO ] W-9000-cifar10_1.0-stdout MODEL_LOG -     service = model_loader.load(
2025-04-25T17:09:36,957 [INFO ] W-9000-cifar10_1.0-stdout MODEL_LOG -   File "/home/amin/miniconda3/envs/deep-learning/lib/python3.9/site-packages/ts/model_loader.py", line 143, in load
2025-04-25T17:09:36,958 [INFO ] W-9000-cifar10_1.0-stdout MODEL_LOG -     initialize_fn(service.context)
2025-04-25T17:09:36,958 [INFO ] W-9000-cifar10_1.0-stdout MODEL_LOG -   File "/home/amin/miniconda3/envs/deep-learning/lib/python3.9/site-packages/ts/torch_handler/base_handler.py", line 191, in initialize
2025-04-25T17:09:36,958 [INFO ] W-9000-cifar10_1.0-stdout MODEL_LOG -     self.model = self._load_pickled_model(
2025-04-25T17:09:36,958 [INFO ] W-9000-cifar10_1.0-stdout MODEL_LOG -   File "/home/amin/miniconda3/envs/deep-learning/lib/python3.9/site-packages/ts/torch_handler/base_handler.py", line 356, in _load_pickled_model
2025-04-25T17:09:36,958 [INFO ] W-9000-cifar10_1.0-stdout MODEL_LOG -     model.load_state_dict(state_dict)
2025-04-25T17:09:36,958 [INFO ] W-9000-cifar10_1.0-stdout MODEL_LOG -   File "/home/amin/miniconda3/envs/deep-learning/lib/python3.9/site-packages/torch/nn/modules/module.py", line 2189, in load_state_dict
2025-04-25T17:09:36,958 [INFO ] W-9000-cifar10_1.0-stdout MODEL_LOG -     raise RuntimeError('Error(s) in loading state_dict for {}:\n\t{}'.format(
2025-04-25T17:09:36,958 [INFO ] W-9000-cifar10_1.0-stdout MODEL_LOG - RuntimeError: Error(s) in loading state_dict for SimpleCNN:
2025-04-25T17:09:36,959 [INFO ] W-9000-cifar10_1.0-stdout MODEL_LOG - 	Missing key(s) in state_dict: "conv1.0.weight", "conv1.0.bias", "conv1.1.weight", "conv1.1.bias", "conv1.1.running_mean", "conv1.1.running_var", "conv1.3.weight", "conv1.3.bias", "conv1.4.weight", "conv1.4.bias", "conv1.4.running_mean", "conv1.4.running_var", "conv2.0.weight", "conv2.0.bias", "conv2.1.weight", "conv2.1.bias", "conv2.1.running_mean", "conv2.1.running_var", "conv2.3.weight", "conv2.3.bias", "conv2.4.weight", "conv2.4.bias", "conv2.4.running_mean", "conv2.4.running_var", "fc1.1.weight", "fc1.1.bias", "fc2.1.weight", "fc2.1.bias", "fc3.1.weight", "fc3.1.bias". 
2025-04-25T17:09:36,959 [INFO ] W-9000-cifar10_1.0-stdout MODEL_LOG - 	Unexpected key(s) in state_dict: "epoch", "model", "optimizer". 
2025-04-25T17:09:36,959 [INFO ] W-9000-cifar10_1.0-stdout MODEL_LOG - Backend worker process died.
2025-04-25T17:09:36,959 [INFO ] W-9000-cifar10_1.0-stdout MODEL_LOG - Traceback (most recent call last):
2025-04-25T17:09:36,959 [INFO ] W-9000-cifar10_1.0-stdout MODEL_LOG -   File "/home/amin/miniconda3/envs/deep-learning/lib/python3.9/site-packages/ts/model_service_worker.py", line 301, in <module>
2025-04-25T17:09:36,959 [INFO ] W-9000-cifar10_1.0-stdout MODEL_LOG -     worker.run_server()
2025-04-25T17:09:36,959 [INFO ] W-9000-cifar10_1.0-stdout MODEL_LOG -   File "/home/amin/miniconda3/envs/deep-learning/lib/python3.9/site-packages/ts/model_service_worker.py", line 268, in run_server
2025-04-25T17:09:36,960 [INFO ] W-9000-cifar10_1.0-stdout MODEL_LOG -     self.handle_connection(cl_socket)
2025-04-25T17:09:36,960 [INFO ] W-9000-cifar10_1.0-stdout MODEL_LOG -   File "/home/amin/miniconda3/envs/deep-learning/lib/python3.9/site-packages/ts/model_service_worker.py", line 201, in handle_connection
2025-04-25T17:09:36,960 [INFO ] W-9000-cifar10_1.0-stdout MODEL_LOG -     raise RuntimeError("{} - {}".format(code, result))
2025-04-25T17:09:36,960 [INFO ] W-9000-cifar10_1.0-stdout MODEL_LOG - RuntimeError: 500 - Unknown exception
2025-04-25T17:09:51,032 [INFO ] W-9000-cifar10_1.0-stdout MODEL_LOG - s_name_part0=/tmp/.ts.sock, s_name_part1=9000, pid=11231
2025-04-25T17:09:51,032 [INFO ] W-9000-cifar10_1.0-stdout MODEL_LOG - Listening on port: /tmp/.ts.sock.9000
2025-04-25T17:09:51,041 [INFO ] W-9000-cifar10_1.0-stdout MODEL_LOG - Successfully loaded /home/amin/miniconda3/envs/deep-learning/lib/python3.9/site-packages/ts/configs/metrics.yaml.
2025-04-25T17:09:51,041 [INFO ] W-9000-cifar10_1.0-stdout MODEL_LOG - [PID]11231
2025-04-25T17:09:51,041 [INFO ] W-9000-cifar10_1.0-stdout MODEL_LOG - Torch worker started.
2025-04-25T17:09:51,041 [INFO ] W-9000-cifar10_1.0-stdout MODEL_LOG - Python runtime: 3.9.21
2025-04-25T17:09:51,042 [INFO ] W-9000-cifar10_1.0-stdout MODEL_LOG - Connection accepted: /tmp/.ts.sock.9000.
2025-04-25T17:09:51,052 [INFO ] W-9000-cifar10_1.0-stdout MODEL_LOG - model_name: cifar10, batchSize: 1
2025-04-25T17:09:52,650 [INFO ] W-9000-cifar10_1.0-stdout MODEL_LOG - OpenVINO is not enabled
2025-04-25T17:09:52,650 [INFO ] W-9000-cifar10_1.0-stdout MODEL_LOG - proceeding without onnxruntime
2025-04-25T17:09:52,650 [INFO ] W-9000-cifar10_1.0-stdout MODEL_LOG - Torch TensorRT not enabled
2025-04-25T17:09:52,718 [INFO ] W-9000-cifar10_1.0-stdout MODEL_LOG - Failed to load model cifar10, exception Error(s) in loading state_dict for SimpleCNN:
2025-04-25T17:09:52,718 [INFO ] W-9000-cifar10_1.0-stdout MODEL_LOG - 	Missing key(s) in state_dict: "conv1.0.weight", "conv1.0.bias", "conv1.1.weight", "conv1.1.bias", "conv1.1.running_mean", "conv1.1.running_var", "conv1.3.weight", "conv1.3.bias", "conv1.4.weight", "conv1.4.bias", "conv1.4.running_mean", "conv1.4.running_var", "conv2.0.weight", "conv2.0.bias", "conv2.1.weight", "conv2.1.bias", "conv2.1.running_mean", "conv2.1.running_var", "conv2.3.weight", "conv2.3.bias", "conv2.4.weight", "conv2.4.bias", "conv2.4.running_mean", "conv2.4.running_var", "fc1.1.weight", "fc1.1.bias", "fc2.1.weight", "fc2.1.bias", "fc3.1.weight", "fc3.1.bias". 
2025-04-25T17:09:52,718 [INFO ] W-9000-cifar10_1.0-stdout MODEL_LOG - 	Unexpected key(s) in state_dict: "epoch", "model", "optimizer". 
2025-04-25T17:09:52,718 [INFO ] W-9000-cifar10_1.0-stdout MODEL_LOG - Traceback (most recent call last):
2025-04-25T17:09:52,718 [INFO ] W-9000-cifar10_1.0-stdout MODEL_LOG -   File "/home/amin/miniconda3/envs/deep-learning/lib/python3.9/site-packages/ts/model_service_worker.py", line 133, in load_model
2025-04-25T17:09:52,718 [INFO ] W-9000-cifar10_1.0-stdout MODEL_LOG -     service = model_loader.load(
2025-04-25T17:09:52,719 [INFO ] W-9000-cifar10_1.0-stdout MODEL_LOG -   File "/home/amin/miniconda3/envs/deep-learning/lib/python3.9/site-packages/ts/model_loader.py", line 143, in load
2025-04-25T17:09:52,719 [INFO ] W-9000-cifar10_1.0-stdout MODEL_LOG -     initialize_fn(service.context)
2025-04-25T17:09:52,719 [INFO ] W-9000-cifar10_1.0-stdout MODEL_LOG -   File "/home/amin/miniconda3/envs/deep-learning/lib/python3.9/site-packages/ts/torch_handler/base_handler.py", line 191, in initialize
2025-04-25T17:09:52,719 [INFO ] W-9000-cifar10_1.0-stdout MODEL_LOG -     self.model = self._load_pickled_model(
2025-04-25T17:09:52,719 [INFO ] W-9000-cifar10_1.0-stdout MODEL_LOG -   File "/home/amin/miniconda3/envs/deep-learning/lib/python3.9/site-packages/ts/torch_handler/base_handler.py", line 356, in _load_pickled_model
2025-04-25T17:09:52,719 [INFO ] W-9000-cifar10_1.0-stdout MODEL_LOG -     model.load_state_dict(state_dict)
2025-04-25T17:09:52,719 [INFO ] W-9000-cifar10_1.0-stdout MODEL_LOG -   File "/home/amin/miniconda3/envs/deep-learning/lib/python3.9/site-packages/torch/nn/modules/module.py", line 2189, in load_state_dict
2025-04-25T17:09:52,719 [INFO ] W-9000-cifar10_1.0-stdout MODEL_LOG -     raise RuntimeError('Error(s) in loading state_dict for {}:\n\t{}'.format(
2025-04-25T17:09:52,719 [INFO ] W-9000-cifar10_1.0-stdout MODEL_LOG - RuntimeError: Error(s) in loading state_dict for SimpleCNN:
2025-04-25T17:09:52,719 [INFO ] W-9000-cifar10_1.0-stdout MODEL_LOG - 	Missing key(s) in state_dict: "conv1.0.weight", "conv1.0.bias", "conv1.1.weight", "conv1.1.bias", "conv1.1.running_mean", "conv1.1.running_var", "conv1.3.weight", "conv1.3.bias", "conv1.4.weight", "conv1.4.bias", "conv1.4.running_mean", "conv1.4.running_var", "conv2.0.weight", "conv2.0.bias", "conv2.1.weight", "conv2.1.bias", "conv2.1.running_mean", "conv2.1.running_var", "conv2.3.weight", "conv2.3.bias", "conv2.4.weight", "conv2.4.bias", "conv2.4.running_mean", "conv2.4.running_var", "fc1.1.weight", "fc1.1.bias", "fc2.1.weight", "fc2.1.bias", "fc3.1.weight", "fc3.1.bias". 
2025-04-25T17:09:52,719 [INFO ] W-9000-cifar10_1.0-stdout MODEL_LOG - 	Unexpected key(s) in state_dict: "epoch", "model", "optimizer". 
2025-04-25T17:09:52,719 [INFO ] W-9000-cifar10_1.0-stdout MODEL_LOG - Backend worker process died.
2025-04-25T17:09:52,719 [INFO ] W-9000-cifar10_1.0-stdout MODEL_LOG - Traceback (most recent call last):
2025-04-25T17:09:52,719 [INFO ] W-9000-cifar10_1.0-stdout MODEL_LOG -   File "/home/amin/miniconda3/envs/deep-learning/lib/python3.9/site-packages/ts/model_service_worker.py", line 301, in <module>
2025-04-25T17:09:52,719 [INFO ] W-9000-cifar10_1.0-stdout MODEL_LOG -     worker.run_server()
2025-04-25T17:09:52,719 [INFO ] W-9000-cifar10_1.0-stdout MODEL_LOG -   File "/home/amin/miniconda3/envs/deep-learning/lib/python3.9/site-packages/ts/model_service_worker.py", line 268, in run_server
2025-04-25T17:09:52,720 [INFO ] W-9000-cifar10_1.0-stdout MODEL_LOG -     self.handle_connection(cl_socket)
2025-04-25T17:09:52,720 [INFO ] W-9000-cifar10_1.0-stdout MODEL_LOG -   File "/home/amin/miniconda3/envs/deep-learning/lib/python3.9/site-packages/ts/model_service_worker.py", line 201, in handle_connection
2025-04-25T17:09:52,720 [INFO ] W-9000-cifar10_1.0-stdout MODEL_LOG -     raise RuntimeError("{} - {}".format(code, result))
2025-04-25T17:09:52,720 [INFO ] W-9000-cifar10_1.0-stdout MODEL_LOG - RuntimeError: 500 - Unknown exception
2025-04-25T17:10:14,739 [INFO ] W-9000-cifar10_1.0-stdout MODEL_LOG - s_name_part0=/tmp/.ts.sock, s_name_part1=9000, pid=11282
2025-04-25T17:10:14,739 [INFO ] W-9000-cifar10_1.0-stdout MODEL_LOG - Listening on port: /tmp/.ts.sock.9000
2025-04-25T17:10:14,747 [INFO ] W-9000-cifar10_1.0-stdout MODEL_LOG - Successfully loaded /home/amin/miniconda3/envs/deep-learning/lib/python3.9/site-packages/ts/configs/metrics.yaml.
2025-04-25T17:10:14,747 [INFO ] W-9000-cifar10_1.0-stdout MODEL_LOG - [PID]11282
2025-04-25T17:10:14,747 [INFO ] W-9000-cifar10_1.0-stdout MODEL_LOG - Torch worker started.
2025-04-25T17:10:14,747 [INFO ] W-9000-cifar10_1.0-stdout MODEL_LOG - Python runtime: 3.9.21
2025-04-25T17:10:14,748 [INFO ] W-9000-cifar10_1.0-stdout MODEL_LOG - Connection accepted: /tmp/.ts.sock.9000.
2025-04-25T17:10:14,758 [INFO ] W-9000-cifar10_1.0-stdout MODEL_LOG - model_name: cifar10, batchSize: 1
2025-04-25T17:10:14,806 [INFO ] W-9000-cifar10_1.0-stdout MODEL_LOG - OpenVINO is not enabled
2025-04-25T17:10:14,806 [INFO ] W-9000-cifar10_1.0-stdout MODEL_LOG - proceeding without onnxruntime
2025-04-25T17:10:14,806 [INFO ] W-9000-cifar10_1.0-stdout MODEL_LOG - Torch TensorRT not enabled
2025-04-25T17:10:14,886 [INFO ] W-9000-cifar10_1.0-stdout MODEL_LOG - Failed to load model cifar10, exception Error(s) in loading state_dict for SimpleCNN:
2025-04-25T17:10:14,887 [INFO ] W-9000-cifar10_1.0-stdout MODEL_LOG - 	Missing key(s) in state_dict: "conv1.0.weight", "conv1.0.bias", "conv1.1.weight", "conv1.1.bias", "conv1.1.running_mean", "conv1.1.running_var", "conv1.3.weight", "conv1.3.bias", "conv1.4.weight", "conv1.4.bias", "conv1.4.running_mean", "conv1.4.running_var", "conv2.0.weight", "conv2.0.bias", "conv2.1.weight", "conv2.1.bias", "conv2.1.running_mean", "conv2.1.running_var", "conv2.3.weight", "conv2.3.bias", "conv2.4.weight", "conv2.4.bias", "conv2.4.running_mean", "conv2.4.running_var", "fc1.1.weight", "fc1.1.bias", "fc2.1.weight", "fc2.1.bias", "fc3.1.weight", "fc3.1.bias". 
2025-04-25T17:10:14,887 [INFO ] W-9000-cifar10_1.0-stdout MODEL_LOG - 	Unexpected key(s) in state_dict: "epoch", "model", "optimizer". 
2025-04-25T17:10:14,887 [INFO ] W-9000-cifar10_1.0-stdout MODEL_LOG - Traceback (most recent call last):
2025-04-25T17:10:14,887 [INFO ] W-9000-cifar10_1.0-stdout MODEL_LOG -   File "/home/amin/miniconda3/envs/deep-learning/lib/python3.9/site-packages/ts/model_service_worker.py", line 133, in load_model
2025-04-25T17:10:14,887 [INFO ] W-9000-cifar10_1.0-stdout MODEL_LOG -     service = model_loader.load(
2025-04-25T17:10:14,887 [INFO ] W-9000-cifar10_1.0-stdout MODEL_LOG -   File "/home/amin/miniconda3/envs/deep-learning/lib/python3.9/site-packages/ts/model_loader.py", line 143, in load
2025-04-25T17:10:14,887 [INFO ] W-9000-cifar10_1.0-stdout MODEL_LOG -     initialize_fn(service.context)
2025-04-25T17:10:14,887 [INFO ] W-9000-cifar10_1.0-stdout MODEL_LOG -   File "/home/amin/miniconda3/envs/deep-learning/lib/python3.9/site-packages/ts/torch_handler/base_handler.py", line 191, in initialize
2025-04-25T17:10:14,887 [INFO ] W-9000-cifar10_1.0-stdout MODEL_LOG -     self.model = self._load_pickled_model(
2025-04-25T17:10:14,887 [INFO ] W-9000-cifar10_1.0-stdout MODEL_LOG -   File "/home/amin/miniconda3/envs/deep-learning/lib/python3.9/site-packages/ts/torch_handler/base_handler.py", line 356, in _load_pickled_model
2025-04-25T17:10:14,887 [INFO ] W-9000-cifar10_1.0-stdout MODEL_LOG -     model.load_state_dict(state_dict)
2025-04-25T17:10:14,887 [INFO ] W-9000-cifar10_1.0-stdout MODEL_LOG -   File "/home/amin/miniconda3/envs/deep-learning/lib/python3.9/site-packages/torch/nn/modules/module.py", line 2189, in load_state_dict
2025-04-25T17:10:14,887 [INFO ] W-9000-cifar10_1.0-stdout MODEL_LOG -     raise RuntimeError('Error(s) in loading state_dict for {}:\n\t{}'.format(
2025-04-25T17:10:14,887 [INFO ] W-9000-cifar10_1.0-stdout MODEL_LOG - RuntimeError: Error(s) in loading state_dict for SimpleCNN:
2025-04-25T17:10:14,888 [INFO ] W-9000-cifar10_1.0-stdout MODEL_LOG - 	Missing key(s) in state_dict: "conv1.0.weight", "conv1.0.bias", "conv1.1.weight", "conv1.1.bias", "conv1.1.running_mean", "conv1.1.running_var", "conv1.3.weight", "conv1.3.bias", "conv1.4.weight", "conv1.4.bias", "conv1.4.running_mean", "conv1.4.running_var", "conv2.0.weight", "conv2.0.bias", "conv2.1.weight", "conv2.1.bias", "conv2.1.running_mean", "conv2.1.running_var", "conv2.3.weight", "conv2.3.bias", "conv2.4.weight", "conv2.4.bias", "conv2.4.running_mean", "conv2.4.running_var", "fc1.1.weight", "fc1.1.bias", "fc2.1.weight", "fc2.1.bias", "fc3.1.weight", "fc3.1.bias". 
2025-04-25T17:10:14,888 [INFO ] W-9000-cifar10_1.0-stdout MODEL_LOG - 	Unexpected key(s) in state_dict: "epoch", "model", "optimizer". 
2025-04-25T17:10:14,888 [INFO ] W-9000-cifar10_1.0-stdout MODEL_LOG - Backend worker process died.
2025-04-25T17:10:14,888 [INFO ] W-9000-cifar10_1.0-stdout MODEL_LOG - Traceback (most recent call last):
2025-04-25T17:10:14,888 [INFO ] W-9000-cifar10_1.0-stdout MODEL_LOG -   File "/home/amin/miniconda3/envs/deep-learning/lib/python3.9/site-packages/ts/model_service_worker.py", line 301, in <module>
2025-04-25T17:10:14,888 [INFO ] W-9000-cifar10_1.0-stdout MODEL_LOG -     worker.run_server()
2025-04-25T17:10:14,888 [INFO ] W-9000-cifar10_1.0-stdout MODEL_LOG -   File "/home/amin/miniconda3/envs/deep-learning/lib/python3.9/site-packages/ts/model_service_worker.py", line 268, in run_server
2025-04-25T17:10:14,888 [INFO ] W-9000-cifar10_1.0-stdout MODEL_LOG -     self.handle_connection(cl_socket)
2025-04-25T17:10:14,888 [INFO ] W-9000-cifar10_1.0-stdout MODEL_LOG -   File "/home/amin/miniconda3/envs/deep-learning/lib/python3.9/site-packages/ts/model_service_worker.py", line 201, in handle_connection
2025-04-25T17:10:14,888 [INFO ] W-9000-cifar10_1.0-stdout MODEL_LOG -     raise RuntimeError("{} - {}".format(code, result))
2025-04-25T17:10:14,888 [INFO ] W-9000-cifar10_1.0-stdout MODEL_LOG - RuntimeError: 500 - Unknown exception
2025-04-25T17:10:49,934 [INFO ] W-9000-cifar10_1.0-stdout MODEL_LOG - s_name_part0=/tmp/.ts.sock, s_name_part1=9000, pid=11304
2025-04-25T17:10:49,934 [INFO ] W-9000-cifar10_1.0-stdout MODEL_LOG - Listening on port: /tmp/.ts.sock.9000
2025-04-25T17:10:49,942 [INFO ] W-9000-cifar10_1.0-stdout MODEL_LOG - Successfully loaded /home/amin/miniconda3/envs/deep-learning/lib/python3.9/site-packages/ts/configs/metrics.yaml.
2025-04-25T17:10:49,942 [INFO ] W-9000-cifar10_1.0-stdout MODEL_LOG - [PID]11304
2025-04-25T17:10:49,942 [INFO ] W-9000-cifar10_1.0-stdout MODEL_LOG - Torch worker started.
2025-04-25T17:10:49,942 [INFO ] W-9000-cifar10_1.0-stdout MODEL_LOG - Python runtime: 3.9.21
2025-04-25T17:10:49,943 [INFO ] W-9000-cifar10_1.0-stdout MODEL_LOG - Connection accepted: /tmp/.ts.sock.9000.
2025-04-25T17:10:49,954 [INFO ] W-9000-cifar10_1.0-stdout MODEL_LOG - model_name: cifar10, batchSize: 1
2025-04-25T17:10:51,533 [INFO ] W-9000-cifar10_1.0-stdout MODEL_LOG - OpenVINO is not enabled
2025-04-25T17:10:51,534 [INFO ] W-9000-cifar10_1.0-stdout MODEL_LOG - proceeding without onnxruntime
2025-04-25T17:10:51,534 [INFO ] W-9000-cifar10_1.0-stdout MODEL_LOG - Torch TensorRT not enabled
2025-04-25T17:10:51,603 [INFO ] W-9000-cifar10_1.0-stdout MODEL_LOG - Failed to load model cifar10, exception Error(s) in loading state_dict for SimpleCNN:
2025-04-25T17:10:51,603 [INFO ] W-9000-cifar10_1.0-stdout MODEL_LOG - 	Missing key(s) in state_dict: "conv1.0.weight", "conv1.0.bias", "conv1.1.weight", "conv1.1.bias", "conv1.1.running_mean", "conv1.1.running_var", "conv1.3.weight", "conv1.3.bias", "conv1.4.weight", "conv1.4.bias", "conv1.4.running_mean", "conv1.4.running_var", "conv2.0.weight", "conv2.0.bias", "conv2.1.weight", "conv2.1.bias", "conv2.1.running_mean", "conv2.1.running_var", "conv2.3.weight", "conv2.3.bias", "conv2.4.weight", "conv2.4.bias", "conv2.4.running_mean", "conv2.4.running_var", "fc1.1.weight", "fc1.1.bias", "fc2.1.weight", "fc2.1.bias", "fc3.1.weight", "fc3.1.bias". 
2025-04-25T17:10:51,603 [INFO ] W-9000-cifar10_1.0-stdout MODEL_LOG - 	Unexpected key(s) in state_dict: "epoch", "model", "optimizer". 
2025-04-25T17:10:51,603 [INFO ] W-9000-cifar10_1.0-stdout MODEL_LOG - Traceback (most recent call last):
2025-04-25T17:10:51,603 [INFO ] W-9000-cifar10_1.0-stdout MODEL_LOG -   File "/home/amin/miniconda3/envs/deep-learning/lib/python3.9/site-packages/ts/model_service_worker.py", line 133, in load_model
2025-04-25T17:10:51,603 [INFO ] W-9000-cifar10_1.0-stdout MODEL_LOG -     service = model_loader.load(
2025-04-25T17:10:51,603 [INFO ] W-9000-cifar10_1.0-stdout MODEL_LOG -   File "/home/amin/miniconda3/envs/deep-learning/lib/python3.9/site-packages/ts/model_loader.py", line 143, in load
2025-04-25T17:10:51,603 [INFO ] W-9000-cifar10_1.0-stdout MODEL_LOG -     initialize_fn(service.context)
2025-04-25T17:10:51,603 [INFO ] W-9000-cifar10_1.0-stdout MODEL_LOG -   File "/home/amin/miniconda3/envs/deep-learning/lib/python3.9/site-packages/ts/torch_handler/base_handler.py", line 191, in initialize
2025-04-25T17:10:51,603 [INFO ] W-9000-cifar10_1.0-stdout MODEL_LOG -     self.model = self._load_pickled_model(
2025-04-25T17:10:51,603 [INFO ] W-9000-cifar10_1.0-stdout MODEL_LOG -   File "/home/amin/miniconda3/envs/deep-learning/lib/python3.9/site-packages/ts/torch_handler/base_handler.py", line 356, in _load_pickled_model
2025-04-25T17:10:51,603 [INFO ] W-9000-cifar10_1.0-stdout MODEL_LOG -     model.load_state_dict(state_dict)
2025-04-25T17:10:51,603 [INFO ] W-9000-cifar10_1.0-stdout MODEL_LOG -   File "/home/amin/miniconda3/envs/deep-learning/lib/python3.9/site-packages/torch/nn/modules/module.py", line 2189, in load_state_dict
2025-04-25T17:10:51,604 [INFO ] W-9000-cifar10_1.0-stdout MODEL_LOG -     raise RuntimeError('Error(s) in loading state_dict for {}:\n\t{}'.format(
2025-04-25T17:10:51,604 [INFO ] W-9000-cifar10_1.0-stdout MODEL_LOG - RuntimeError: Error(s) in loading state_dict for SimpleCNN:
2025-04-25T17:10:51,604 [INFO ] W-9000-cifar10_1.0-stdout MODEL_LOG - 	Missing key(s) in state_dict: "conv1.0.weight", "conv1.0.bias", "conv1.1.weight", "conv1.1.bias", "conv1.1.running_mean", "conv1.1.running_var", "conv1.3.weight", "conv1.3.bias", "conv1.4.weight", "conv1.4.bias", "conv1.4.running_mean", "conv1.4.running_var", "conv2.0.weight", "conv2.0.bias", "conv2.1.weight", "conv2.1.bias", "conv2.1.running_mean", "conv2.1.running_var", "conv2.3.weight", "conv2.3.bias", "conv2.4.weight", "conv2.4.bias", "conv2.4.running_mean", "conv2.4.running_var", "fc1.1.weight", "fc1.1.bias", "fc2.1.weight", "fc2.1.bias", "fc3.1.weight", "fc3.1.bias". 
2025-04-25T17:10:51,604 [INFO ] W-9000-cifar10_1.0-stdout MODEL_LOG - 	Unexpected key(s) in state_dict: "epoch", "model", "optimizer". 
2025-04-25T17:10:51,604 [INFO ] W-9000-cifar10_1.0-stdout MODEL_LOG - Backend worker process died.
2025-04-25T17:10:51,604 [INFO ] W-9000-cifar10_1.0-stdout MODEL_LOG - Traceback (most recent call last):
2025-04-25T17:10:51,604 [INFO ] W-9000-cifar10_1.0-stdout MODEL_LOG -   File "/home/amin/miniconda3/envs/deep-learning/lib/python3.9/site-packages/ts/model_service_worker.py", line 301, in <module>
2025-04-25T17:10:51,604 [INFO ] W-9000-cifar10_1.0-stdout MODEL_LOG -     worker.run_server()
2025-04-25T17:10:51,604 [INFO ] W-9000-cifar10_1.0-stdout MODEL_LOG -   File "/home/amin/miniconda3/envs/deep-learning/lib/python3.9/site-packages/ts/model_service_worker.py", line 268, in run_server
2025-04-25T17:10:51,604 [INFO ] W-9000-cifar10_1.0-stdout MODEL_LOG -     self.handle_connection(cl_socket)
2025-04-25T17:10:51,604 [INFO ] W-9000-cifar10_1.0-stdout MODEL_LOG -   File "/home/amin/miniconda3/envs/deep-learning/lib/python3.9/site-packages/ts/model_service_worker.py", line 201, in handle_connection
2025-04-25T17:10:51,604 [INFO ] W-9000-cifar10_1.0-stdout MODEL_LOG -     raise RuntimeError("{} - {}".format(code, result))
2025-04-25T17:10:51,604 [INFO ] W-9000-cifar10_1.0-stdout MODEL_LOG - RuntimeError: 500 - Unknown exception
2025-04-25T17:11:47,778 [INFO ] W-9000-cifar10_1.0-stdout MODEL_LOG - s_name_part0=/tmp/.ts.sock, s_name_part1=9000, pid=11355
2025-04-25T17:11:47,778 [INFO ] W-9000-cifar10_1.0-stdout MODEL_LOG - Listening on port: /tmp/.ts.sock.9000
2025-04-25T17:11:47,788 [INFO ] W-9000-cifar10_1.0-stdout MODEL_LOG - Successfully loaded /home/amin/miniconda3/envs/deep-learning/lib/python3.9/site-packages/ts/configs/metrics.yaml.
2025-04-25T17:11:47,789 [INFO ] W-9000-cifar10_1.0-stdout MODEL_LOG - [PID]11355
2025-04-25T17:11:47,789 [INFO ] W-9000-cifar10_1.0-stdout MODEL_LOG - Torch worker started.
2025-04-25T17:11:47,789 [INFO ] W-9000-cifar10_1.0-stdout MODEL_LOG - Python runtime: 3.9.21
2025-04-25T17:11:47,790 [INFO ] W-9000-cifar10_1.0-stdout MODEL_LOG - Connection accepted: /tmp/.ts.sock.9000.
2025-04-25T17:11:47,801 [INFO ] W-9000-cifar10_1.0-stdout MODEL_LOG - model_name: cifar10, batchSize: 1
2025-04-25T17:11:49,384 [INFO ] W-9000-cifar10_1.0-stdout MODEL_LOG - OpenVINO is not enabled
2025-04-25T17:11:49,384 [INFO ] W-9000-cifar10_1.0-stdout MODEL_LOG - proceeding without onnxruntime
2025-04-25T17:11:49,384 [INFO ] W-9000-cifar10_1.0-stdout MODEL_LOG - Torch TensorRT not enabled
2025-04-25T17:11:49,463 [INFO ] W-9000-cifar10_1.0-stdout MODEL_LOG - Failed to load model cifar10, exception Error(s) in loading state_dict for SimpleCNN:
2025-04-25T17:11:49,463 [INFO ] W-9000-cifar10_1.0-stdout MODEL_LOG - 	Missing key(s) in state_dict: "conv1.0.weight", "conv1.0.bias", "conv1.1.weight", "conv1.1.bias", "conv1.1.running_mean", "conv1.1.running_var", "conv1.3.weight", "conv1.3.bias", "conv1.4.weight", "conv1.4.bias", "conv1.4.running_mean", "conv1.4.running_var", "conv2.0.weight", "conv2.0.bias", "conv2.1.weight", "conv2.1.bias", "conv2.1.running_mean", "conv2.1.running_var", "conv2.3.weight", "conv2.3.bias", "conv2.4.weight", "conv2.4.bias", "conv2.4.running_mean", "conv2.4.running_var", "fc1.1.weight", "fc1.1.bias", "fc2.1.weight", "fc2.1.bias", "fc3.1.weight", "fc3.1.bias". 
2025-04-25T17:11:49,463 [INFO ] W-9000-cifar10_1.0-stdout MODEL_LOG - 	Unexpected key(s) in state_dict: "epoch", "model", "optimizer". 
2025-04-25T17:11:49,463 [INFO ] W-9000-cifar10_1.0-stdout MODEL_LOG - Traceback (most recent call last):
2025-04-25T17:11:49,463 [INFO ] W-9000-cifar10_1.0-stdout MODEL_LOG -   File "/home/amin/miniconda3/envs/deep-learning/lib/python3.9/site-packages/ts/model_service_worker.py", line 133, in load_model
2025-04-25T17:11:49,463 [INFO ] W-9000-cifar10_1.0-stdout MODEL_LOG -     service = model_loader.load(
2025-04-25T17:11:49,463 [INFO ] W-9000-cifar10_1.0-stdout MODEL_LOG -   File "/home/amin/miniconda3/envs/deep-learning/lib/python3.9/site-packages/ts/model_loader.py", line 143, in load
2025-04-25T17:11:49,463 [INFO ] W-9000-cifar10_1.0-stdout MODEL_LOG -     initialize_fn(service.context)
2025-04-25T17:11:49,463 [INFO ] W-9000-cifar10_1.0-stdout MODEL_LOG -   File "/home/amin/miniconda3/envs/deep-learning/lib/python3.9/site-packages/ts/torch_handler/base_handler.py", line 191, in initialize
2025-04-25T17:11:49,463 [INFO ] W-9000-cifar10_1.0-stdout MODEL_LOG -     self.model = self._load_pickled_model(
2025-04-25T17:11:49,463 [INFO ] W-9000-cifar10_1.0-stdout MODEL_LOG -   File "/home/amin/miniconda3/envs/deep-learning/lib/python3.9/site-packages/ts/torch_handler/base_handler.py", line 356, in _load_pickled_model
2025-04-25T17:11:49,464 [INFO ] W-9000-cifar10_1.0-stdout MODEL_LOG -     model.load_state_dict(state_dict)
2025-04-25T17:11:49,464 [INFO ] W-9000-cifar10_1.0-stdout MODEL_LOG -   File "/home/amin/miniconda3/envs/deep-learning/lib/python3.9/site-packages/torch/nn/modules/module.py", line 2189, in load_state_dict
2025-04-25T17:11:49,464 [INFO ] W-9000-cifar10_1.0-stdout MODEL_LOG -     raise RuntimeError('Error(s) in loading state_dict for {}:\n\t{}'.format(
2025-04-25T17:11:49,464 [INFO ] W-9000-cifar10_1.0-stdout MODEL_LOG - RuntimeError: Error(s) in loading state_dict for SimpleCNN:
2025-04-25T17:11:49,464 [INFO ] W-9000-cifar10_1.0-stdout MODEL_LOG - 	Missing key(s) in state_dict: "conv1.0.weight", "conv1.0.bias", "conv1.1.weight", "conv1.1.bias", "conv1.1.running_mean", "conv1.1.running_var", "conv1.3.weight", "conv1.3.bias", "conv1.4.weight", "conv1.4.bias", "conv1.4.running_mean", "conv1.4.running_var", "conv2.0.weight", "conv2.0.bias", "conv2.1.weight", "conv2.1.bias", "conv2.1.running_mean", "conv2.1.running_var", "conv2.3.weight", "conv2.3.bias", "conv2.4.weight", "conv2.4.bias", "conv2.4.running_mean", "conv2.4.running_var", "fc1.1.weight", "fc1.1.bias", "fc2.1.weight", "fc2.1.bias", "fc3.1.weight", "fc3.1.bias". 
2025-04-25T17:11:49,464 [INFO ] W-9000-cifar10_1.0-stdout MODEL_LOG - 	Unexpected key(s) in state_dict: "epoch", "model", "optimizer". 
2025-04-25T17:11:49,464 [INFO ] W-9000-cifar10_1.0-stdout MODEL_LOG - Backend worker process died.
2025-04-25T17:11:49,464 [INFO ] W-9000-cifar10_1.0-stdout MODEL_LOG - Traceback (most recent call last):
2025-04-25T17:11:49,464 [INFO ] W-9000-cifar10_1.0-stdout MODEL_LOG -   File "/home/amin/miniconda3/envs/deep-learning/lib/python3.9/site-packages/ts/model_service_worker.py", line 301, in <module>
2025-04-25T17:11:49,464 [INFO ] W-9000-cifar10_1.0-stdout MODEL_LOG -     worker.run_server()
2025-04-25T17:11:49,464 [INFO ] W-9000-cifar10_1.0-stdout MODEL_LOG -   File "/home/amin/miniconda3/envs/deep-learning/lib/python3.9/site-packages/ts/model_service_worker.py", line 268, in run_server
2025-04-25T17:11:49,464 [INFO ] W-9000-cifar10_1.0-stdout MODEL_LOG -     self.handle_connection(cl_socket)
2025-04-25T17:11:49,464 [INFO ] W-9000-cifar10_1.0-stdout MODEL_LOG -   File "/home/amin/miniconda3/envs/deep-learning/lib/python3.9/site-packages/ts/model_service_worker.py", line 201, in handle_connection
2025-04-25T17:11:49,464 [INFO ] W-9000-cifar10_1.0-stdout MODEL_LOG -     raise RuntimeError("{} - {}".format(code, result))
2025-04-25T17:11:49,464 [INFO ] W-9000-cifar10_1.0-stdout MODEL_LOG - RuntimeError: 500 - Unknown exception
2025-04-25T17:13:42,529 [INFO ] W-9000-cifar10_1.0-stdout MODEL_LOG - s_name_part0=/tmp/.ts.sock, s_name_part1=9000, pid=11556
2025-04-25T17:13:42,540 [INFO ] W-9000-cifar10_1.0-stdout MODEL_LOG - Listening on port: /tmp/.ts.sock.9000
2025-04-25T17:13:42,541 [INFO ] W-9000-cifar10_1.0-stdout MODEL_LOG - Successfully loaded /home/amin/miniconda3/envs/deep-learning/lib/python3.9/site-packages/ts/configs/metrics.yaml.
2025-04-25T17:13:42,541 [INFO ] W-9000-cifar10_1.0-stdout MODEL_LOG - [PID]11556
2025-04-25T17:13:42,541 [INFO ] W-9000-cifar10_1.0-stdout MODEL_LOG - Torch worker started.
2025-04-25T17:13:42,541 [INFO ] W-9000-cifar10_1.0-stdout MODEL_LOG - Python runtime: 3.9.21
2025-04-25T17:13:42,549 [INFO ] W-9000-cifar10_1.0-stdout MODEL_LOG - Connection accepted: /tmp/.ts.sock.9000.
2025-04-25T17:13:42,573 [INFO ] W-9000-cifar10_1.0-stdout MODEL_LOG - model_name: cifar10, batchSize: 1
2025-04-25T17:13:42,622 [INFO ] W-9000-cifar10_1.0-stdout MODEL_LOG - OpenVINO is not enabled
2025-04-25T17:13:42,622 [INFO ] W-9000-cifar10_1.0-stdout MODEL_LOG - proceeding without onnxruntime
2025-04-25T17:13:42,623 [INFO ] W-9000-cifar10_1.0-stdout MODEL_LOG - Torch TensorRT not enabled
2025-04-25T17:14:27,456 [INFO ] W-9000-cifar10_1.0-stdout MODEL_LOG - s_name_part0=/tmp/.ts.sock, s_name_part1=9000, pid=11691
2025-04-25T17:14:27,457 [INFO ] W-9000-cifar10_1.0-stdout MODEL_LOG - Listening on port: /tmp/.ts.sock.9000
2025-04-25T17:14:27,465 [INFO ] W-9000-cifar10_1.0-stdout MODEL_LOG - Successfully loaded /home/amin/miniconda3/envs/deep-learning/lib/python3.9/site-packages/ts/configs/metrics.yaml.
2025-04-25T17:14:27,465 [INFO ] W-9000-cifar10_1.0-stdout MODEL_LOG - [PID]11691
2025-04-25T17:14:27,466 [INFO ] W-9000-cifar10_1.0-stdout MODEL_LOG - Torch worker started.
2025-04-25T17:14:27,466 [INFO ] W-9000-cifar10_1.0-stdout MODEL_LOG - Python runtime: 3.9.21
2025-04-25T17:14:27,475 [INFO ] W-9000-cifar10_1.0-stdout MODEL_LOG - Connection accepted: /tmp/.ts.sock.9000.
2025-04-25T17:14:27,498 [INFO ] W-9000-cifar10_1.0-stdout MODEL_LOG - model_name: cifar10, batchSize: 1
2025-04-25T17:14:27,546 [INFO ] W-9000-cifar10_1.0-stdout MODEL_LOG - OpenVINO is not enabled
2025-04-25T17:14:27,546 [INFO ] W-9000-cifar10_1.0-stdout MODEL_LOG - proceeding without onnxruntime
2025-04-25T17:14:27,546 [INFO ] W-9000-cifar10_1.0-stdout MODEL_LOG - Torch TensorRT not enabled
2025-04-25T17:14:41,154 [INFO ] W-9000-cifar10_1.0-stdout MODEL_LOG - Backend received inference at: 1745576081
2025-04-25T17:14:41,166 [INFO ] W-9000-cifar10_1.0-stdout MODEL_LOG - Invoking custom service failed.
2025-04-25T17:14:41,166 [INFO ] W-9000-cifar10_1.0-stdout MODEL_LOG - Traceback (most recent call last):
2025-04-25T17:14:41,167 [INFO ] W-9000-cifar10_1.0-stdout MODEL_LOG -   File "/home/amin/miniconda3/envs/deep-learning/lib/python3.9/site-packages/ts/service.py", line 135, in predict
2025-04-25T17:14:41,167 [INFO ] W-9000-cifar10_1.0-stdout MODEL_LOG -     ret = self._entry_point(input_batch, self.context)
2025-04-25T17:14:41,167 [INFO ] W-9000-cifar10_1.0-stdout MODEL_LOG -   File "/home/amin/miniconda3/envs/deep-learning/lib/python3.9/site-packages/ts/torch_handler/base_handler.py", line 455, in handle
2025-04-25T17:14:41,167 [INFO ] W-9000-cifar10_1.0-stdout MODEL_LOG -     data_preprocess = self.preprocess(data)
2025-04-25T17:14:41,167 [INFO ] W-9000-cifar10_1.0-stdout MODEL_LOG -   File "/tmp/models/63e80ac913274fd29d39f1b3951d8c80/handler.py", line 42, in preprocess
2025-04-25T17:14:41,167 [INFO ] W-9000-cifar10_1.0-stdout MODEL_LOG -     image = cv2.imdecode(image, cv2.IMREAD_COLOR)
2025-04-25T17:14:41,167 [INFO ] W-9000-cifar10_1.0-stdout MODEL_LOG - cv2.error: OpenCV(4.11.0) :-1: error: (-5:Bad argument) in function 'imdecode'
2025-04-25T17:14:41,168 [INFO ] W-9000-cifar10_1.0-stdout MODEL_LOG - > Overload resolution failed:
2025-04-25T17:14:41,168 [INFO ] W-9000-cifar10_1.0-stdout MODEL_LOG - >  - buf is not a numpy array, neither a scalar
2025-04-25T17:14:41,168 [INFO ] W-9000-cifar10_1.0-stdout MODEL_LOG - >  - Expected Ptr<cv::UMat> for argument 'buf'
2025-04-25T17:14:41,168 [INFO ] W-9000-cifar10_1.0-stdout MODEL_LOG - 
2025-04-25T17:16:35,497 [INFO ] W-9000-cifar10_1.0-stdout MODEL_LOG - s_name_part0=/tmp/.ts.sock, s_name_part1=9000, pid=11995
2025-04-25T17:16:35,498 [INFO ] W-9000-cifar10_1.0-stdout MODEL_LOG - Listening on port: /tmp/.ts.sock.9000
2025-04-25T17:16:35,506 [INFO ] W-9000-cifar10_1.0-stdout MODEL_LOG - Successfully loaded /home/amin/miniconda3/envs/deep-learning/lib/python3.9/site-packages/ts/configs/metrics.yaml.
2025-04-25T17:16:35,507 [INFO ] W-9000-cifar10_1.0-stdout MODEL_LOG - [PID]11995
2025-04-25T17:16:35,507 [INFO ] W-9000-cifar10_1.0-stdout MODEL_LOG - Torch worker started.
2025-04-25T17:16:35,508 [INFO ] W-9000-cifar10_1.0-stdout MODEL_LOG - Python runtime: 3.9.21
2025-04-25T17:16:35,515 [INFO ] W-9000-cifar10_1.0-stdout MODEL_LOG - Connection accepted: /tmp/.ts.sock.9000.
2025-04-25T17:16:35,541 [INFO ] W-9000-cifar10_1.0-stdout MODEL_LOG - model_name: cifar10, batchSize: 1
2025-04-25T17:16:35,592 [INFO ] W-9000-cifar10_1.0-stdout MODEL_LOG - OpenVINO is not enabled
2025-04-25T17:16:35,593 [INFO ] W-9000-cifar10_1.0-stdout MODEL_LOG - proceeding without onnxruntime
2025-04-25T17:16:35,593 [INFO ] W-9000-cifar10_1.0-stdout MODEL_LOG - Torch TensorRT not enabled
2025-04-25T17:16:41,758 [INFO ] W-9000-cifar10_1.0-stdout MODEL_LOG - Backend received inference at: 1745576201
2025-04-25T17:16:53,846 [INFO ] W-9000-cifar10_1.0-stdout MODEL_LOG - Backend received inference at: 1745576213
2025-04-25T17:17:59,891 [INFO ] W-9000-cifar10_1.0-stdout MODEL_LOG - Backend received inference at: 1745576279
2025-04-25T17:18:04,321 [INFO ] W-9000-cifar10_1.0-stdout MODEL_LOG - Backend received inference at: 1745576284
2025-04-25T17:18:24,220 [INFO ] W-9000-cifar10_1.0-stdout MODEL_LOG - Backend received inference at: 1745576304
2025-04-25T17:57:32,704 [INFO ] W-9000-cifar10_1.0-stdout MODEL_LOG - s_name_part0=/tmp/.ts.sock, s_name_part1=9000, pid=13832
2025-04-25T17:57:32,715 [INFO ] W-9000-cifar10_1.0-stdout MODEL_LOG - Listening on port: /tmp/.ts.sock.9000
2025-04-25T17:57:32,716 [INFO ] W-9000-cifar10_1.0-stdout MODEL_LOG - Successfully loaded /home/amin/miniconda3/envs/deep-learning/lib/python3.9/site-packages/ts/configs/metrics.yaml.
2025-04-25T17:57:32,717 [INFO ] W-9000-cifar10_1.0-stdout MODEL_LOG - [PID]13832
2025-04-25T17:57:32,718 [INFO ] W-9000-cifar10_1.0-stdout MODEL_LOG - Torch worker started.
2025-04-25T17:57:32,718 [INFO ] W-9000-cifar10_1.0-stdout MODEL_LOG - Python runtime: 3.9.21
2025-04-25T17:57:32,734 [INFO ] W-9000-cifar10_1.0-stdout MODEL_LOG - Connection accepted: /tmp/.ts.sock.9000.
2025-04-25T17:57:32,758 [INFO ] W-9000-cifar10_1.0-stdout MODEL_LOG - model_name: cifar10, batchSize: 1
2025-04-25T17:57:33,908 [INFO ] W-9000-cifar10_1.0-stdout MODEL_LOG - OpenVINO is not enabled
2025-04-25T17:57:33,909 [INFO ] W-9000-cifar10_1.0-stdout MODEL_LOG - proceeding without onnxruntime
2025-04-25T17:57:33,909 [INFO ] W-9000-cifar10_1.0-stdout MODEL_LOG - Torch TensorRT not enabled
2025-04-25T17:57:37,965 [INFO ] W-9000-cifar10_1.0-stdout MODEL_LOG - Backend received inference at: 1745578657
2025-04-25T17:57:37,965 [INFO ] W-9000-cifar10_1.0-stdout MODEL_LOG - Invoking custom service failed.
2025-04-25T17:57:37,965 [INFO ] W-9000-cifar10_1.0-stdout MODEL_LOG - Traceback (most recent call last):
2025-04-25T17:57:37,965 [INFO ] W-9000-cifar10_1.0-stdout MODEL_LOG -   File "/home/amin/miniconda3/envs/deep-learning/lib/python3.9/site-packages/ts/service.py", line 135, in predict
2025-04-25T17:57:37,965 [INFO ] W-9000-cifar10_1.0-stdout MODEL_LOG -     ret = self._entry_point(input_batch, self.context)
2025-04-25T17:57:37,966 [INFO ] W-9000-cifar10_1.0-stdout MODEL_LOG -   File "/home/amin/miniconda3/envs/deep-learning/lib/python3.9/site-packages/ts/torch_handler/base_handler.py", line 455, in handle
2025-04-25T17:57:37,966 [INFO ] W-9000-cifar10_1.0-stdout MODEL_LOG -     data_preprocess = self.preprocess(data)
2025-04-25T17:57:37,966 [INFO ] W-9000-cifar10_1.0-stdout MODEL_LOG -   File "/tmp/models/5dc43ae9942e40b785658ce5345ab476/cifar_handler.py", line 29, in preprocess
2025-04-25T17:57:37,966 [INFO ] W-9000-cifar10_1.0-stdout MODEL_LOG -     np_img = np.frombuffer(image, np.uint8)
2025-04-25T17:57:37,966 [INFO ] W-9000-cifar10_1.0-stdout MODEL_LOG - NameError: name 'np' is not defined
2025-04-25T17:57:44,188 [INFO ] W-9000-cifar10_1.0-stdout MODEL_LOG - Backend received inference at: 1745578664
2025-04-25T17:57:44,188 [INFO ] W-9000-cifar10_1.0-stdout MODEL_LOG - Invoking custom service failed.
2025-04-25T17:57:44,189 [INFO ] W-9000-cifar10_1.0-stdout MODEL_LOG - Traceback (most recent call last):
2025-04-25T17:57:44,189 [INFO ] W-9000-cifar10_1.0-stdout MODEL_LOG -   File "/home/amin/miniconda3/envs/deep-learning/lib/python3.9/site-packages/ts/service.py", line 135, in predict
2025-04-25T17:57:44,189 [INFO ] W-9000-cifar10_1.0-stdout MODEL_LOG -     ret = self._entry_point(input_batch, self.context)
2025-04-25T17:57:44,189 [INFO ] W-9000-cifar10_1.0-stdout MODEL_LOG -   File "/home/amin/miniconda3/envs/deep-learning/lib/python3.9/site-packages/ts/torch_handler/base_handler.py", line 455, in handle
2025-04-25T17:57:44,189 [INFO ] W-9000-cifar10_1.0-stdout MODEL_LOG -     data_preprocess = self.preprocess(data)
2025-04-25T17:57:44,189 [INFO ] W-9000-cifar10_1.0-stdout MODEL_LOG -   File "/tmp/models/5dc43ae9942e40b785658ce5345ab476/cifar_handler.py", line 29, in preprocess
2025-04-25T17:57:44,189 [INFO ] W-9000-cifar10_1.0-stdout MODEL_LOG -     np_img = np.frombuffer(image, np.uint8)
2025-04-25T17:57:44,190 [INFO ] W-9000-cifar10_1.0-stdout MODEL_LOG - NameError: name 'np' is not defined
2025-04-25T17:58:37,142 [INFO ] W-9000-cifar10_1.0-stdout MODEL_LOG - Backend received inference at: 1745578717
2025-04-25T17:58:37,142 [INFO ] W-9000-cifar10_1.0-stdout MODEL_LOG - Invoking custom service failed.
2025-04-25T17:58:37,142 [INFO ] W-9000-cifar10_1.0-stdout MODEL_LOG - Traceback (most recent call last):
2025-04-25T17:58:37,142 [INFO ] W-9000-cifar10_1.0-stdout MODEL_LOG -   File "/home/amin/miniconda3/envs/deep-learning/lib/python3.9/site-packages/ts/service.py", line 135, in predict
2025-04-25T17:58:37,142 [INFO ] W-9000-cifar10_1.0-stdout MODEL_LOG -     ret = self._entry_point(input_batch, self.context)
2025-04-25T17:58:37,143 [INFO ] W-9000-cifar10_1.0-stdout MODEL_LOG -   File "/home/amin/miniconda3/envs/deep-learning/lib/python3.9/site-packages/ts/torch_handler/base_handler.py", line 455, in handle
2025-04-25T17:58:37,143 [INFO ] W-9000-cifar10_1.0-stdout MODEL_LOG -     data_preprocess = self.preprocess(data)
2025-04-25T17:58:37,143 [INFO ] W-9000-cifar10_1.0-stdout MODEL_LOG -   File "/tmp/models/5dc43ae9942e40b785658ce5345ab476/cifar_handler.py", line 29, in preprocess
2025-04-25T17:58:37,143 [INFO ] W-9000-cifar10_1.0-stdout MODEL_LOG -     np_img = np.frombuffer(image, np.uint8)
2025-04-25T17:58:37,143 [INFO ] W-9000-cifar10_1.0-stdout MODEL_LOG - NameError: name 'np' is not defined
2025-04-25T17:58:39,842 [INFO ] W-9000-cifar10_1.0-stdout MODEL_LOG - Backend received inference at: 1745578719
2025-04-25T17:58:39,842 [INFO ] W-9000-cifar10_1.0-stdout MODEL_LOG - Invoking custom service failed.
2025-04-25T17:58:39,842 [INFO ] W-9000-cifar10_1.0-stdout MODEL_LOG - Traceback (most recent call last):
2025-04-25T17:58:39,842 [INFO ] W-9000-cifar10_1.0-stdout MODEL_LOG -   File "/home/amin/miniconda3/envs/deep-learning/lib/python3.9/site-packages/ts/service.py", line 135, in predict
2025-04-25T17:58:39,842 [INFO ] W-9000-cifar10_1.0-stdout MODEL_LOG -     ret = self._entry_point(input_batch, self.context)
2025-04-25T17:58:39,843 [INFO ] W-9000-cifar10_1.0-stdout MODEL_LOG -   File "/home/amin/miniconda3/envs/deep-learning/lib/python3.9/site-packages/ts/torch_handler/base_handler.py", line 455, in handle
2025-04-25T17:58:39,843 [INFO ] W-9000-cifar10_1.0-stdout MODEL_LOG -     data_preprocess = self.preprocess(data)
2025-04-25T17:58:39,843 [INFO ] W-9000-cifar10_1.0-stdout MODEL_LOG -   File "/tmp/models/5dc43ae9942e40b785658ce5345ab476/cifar_handler.py", line 29, in preprocess
2025-04-25T17:58:39,843 [INFO ] W-9000-cifar10_1.0-stdout MODEL_LOG -     np_img = np.frombuffer(image, np.uint8)
2025-04-25T17:58:39,843 [INFO ] W-9000-cifar10_1.0-stdout MODEL_LOG - NameError: name 'np' is not defined
2025-04-25T17:58:45,503 [INFO ] W-9000-cifar10_1.0-stdout MODEL_LOG - Backend received inference at: 1745578725
2025-04-25T17:58:45,503 [INFO ] W-9000-cifar10_1.0-stdout MODEL_LOG - Invoking custom service failed.
2025-04-25T17:58:45,504 [INFO ] W-9000-cifar10_1.0-stdout MODEL_LOG - Traceback (most recent call last):
2025-04-25T17:58:45,505 [INFO ] W-9000-cifar10_1.0-stdout MODEL_LOG -   File "/home/amin/miniconda3/envs/deep-learning/lib/python3.9/site-packages/ts/service.py", line 135, in predict
2025-04-25T17:58:45,505 [INFO ] W-9000-cifar10_1.0-stdout MODEL_LOG -     ret = self._entry_point(input_batch, self.context)
2025-04-25T17:58:45,506 [INFO ] W-9000-cifar10_1.0-stdout MODEL_LOG -   File "/home/amin/miniconda3/envs/deep-learning/lib/python3.9/site-packages/ts/torch_handler/base_handler.py", line 455, in handle
2025-04-25T17:58:45,518 [INFO ] W-9000-cifar10_1.0-stdout MODEL_LOG -     data_preprocess = self.preprocess(data)
2025-04-25T17:58:45,519 [INFO ] W-9000-cifar10_1.0-stdout MODEL_LOG -   File "/tmp/models/5dc43ae9942e40b785658ce5345ab476/cifar_handler.py", line 29, in preprocess
2025-04-25T17:58:45,519 [INFO ] W-9000-cifar10_1.0-stdout MODEL_LOG -     np_img = np.frombuffer(image, np.uint8)
2025-04-25T17:58:45,519 [INFO ] W-9000-cifar10_1.0-stdout MODEL_LOG - NameError: name 'np' is not defined
2025-04-25T17:59:35,882 [INFO ] W-9000-cifar10_1.0-stdout MODEL_LOG - s_name_part0=/tmp/.ts.sock, s_name_part1=9000, pid=14065
2025-04-25T17:59:35,883 [INFO ] W-9000-cifar10_1.0-stdout MODEL_LOG - Listening on port: /tmp/.ts.sock.9000
2025-04-25T17:59:35,891 [INFO ] W-9000-cifar10_1.0-stdout MODEL_LOG - Successfully loaded /home/amin/miniconda3/envs/deep-learning/lib/python3.9/site-packages/ts/configs/metrics.yaml.
2025-04-25T17:59:35,892 [INFO ] W-9000-cifar10_1.0-stdout MODEL_LOG - [PID]14065
2025-04-25T17:59:35,892 [INFO ] W-9000-cifar10_1.0-stdout MODEL_LOG - Torch worker started.
2025-04-25T17:59:35,892 [INFO ] W-9000-cifar10_1.0-stdout MODEL_LOG - Python runtime: 3.9.21
2025-04-25T17:59:35,900 [INFO ] W-9000-cifar10_1.0-stdout MODEL_LOG - Connection accepted: /tmp/.ts.sock.9000.
2025-04-25T17:59:35,923 [INFO ] W-9000-cifar10_1.0-stdout MODEL_LOG - model_name: cifar10, batchSize: 1
2025-04-25T17:59:36,528 [INFO ] W-9000-cifar10_1.0-stdout MODEL_LOG - OpenVINO is not enabled
2025-04-25T17:59:36,528 [INFO ] W-9000-cifar10_1.0-stdout MODEL_LOG - proceeding without onnxruntime
2025-04-25T17:59:36,529 [INFO ] W-9000-cifar10_1.0-stdout MODEL_LOG - Torch TensorRT not enabled
2025-04-25T17:59:42,900 [INFO ] W-9000-cifar10_1.0-stdout MODEL_LOG - Backend received inference at: 1745578782
2025-04-25T17:59:43,076 [INFO ] W-9000-cifar10_1.0-stdout MODEL_LOG - Invoking custom service failed.
2025-04-25T17:59:43,077 [INFO ] W-9000-cifar10_1.0-stdout MODEL_LOG - Traceback (most recent call last):
2025-04-25T17:59:43,077 [INFO ] W-9000-cifar10_1.0-stdout MODEL_LOG -   File "/home/amin/miniconda3/envs/deep-learning/lib/python3.9/site-packages/ts/service.py", line 135, in predict
2025-04-25T17:59:43,077 [INFO ] W-9000-cifar10_1.0-stdout MODEL_LOG -     ret = self._entry_point(input_batch, self.context)
2025-04-25T17:59:43,077 [INFO ] W-9000-cifar10_1.0-stdout MODEL_LOG -   File "/home/amin/miniconda3/envs/deep-learning/lib/python3.9/site-packages/ts/torch_handler/base_handler.py", line 459, in handle
2025-04-25T17:59:43,077 [INFO ] W-9000-cifar10_1.0-stdout MODEL_LOG -     output = self.postprocess(output)
2025-04-25T17:59:43,077 [INFO ] W-9000-cifar10_1.0-stdout MODEL_LOG -   File "/tmp/models/fcbbfb88bec94cc7ba526fa3e29d5ff2/cifar_handler.py", line 38, in postprocess
2025-04-25T17:59:43,077 [INFO ] W-9000-cifar10_1.0-stdout MODEL_LOG -     probs = torch.nn.functional.softmax(inference_output[0], dim=1)
2025-04-25T17:59:43,078 [INFO ] W-9000-cifar10_1.0-stdout MODEL_LOG -   File "/home/amin/miniconda3/envs/deep-learning/lib/python3.9/site-packages/torch/nn/functional.py", line 1885, in softmax
2025-04-25T17:59:43,078 [INFO ] W-9000-cifar10_1.0-stdout MODEL_LOG -     ret = input.softmax(dim)
2025-04-25T17:59:43,078 [INFO ] W-9000-cifar10_1.0-stdout MODEL_LOG - IndexError: Dimension out of range (expected to be in range of [-1, 0], but got 1)
2025-04-25T18:01:15,466 [INFO ] W-9000-cifar10_1.0-stdout MODEL_LOG - s_name_part0=/tmp/.ts.sock, s_name_part1=9000, pid=14350
2025-04-25T18:01:15,467 [INFO ] W-9000-cifar10_1.0-stdout MODEL_LOG - Listening on port: /tmp/.ts.sock.9000
2025-04-25T18:01:15,475 [INFO ] W-9000-cifar10_1.0-stdout MODEL_LOG - Successfully loaded /home/amin/miniconda3/envs/deep-learning/lib/python3.9/site-packages/ts/configs/metrics.yaml.
2025-04-25T18:01:15,475 [INFO ] W-9000-cifar10_1.0-stdout MODEL_LOG - [PID]14350
2025-04-25T18:01:15,476 [INFO ] W-9000-cifar10_1.0-stdout MODEL_LOG - Torch worker started.
2025-04-25T18:01:15,476 [INFO ] W-9000-cifar10_1.0-stdout MODEL_LOG - Python runtime: 3.9.21
2025-04-25T18:01:15,484 [INFO ] W-9000-cifar10_1.0-stdout MODEL_LOG - Connection accepted: /tmp/.ts.sock.9000.
2025-04-25T18:01:15,507 [INFO ] W-9000-cifar10_1.0-stdout MODEL_LOG - model_name: cifar10, batchSize: 1
2025-04-25T18:01:15,555 [INFO ] W-9000-cifar10_1.0-stdout MODEL_LOG - OpenVINO is not enabled
2025-04-25T18:01:15,556 [INFO ] W-9000-cifar10_1.0-stdout MODEL_LOG - proceeding without onnxruntime
2025-04-25T18:01:15,556 [INFO ] W-9000-cifar10_1.0-stdout MODEL_LOG - Torch TensorRT not enabled
2025-04-25T18:01:29,487 [INFO ] W-9000-cifar10_1.0-stdout MODEL_LOG - Backend received inference at: 1745578889
2025-04-25T20:05:33,274 [INFO ] W-9000-cifar10_1.0-stdout MODEL_LOG - s_name_part0=/tmp/.ts.sock, s_name_part1=9000, pid=7353
2025-04-25T20:05:33,274 [INFO ] W-9000-cifar10_1.0-stdout MODEL_LOG - Listening on port: /tmp/.ts.sock.9000
2025-04-25T20:05:33,283 [INFO ] W-9000-cifar10_1.0-stdout MODEL_LOG - Successfully loaded /home/amin/miniconda3/envs/deep-learning/lib/python3.9/site-packages/ts/configs/metrics.yaml.
2025-04-25T20:05:33,283 [INFO ] W-9000-cifar10_1.0-stdout MODEL_LOG - [PID]7353
2025-04-25T20:05:33,283 [INFO ] W-9000-cifar10_1.0-stdout MODEL_LOG - Torch worker started.
2025-04-25T20:05:33,283 [INFO ] W-9000-cifar10_1.0-stdout MODEL_LOG - Python runtime: 3.9.21
2025-04-25T20:05:33,292 [INFO ] W-9000-cifar10_1.0-stdout MODEL_LOG - Connection accepted: /tmp/.ts.sock.9000.
2025-04-25T20:05:33,317 [INFO ] W-9000-cifar10_1.0-stdout MODEL_LOG - model_name: cifar10, batchSize: 1
2025-04-25T20:05:33,521 [INFO ] W-9000-cifar10_1.0-stdout MODEL_LOG - OpenVINO is not enabled
2025-04-25T20:05:33,521 [INFO ] W-9000-cifar10_1.0-stdout MODEL_LOG - proceeding without onnxruntime
2025-04-25T20:05:33,521 [INFO ] W-9000-cifar10_1.0-stdout MODEL_LOG - Torch TensorRT not enabled
2025-04-25T20:05:58,467 [INFO ] W-9000-cifar10_1.0-stdout MODEL_LOG - Backend received inference at: 1745586358
