2025-04-25T17:03:10,792 [DEBUG] main org.pytorch.serve.util.ConfigManager - xpu-smi not available or failed: Cannot run program "xpu-smi": error=2, No such file or directory
2025-04-25T17:03:10,792 [DEBUG] main org.pytorch.serve.util.ConfigManager - xpu-smi not available or failed: Cannot run program "xpu-smi": error=2, No such file or directory
2025-04-25T17:03:10,798 [WARN ] main org.pytorch.serve.util.ConfigManager - Your torchserve instance can access any URL to load models. When deploying to production, make sure to limit the set of allowed_urls in config.properties
2025-04-25T17:03:10,798 [WARN ] main org.pytorch.serve.util.ConfigManager - Your torchserve instance can access any URL to load models. When deploying to production, make sure to limit the set of allowed_urls in config.properties
2025-04-25T17:03:10,845 [INFO ] main org.pytorch.serve.util.TokenAuthorization - 
######
TorchServe now enforces token authorization by default.
This requires the correct token to be provided when calling an API.
Key file located at /home/amin/PycharmProjects/PythonProject/Cifar10Classification/key_file.json
Check token authorization documenation for information: https://github.com/pytorch/serve/blob/master/docs/token_authorization_api.md 
######

2025-04-25T17:03:10,845 [INFO ] main org.pytorch.serve.util.TokenAuthorization - 
######
TorchServe now enforces token authorization by default.
This requires the correct token to be provided when calling an API.
Key file located at /home/amin/PycharmProjects/PythonProject/Cifar10Classification/key_file.json
Check token authorization documenation for information: https://github.com/pytorch/serve/blob/master/docs/token_authorization_api.md 
######

2025-04-25T17:03:10,845 [INFO ] main org.pytorch.serve.servingsdk.impl.PluginsManager - Initializing plugins manager...
2025-04-25T17:03:10,845 [INFO ] main org.pytorch.serve.servingsdk.impl.PluginsManager - Initializing plugins manager...
2025-04-25T17:03:10,895 [INFO ] main org.pytorch.serve.metrics.configuration.MetricConfiguration - Successfully loaded metrics configuration from /home/amin/miniconda3/envs/deep-learning/lib/python3.9/site-packages/ts/configs/metrics.yaml
2025-04-25T17:03:10,895 [INFO ] main org.pytorch.serve.metrics.configuration.MetricConfiguration - Successfully loaded metrics configuration from /home/amin/miniconda3/envs/deep-learning/lib/python3.9/site-packages/ts/configs/metrics.yaml
2025-04-25T17:03:10,970 [INFO ] main org.pytorch.serve.ModelServer - 
Torchserve version: 0.12.0
TS Home: /home/amin/miniconda3/envs/deep-learning/lib/python3.9/site-packages
Current directory: /home/amin/PycharmProjects/PythonProject/Cifar10Classification
Temp directory: /tmp
Metrics config path: /home/amin/miniconda3/envs/deep-learning/lib/python3.9/site-packages/ts/configs/metrics.yaml
Number of GPUs: 1
Number of CPUs: 8
Max heap size: 3960 M
Python executable: /home/amin/miniconda3/envs/deep-learning/bin/python
Config file: config.properties
Inference address: http://0.0.0.0:8080
Management address: http://0.0.0.0:8081
Metrics address: http://0.0.0.0:8082
Model Store: /home/amin/PycharmProjects/PythonProject/Cifar10Classification/model-store
Initial Models: cifar10.mar
Log dir: /home/amin/PycharmProjects/PythonProject/Cifar10Classification/logs
Metrics dir: /home/amin/PycharmProjects/PythonProject/Cifar10Classification/logs
Netty threads: 0
Netty client threads: 0
Default workers per model: 1
Blacklist Regex: N/A
Maximum Response Size: 6553500
Maximum Request Size: 6553500
Limit Maximum Image Pixels: true
Prefer direct buffer: false
Allowed Urls: [file://.*|http(s)?://.*]
Custom python dependency for model allowed: false
Enable metrics API: true
Metrics mode: LOG
Disable system metrics: false
Workflow Store: /home/amin/PycharmProjects/PythonProject/Cifar10Classification/model-store
CPP log config: N/A
Model config: N/A
System metrics command: default
Model API enabled: false
2025-04-25T17:03:10,970 [INFO ] main org.pytorch.serve.ModelServer - 
Torchserve version: 0.12.0
TS Home: /home/amin/miniconda3/envs/deep-learning/lib/python3.9/site-packages
Current directory: /home/amin/PycharmProjects/PythonProject/Cifar10Classification
Temp directory: /tmp
Metrics config path: /home/amin/miniconda3/envs/deep-learning/lib/python3.9/site-packages/ts/configs/metrics.yaml
Number of GPUs: 1
Number of CPUs: 8
Max heap size: 3960 M
Python executable: /home/amin/miniconda3/envs/deep-learning/bin/python
Config file: config.properties
Inference address: http://0.0.0.0:8080
Management address: http://0.0.0.0:8081
Metrics address: http://0.0.0.0:8082
Model Store: /home/amin/PycharmProjects/PythonProject/Cifar10Classification/model-store
Initial Models: cifar10.mar
Log dir: /home/amin/PycharmProjects/PythonProject/Cifar10Classification/logs
Metrics dir: /home/amin/PycharmProjects/PythonProject/Cifar10Classification/logs
Netty threads: 0
Netty client threads: 0
Default workers per model: 1
Blacklist Regex: N/A
Maximum Response Size: 6553500
Maximum Request Size: 6553500
Limit Maximum Image Pixels: true
Prefer direct buffer: false
Allowed Urls: [file://.*|http(s)?://.*]
Custom python dependency for model allowed: false
Enable metrics API: true
Metrics mode: LOG
Disable system metrics: false
Workflow Store: /home/amin/PycharmProjects/PythonProject/Cifar10Classification/model-store
CPP log config: N/A
Model config: N/A
System metrics command: default
Model API enabled: false
2025-04-25T17:03:10,980 [INFO ] main org.pytorch.serve.servingsdk.impl.PluginsManager -  Loading snapshot serializer plugin...
2025-04-25T17:03:10,980 [INFO ] main org.pytorch.serve.servingsdk.impl.PluginsManager -  Loading snapshot serializer plugin...
2025-04-25T17:03:10,981 [INFO ] main org.pytorch.serve.ModelServer - Loading initial models: cifar10.mar
2025-04-25T17:03:10,981 [INFO ] main org.pytorch.serve.ModelServer - Loading initial models: cifar10.mar
2025-04-25T17:03:11,128 [DEBUG] main org.pytorch.serve.wlm.ModelVersionedRefs - Adding new version 1.0 for model cifar10
2025-04-25T17:03:11,128 [DEBUG] main org.pytorch.serve.wlm.ModelVersionedRefs - Adding new version 1.0 for model cifar10
2025-04-25T17:03:11,128 [DEBUG] main org.pytorch.serve.wlm.ModelVersionedRefs - Setting default version to 1.0 for model cifar10
2025-04-25T17:03:11,128 [DEBUG] main org.pytorch.serve.wlm.ModelVersionedRefs - Setting default version to 1.0 for model cifar10
2025-04-25T17:03:11,128 [INFO ] main org.pytorch.serve.wlm.ModelManager - Model cifar10 loaded.
2025-04-25T17:03:11,128 [INFO ] main org.pytorch.serve.wlm.ModelManager - Model cifar10 loaded.
2025-04-25T17:03:11,128 [DEBUG] main org.pytorch.serve.wlm.ModelManager - updateModel: cifar10, count: 1
2025-04-25T17:03:11,128 [DEBUG] main org.pytorch.serve.wlm.ModelManager - updateModel: cifar10, count: 1
2025-04-25T17:03:11,136 [DEBUG] W-9000-cifar10_1.0 org.pytorch.serve.wlm.WorkerLifeCycle - Worker cmdline: [/home/amin/miniconda3/envs/deep-learning/bin/python, /home/amin/miniconda3/envs/deep-learning/lib/python3.9/site-packages/ts/model_service_worker.py, --sock-type, unix, --sock-name, /tmp/.ts.sock.9000, --metrics-config, /home/amin/miniconda3/envs/deep-learning/lib/python3.9/site-packages/ts/configs/metrics.yaml]
2025-04-25T17:03:11,136 [DEBUG] W-9000-cifar10_1.0 org.pytorch.serve.wlm.WorkerLifeCycle - Worker cmdline: [/home/amin/miniconda3/envs/deep-learning/bin/python, /home/amin/miniconda3/envs/deep-learning/lib/python3.9/site-packages/ts/model_service_worker.py, --sock-type, unix, --sock-name, /tmp/.ts.sock.9000, --metrics-config, /home/amin/miniconda3/envs/deep-learning/lib/python3.9/site-packages/ts/configs/metrics.yaml]
2025-04-25T17:03:11,138 [INFO ] main org.pytorch.serve.ModelServer - Initialize Inference server with: EpollServerSocketChannel.
2025-04-25T17:03:11,138 [INFO ] main org.pytorch.serve.ModelServer - Initialize Inference server with: EpollServerSocketChannel.
2025-04-25T17:03:11,189 [INFO ] main org.pytorch.serve.ModelServer - Inference API bind to: http://0.0.0.0:8080
2025-04-25T17:03:11,189 [INFO ] main org.pytorch.serve.ModelServer - Inference API bind to: http://0.0.0.0:8080
2025-04-25T17:03:11,189 [INFO ] main org.pytorch.serve.ModelServer - Initialize Management server with: EpollServerSocketChannel.
2025-04-25T17:03:11,189 [INFO ] main org.pytorch.serve.ModelServer - Initialize Management server with: EpollServerSocketChannel.
2025-04-25T17:03:11,190 [INFO ] main org.pytorch.serve.ModelServer - Management API bind to: http://0.0.0.0:8081
2025-04-25T17:03:11,190 [INFO ] main org.pytorch.serve.ModelServer - Management API bind to: http://0.0.0.0:8081
2025-04-25T17:03:11,190 [INFO ] main org.pytorch.serve.ModelServer - Initialize Metrics server with: EpollServerSocketChannel.
2025-04-25T17:03:11,190 [INFO ] main org.pytorch.serve.ModelServer - Initialize Metrics server with: EpollServerSocketChannel.
2025-04-25T17:03:11,191 [INFO ] main org.pytorch.serve.ModelServer - Metrics API bind to: http://0.0.0.0:8082
2025-04-25T17:03:11,191 [INFO ] main org.pytorch.serve.ModelServer - Metrics API bind to: http://0.0.0.0:8082
2025-04-25T17:03:11,419 [WARN ] pool-3-thread-1 org.pytorch.serve.metrics.MetricCollector - worker pid is not available yet.
2025-04-25T17:03:11,419 [WARN ] pool-3-thread-1 org.pytorch.serve.metrics.MetricCollector - worker pid is not available yet.
2025-04-25T17:03:11,979 [WARN ] pool-3-thread-1 org.pytorch.serve.metrics.MetricCollector - Parse metrics failed: NumExpr defaulting to 8 threads.
2025-04-25T17:03:11,979 [WARN ] pool-3-thread-1 org.pytorch.serve.metrics.MetricCollector - Parse metrics failed: NumExpr defaulting to 8 threads.
2025-04-25T17:03:12,252 [INFO ] pool-3-thread-1 TS_METRICS - CPUUtilization.Percent:0.0|#Level:Host|#hostname:amin-GF63-Thin-9SCXR,timestamp:1745575392
2025-04-25T17:03:12,252 [INFO ] pool-3-thread-1 TS_METRICS - DiskAvailable.Gigabytes:0.230224609375|#Level:Host|#hostname:amin-GF63-Thin-9SCXR,timestamp:1745575392
2025-04-25T17:03:12,253 [INFO ] pool-3-thread-1 TS_METRICS - DiskUsage.Gigabytes:96.00283813476562|#Level:Host|#hostname:amin-GF63-Thin-9SCXR,timestamp:1745575392
2025-04-25T17:03:12,253 [INFO ] pool-3-thread-1 TS_METRICS - DiskUtilization.Percent:99.8|#Level:Host|#hostname:amin-GF63-Thin-9SCXR,timestamp:1745575392
2025-04-25T17:03:12,253 [INFO ] pool-3-thread-1 TS_METRICS - GPUMemoryUtilization.Percent:0.1220703125|#Level:Host,DeviceId:0|#hostname:amin-GF63-Thin-9SCXR,timestamp:1745575392
2025-04-25T17:03:12,253 [INFO ] pool-3-thread-1 TS_METRICS - GPUMemoryUsed.Megabytes:5.0|#Level:Host,DeviceId:0|#hostname:amin-GF63-Thin-9SCXR,timestamp:1745575392
2025-04-25T17:03:12,253 [INFO ] pool-3-thread-1 TS_METRICS - GPUUtilization.Percent:0.0|#Level:Host,DeviceId:0|#hostname:amin-GF63-Thin-9SCXR,timestamp:1745575392
2025-04-25T17:03:12,254 [INFO ] pool-3-thread-1 TS_METRICS - MemoryAvailable.Megabytes:10250.54296875|#Level:Host|#hostname:amin-GF63-Thin-9SCXR,timestamp:1745575392
2025-04-25T17:03:12,254 [INFO ] pool-3-thread-1 TS_METRICS - MemoryUsed.Megabytes:4329.1015625|#Level:Host|#hostname:amin-GF63-Thin-9SCXR,timestamp:1745575392
2025-04-25T17:03:12,254 [INFO ] pool-3-thread-1 TS_METRICS - MemoryUtilization.Percent:35.3|#Level:Host|#hostname:amin-GF63-Thin-9SCXR,timestamp:1745575392
2025-04-25T17:03:13,167 [INFO ] W-9000-cifar10_1.0-stdout MODEL_LOG - s_name_part0=/tmp/.ts.sock, s_name_part1=9000, pid=9949
2025-04-25T17:03:13,168 [INFO ] W-9000-cifar10_1.0-stdout MODEL_LOG - Listening on port: /tmp/.ts.sock.9000
2025-04-25T17:03:13,175 [INFO ] W-9000-cifar10_1.0-stdout MODEL_LOG - Successfully loaded /home/amin/miniconda3/envs/deep-learning/lib/python3.9/site-packages/ts/configs/metrics.yaml.
2025-04-25T17:03:13,175 [INFO ] W-9000-cifar10_1.0-stdout MODEL_LOG - [PID]9949
2025-04-25T17:03:13,175 [INFO ] W-9000-cifar10_1.0-stdout MODEL_LOG - Torch worker started.
2025-04-25T17:03:13,176 [INFO ] W-9000-cifar10_1.0-stdout MODEL_LOG - Python runtime: 3.9.21
2025-04-25T17:03:13,176 [DEBUG] W-9000-cifar10_1.0 org.pytorch.serve.wlm.WorkerThread - W-9000-cifar10_1.0 State change null -> WORKER_STARTED
2025-04-25T17:03:13,176 [DEBUG] W-9000-cifar10_1.0 org.pytorch.serve.wlm.WorkerThread - W-9000-cifar10_1.0 State change null -> WORKER_STARTED
2025-04-25T17:03:13,180 [INFO ] W-9000-cifar10_1.0 org.pytorch.serve.wlm.WorkerThread - Connecting to: /tmp/.ts.sock.9000
2025-04-25T17:03:13,180 [INFO ] W-9000-cifar10_1.0 org.pytorch.serve.wlm.WorkerThread - Connecting to: /tmp/.ts.sock.9000
2025-04-25T17:03:13,186 [INFO ] W-9000-cifar10_1.0-stdout MODEL_LOG - Connection accepted: /tmp/.ts.sock.9000.
2025-04-25T17:03:13,189 [DEBUG] W-9000-cifar10_1.0 org.pytorch.serve.wlm.WorkerThread - Flushing req.cmd LOAD repeats 1 to backend at: 1745575393189
2025-04-25T17:03:13,189 [DEBUG] W-9000-cifar10_1.0 org.pytorch.serve.wlm.WorkerThread - Flushing req.cmd LOAD repeats 1 to backend at: 1745575393189
2025-04-25T17:03:13,192 [INFO ] W-9000-cifar10_1.0 org.pytorch.serve.wlm.WorkerThread - Looping backend response at: 1745575393192
2025-04-25T17:03:13,192 [INFO ] W-9000-cifar10_1.0 org.pytorch.serve.wlm.WorkerThread - Looping backend response at: 1745575393192
2025-04-25T17:03:13,214 [INFO ] W-9000-cifar10_1.0-stdout MODEL_LOG - model_name: cifar10, batchSize: 1
2025-04-25T17:03:13,394 [INFO ] W-9000-cifar10_1.0-stdout MODEL_LOG - OpenVINO is not enabled
2025-04-25T17:03:13,394 [INFO ] W-9000-cifar10_1.0-stdout MODEL_LOG - proceeding without onnxruntime
2025-04-25T17:03:13,394 [INFO ] W-9000-cifar10_1.0-stdout MODEL_LOG - Torch TensorRT not enabled
2025-04-25T17:03:13,521 [INFO ] W-9000-cifar10_1.0-stdout MODEL_LOG - Failed to load model cifar10, exception Error(s) in loading state_dict for SimpleCNN:
2025-04-25T17:03:13,522 [INFO ] W-9000-cifar10_1.0-stdout MODEL_LOG - 	Missing key(s) in state_dict: "conv1.0.weight", "conv1.0.bias", "conv1.1.weight", "conv1.1.bias", "conv1.1.running_mean", "conv1.1.running_var", "conv1.3.weight", "conv1.3.bias", "conv1.4.weight", "conv1.4.bias", "conv1.4.running_mean", "conv1.4.running_var", "conv2.0.weight", "conv2.0.bias", "conv2.1.weight", "conv2.1.bias", "conv2.1.running_mean", "conv2.1.running_var", "conv2.3.weight", "conv2.3.bias", "conv2.4.weight", "conv2.4.bias", "conv2.4.running_mean", "conv2.4.running_var", "fc1.1.weight", "fc1.1.bias", "fc2.1.weight", "fc2.1.bias", "fc3.1.weight", "fc3.1.bias". 
2025-04-25T17:03:13,522 [INFO ] W-9000-cifar10_1.0-stdout MODEL_LOG - 	Unexpected key(s) in state_dict: "epoch", "model", "optimizer". 
2025-04-25T17:03:13,522 [INFO ] W-9000-cifar10_1.0-stdout MODEL_LOG - Traceback (most recent call last):
2025-04-25T17:03:13,523 [INFO ] W-9000-cifar10_1.0-stdout MODEL_LOG -   File "/home/amin/miniconda3/envs/deep-learning/lib/python3.9/site-packages/ts/model_service_worker.py", line 133, in load_model
2025-04-25T17:03:13,523 [INFO ] W-9000-cifar10_1.0-stdout MODEL_LOG -     service = model_loader.load(
2025-04-25T17:03:13,523 [INFO ] W-9000-cifar10_1.0-stdout MODEL_LOG -   File "/home/amin/miniconda3/envs/deep-learning/lib/python3.9/site-packages/ts/model_loader.py", line 143, in load
2025-04-25T17:03:13,524 [INFO ] W-9000-cifar10_1.0-stdout MODEL_LOG -     initialize_fn(service.context)
2025-04-25T17:03:13,524 [INFO ] W-9000-cifar10_1.0-stdout MODEL_LOG -   File "/home/amin/miniconda3/envs/deep-learning/lib/python3.9/site-packages/ts/torch_handler/base_handler.py", line 191, in initialize
2025-04-25T17:03:13,524 [INFO ] W-9000-cifar10_1.0-stdout MODEL_LOG -     self.model = self._load_pickled_model(
2025-04-25T17:03:13,525 [INFO ] W-9000-cifar10_1.0-stdout MODEL_LOG -   File "/home/amin/miniconda3/envs/deep-learning/lib/python3.9/site-packages/ts/torch_handler/base_handler.py", line 356, in _load_pickled_model
2025-04-25T17:03:13,525 [INFO ] W-9000-cifar10_1.0-stdout MODEL_LOG -     model.load_state_dict(state_dict)
2025-04-25T17:03:13,525 [INFO ] W-9000-cifar10_1.0-stdout MODEL_LOG -   File "/home/amin/miniconda3/envs/deep-learning/lib/python3.9/site-packages/torch/nn/modules/module.py", line 2189, in load_state_dict
2025-04-25T17:03:13,525 [INFO ] W-9000-cifar10_1.0-stdout MODEL_LOG -     raise RuntimeError('Error(s) in loading state_dict for {}:\n\t{}'.format(
2025-04-25T17:03:13,526 [INFO ] W-9000-cifar10_1.0-stdout MODEL_LOG - RuntimeError: Error(s) in loading state_dict for SimpleCNN:
2025-04-25T17:03:13,526 [INFO ] W-9000-cifar10_1.0-stdout MODEL_LOG - 	Missing key(s) in state_dict: "conv1.0.weight", "conv1.0.bias", "conv1.1.weight", "conv1.1.bias", "conv1.1.running_mean", "conv1.1.running_var", "conv1.3.weight", "conv1.3.bias", "conv1.4.weight", "conv1.4.bias", "conv1.4.running_mean", "conv1.4.running_var", "conv2.0.weight", "conv2.0.bias", "conv2.1.weight", "conv2.1.bias", "conv2.1.running_mean", "conv2.1.running_var", "conv2.3.weight", "conv2.3.bias", "conv2.4.weight", "conv2.4.bias", "conv2.4.running_mean", "conv2.4.running_var", "fc1.1.weight", "fc1.1.bias", "fc2.1.weight", "fc2.1.bias", "fc3.1.weight", "fc3.1.bias". 
2025-04-25T17:03:13,526 [INFO ] W-9000-cifar10_1.0-stdout MODEL_LOG - 	Unexpected key(s) in state_dict: "epoch", "model", "optimizer". 
2025-04-25T17:03:13,527 [INFO ] W-9000-cifar10_1.0-stdout MODEL_LOG - Backend worker process died.
2025-04-25T17:03:13,527 [INFO ] W-9000-cifar10_1.0-stdout MODEL_LOG - Traceback (most recent call last):
2025-04-25T17:03:13,527 [INFO ] W-9000-cifar10_1.0-stdout MODEL_LOG -   File "/home/amin/miniconda3/envs/deep-learning/lib/python3.9/site-packages/ts/model_service_worker.py", line 301, in <module>
2025-04-25T17:03:13,527 [INFO ] W-9000-cifar10_1.0-stdout MODEL_LOG -     worker.run_server()
2025-04-25T17:03:13,527 [INFO ] W-9000-cifar10_1.0-stdout MODEL_LOG -   File "/home/amin/miniconda3/envs/deep-learning/lib/python3.9/site-packages/ts/model_service_worker.py", line 268, in run_server
2025-04-25T17:03:13,528 [INFO ] W-9000-cifar10_1.0-stdout MODEL_LOG -     self.handle_connection(cl_socket)
2025-04-25T17:03:13,528 [INFO ] W-9000-cifar10_1.0-stdout MODEL_LOG -   File "/home/amin/miniconda3/envs/deep-learning/lib/python3.9/site-packages/ts/model_service_worker.py", line 201, in handle_connection
2025-04-25T17:03:13,528 [INFO ] W-9000-cifar10_1.0-stdout MODEL_LOG -     raise RuntimeError("{} - {}".format(code, result))
2025-04-25T17:03:13,528 [INFO ] W-9000-cifar10_1.0-stdout MODEL_LOG - RuntimeError: 500 - Unknown exception
2025-04-25T17:03:13,530 [INFO ] W-9000-cifar10_1.0 org.pytorch.serve.wlm.WorkerThread - Backend response time: 338
2025-04-25T17:03:13,530 [INFO ] W-9000-cifar10_1.0 org.pytorch.serve.wlm.WorkerThread - Backend response time: 338
2025-04-25T17:03:13,530 [DEBUG] W-9000-cifar10_1.0 org.pytorch.serve.wlm.WorkerThread - W-9000-cifar10_1.0 State change WORKER_STARTED -> WORKER_ERROR
2025-04-25T17:03:13,530 [DEBUG] W-9000-cifar10_1.0 org.pytorch.serve.wlm.WorkerThread - W-9000-cifar10_1.0 State change WORKER_STARTED -> WORKER_ERROR
2025-04-25T17:03:13,530 [INFO ] epollEventLoopGroup-5-1 org.pytorch.serve.wlm.WorkerThread - 9000 Worker disconnected. WORKER_STARTED
2025-04-25T17:03:13,530 [INFO ] epollEventLoopGroup-5-1 org.pytorch.serve.wlm.WorkerThread - 9000 Worker disconnected. WORKER_STARTED
2025-04-25T17:03:13,531 [INFO ] W-9000-cifar10_1.0 TS_METRICS - WorkerThreadTime.Milliseconds:3.0|#Level:Host|#hostname:amin-GF63-Thin-9SCXR,timestamp:1745575393
2025-04-25T17:03:13,531 [DEBUG] W-9000-cifar10_1.0 org.pytorch.serve.wlm.WorkerThread - System state is : WORKER_ERROR
2025-04-25T17:03:13,531 [DEBUG] W-9000-cifar10_1.0 org.pytorch.serve.wlm.WorkerThread - System state is : WORKER_ERROR
2025-04-25T17:03:13,531 [DEBUG] W-9000-cifar10_1.0 org.pytorch.serve.wlm.WorkerThread - Backend worker monitoring thread interrupted or backend worker process died., responseTimeout:120sec
java.lang.InterruptedException: null
	at java.util.concurrent.locks.AbstractQueuedSynchronizer$ConditionObject.awaitNanos(AbstractQueuedSynchronizer.java:1770) ~[?:?]
	at java.util.concurrent.LinkedBlockingDeque.pollFirst(LinkedBlockingDeque.java:515) ~[?:?]
	at java.util.concurrent.LinkedBlockingDeque.poll(LinkedBlockingDeque.java:677) ~[?:?]
	at org.pytorch.serve.wlm.Model.pollBatch(Model.java:482) ~[model-server.jar:?]
	at org.pytorch.serve.wlm.BatchAggregator.pollBatch(BatchAggregator.java:189) ~[model-server.jar:?]
	at org.pytorch.serve.wlm.BatchAggregator.getRequest(BatchAggregator.java:36) ~[model-server.jar:?]
	at org.pytorch.serve.wlm.WorkerThread.run(WorkerThread.java:195) ~[model-server.jar:?]
	at java.util.concurrent.Executors$RunnableAdapter.call(Executors.java:572) ~[?:?]
	at java.util.concurrent.FutureTask.run(FutureTask.java:317) ~[?:?]
	at java.util.concurrent.ThreadPoolExecutor.runWorker(ThreadPoolExecutor.java:1144) ~[?:?]
	at java.util.concurrent.ThreadPoolExecutor$Worker.run(ThreadPoolExecutor.java:642) ~[?:?]
	at java.lang.Thread.run(Thread.java:1583) [?:?]
2025-04-25T17:03:13,531 [DEBUG] W-9000-cifar10_1.0 org.pytorch.serve.wlm.WorkerThread - Backend worker monitoring thread interrupted or backend worker process died., responseTimeout:120sec
java.lang.InterruptedException: null
	at java.util.concurrent.locks.AbstractQueuedSynchronizer$ConditionObject.awaitNanos(AbstractQueuedSynchronizer.java:1770) ~[?:?]
	at java.util.concurrent.LinkedBlockingDeque.pollFirst(LinkedBlockingDeque.java:515) ~[?:?]
	at java.util.concurrent.LinkedBlockingDeque.poll(LinkedBlockingDeque.java:677) ~[?:?]
	at org.pytorch.serve.wlm.Model.pollBatch(Model.java:482) ~[model-server.jar:?]
	at org.pytorch.serve.wlm.BatchAggregator.pollBatch(BatchAggregator.java:189) ~[model-server.jar:?]
	at org.pytorch.serve.wlm.BatchAggregator.getRequest(BatchAggregator.java:36) ~[model-server.jar:?]
	at org.pytorch.serve.wlm.WorkerThread.run(WorkerThread.java:195) ~[model-server.jar:?]
	at java.util.concurrent.Executors$RunnableAdapter.call(Executors.java:572) ~[?:?]
	at java.util.concurrent.FutureTask.run(FutureTask.java:317) ~[?:?]
	at java.util.concurrent.ThreadPoolExecutor.runWorker(ThreadPoolExecutor.java:1144) ~[?:?]
	at java.util.concurrent.ThreadPoolExecutor$Worker.run(ThreadPoolExecutor.java:642) ~[?:?]
	at java.lang.Thread.run(Thread.java:1583) [?:?]
2025-04-25T17:03:13,545 [DEBUG] W-9000-cifar10_1.0 org.pytorch.serve.wlm.WorkerThread - W-9000-cifar10_1.0 State change WORKER_ERROR -> WORKER_STOPPED
2025-04-25T17:03:13,545 [DEBUG] W-9000-cifar10_1.0 org.pytorch.serve.wlm.WorkerThread - W-9000-cifar10_1.0 State change WORKER_ERROR -> WORKER_STOPPED
2025-04-25T17:03:13,546 [INFO ] W-9000-cifar10_1.0 org.pytorch.serve.wlm.WorkerThread - Auto recovery start timestamp: 1745575393546
2025-04-25T17:03:13,546 [INFO ] W-9000-cifar10_1.0 org.pytorch.serve.wlm.WorkerThread - Auto recovery start timestamp: 1745575393546
2025-04-25T17:03:13,546 [INFO ] W-9000-cifar10_1.0 org.pytorch.serve.wlm.WorkerThread - Retry worker: 9000 in 1 seconds.
2025-04-25T17:03:13,546 [INFO ] W-9000-cifar10_1.0 org.pytorch.serve.wlm.WorkerThread - Retry worker: 9000 in 1 seconds.
2025-04-25T17:03:13,576 [INFO ] W-9000-cifar10_1.0-stdout org.pytorch.serve.wlm.WorkerLifeCycle - Stopped Scanner - W-9000-cifar10_1.0-stdout
2025-04-25T17:03:13,576 [INFO ] W-9000-cifar10_1.0-stdout org.pytorch.serve.wlm.WorkerLifeCycle - Stopped Scanner - W-9000-cifar10_1.0-stdout
2025-04-25T17:03:13,576 [INFO ] W-9000-cifar10_1.0-stderr org.pytorch.serve.wlm.WorkerLifeCycle - Stopped Scanner - W-9000-cifar10_1.0-stderr
2025-04-25T17:03:13,576 [INFO ] W-9000-cifar10_1.0-stderr org.pytorch.serve.wlm.WorkerLifeCycle - Stopped Scanner - W-9000-cifar10_1.0-stderr
2025-04-25T17:03:14,548 [DEBUG] W-9000-cifar10_1.0 org.pytorch.serve.wlm.WorkerLifeCycle - Worker cmdline: [/home/amin/miniconda3/envs/deep-learning/bin/python, /home/amin/miniconda3/envs/deep-learning/lib/python3.9/site-packages/ts/model_service_worker.py, --sock-type, unix, --sock-name, /tmp/.ts.sock.9000, --metrics-config, /home/amin/miniconda3/envs/deep-learning/lib/python3.9/site-packages/ts/configs/metrics.yaml]
2025-04-25T17:03:14,548 [DEBUG] W-9000-cifar10_1.0 org.pytorch.serve.wlm.WorkerLifeCycle - Worker cmdline: [/home/amin/miniconda3/envs/deep-learning/bin/python, /home/amin/miniconda3/envs/deep-learning/lib/python3.9/site-packages/ts/model_service_worker.py, --sock-type, unix, --sock-name, /tmp/.ts.sock.9000, --metrics-config, /home/amin/miniconda3/envs/deep-learning/lib/python3.9/site-packages/ts/configs/metrics.yaml]
2025-04-25T17:03:15,708 [INFO ] W-9000-cifar10_1.0-stdout MODEL_LOG - s_name_part0=/tmp/.ts.sock, s_name_part1=9000, pid=9999
2025-04-25T17:03:15,708 [INFO ] W-9000-cifar10_1.0-stdout MODEL_LOG - Listening on port: /tmp/.ts.sock.9000
2025-04-25T17:03:15,717 [INFO ] W-9000-cifar10_1.0-stdout MODEL_LOG - Successfully loaded /home/amin/miniconda3/envs/deep-learning/lib/python3.9/site-packages/ts/configs/metrics.yaml.
2025-04-25T17:03:15,717 [INFO ] W-9000-cifar10_1.0-stdout MODEL_LOG - [PID]9999
2025-04-25T17:03:15,718 [INFO ] W-9000-cifar10_1.0-stdout MODEL_LOG - Torch worker started.
2025-04-25T17:03:15,718 [DEBUG] W-9000-cifar10_1.0 org.pytorch.serve.wlm.WorkerThread - W-9000-cifar10_1.0 State change WORKER_STOPPED -> WORKER_STARTED
2025-04-25T17:03:15,718 [DEBUG] W-9000-cifar10_1.0 org.pytorch.serve.wlm.WorkerThread - W-9000-cifar10_1.0 State change WORKER_STOPPED -> WORKER_STARTED
2025-04-25T17:03:15,718 [INFO ] W-9000-cifar10_1.0 org.pytorch.serve.wlm.WorkerThread - Connecting to: /tmp/.ts.sock.9000
2025-04-25T17:03:15,718 [INFO ] W-9000-cifar10_1.0 org.pytorch.serve.wlm.WorkerThread - Connecting to: /tmp/.ts.sock.9000
2025-04-25T17:03:15,718 [INFO ] W-9000-cifar10_1.0-stdout MODEL_LOG - Python runtime: 3.9.21
2025-04-25T17:03:15,719 [DEBUG] W-9000-cifar10_1.0 org.pytorch.serve.wlm.WorkerThread - Flushing req.cmd LOAD repeats 1 to backend at: 1745575395719
2025-04-25T17:03:15,719 [DEBUG] W-9000-cifar10_1.0 org.pytorch.serve.wlm.WorkerThread - Flushing req.cmd LOAD repeats 1 to backend at: 1745575395719
2025-04-25T17:03:15,719 [INFO ] W-9000-cifar10_1.0-stdout MODEL_LOG - Connection accepted: /tmp/.ts.sock.9000.
2025-04-25T17:03:15,719 [INFO ] W-9000-cifar10_1.0 org.pytorch.serve.wlm.WorkerThread - Looping backend response at: 1745575395719
2025-04-25T17:03:15,719 [INFO ] W-9000-cifar10_1.0 org.pytorch.serve.wlm.WorkerThread - Looping backend response at: 1745575395719
2025-04-25T17:03:15,730 [INFO ] W-9000-cifar10_1.0-stdout MODEL_LOG - model_name: cifar10, batchSize: 1
2025-04-25T17:03:15,785 [INFO ] W-9000-cifar10_1.0-stdout MODEL_LOG - OpenVINO is not enabled
2025-04-25T17:03:15,786 [INFO ] W-9000-cifar10_1.0-stdout MODEL_LOG - proceeding without onnxruntime
2025-04-25T17:03:15,786 [INFO ] W-9000-cifar10_1.0-stdout MODEL_LOG - Torch TensorRT not enabled
2025-04-25T17:03:15,861 [INFO ] W-9000-cifar10_1.0-stdout MODEL_LOG - Failed to load model cifar10, exception Error(s) in loading state_dict for SimpleCNN:
2025-04-25T17:03:15,861 [INFO ] W-9000-cifar10_1.0-stdout MODEL_LOG - 	Missing key(s) in state_dict: "conv1.0.weight", "conv1.0.bias", "conv1.1.weight", "conv1.1.bias", "conv1.1.running_mean", "conv1.1.running_var", "conv1.3.weight", "conv1.3.bias", "conv1.4.weight", "conv1.4.bias", "conv1.4.running_mean", "conv1.4.running_var", "conv2.0.weight", "conv2.0.bias", "conv2.1.weight", "conv2.1.bias", "conv2.1.running_mean", "conv2.1.running_var", "conv2.3.weight", "conv2.3.bias", "conv2.4.weight", "conv2.4.bias", "conv2.4.running_mean", "conv2.4.running_var", "fc1.1.weight", "fc1.1.bias", "fc2.1.weight", "fc2.1.bias", "fc3.1.weight", "fc3.1.bias". 
2025-04-25T17:03:15,862 [INFO ] W-9000-cifar10_1.0 org.pytorch.serve.wlm.WorkerThread - Backend response time: 142
2025-04-25T17:03:15,862 [INFO ] W-9000-cifar10_1.0 org.pytorch.serve.wlm.WorkerThread - Backend response time: 142
2025-04-25T17:03:15,862 [INFO ] W-9000-cifar10_1.0-stdout MODEL_LOG - 	Unexpected key(s) in state_dict: "epoch", "model", "optimizer". 
2025-04-25T17:03:15,862 [DEBUG] W-9000-cifar10_1.0 org.pytorch.serve.wlm.WorkerThread - W-9000-cifar10_1.0 State change WORKER_STARTED -> WORKER_ERROR
2025-04-25T17:03:15,862 [DEBUG] W-9000-cifar10_1.0 org.pytorch.serve.wlm.WorkerThread - W-9000-cifar10_1.0 State change WORKER_STARTED -> WORKER_ERROR
2025-04-25T17:03:15,862 [INFO ] W-9000-cifar10_1.0-stdout MODEL_LOG - Traceback (most recent call last):
2025-04-25T17:03:15,862 [INFO ] epollEventLoopGroup-5-2 org.pytorch.serve.wlm.WorkerThread - 9000 Worker disconnected. WORKER_STARTED
2025-04-25T17:03:15,862 [INFO ] W-9000-cifar10_1.0-stdout MODEL_LOG -   File "/home/amin/miniconda3/envs/deep-learning/lib/python3.9/site-packages/ts/model_service_worker.py", line 133, in load_model
2025-04-25T17:03:15,862 [INFO ] W-9000-cifar10_1.0 TS_METRICS - WorkerThreadTime.Milliseconds:1.0|#Level:Host|#hostname:amin-GF63-Thin-9SCXR,timestamp:1745575395
2025-04-25T17:03:15,862 [INFO ] W-9000-cifar10_1.0-stdout MODEL_LOG -     service = model_loader.load(
2025-04-25T17:03:15,862 [INFO ] epollEventLoopGroup-5-2 org.pytorch.serve.wlm.WorkerThread - 9000 Worker disconnected. WORKER_STARTED
2025-04-25T17:03:15,862 [INFO ] W-9000-cifar10_1.0-stdout MODEL_LOG -   File "/home/amin/miniconda3/envs/deep-learning/lib/python3.9/site-packages/ts/model_loader.py", line 143, in load
2025-04-25T17:03:15,862 [DEBUG] W-9000-cifar10_1.0 org.pytorch.serve.wlm.WorkerThread - System state is : WORKER_ERROR
2025-04-25T17:03:15,862 [DEBUG] W-9000-cifar10_1.0 org.pytorch.serve.wlm.WorkerThread - System state is : WORKER_ERROR
2025-04-25T17:03:15,862 [INFO ] W-9000-cifar10_1.0-stdout MODEL_LOG -     initialize_fn(service.context)
2025-04-25T17:03:15,862 [DEBUG] W-9000-cifar10_1.0 org.pytorch.serve.wlm.WorkerThread - Backend worker monitoring thread interrupted or backend worker process died., responseTimeout:120sec
java.lang.InterruptedException: null
	at java.util.concurrent.locks.AbstractQueuedSynchronizer$ConditionObject.awaitNanos(AbstractQueuedSynchronizer.java:1770) ~[?:?]
	at java.util.concurrent.LinkedBlockingDeque.pollFirst(LinkedBlockingDeque.java:515) ~[?:?]
	at java.util.concurrent.LinkedBlockingDeque.poll(LinkedBlockingDeque.java:677) ~[?:?]
	at org.pytorch.serve.wlm.Model.pollBatch(Model.java:482) ~[model-server.jar:?]
	at org.pytorch.serve.wlm.BatchAggregator.pollBatch(BatchAggregator.java:189) ~[model-server.jar:?]
	at org.pytorch.serve.wlm.BatchAggregator.getRequest(BatchAggregator.java:36) ~[model-server.jar:?]
	at org.pytorch.serve.wlm.WorkerThread.run(WorkerThread.java:195) ~[model-server.jar:?]
	at java.util.concurrent.ThreadPoolExecutor.runWorker(ThreadPoolExecutor.java:1144) ~[?:?]
	at java.util.concurrent.ThreadPoolExecutor$Worker.run(ThreadPoolExecutor.java:642) ~[?:?]
	at java.lang.Thread.run(Thread.java:1583) [?:?]
2025-04-25T17:03:15,862 [DEBUG] W-9000-cifar10_1.0 org.pytorch.serve.wlm.WorkerThread - Backend worker monitoring thread interrupted or backend worker process died., responseTimeout:120sec
java.lang.InterruptedException: null
	at java.util.concurrent.locks.AbstractQueuedSynchronizer$ConditionObject.awaitNanos(AbstractQueuedSynchronizer.java:1770) ~[?:?]
	at java.util.concurrent.LinkedBlockingDeque.pollFirst(LinkedBlockingDeque.java:515) ~[?:?]
	at java.util.concurrent.LinkedBlockingDeque.poll(LinkedBlockingDeque.java:677) ~[?:?]
	at org.pytorch.serve.wlm.Model.pollBatch(Model.java:482) ~[model-server.jar:?]
	at org.pytorch.serve.wlm.BatchAggregator.pollBatch(BatchAggregator.java:189) ~[model-server.jar:?]
	at org.pytorch.serve.wlm.BatchAggregator.getRequest(BatchAggregator.java:36) ~[model-server.jar:?]
	at org.pytorch.serve.wlm.WorkerThread.run(WorkerThread.java:195) ~[model-server.jar:?]
	at java.util.concurrent.ThreadPoolExecutor.runWorker(ThreadPoolExecutor.java:1144) ~[?:?]
	at java.util.concurrent.ThreadPoolExecutor$Worker.run(ThreadPoolExecutor.java:642) ~[?:?]
	at java.lang.Thread.run(Thread.java:1583) [?:?]
2025-04-25T17:03:15,863 [INFO ] W-9000-cifar10_1.0-stdout MODEL_LOG -   File "/home/amin/miniconda3/envs/deep-learning/lib/python3.9/site-packages/ts/torch_handler/base_handler.py", line 191, in initialize
2025-04-25T17:03:15,863 [DEBUG] W-9000-cifar10_1.0 org.pytorch.serve.wlm.WorkerThread - W-9000-cifar10_1.0 State change WORKER_ERROR -> WORKER_STOPPED
2025-04-25T17:03:15,863 [DEBUG] W-9000-cifar10_1.0 org.pytorch.serve.wlm.WorkerThread - W-9000-cifar10_1.0 State change WORKER_ERROR -> WORKER_STOPPED
2025-04-25T17:03:15,863 [WARN ] W-9000-cifar10_1.0 org.pytorch.serve.wlm.WorkerThread - Auto recovery failed again
2025-04-25T17:03:15,863 [WARN ] W-9000-cifar10_1.0 org.pytorch.serve.wlm.WorkerThread - Auto recovery failed again
2025-04-25T17:03:15,864 [INFO ] W-9000-cifar10_1.0-stdout MODEL_LOG -     self.model = self._load_pickled_model(
2025-04-25T17:03:15,864 [INFO ] W-9000-cifar10_1.0 org.pytorch.serve.wlm.WorkerThread - Retry worker: 9000 in 1 seconds.
2025-04-25T17:03:15,864 [INFO ] W-9000-cifar10_1.0-stdout MODEL_LOG -   File "/home/amin/miniconda3/envs/deep-learning/lib/python3.9/site-packages/ts/torch_handler/base_handler.py", line 356, in _load_pickled_model
2025-04-25T17:03:15,864 [INFO ] W-9000-cifar10_1.0 org.pytorch.serve.wlm.WorkerThread - Retry worker: 9000 in 1 seconds.
2025-04-25T17:03:15,864 [INFO ] W-9000-cifar10_1.0-stdout MODEL_LOG -     model.load_state_dict(state_dict)
2025-04-25T17:03:15,864 [INFO ] W-9000-cifar10_1.0-stdout MODEL_LOG -   File "/home/amin/miniconda3/envs/deep-learning/lib/python3.9/site-packages/torch/nn/modules/module.py", line 2189, in load_state_dict
2025-04-25T17:03:15,864 [INFO ] W-9000-cifar10_1.0-stdout MODEL_LOG -     raise RuntimeError('Error(s) in loading state_dict for {}:\n\t{}'.format(
2025-04-25T17:03:15,864 [INFO ] W-9000-cifar10_1.0-stdout MODEL_LOG - RuntimeError: Error(s) in loading state_dict for SimpleCNN:
2025-04-25T17:03:15,865 [INFO ] W-9000-cifar10_1.0-stdout MODEL_LOG - 	Missing key(s) in state_dict: "conv1.0.weight", "conv1.0.bias", "conv1.1.weight", "conv1.1.bias", "conv1.1.running_mean", "conv1.1.running_var", "conv1.3.weight", "conv1.3.bias", "conv1.4.weight", "conv1.4.bias", "conv1.4.running_mean", "conv1.4.running_var", "conv2.0.weight", "conv2.0.bias", "conv2.1.weight", "conv2.1.bias", "conv2.1.running_mean", "conv2.1.running_var", "conv2.3.weight", "conv2.3.bias", "conv2.4.weight", "conv2.4.bias", "conv2.4.running_mean", "conv2.4.running_var", "fc1.1.weight", "fc1.1.bias", "fc2.1.weight", "fc2.1.bias", "fc3.1.weight", "fc3.1.bias". 
2025-04-25T17:03:15,865 [INFO ] W-9000-cifar10_1.0-stdout MODEL_LOG - 	Unexpected key(s) in state_dict: "epoch", "model", "optimizer". 
2025-04-25T17:03:15,865 [INFO ] W-9000-cifar10_1.0-stdout org.pytorch.serve.wlm.WorkerLifeCycle - Stopped Scanner - W-9000-cifar10_1.0-stdout
2025-04-25T17:03:15,865 [INFO ] W-9000-cifar10_1.0-stdout org.pytorch.serve.wlm.WorkerLifeCycle - Stopped Scanner - W-9000-cifar10_1.0-stdout
2025-04-25T17:03:15,889 [INFO ] W-9000-cifar10_1.0-stderr org.pytorch.serve.wlm.WorkerLifeCycle - Stopped Scanner - W-9000-cifar10_1.0-stderr
2025-04-25T17:03:15,889 [INFO ] W-9000-cifar10_1.0-stderr org.pytorch.serve.wlm.WorkerLifeCycle - Stopped Scanner - W-9000-cifar10_1.0-stderr
2025-04-25T17:03:16,864 [DEBUG] W-9000-cifar10_1.0 org.pytorch.serve.wlm.WorkerLifeCycle - Worker cmdline: [/home/amin/miniconda3/envs/deep-learning/bin/python, /home/amin/miniconda3/envs/deep-learning/lib/python3.9/site-packages/ts/model_service_worker.py, --sock-type, unix, --sock-name, /tmp/.ts.sock.9000, --metrics-config, /home/amin/miniconda3/envs/deep-learning/lib/python3.9/site-packages/ts/configs/metrics.yaml]
2025-04-25T17:03:16,864 [DEBUG] W-9000-cifar10_1.0 org.pytorch.serve.wlm.WorkerLifeCycle - Worker cmdline: [/home/amin/miniconda3/envs/deep-learning/bin/python, /home/amin/miniconda3/envs/deep-learning/lib/python3.9/site-packages/ts/model_service_worker.py, --sock-type, unix, --sock-name, /tmp/.ts.sock.9000, --metrics-config, /home/amin/miniconda3/envs/deep-learning/lib/python3.9/site-packages/ts/configs/metrics.yaml]
2025-04-25T17:03:17,989 [INFO ] W-9000-cifar10_1.0-stdout MODEL_LOG - s_name_part0=/tmp/.ts.sock, s_name_part1=9000, pid=10016
2025-04-25T17:03:17,990 [INFO ] W-9000-cifar10_1.0-stdout MODEL_LOG - Listening on port: /tmp/.ts.sock.9000
2025-04-25T17:03:17,999 [INFO ] W-9000-cifar10_1.0-stdout MODEL_LOG - Successfully loaded /home/amin/miniconda3/envs/deep-learning/lib/python3.9/site-packages/ts/configs/metrics.yaml.
2025-04-25T17:03:18,000 [INFO ] W-9000-cifar10_1.0-stdout MODEL_LOG - [PID]10016
2025-04-25T17:03:18,000 [INFO ] W-9000-cifar10_1.0-stdout MODEL_LOG - Torch worker started.
2025-04-25T17:03:18,000 [DEBUG] W-9000-cifar10_1.0 org.pytorch.serve.wlm.WorkerThread - W-9000-cifar10_1.0 State change WORKER_STOPPED -> WORKER_STARTED
2025-04-25T17:03:18,000 [DEBUG] W-9000-cifar10_1.0 org.pytorch.serve.wlm.WorkerThread - W-9000-cifar10_1.0 State change WORKER_STOPPED -> WORKER_STARTED
2025-04-25T17:03:18,000 [INFO ] W-9000-cifar10_1.0-stdout MODEL_LOG - Python runtime: 3.9.21
2025-04-25T17:03:18,000 [INFO ] W-9000-cifar10_1.0 org.pytorch.serve.wlm.WorkerThread - Connecting to: /tmp/.ts.sock.9000
2025-04-25T17:03:18,000 [INFO ] W-9000-cifar10_1.0 org.pytorch.serve.wlm.WorkerThread - Connecting to: /tmp/.ts.sock.9000
2025-04-25T17:03:18,001 [DEBUG] W-9000-cifar10_1.0 org.pytorch.serve.wlm.WorkerThread - Flushing req.cmd LOAD repeats 1 to backend at: 1745575398001
2025-04-25T17:03:18,001 [DEBUG] W-9000-cifar10_1.0 org.pytorch.serve.wlm.WorkerThread - Flushing req.cmd LOAD repeats 1 to backend at: 1745575398001
2025-04-25T17:03:18,001 [INFO ] W-9000-cifar10_1.0-stdout MODEL_LOG - Connection accepted: /tmp/.ts.sock.9000.
2025-04-25T17:03:18,001 [INFO ] W-9000-cifar10_1.0 org.pytorch.serve.wlm.WorkerThread - Looping backend response at: 1745575398001
2025-04-25T17:03:18,001 [INFO ] W-9000-cifar10_1.0 org.pytorch.serve.wlm.WorkerThread - Looping backend response at: 1745575398001
2025-04-25T17:03:18,012 [INFO ] W-9000-cifar10_1.0-stdout MODEL_LOG - model_name: cifar10, batchSize: 1
2025-04-25T17:03:18,063 [INFO ] W-9000-cifar10_1.0-stdout MODEL_LOG - OpenVINO is not enabled
2025-04-25T17:03:18,063 [INFO ] W-9000-cifar10_1.0-stdout MODEL_LOG - proceeding without onnxruntime
2025-04-25T17:03:18,063 [INFO ] W-9000-cifar10_1.0-stdout MODEL_LOG - Torch TensorRT not enabled
2025-04-25T17:03:18,127 [INFO ] W-9000-cifar10_1.0-stdout MODEL_LOG - Failed to load model cifar10, exception Error(s) in loading state_dict for SimpleCNN:
2025-04-25T17:03:18,127 [INFO ] W-9000-cifar10_1.0-stdout MODEL_LOG - 	Missing key(s) in state_dict: "conv1.0.weight", "conv1.0.bias", "conv1.1.weight", "conv1.1.bias", "conv1.1.running_mean", "conv1.1.running_var", "conv1.3.weight", "conv1.3.bias", "conv1.4.weight", "conv1.4.bias", "conv1.4.running_mean", "conv1.4.running_var", "conv2.0.weight", "conv2.0.bias", "conv2.1.weight", "conv2.1.bias", "conv2.1.running_mean", "conv2.1.running_var", "conv2.3.weight", "conv2.3.bias", "conv2.4.weight", "conv2.4.bias", "conv2.4.running_mean", "conv2.4.running_var", "fc1.1.weight", "fc1.1.bias", "fc2.1.weight", "fc2.1.bias", "fc3.1.weight", "fc3.1.bias". 
2025-04-25T17:03:18,127 [INFO ] W-9000-cifar10_1.0-stdout MODEL_LOG - 	Unexpected key(s) in state_dict: "epoch", "model", "optimizer". 
2025-04-25T17:03:18,127 [INFO ] W-9000-cifar10_1.0-stdout MODEL_LOG - Traceback (most recent call last):
2025-04-25T17:03:18,127 [INFO ] W-9000-cifar10_1.0-stdout MODEL_LOG -   File "/home/amin/miniconda3/envs/deep-learning/lib/python3.9/site-packages/ts/model_service_worker.py", line 133, in load_model
2025-04-25T17:03:18,127 [INFO ] W-9000-cifar10_1.0 org.pytorch.serve.wlm.WorkerThread - Backend response time: 126
2025-04-25T17:03:18,127 [INFO ] W-9000-cifar10_1.0 org.pytorch.serve.wlm.WorkerThread - Backend response time: 126
2025-04-25T17:03:18,127 [INFO ] W-9000-cifar10_1.0-stdout MODEL_LOG -     service = model_loader.load(
2025-04-25T17:03:18,128 [DEBUG] W-9000-cifar10_1.0 org.pytorch.serve.wlm.WorkerThread - W-9000-cifar10_1.0 State change WORKER_STARTED -> WORKER_ERROR
2025-04-25T17:03:18,128 [DEBUG] W-9000-cifar10_1.0 org.pytorch.serve.wlm.WorkerThread - W-9000-cifar10_1.0 State change WORKER_STARTED -> WORKER_ERROR
2025-04-25T17:03:18,128 [INFO ] W-9000-cifar10_1.0-stdout MODEL_LOG -   File "/home/amin/miniconda3/envs/deep-learning/lib/python3.9/site-packages/ts/model_loader.py", line 143, in load
2025-04-25T17:03:18,128 [INFO ] epollEventLoopGroup-5-3 org.pytorch.serve.wlm.WorkerThread - 9000 Worker disconnected. WORKER_STARTED
2025-04-25T17:03:18,128 [INFO ] W-9000-cifar10_1.0-stdout MODEL_LOG -     initialize_fn(service.context)
2025-04-25T17:03:18,128 [INFO ] W-9000-cifar10_1.0 TS_METRICS - WorkerThreadTime.Milliseconds:1.0|#Level:Host|#hostname:amin-GF63-Thin-9SCXR,timestamp:1745575398
2025-04-25T17:03:18,128 [INFO ] epollEventLoopGroup-5-3 org.pytorch.serve.wlm.WorkerThread - 9000 Worker disconnected. WORKER_STARTED
2025-04-25T17:03:18,128 [INFO ] W-9000-cifar10_1.0-stdout MODEL_LOG -   File "/home/amin/miniconda3/envs/deep-learning/lib/python3.9/site-packages/ts/torch_handler/base_handler.py", line 191, in initialize
2025-04-25T17:03:18,128 [DEBUG] W-9000-cifar10_1.0 org.pytorch.serve.wlm.WorkerThread - System state is : WORKER_ERROR
2025-04-25T17:03:18,128 [INFO ] W-9000-cifar10_1.0-stdout MODEL_LOG -     self.model = self._load_pickled_model(
2025-04-25T17:03:18,128 [DEBUG] W-9000-cifar10_1.0 org.pytorch.serve.wlm.WorkerThread - System state is : WORKER_ERROR
2025-04-25T17:03:18,128 [INFO ] W-9000-cifar10_1.0-stdout MODEL_LOG -   File "/home/amin/miniconda3/envs/deep-learning/lib/python3.9/site-packages/ts/torch_handler/base_handler.py", line 356, in _load_pickled_model
2025-04-25T17:03:18,128 [INFO ] W-9000-cifar10_1.0-stdout MODEL_LOG -     model.load_state_dict(state_dict)
2025-04-25T17:03:18,128 [DEBUG] W-9000-cifar10_1.0 org.pytorch.serve.wlm.WorkerThread - Backend worker monitoring thread interrupted or backend worker process died., responseTimeout:120sec
java.lang.InterruptedException: null
	at java.util.concurrent.locks.AbstractQueuedSynchronizer$ConditionObject.awaitNanos(AbstractQueuedSynchronizer.java:1770) ~[?:?]
	at java.util.concurrent.LinkedBlockingDeque.pollFirst(LinkedBlockingDeque.java:515) ~[?:?]
	at java.util.concurrent.LinkedBlockingDeque.poll(LinkedBlockingDeque.java:677) ~[?:?]
	at org.pytorch.serve.wlm.Model.pollBatch(Model.java:482) ~[model-server.jar:?]
	at org.pytorch.serve.wlm.BatchAggregator.pollBatch(BatchAggregator.java:189) ~[model-server.jar:?]
	at org.pytorch.serve.wlm.BatchAggregator.getRequest(BatchAggregator.java:36) ~[model-server.jar:?]
	at org.pytorch.serve.wlm.WorkerThread.run(WorkerThread.java:195) ~[model-server.jar:?]
	at java.util.concurrent.ThreadPoolExecutor.runWorker(ThreadPoolExecutor.java:1144) ~[?:?]
	at java.util.concurrent.ThreadPoolExecutor$Worker.run(ThreadPoolExecutor.java:642) ~[?:?]
	at java.lang.Thread.run(Thread.java:1583) [?:?]
2025-04-25T17:03:18,128 [INFO ] W-9000-cifar10_1.0-stdout MODEL_LOG -   File "/home/amin/miniconda3/envs/deep-learning/lib/python3.9/site-packages/torch/nn/modules/module.py", line 2189, in load_state_dict
2025-04-25T17:03:18,128 [DEBUG] W-9000-cifar10_1.0 org.pytorch.serve.wlm.WorkerThread - Backend worker monitoring thread interrupted or backend worker process died., responseTimeout:120sec
java.lang.InterruptedException: null
	at java.util.concurrent.locks.AbstractQueuedSynchronizer$ConditionObject.awaitNanos(AbstractQueuedSynchronizer.java:1770) ~[?:?]
	at java.util.concurrent.LinkedBlockingDeque.pollFirst(LinkedBlockingDeque.java:515) ~[?:?]
	at java.util.concurrent.LinkedBlockingDeque.poll(LinkedBlockingDeque.java:677) ~[?:?]
	at org.pytorch.serve.wlm.Model.pollBatch(Model.java:482) ~[model-server.jar:?]
	at org.pytorch.serve.wlm.BatchAggregator.pollBatch(BatchAggregator.java:189) ~[model-server.jar:?]
	at org.pytorch.serve.wlm.BatchAggregator.getRequest(BatchAggregator.java:36) ~[model-server.jar:?]
	at org.pytorch.serve.wlm.WorkerThread.run(WorkerThread.java:195) ~[model-server.jar:?]
	at java.util.concurrent.ThreadPoolExecutor.runWorker(ThreadPoolExecutor.java:1144) ~[?:?]
	at java.util.concurrent.ThreadPoolExecutor$Worker.run(ThreadPoolExecutor.java:642) ~[?:?]
	at java.lang.Thread.run(Thread.java:1583) [?:?]
2025-04-25T17:03:18,128 [INFO ] W-9000-cifar10_1.0-stdout MODEL_LOG -     raise RuntimeError('Error(s) in loading state_dict for {}:\n\t{}'.format(
2025-04-25T17:03:18,128 [INFO ] W-9000-cifar10_1.0-stdout MODEL_LOG - RuntimeError: Error(s) in loading state_dict for SimpleCNN:
2025-04-25T17:03:18,128 [DEBUG] W-9000-cifar10_1.0 org.pytorch.serve.wlm.WorkerThread - W-9000-cifar10_1.0 State change WORKER_ERROR -> WORKER_STOPPED
2025-04-25T17:03:18,128 [DEBUG] W-9000-cifar10_1.0 org.pytorch.serve.wlm.WorkerThread - W-9000-cifar10_1.0 State change WORKER_ERROR -> WORKER_STOPPED
2025-04-25T17:03:18,128 [WARN ] W-9000-cifar10_1.0 org.pytorch.serve.wlm.WorkerThread - Auto recovery failed again
2025-04-25T17:03:18,128 [WARN ] W-9000-cifar10_1.0 org.pytorch.serve.wlm.WorkerThread - Auto recovery failed again
2025-04-25T17:03:18,129 [INFO ] W-9000-cifar10_1.0 org.pytorch.serve.wlm.WorkerThread - Retry worker: 9000 in 2 seconds.
2025-04-25T17:03:18,129 [INFO ] W-9000-cifar10_1.0-stdout MODEL_LOG - 	Missing key(s) in state_dict: "conv1.0.weight", "conv1.0.bias", "conv1.1.weight", "conv1.1.bias", "conv1.1.running_mean", "conv1.1.running_var", "conv1.3.weight", "conv1.3.bias", "conv1.4.weight", "conv1.4.bias", "conv1.4.running_mean", "conv1.4.running_var", "conv2.0.weight", "conv2.0.bias", "conv2.1.weight", "conv2.1.bias", "conv2.1.running_mean", "conv2.1.running_var", "conv2.3.weight", "conv2.3.bias", "conv2.4.weight", "conv2.4.bias", "conv2.4.running_mean", "conv2.4.running_var", "fc1.1.weight", "fc1.1.bias", "fc2.1.weight", "fc2.1.bias", "fc3.1.weight", "fc3.1.bias". 
2025-04-25T17:03:18,129 [INFO ] W-9000-cifar10_1.0 org.pytorch.serve.wlm.WorkerThread - Retry worker: 9000 in 2 seconds.
2025-04-25T17:03:18,129 [INFO ] W-9000-cifar10_1.0-stdout MODEL_LOG - 	Unexpected key(s) in state_dict: "epoch", "model", "optimizer". 
2025-04-25T17:03:18,129 [INFO ] W-9000-cifar10_1.0-stdout MODEL_LOG - Backend worker process died.
2025-04-25T17:03:18,129 [INFO ] W-9000-cifar10_1.0-stdout MODEL_LOG - Traceback (most recent call last):
2025-04-25T17:03:18,129 [INFO ] W-9000-cifar10_1.0-stdout MODEL_LOG -   File "/home/amin/miniconda3/envs/deep-learning/lib/python3.9/site-packages/ts/model_service_worker.py", line 301, in <module>
2025-04-25T17:03:18,129 [INFO ] W-9000-cifar10_1.0-stdout MODEL_LOG -     worker.run_server()
2025-04-25T17:03:18,129 [INFO ] W-9000-cifar10_1.0-stdout MODEL_LOG -   File "/home/amin/miniconda3/envs/deep-learning/lib/python3.9/site-packages/ts/model_service_worker.py", line 268, in run_server
2025-04-25T17:03:18,129 [INFO ] W-9000-cifar10_1.0-stdout MODEL_LOG -     self.handle_connection(cl_socket)
2025-04-25T17:03:18,130 [INFO ] W-9000-cifar10_1.0-stdout MODEL_LOG -   File "/home/amin/miniconda3/envs/deep-learning/lib/python3.9/site-packages/ts/model_service_worker.py", line 201, in handle_connection
2025-04-25T17:03:18,130 [INFO ] W-9000-cifar10_1.0-stdout MODEL_LOG -     raise RuntimeError("{} - {}".format(code, result))
2025-04-25T17:03:18,130 [INFO ] W-9000-cifar10_1.0-stdout MODEL_LOG - RuntimeError: 500 - Unknown exception
2025-04-25T17:03:18,130 [INFO ] W-9000-cifar10_1.0-stdout org.pytorch.serve.wlm.WorkerLifeCycle - Stopped Scanner - W-9000-cifar10_1.0-stdout
2025-04-25T17:03:18,130 [INFO ] W-9000-cifar10_1.0-stdout org.pytorch.serve.wlm.WorkerLifeCycle - Stopped Scanner - W-9000-cifar10_1.0-stdout
2025-04-25T17:03:18,151 [INFO ] W-9000-cifar10_1.0-stderr org.pytorch.serve.wlm.WorkerLifeCycle - Stopped Scanner - W-9000-cifar10_1.0-stderr
2025-04-25T17:03:18,151 [INFO ] W-9000-cifar10_1.0-stderr org.pytorch.serve.wlm.WorkerLifeCycle - Stopped Scanner - W-9000-cifar10_1.0-stderr
2025-04-25T17:03:20,129 [DEBUG] W-9000-cifar10_1.0 org.pytorch.serve.wlm.WorkerLifeCycle - Worker cmdline: [/home/amin/miniconda3/envs/deep-learning/bin/python, /home/amin/miniconda3/envs/deep-learning/lib/python3.9/site-packages/ts/model_service_worker.py, --sock-type, unix, --sock-name, /tmp/.ts.sock.9000, --metrics-config, /home/amin/miniconda3/envs/deep-learning/lib/python3.9/site-packages/ts/configs/metrics.yaml]
2025-04-25T17:03:20,129 [DEBUG] W-9000-cifar10_1.0 org.pytorch.serve.wlm.WorkerLifeCycle - Worker cmdline: [/home/amin/miniconda3/envs/deep-learning/bin/python, /home/amin/miniconda3/envs/deep-learning/lib/python3.9/site-packages/ts/model_service_worker.py, --sock-type, unix, --sock-name, /tmp/.ts.sock.9000, --metrics-config, /home/amin/miniconda3/envs/deep-learning/lib/python3.9/site-packages/ts/configs/metrics.yaml]
2025-04-25T17:03:21,249 [INFO ] W-9000-cifar10_1.0-stdout MODEL_LOG - s_name_part0=/tmp/.ts.sock, s_name_part1=9000, pid=10040
2025-04-25T17:03:21,249 [INFO ] W-9000-cifar10_1.0-stdout MODEL_LOG - Listening on port: /tmp/.ts.sock.9000
2025-04-25T17:03:21,257 [INFO ] W-9000-cifar10_1.0-stdout MODEL_LOG - Successfully loaded /home/amin/miniconda3/envs/deep-learning/lib/python3.9/site-packages/ts/configs/metrics.yaml.
2025-04-25T17:03:21,257 [INFO ] W-9000-cifar10_1.0-stdout MODEL_LOG - [PID]10040
2025-04-25T17:03:21,257 [INFO ] W-9000-cifar10_1.0-stdout MODEL_LOG - Torch worker started.
2025-04-25T17:03:21,257 [DEBUG] W-9000-cifar10_1.0 org.pytorch.serve.wlm.WorkerThread - W-9000-cifar10_1.0 State change WORKER_STOPPED -> WORKER_STARTED
2025-04-25T17:03:21,257 [DEBUG] W-9000-cifar10_1.0 org.pytorch.serve.wlm.WorkerThread - W-9000-cifar10_1.0 State change WORKER_STOPPED -> WORKER_STARTED
2025-04-25T17:03:21,258 [INFO ] W-9000-cifar10_1.0-stdout MODEL_LOG - Python runtime: 3.9.21
2025-04-25T17:03:21,258 [INFO ] W-9000-cifar10_1.0 org.pytorch.serve.wlm.WorkerThread - Connecting to: /tmp/.ts.sock.9000
2025-04-25T17:03:21,258 [INFO ] W-9000-cifar10_1.0 org.pytorch.serve.wlm.WorkerThread - Connecting to: /tmp/.ts.sock.9000
2025-04-25T17:03:21,259 [INFO ] W-9000-cifar10_1.0-stdout MODEL_LOG - Connection accepted: /tmp/.ts.sock.9000.
2025-04-25T17:03:21,259 [DEBUG] W-9000-cifar10_1.0 org.pytorch.serve.wlm.WorkerThread - Flushing req.cmd LOAD repeats 1 to backend at: 1745575401259
2025-04-25T17:03:21,259 [DEBUG] W-9000-cifar10_1.0 org.pytorch.serve.wlm.WorkerThread - Flushing req.cmd LOAD repeats 1 to backend at: 1745575401259
2025-04-25T17:03:21,259 [INFO ] W-9000-cifar10_1.0 org.pytorch.serve.wlm.WorkerThread - Looping backend response at: 1745575401259
2025-04-25T17:03:21,259 [INFO ] W-9000-cifar10_1.0 org.pytorch.serve.wlm.WorkerThread - Looping backend response at: 1745575401259
2025-04-25T17:03:21,269 [INFO ] W-9000-cifar10_1.0-stdout MODEL_LOG - model_name: cifar10, batchSize: 1
2025-04-25T17:03:21,316 [INFO ] W-9000-cifar10_1.0-stdout MODEL_LOG - OpenVINO is not enabled
2025-04-25T17:03:21,316 [INFO ] W-9000-cifar10_1.0-stdout MODEL_LOG - proceeding without onnxruntime
2025-04-25T17:03:21,316 [INFO ] W-9000-cifar10_1.0-stdout MODEL_LOG - Torch TensorRT not enabled
2025-04-25T17:03:21,379 [INFO ] W-9000-cifar10_1.0-stdout MODEL_LOG - Failed to load model cifar10, exception Error(s) in loading state_dict for SimpleCNN:
2025-04-25T17:03:21,380 [INFO ] W-9000-cifar10_1.0-stdout MODEL_LOG - 	Missing key(s) in state_dict: "conv1.0.weight", "conv1.0.bias", "conv1.1.weight", "conv1.1.bias", "conv1.1.running_mean", "conv1.1.running_var", "conv1.3.weight", "conv1.3.bias", "conv1.4.weight", "conv1.4.bias", "conv1.4.running_mean", "conv1.4.running_var", "conv2.0.weight", "conv2.0.bias", "conv2.1.weight", "conv2.1.bias", "conv2.1.running_mean", "conv2.1.running_var", "conv2.3.weight", "conv2.3.bias", "conv2.4.weight", "conv2.4.bias", "conv2.4.running_mean", "conv2.4.running_var", "fc1.1.weight", "fc1.1.bias", "fc2.1.weight", "fc2.1.bias", "fc3.1.weight", "fc3.1.bias". 
2025-04-25T17:03:21,380 [INFO ] W-9000-cifar10_1.0-stdout MODEL_LOG - 	Unexpected key(s) in state_dict: "epoch", "model", "optimizer". 
2025-04-25T17:03:21,380 [INFO ] W-9000-cifar10_1.0 org.pytorch.serve.wlm.WorkerThread - Backend response time: 121
2025-04-25T17:03:21,380 [INFO ] W-9000-cifar10_1.0-stdout MODEL_LOG - Traceback (most recent call last):
2025-04-25T17:03:21,380 [INFO ] W-9000-cifar10_1.0 org.pytorch.serve.wlm.WorkerThread - Backend response time: 121
2025-04-25T17:03:21,380 [DEBUG] W-9000-cifar10_1.0 org.pytorch.serve.wlm.WorkerThread - W-9000-cifar10_1.0 State change WORKER_STARTED -> WORKER_ERROR
2025-04-25T17:03:21,380 [INFO ] W-9000-cifar10_1.0-stdout MODEL_LOG -   File "/home/amin/miniconda3/envs/deep-learning/lib/python3.9/site-packages/ts/model_service_worker.py", line 133, in load_model
2025-04-25T17:03:21,380 [DEBUG] W-9000-cifar10_1.0 org.pytorch.serve.wlm.WorkerThread - W-9000-cifar10_1.0 State change WORKER_STARTED -> WORKER_ERROR
2025-04-25T17:03:21,380 [INFO ] W-9000-cifar10_1.0-stdout MODEL_LOG -     service = model_loader.load(
2025-04-25T17:03:21,380 [INFO ] W-9000-cifar10_1.0 TS_METRICS - WorkerThreadTime.Milliseconds:0.0|#Level:Host|#hostname:amin-GF63-Thin-9SCXR,timestamp:1745575401
2025-04-25T17:03:21,380 [INFO ] W-9000-cifar10_1.0-stdout MODEL_LOG -   File "/home/amin/miniconda3/envs/deep-learning/lib/python3.9/site-packages/ts/model_loader.py", line 143, in load
2025-04-25T17:03:21,380 [INFO ] epollEventLoopGroup-5-4 org.pytorch.serve.wlm.WorkerThread - 9000 Worker disconnected. WORKER_STARTED
2025-04-25T17:03:21,380 [INFO ] W-9000-cifar10_1.0-stdout MODEL_LOG -     initialize_fn(service.context)
2025-04-25T17:03:21,380 [INFO ] epollEventLoopGroup-5-4 org.pytorch.serve.wlm.WorkerThread - 9000 Worker disconnected. WORKER_STARTED
2025-04-25T17:03:21,380 [INFO ] W-9000-cifar10_1.0-stdout MODEL_LOG -   File "/home/amin/miniconda3/envs/deep-learning/lib/python3.9/site-packages/ts/torch_handler/base_handler.py", line 191, in initialize
2025-04-25T17:03:21,380 [DEBUG] W-9000-cifar10_1.0 org.pytorch.serve.wlm.WorkerThread - System state is : WORKER_ERROR
2025-04-25T17:03:21,380 [INFO ] W-9000-cifar10_1.0-stdout MODEL_LOG -     self.model = self._load_pickled_model(
2025-04-25T17:03:21,380 [DEBUG] W-9000-cifar10_1.0 org.pytorch.serve.wlm.WorkerThread - System state is : WORKER_ERROR
2025-04-25T17:03:21,380 [INFO ] W-9000-cifar10_1.0-stdout MODEL_LOG -   File "/home/amin/miniconda3/envs/deep-learning/lib/python3.9/site-packages/ts/torch_handler/base_handler.py", line 356, in _load_pickled_model
2025-04-25T17:03:21,381 [INFO ] W-9000-cifar10_1.0-stdout MODEL_LOG -     model.load_state_dict(state_dict)
2025-04-25T17:03:21,380 [DEBUG] W-9000-cifar10_1.0 org.pytorch.serve.wlm.WorkerThread - Backend worker monitoring thread interrupted or backend worker process died., responseTimeout:120sec
java.lang.InterruptedException: null
	at java.util.concurrent.locks.AbstractQueuedSynchronizer$ConditionObject.awaitNanos(AbstractQueuedSynchronizer.java:1770) ~[?:?]
	at java.util.concurrent.LinkedBlockingDeque.pollFirst(LinkedBlockingDeque.java:515) ~[?:?]
	at java.util.concurrent.LinkedBlockingDeque.poll(LinkedBlockingDeque.java:677) ~[?:?]
	at org.pytorch.serve.wlm.Model.pollBatch(Model.java:482) ~[model-server.jar:?]
	at org.pytorch.serve.wlm.BatchAggregator.pollBatch(BatchAggregator.java:189) ~[model-server.jar:?]
	at org.pytorch.serve.wlm.BatchAggregator.getRequest(BatchAggregator.java:36) ~[model-server.jar:?]
	at org.pytorch.serve.wlm.WorkerThread.run(WorkerThread.java:195) ~[model-server.jar:?]
	at java.util.concurrent.ThreadPoolExecutor.runWorker(ThreadPoolExecutor.java:1144) ~[?:?]
	at java.util.concurrent.ThreadPoolExecutor$Worker.run(ThreadPoolExecutor.java:642) ~[?:?]
	at java.lang.Thread.run(Thread.java:1583) [?:?]
2025-04-25T17:03:21,381 [INFO ] W-9000-cifar10_1.0-stdout MODEL_LOG -   File "/home/amin/miniconda3/envs/deep-learning/lib/python3.9/site-packages/torch/nn/modules/module.py", line 2189, in load_state_dict
2025-04-25T17:03:21,380 [DEBUG] W-9000-cifar10_1.0 org.pytorch.serve.wlm.WorkerThread - Backend worker monitoring thread interrupted or backend worker process died., responseTimeout:120sec
java.lang.InterruptedException: null
	at java.util.concurrent.locks.AbstractQueuedSynchronizer$ConditionObject.awaitNanos(AbstractQueuedSynchronizer.java:1770) ~[?:?]
	at java.util.concurrent.LinkedBlockingDeque.pollFirst(LinkedBlockingDeque.java:515) ~[?:?]
	at java.util.concurrent.LinkedBlockingDeque.poll(LinkedBlockingDeque.java:677) ~[?:?]
	at org.pytorch.serve.wlm.Model.pollBatch(Model.java:482) ~[model-server.jar:?]
	at org.pytorch.serve.wlm.BatchAggregator.pollBatch(BatchAggregator.java:189) ~[model-server.jar:?]
	at org.pytorch.serve.wlm.BatchAggregator.getRequest(BatchAggregator.java:36) ~[model-server.jar:?]
	at org.pytorch.serve.wlm.WorkerThread.run(WorkerThread.java:195) ~[model-server.jar:?]
	at java.util.concurrent.ThreadPoolExecutor.runWorker(ThreadPoolExecutor.java:1144) ~[?:?]
	at java.util.concurrent.ThreadPoolExecutor$Worker.run(ThreadPoolExecutor.java:642) ~[?:?]
	at java.lang.Thread.run(Thread.java:1583) [?:?]
2025-04-25T17:03:21,381 [INFO ] W-9000-cifar10_1.0-stdout MODEL_LOG -     raise RuntimeError('Error(s) in loading state_dict for {}:\n\t{}'.format(
2025-04-25T17:03:21,381 [DEBUG] W-9000-cifar10_1.0 org.pytorch.serve.wlm.WorkerThread - W-9000-cifar10_1.0 State change WORKER_ERROR -> WORKER_STOPPED
2025-04-25T17:03:21,381 [DEBUG] W-9000-cifar10_1.0 org.pytorch.serve.wlm.WorkerThread - W-9000-cifar10_1.0 State change WORKER_ERROR -> WORKER_STOPPED
2025-04-25T17:03:21,381 [INFO ] W-9000-cifar10_1.0-stdout MODEL_LOG - RuntimeError: Error(s) in loading state_dict for SimpleCNN:
2025-04-25T17:03:21,381 [WARN ] W-9000-cifar10_1.0 org.pytorch.serve.wlm.WorkerThread - Auto recovery failed again
2025-04-25T17:03:21,381 [WARN ] W-9000-cifar10_1.0 org.pytorch.serve.wlm.WorkerThread - Auto recovery failed again
2025-04-25T17:03:21,381 [INFO ] W-9000-cifar10_1.0 org.pytorch.serve.wlm.WorkerThread - Retry worker: 9000 in 3 seconds.
2025-04-25T17:03:21,381 [INFO ] W-9000-cifar10_1.0 org.pytorch.serve.wlm.WorkerThread - Retry worker: 9000 in 3 seconds.
2025-04-25T17:03:21,381 [INFO ] W-9000-cifar10_1.0-stdout MODEL_LOG - 	Missing key(s) in state_dict: "conv1.0.weight", "conv1.0.bias", "conv1.1.weight", "conv1.1.bias", "conv1.1.running_mean", "conv1.1.running_var", "conv1.3.weight", "conv1.3.bias", "conv1.4.weight", "conv1.4.bias", "conv1.4.running_mean", "conv1.4.running_var", "conv2.0.weight", "conv2.0.bias", "conv2.1.weight", "conv2.1.bias", "conv2.1.running_mean", "conv2.1.running_var", "conv2.3.weight", "conv2.3.bias", "conv2.4.weight", "conv2.4.bias", "conv2.4.running_mean", "conv2.4.running_var", "fc1.1.weight", "fc1.1.bias", "fc2.1.weight", "fc2.1.bias", "fc3.1.weight", "fc3.1.bias". 
2025-04-25T17:03:21,381 [INFO ] W-9000-cifar10_1.0-stdout MODEL_LOG - 	Unexpected key(s) in state_dict: "epoch", "model", "optimizer". 
2025-04-25T17:03:21,381 [INFO ] W-9000-cifar10_1.0-stdout MODEL_LOG - Backend worker process died.
2025-04-25T17:03:21,381 [INFO ] W-9000-cifar10_1.0-stdout MODEL_LOG - Traceback (most recent call last):
2025-04-25T17:03:21,382 [INFO ] W-9000-cifar10_1.0-stdout MODEL_LOG -   File "/home/amin/miniconda3/envs/deep-learning/lib/python3.9/site-packages/ts/model_service_worker.py", line 301, in <module>
2025-04-25T17:03:21,382 [INFO ] W-9000-cifar10_1.0-stdout MODEL_LOG -     worker.run_server()
2025-04-25T17:03:21,382 [INFO ] W-9000-cifar10_1.0-stdout MODEL_LOG -   File "/home/amin/miniconda3/envs/deep-learning/lib/python3.9/site-packages/ts/model_service_worker.py", line 268, in run_server
2025-04-25T17:03:21,382 [INFO ] W-9000-cifar10_1.0-stdout MODEL_LOG -     self.handle_connection(cl_socket)
2025-04-25T17:03:21,382 [INFO ] W-9000-cifar10_1.0-stdout MODEL_LOG -   File "/home/amin/miniconda3/envs/deep-learning/lib/python3.9/site-packages/ts/model_service_worker.py", line 201, in handle_connection
2025-04-25T17:03:21,382 [INFO ] W-9000-cifar10_1.0-stdout MODEL_LOG -     raise RuntimeError("{} - {}".format(code, result))
2025-04-25T17:03:21,382 [INFO ] W-9000-cifar10_1.0-stdout MODEL_LOG - RuntimeError: 500 - Unknown exception
2025-04-25T17:03:21,383 [INFO ] W-9000-cifar10_1.0-stdout org.pytorch.serve.wlm.WorkerLifeCycle - Stopped Scanner - W-9000-cifar10_1.0-stdout
2025-04-25T17:03:21,383 [INFO ] W-9000-cifar10_1.0-stdout org.pytorch.serve.wlm.WorkerLifeCycle - Stopped Scanner - W-9000-cifar10_1.0-stdout
2025-04-25T17:03:21,403 [INFO ] W-9000-cifar10_1.0-stderr org.pytorch.serve.wlm.WorkerLifeCycle - Stopped Scanner - W-9000-cifar10_1.0-stderr
2025-04-25T17:03:21,403 [INFO ] W-9000-cifar10_1.0-stderr org.pytorch.serve.wlm.WorkerLifeCycle - Stopped Scanner - W-9000-cifar10_1.0-stderr
2025-04-25T17:03:24,383 [DEBUG] W-9000-cifar10_1.0 org.pytorch.serve.wlm.WorkerLifeCycle - Worker cmdline: [/home/amin/miniconda3/envs/deep-learning/bin/python, /home/amin/miniconda3/envs/deep-learning/lib/python3.9/site-packages/ts/model_service_worker.py, --sock-type, unix, --sock-name, /tmp/.ts.sock.9000, --metrics-config, /home/amin/miniconda3/envs/deep-learning/lib/python3.9/site-packages/ts/configs/metrics.yaml]
2025-04-25T17:03:24,383 [DEBUG] W-9000-cifar10_1.0 org.pytorch.serve.wlm.WorkerLifeCycle - Worker cmdline: [/home/amin/miniconda3/envs/deep-learning/bin/python, /home/amin/miniconda3/envs/deep-learning/lib/python3.9/site-packages/ts/model_service_worker.py, --sock-type, unix, --sock-name, /tmp/.ts.sock.9000, --metrics-config, /home/amin/miniconda3/envs/deep-learning/lib/python3.9/site-packages/ts/configs/metrics.yaml]
2025-04-25T17:03:25,418 [INFO ] W-9000-cifar10_1.0-stdout MODEL_LOG - s_name_part0=/tmp/.ts.sock, s_name_part1=9000, pid=10058
2025-04-25T17:03:25,419 [INFO ] W-9000-cifar10_1.0-stdout MODEL_LOG - Listening on port: /tmp/.ts.sock.9000
2025-04-25T17:03:25,427 [INFO ] W-9000-cifar10_1.0-stdout MODEL_LOG - Successfully loaded /home/amin/miniconda3/envs/deep-learning/lib/python3.9/site-packages/ts/configs/metrics.yaml.
2025-04-25T17:03:25,427 [INFO ] W-9000-cifar10_1.0-stdout MODEL_LOG - [PID]10058
2025-04-25T17:03:25,427 [INFO ] W-9000-cifar10_1.0-stdout MODEL_LOG - Torch worker started.
2025-04-25T17:03:25,427 [DEBUG] W-9000-cifar10_1.0 org.pytorch.serve.wlm.WorkerThread - W-9000-cifar10_1.0 State change WORKER_STOPPED -> WORKER_STARTED
2025-04-25T17:03:25,427 [DEBUG] W-9000-cifar10_1.0 org.pytorch.serve.wlm.WorkerThread - W-9000-cifar10_1.0 State change WORKER_STOPPED -> WORKER_STARTED
2025-04-25T17:03:25,427 [INFO ] W-9000-cifar10_1.0-stdout MODEL_LOG - Python runtime: 3.9.21
2025-04-25T17:03:25,427 [INFO ] W-9000-cifar10_1.0 org.pytorch.serve.wlm.WorkerThread - Connecting to: /tmp/.ts.sock.9000
2025-04-25T17:03:25,427 [INFO ] W-9000-cifar10_1.0 org.pytorch.serve.wlm.WorkerThread - Connecting to: /tmp/.ts.sock.9000
2025-04-25T17:03:25,428 [DEBUG] W-9000-cifar10_1.0 org.pytorch.serve.wlm.WorkerThread - Flushing req.cmd LOAD repeats 1 to backend at: 1745575405428
2025-04-25T17:03:25,428 [DEBUG] W-9000-cifar10_1.0 org.pytorch.serve.wlm.WorkerThread - Flushing req.cmd LOAD repeats 1 to backend at: 1745575405428
2025-04-25T17:03:25,428 [INFO ] W-9000-cifar10_1.0-stdout MODEL_LOG - Connection accepted: /tmp/.ts.sock.9000.
2025-04-25T17:03:25,428 [INFO ] W-9000-cifar10_1.0 org.pytorch.serve.wlm.WorkerThread - Looping backend response at: 1745575405428
2025-04-25T17:03:25,428 [INFO ] W-9000-cifar10_1.0 org.pytorch.serve.wlm.WorkerThread - Looping backend response at: 1745575405428
2025-04-25T17:03:25,438 [INFO ] W-9000-cifar10_1.0-stdout MODEL_LOG - model_name: cifar10, batchSize: 1
2025-04-25T17:03:25,486 [INFO ] W-9000-cifar10_1.0-stdout MODEL_LOG - OpenVINO is not enabled
2025-04-25T17:03:25,486 [INFO ] W-9000-cifar10_1.0-stdout MODEL_LOG - proceeding without onnxruntime
2025-04-25T17:03:25,486 [INFO ] W-9000-cifar10_1.0-stdout MODEL_LOG - Torch TensorRT not enabled
2025-04-25T17:03:25,566 [INFO ] W-9000-cifar10_1.0-stdout MODEL_LOG - Failed to load model cifar10, exception Error(s) in loading state_dict for SimpleCNN:
2025-04-25T17:03:25,567 [INFO ] W-9000-cifar10_1.0-stdout MODEL_LOG - 	Missing key(s) in state_dict: "conv1.0.weight", "conv1.0.bias", "conv1.1.weight", "conv1.1.bias", "conv1.1.running_mean", "conv1.1.running_var", "conv1.3.weight", "conv1.3.bias", "conv1.4.weight", "conv1.4.bias", "conv1.4.running_mean", "conv1.4.running_var", "conv2.0.weight", "conv2.0.bias", "conv2.1.weight", "conv2.1.bias", "conv2.1.running_mean", "conv2.1.running_var", "conv2.3.weight", "conv2.3.bias", "conv2.4.weight", "conv2.4.bias", "conv2.4.running_mean", "conv2.4.running_var", "fc1.1.weight", "fc1.1.bias", "fc2.1.weight", "fc2.1.bias", "fc3.1.weight", "fc3.1.bias". 
2025-04-25T17:03:25,567 [INFO ] W-9000-cifar10_1.0-stdout MODEL_LOG - 	Unexpected key(s) in state_dict: "epoch", "model", "optimizer". 
2025-04-25T17:03:25,567 [INFO ] W-9000-cifar10_1.0-stdout MODEL_LOG - Traceback (most recent call last):
2025-04-25T17:03:25,567 [INFO ] W-9000-cifar10_1.0-stdout MODEL_LOG -   File "/home/amin/miniconda3/envs/deep-learning/lib/python3.9/site-packages/ts/model_service_worker.py", line 133, in load_model
2025-04-25T17:03:25,567 [INFO ] W-9000-cifar10_1.0 org.pytorch.serve.wlm.WorkerThread - Backend response time: 139
2025-04-25T17:03:25,567 [INFO ] W-9000-cifar10_1.0 org.pytorch.serve.wlm.WorkerThread - Backend response time: 139
2025-04-25T17:03:25,567 [INFO ] W-9000-cifar10_1.0-stdout MODEL_LOG -     service = model_loader.load(
2025-04-25T17:03:25,567 [DEBUG] W-9000-cifar10_1.0 org.pytorch.serve.wlm.WorkerThread - W-9000-cifar10_1.0 State change WORKER_STARTED -> WORKER_ERROR
2025-04-25T17:03:25,567 [DEBUG] W-9000-cifar10_1.0 org.pytorch.serve.wlm.WorkerThread - W-9000-cifar10_1.0 State change WORKER_STARTED -> WORKER_ERROR
2025-04-25T17:03:25,567 [INFO ] W-9000-cifar10_1.0-stdout MODEL_LOG -   File "/home/amin/miniconda3/envs/deep-learning/lib/python3.9/site-packages/ts/model_loader.py", line 143, in load
2025-04-25T17:03:25,567 [INFO ] epollEventLoopGroup-5-5 org.pytorch.serve.wlm.WorkerThread - 9000 Worker disconnected. WORKER_STARTED
2025-04-25T17:03:25,567 [INFO ] W-9000-cifar10_1.0-stdout MODEL_LOG -     initialize_fn(service.context)
2025-04-25T17:03:25,567 [INFO ] W-9000-cifar10_1.0 TS_METRICS - WorkerThreadTime.Milliseconds:0.0|#Level:Host|#hostname:amin-GF63-Thin-9SCXR,timestamp:1745575405
2025-04-25T17:03:25,567 [INFO ] epollEventLoopGroup-5-5 org.pytorch.serve.wlm.WorkerThread - 9000 Worker disconnected. WORKER_STARTED
2025-04-25T17:03:25,567 [INFO ] W-9000-cifar10_1.0-stdout MODEL_LOG -   File "/home/amin/miniconda3/envs/deep-learning/lib/python3.9/site-packages/ts/torch_handler/base_handler.py", line 191, in initialize
2025-04-25T17:03:25,567 [DEBUG] W-9000-cifar10_1.0 org.pytorch.serve.wlm.WorkerThread - System state is : WORKER_ERROR
2025-04-25T17:03:25,567 [DEBUG] W-9000-cifar10_1.0 org.pytorch.serve.wlm.WorkerThread - System state is : WORKER_ERROR
2025-04-25T17:03:25,567 [INFO ] W-9000-cifar10_1.0-stdout MODEL_LOG -     self.model = self._load_pickled_model(
2025-04-25T17:03:25,568 [INFO ] W-9000-cifar10_1.0-stdout MODEL_LOG -   File "/home/amin/miniconda3/envs/deep-learning/lib/python3.9/site-packages/ts/torch_handler/base_handler.py", line 356, in _load_pickled_model
2025-04-25T17:03:25,568 [INFO ] W-9000-cifar10_1.0-stdout MODEL_LOG -     model.load_state_dict(state_dict)
2025-04-25T17:03:25,568 [DEBUG] W-9000-cifar10_1.0 org.pytorch.serve.wlm.WorkerThread - Backend worker monitoring thread interrupted or backend worker process died., responseTimeout:120sec
java.lang.InterruptedException: null
	at java.util.concurrent.locks.AbstractQueuedSynchronizer$ConditionObject.awaitNanos(AbstractQueuedSynchronizer.java:1770) ~[?:?]
	at java.util.concurrent.LinkedBlockingDeque.pollFirst(LinkedBlockingDeque.java:515) ~[?:?]
	at java.util.concurrent.LinkedBlockingDeque.poll(LinkedBlockingDeque.java:677) ~[?:?]
	at org.pytorch.serve.wlm.Model.pollBatch(Model.java:482) ~[model-server.jar:?]
	at org.pytorch.serve.wlm.BatchAggregator.pollBatch(BatchAggregator.java:189) ~[model-server.jar:?]
	at org.pytorch.serve.wlm.BatchAggregator.getRequest(BatchAggregator.java:36) ~[model-server.jar:?]
	at org.pytorch.serve.wlm.WorkerThread.run(WorkerThread.java:195) ~[model-server.jar:?]
	at java.util.concurrent.ThreadPoolExecutor.runWorker(ThreadPoolExecutor.java:1144) ~[?:?]
	at java.util.concurrent.ThreadPoolExecutor$Worker.run(ThreadPoolExecutor.java:642) ~[?:?]
	at java.lang.Thread.run(Thread.java:1583) [?:?]
2025-04-25T17:03:25,568 [INFO ] W-9000-cifar10_1.0-stdout MODEL_LOG -   File "/home/amin/miniconda3/envs/deep-learning/lib/python3.9/site-packages/torch/nn/modules/module.py", line 2189, in load_state_dict
2025-04-25T17:03:25,568 [DEBUG] W-9000-cifar10_1.0 org.pytorch.serve.wlm.WorkerThread - Backend worker monitoring thread interrupted or backend worker process died., responseTimeout:120sec
java.lang.InterruptedException: null
	at java.util.concurrent.locks.AbstractQueuedSynchronizer$ConditionObject.awaitNanos(AbstractQueuedSynchronizer.java:1770) ~[?:?]
	at java.util.concurrent.LinkedBlockingDeque.pollFirst(LinkedBlockingDeque.java:515) ~[?:?]
	at java.util.concurrent.LinkedBlockingDeque.poll(LinkedBlockingDeque.java:677) ~[?:?]
	at org.pytorch.serve.wlm.Model.pollBatch(Model.java:482) ~[model-server.jar:?]
	at org.pytorch.serve.wlm.BatchAggregator.pollBatch(BatchAggregator.java:189) ~[model-server.jar:?]
	at org.pytorch.serve.wlm.BatchAggregator.getRequest(BatchAggregator.java:36) ~[model-server.jar:?]
	at org.pytorch.serve.wlm.WorkerThread.run(WorkerThread.java:195) ~[model-server.jar:?]
	at java.util.concurrent.ThreadPoolExecutor.runWorker(ThreadPoolExecutor.java:1144) ~[?:?]
	at java.util.concurrent.ThreadPoolExecutor$Worker.run(ThreadPoolExecutor.java:642) ~[?:?]
	at java.lang.Thread.run(Thread.java:1583) [?:?]
2025-04-25T17:03:25,568 [INFO ] W-9000-cifar10_1.0-stdout MODEL_LOG -     raise RuntimeError('Error(s) in loading state_dict for {}:\n\t{}'.format(
2025-04-25T17:03:25,568 [DEBUG] W-9000-cifar10_1.0 org.pytorch.serve.wlm.WorkerThread - W-9000-cifar10_1.0 State change WORKER_ERROR -> WORKER_STOPPED
2025-04-25T17:03:25,568 [DEBUG] W-9000-cifar10_1.0 org.pytorch.serve.wlm.WorkerThread - W-9000-cifar10_1.0 State change WORKER_ERROR -> WORKER_STOPPED
2025-04-25T17:03:25,568 [INFO ] W-9000-cifar10_1.0-stdout MODEL_LOG - RuntimeError: Error(s) in loading state_dict for SimpleCNN:
2025-04-25T17:03:25,568 [WARN ] W-9000-cifar10_1.0 org.pytorch.serve.wlm.WorkerThread - Auto recovery failed again
2025-04-25T17:03:25,568 [WARN ] W-9000-cifar10_1.0 org.pytorch.serve.wlm.WorkerThread - Auto recovery failed again
2025-04-25T17:03:25,568 [INFO ] W-9000-cifar10_1.0 org.pytorch.serve.wlm.WorkerThread - Retry worker: 9000 in 5 seconds.
2025-04-25T17:03:25,568 [INFO ] W-9000-cifar10_1.0-stdout MODEL_LOG - 	Missing key(s) in state_dict: "conv1.0.weight", "conv1.0.bias", "conv1.1.weight", "conv1.1.bias", "conv1.1.running_mean", "conv1.1.running_var", "conv1.3.weight", "conv1.3.bias", "conv1.4.weight", "conv1.4.bias", "conv1.4.running_mean", "conv1.4.running_var", "conv2.0.weight", "conv2.0.bias", "conv2.1.weight", "conv2.1.bias", "conv2.1.running_mean", "conv2.1.running_var", "conv2.3.weight", "conv2.3.bias", "conv2.4.weight", "conv2.4.bias", "conv2.4.running_mean", "conv2.4.running_var", "fc1.1.weight", "fc1.1.bias", "fc2.1.weight", "fc2.1.bias", "fc3.1.weight", "fc3.1.bias". 
2025-04-25T17:03:25,568 [INFO ] W-9000-cifar10_1.0 org.pytorch.serve.wlm.WorkerThread - Retry worker: 9000 in 5 seconds.
2025-04-25T17:03:25,568 [INFO ] W-9000-cifar10_1.0-stdout MODEL_LOG - 	Unexpected key(s) in state_dict: "epoch", "model", "optimizer". 
2025-04-25T17:03:25,568 [INFO ] W-9000-cifar10_1.0-stdout MODEL_LOG - Backend worker process died.
2025-04-25T17:03:25,568 [INFO ] W-9000-cifar10_1.0-stdout MODEL_LOG - Traceback (most recent call last):
2025-04-25T17:03:25,569 [INFO ] W-9000-cifar10_1.0-stdout MODEL_LOG -   File "/home/amin/miniconda3/envs/deep-learning/lib/python3.9/site-packages/ts/model_service_worker.py", line 301, in <module>
2025-04-25T17:03:25,569 [INFO ] W-9000-cifar10_1.0-stdout MODEL_LOG -     worker.run_server()
2025-04-25T17:03:25,569 [INFO ] W-9000-cifar10_1.0-stdout MODEL_LOG -   File "/home/amin/miniconda3/envs/deep-learning/lib/python3.9/site-packages/ts/model_service_worker.py", line 268, in run_server
2025-04-25T17:03:25,569 [INFO ] W-9000-cifar10_1.0-stdout MODEL_LOG -     self.handle_connection(cl_socket)
2025-04-25T17:03:25,569 [INFO ] W-9000-cifar10_1.0-stdout MODEL_LOG -   File "/home/amin/miniconda3/envs/deep-learning/lib/python3.9/site-packages/ts/model_service_worker.py", line 201, in handle_connection
2025-04-25T17:03:25,569 [INFO ] W-9000-cifar10_1.0-stdout MODEL_LOG -     raise RuntimeError("{} - {}".format(code, result))
2025-04-25T17:03:25,569 [INFO ] W-9000-cifar10_1.0-stdout MODEL_LOG - RuntimeError: 500 - Unknown exception
2025-04-25T17:03:25,569 [INFO ] W-9000-cifar10_1.0-stdout org.pytorch.serve.wlm.WorkerLifeCycle - Stopped Scanner - W-9000-cifar10_1.0-stdout
2025-04-25T17:03:25,569 [INFO ] W-9000-cifar10_1.0-stdout org.pytorch.serve.wlm.WorkerLifeCycle - Stopped Scanner - W-9000-cifar10_1.0-stdout
2025-04-25T17:03:25,591 [INFO ] W-9000-cifar10_1.0-stderr org.pytorch.serve.wlm.WorkerLifeCycle - Stopped Scanner - W-9000-cifar10_1.0-stderr
2025-04-25T17:03:25,591 [INFO ] W-9000-cifar10_1.0-stderr org.pytorch.serve.wlm.WorkerLifeCycle - Stopped Scanner - W-9000-cifar10_1.0-stderr
2025-04-25T17:03:30,569 [DEBUG] W-9000-cifar10_1.0 org.pytorch.serve.wlm.WorkerLifeCycle - Worker cmdline: [/home/amin/miniconda3/envs/deep-learning/bin/python, /home/amin/miniconda3/envs/deep-learning/lib/python3.9/site-packages/ts/model_service_worker.py, --sock-type, unix, --sock-name, /tmp/.ts.sock.9000, --metrics-config, /home/amin/miniconda3/envs/deep-learning/lib/python3.9/site-packages/ts/configs/metrics.yaml]
2025-04-25T17:03:30,569 [DEBUG] W-9000-cifar10_1.0 org.pytorch.serve.wlm.WorkerLifeCycle - Worker cmdline: [/home/amin/miniconda3/envs/deep-learning/bin/python, /home/amin/miniconda3/envs/deep-learning/lib/python3.9/site-packages/ts/model_service_worker.py, --sock-type, unix, --sock-name, /tmp/.ts.sock.9000, --metrics-config, /home/amin/miniconda3/envs/deep-learning/lib/python3.9/site-packages/ts/configs/metrics.yaml]
2025-04-25T17:03:31,604 [INFO ] W-9000-cifar10_1.0-stdout MODEL_LOG - s_name_part0=/tmp/.ts.sock, s_name_part1=9000, pid=10075
2025-04-25T17:03:31,604 [INFO ] W-9000-cifar10_1.0-stdout MODEL_LOG - Listening on port: /tmp/.ts.sock.9000
2025-04-25T17:03:31,612 [INFO ] W-9000-cifar10_1.0-stdout MODEL_LOG - Successfully loaded /home/amin/miniconda3/envs/deep-learning/lib/python3.9/site-packages/ts/configs/metrics.yaml.
2025-04-25T17:03:31,612 [INFO ] W-9000-cifar10_1.0-stdout MODEL_LOG - [PID]10075
2025-04-25T17:03:31,612 [INFO ] W-9000-cifar10_1.0-stdout MODEL_LOG - Torch worker started.
2025-04-25T17:03:31,612 [DEBUG] W-9000-cifar10_1.0 org.pytorch.serve.wlm.WorkerThread - W-9000-cifar10_1.0 State change WORKER_STOPPED -> WORKER_STARTED
2025-04-25T17:03:31,612 [INFO ] W-9000-cifar10_1.0-stdout MODEL_LOG - Python runtime: 3.9.21
2025-04-25T17:03:31,612 [DEBUG] W-9000-cifar10_1.0 org.pytorch.serve.wlm.WorkerThread - W-9000-cifar10_1.0 State change WORKER_STOPPED -> WORKER_STARTED
2025-04-25T17:03:31,612 [INFO ] W-9000-cifar10_1.0 org.pytorch.serve.wlm.WorkerThread - Connecting to: /tmp/.ts.sock.9000
2025-04-25T17:03:31,612 [INFO ] W-9000-cifar10_1.0 org.pytorch.serve.wlm.WorkerThread - Connecting to: /tmp/.ts.sock.9000
2025-04-25T17:03:31,613 [DEBUG] W-9000-cifar10_1.0 org.pytorch.serve.wlm.WorkerThread - Flushing req.cmd LOAD repeats 1 to backend at: 1745575411613
2025-04-25T17:03:31,613 [INFO ] W-9000-cifar10_1.0-stdout MODEL_LOG - Connection accepted: /tmp/.ts.sock.9000.
2025-04-25T17:03:31,613 [DEBUG] W-9000-cifar10_1.0 org.pytorch.serve.wlm.WorkerThread - Flushing req.cmd LOAD repeats 1 to backend at: 1745575411613
2025-04-25T17:03:31,613 [INFO ] W-9000-cifar10_1.0 org.pytorch.serve.wlm.WorkerThread - Looping backend response at: 1745575411613
2025-04-25T17:03:31,613 [INFO ] W-9000-cifar10_1.0 org.pytorch.serve.wlm.WorkerThread - Looping backend response at: 1745575411613
2025-04-25T17:03:31,624 [INFO ] W-9000-cifar10_1.0-stdout MODEL_LOG - model_name: cifar10, batchSize: 1
2025-04-25T17:03:31,682 [INFO ] W-9000-cifar10_1.0-stdout MODEL_LOG - OpenVINO is not enabled
2025-04-25T17:03:31,682 [INFO ] W-9000-cifar10_1.0-stdout MODEL_LOG - proceeding without onnxruntime
2025-04-25T17:03:31,682 [INFO ] W-9000-cifar10_1.0-stdout MODEL_LOG - Torch TensorRT not enabled
2025-04-25T17:03:31,770 [INFO ] W-9000-cifar10_1.0-stdout MODEL_LOG - Failed to load model cifar10, exception Error(s) in loading state_dict for SimpleCNN:
2025-04-25T17:03:31,771 [INFO ] W-9000-cifar10_1.0-stdout MODEL_LOG - 	Missing key(s) in state_dict: "conv1.0.weight", "conv1.0.bias", "conv1.1.weight", "conv1.1.bias", "conv1.1.running_mean", "conv1.1.running_var", "conv1.3.weight", "conv1.3.bias", "conv1.4.weight", "conv1.4.bias", "conv1.4.running_mean", "conv1.4.running_var", "conv2.0.weight", "conv2.0.bias", "conv2.1.weight", "conv2.1.bias", "conv2.1.running_mean", "conv2.1.running_var", "conv2.3.weight", "conv2.3.bias", "conv2.4.weight", "conv2.4.bias", "conv2.4.running_mean", "conv2.4.running_var", "fc1.1.weight", "fc1.1.bias", "fc2.1.weight", "fc2.1.bias", "fc3.1.weight", "fc3.1.bias". 
2025-04-25T17:03:31,771 [INFO ] W-9000-cifar10_1.0 org.pytorch.serve.wlm.WorkerThread - Backend response time: 158
2025-04-25T17:03:31,771 [INFO ] W-9000-cifar10_1.0-stdout MODEL_LOG - 	Unexpected key(s) in state_dict: "epoch", "model", "optimizer". 
2025-04-25T17:03:31,771 [INFO ] W-9000-cifar10_1.0 org.pytorch.serve.wlm.WorkerThread - Backend response time: 158
2025-04-25T17:03:31,771 [DEBUG] W-9000-cifar10_1.0 org.pytorch.serve.wlm.WorkerThread - W-9000-cifar10_1.0 State change WORKER_STARTED -> WORKER_ERROR
2025-04-25T17:03:31,771 [INFO ] W-9000-cifar10_1.0-stdout MODEL_LOG - Traceback (most recent call last):
2025-04-25T17:03:31,771 [DEBUG] W-9000-cifar10_1.0 org.pytorch.serve.wlm.WorkerThread - W-9000-cifar10_1.0 State change WORKER_STARTED -> WORKER_ERROR
2025-04-25T17:03:31,771 [INFO ] W-9000-cifar10_1.0-stdout MODEL_LOG -   File "/home/amin/miniconda3/envs/deep-learning/lib/python3.9/site-packages/ts/model_service_worker.py", line 133, in load_model
2025-04-25T17:03:31,771 [INFO ] W-9000-cifar10_1.0 TS_METRICS - WorkerThreadTime.Milliseconds:0.0|#Level:Host|#hostname:amin-GF63-Thin-9SCXR,timestamp:1745575411
2025-04-25T17:03:31,771 [INFO ] epollEventLoopGroup-5-6 org.pytorch.serve.wlm.WorkerThread - 9000 Worker disconnected. WORKER_STARTED
2025-04-25T17:03:31,771 [INFO ] W-9000-cifar10_1.0-stdout MODEL_LOG -     service = model_loader.load(
2025-04-25T17:03:31,771 [INFO ] epollEventLoopGroup-5-6 org.pytorch.serve.wlm.WorkerThread - 9000 Worker disconnected. WORKER_STARTED
2025-04-25T17:03:31,771 [INFO ] W-9000-cifar10_1.0-stdout MODEL_LOG -   File "/home/amin/miniconda3/envs/deep-learning/lib/python3.9/site-packages/ts/model_loader.py", line 143, in load
2025-04-25T17:03:31,771 [DEBUG] W-9000-cifar10_1.0 org.pytorch.serve.wlm.WorkerThread - System state is : WORKER_ERROR
2025-04-25T17:03:31,771 [DEBUG] W-9000-cifar10_1.0 org.pytorch.serve.wlm.WorkerThread - System state is : WORKER_ERROR
2025-04-25T17:03:31,771 [INFO ] W-9000-cifar10_1.0-stdout MODEL_LOG -     initialize_fn(service.context)
2025-04-25T17:03:31,771 [INFO ] W-9000-cifar10_1.0-stdout MODEL_LOG -   File "/home/amin/miniconda3/envs/deep-learning/lib/python3.9/site-packages/ts/torch_handler/base_handler.py", line 191, in initialize
2025-04-25T17:03:31,771 [DEBUG] W-9000-cifar10_1.0 org.pytorch.serve.wlm.WorkerThread - Backend worker monitoring thread interrupted or backend worker process died., responseTimeout:120sec
java.lang.InterruptedException: null
	at java.util.concurrent.locks.AbstractQueuedSynchronizer$ConditionObject.awaitNanos(AbstractQueuedSynchronizer.java:1770) ~[?:?]
	at java.util.concurrent.LinkedBlockingDeque.pollFirst(LinkedBlockingDeque.java:515) ~[?:?]
	at java.util.concurrent.LinkedBlockingDeque.poll(LinkedBlockingDeque.java:677) ~[?:?]
	at org.pytorch.serve.wlm.Model.pollBatch(Model.java:482) ~[model-server.jar:?]
	at org.pytorch.serve.wlm.BatchAggregator.pollBatch(BatchAggregator.java:189) ~[model-server.jar:?]
	at org.pytorch.serve.wlm.BatchAggregator.getRequest(BatchAggregator.java:36) ~[model-server.jar:?]
	at org.pytorch.serve.wlm.WorkerThread.run(WorkerThread.java:195) ~[model-server.jar:?]
	at java.util.concurrent.ThreadPoolExecutor.runWorker(ThreadPoolExecutor.java:1144) ~[?:?]
	at java.util.concurrent.ThreadPoolExecutor$Worker.run(ThreadPoolExecutor.java:642) ~[?:?]
	at java.lang.Thread.run(Thread.java:1583) [?:?]
2025-04-25T17:03:31,771 [INFO ] W-9000-cifar10_1.0-stdout MODEL_LOG -     self.model = self._load_pickled_model(
2025-04-25T17:03:31,771 [DEBUG] W-9000-cifar10_1.0 org.pytorch.serve.wlm.WorkerThread - Backend worker monitoring thread interrupted or backend worker process died., responseTimeout:120sec
java.lang.InterruptedException: null
	at java.util.concurrent.locks.AbstractQueuedSynchronizer$ConditionObject.awaitNanos(AbstractQueuedSynchronizer.java:1770) ~[?:?]
	at java.util.concurrent.LinkedBlockingDeque.pollFirst(LinkedBlockingDeque.java:515) ~[?:?]
	at java.util.concurrent.LinkedBlockingDeque.poll(LinkedBlockingDeque.java:677) ~[?:?]
	at org.pytorch.serve.wlm.Model.pollBatch(Model.java:482) ~[model-server.jar:?]
	at org.pytorch.serve.wlm.BatchAggregator.pollBatch(BatchAggregator.java:189) ~[model-server.jar:?]
	at org.pytorch.serve.wlm.BatchAggregator.getRequest(BatchAggregator.java:36) ~[model-server.jar:?]
	at org.pytorch.serve.wlm.WorkerThread.run(WorkerThread.java:195) ~[model-server.jar:?]
	at java.util.concurrent.ThreadPoolExecutor.runWorker(ThreadPoolExecutor.java:1144) ~[?:?]
	at java.util.concurrent.ThreadPoolExecutor$Worker.run(ThreadPoolExecutor.java:642) ~[?:?]
	at java.lang.Thread.run(Thread.java:1583) [?:?]
2025-04-25T17:03:31,772 [INFO ] W-9000-cifar10_1.0-stdout MODEL_LOG -   File "/home/amin/miniconda3/envs/deep-learning/lib/python3.9/site-packages/ts/torch_handler/base_handler.py", line 356, in _load_pickled_model
2025-04-25T17:03:31,772 [DEBUG] W-9000-cifar10_1.0 org.pytorch.serve.wlm.WorkerThread - W-9000-cifar10_1.0 State change WORKER_ERROR -> WORKER_STOPPED
2025-04-25T17:03:31,772 [DEBUG] W-9000-cifar10_1.0 org.pytorch.serve.wlm.WorkerThread - W-9000-cifar10_1.0 State change WORKER_ERROR -> WORKER_STOPPED
2025-04-25T17:03:31,772 [WARN ] W-9000-cifar10_1.0 org.pytorch.serve.wlm.WorkerThread - Auto recovery failed again
2025-04-25T17:03:31,772 [WARN ] W-9000-cifar10_1.0 org.pytorch.serve.wlm.WorkerThread - Auto recovery failed again
2025-04-25T17:03:31,772 [INFO ] W-9000-cifar10_1.0-stdout MODEL_LOG -     model.load_state_dict(state_dict)
2025-04-25T17:03:31,772 [INFO ] W-9000-cifar10_1.0-stdout MODEL_LOG -   File "/home/amin/miniconda3/envs/deep-learning/lib/python3.9/site-packages/torch/nn/modules/module.py", line 2189, in load_state_dict
2025-04-25T17:03:31,772 [INFO ] W-9000-cifar10_1.0 org.pytorch.serve.wlm.WorkerThread - Retry worker: 9000 in 8 seconds.
2025-04-25T17:03:31,772 [INFO ] W-9000-cifar10_1.0 org.pytorch.serve.wlm.WorkerThread - Retry worker: 9000 in 8 seconds.
2025-04-25T17:03:31,772 [INFO ] W-9000-cifar10_1.0-stdout MODEL_LOG -     raise RuntimeError('Error(s) in loading state_dict for {}:\n\t{}'.format(
2025-04-25T17:03:31,772 [INFO ] W-9000-cifar10_1.0-stdout MODEL_LOG - RuntimeError: Error(s) in loading state_dict for SimpleCNN:
2025-04-25T17:03:31,772 [INFO ] W-9000-cifar10_1.0-stdout MODEL_LOG - 	Missing key(s) in state_dict: "conv1.0.weight", "conv1.0.bias", "conv1.1.weight", "conv1.1.bias", "conv1.1.running_mean", "conv1.1.running_var", "conv1.3.weight", "conv1.3.bias", "conv1.4.weight", "conv1.4.bias", "conv1.4.running_mean", "conv1.4.running_var", "conv2.0.weight", "conv2.0.bias", "conv2.1.weight", "conv2.1.bias", "conv2.1.running_mean", "conv2.1.running_var", "conv2.3.weight", "conv2.3.bias", "conv2.4.weight", "conv2.4.bias", "conv2.4.running_mean", "conv2.4.running_var", "fc1.1.weight", "fc1.1.bias", "fc2.1.weight", "fc2.1.bias", "fc3.1.weight", "fc3.1.bias". 
2025-04-25T17:03:31,772 [INFO ] W-9000-cifar10_1.0-stdout MODEL_LOG - 	Unexpected key(s) in state_dict: "epoch", "model", "optimizer". 
2025-04-25T17:03:31,773 [INFO ] W-9000-cifar10_1.0-stdout org.pytorch.serve.wlm.WorkerLifeCycle - Stopped Scanner - W-9000-cifar10_1.0-stdout
2025-04-25T17:03:31,773 [INFO ] W-9000-cifar10_1.0-stdout org.pytorch.serve.wlm.WorkerLifeCycle - Stopped Scanner - W-9000-cifar10_1.0-stdout
2025-04-25T17:03:31,797 [INFO ] W-9000-cifar10_1.0-stderr org.pytorch.serve.wlm.WorkerLifeCycle - Stopped Scanner - W-9000-cifar10_1.0-stderr
2025-04-25T17:03:31,797 [INFO ] W-9000-cifar10_1.0-stderr org.pytorch.serve.wlm.WorkerLifeCycle - Stopped Scanner - W-9000-cifar10_1.0-stderr
2025-04-25T17:03:39,772 [DEBUG] W-9000-cifar10_1.0 org.pytorch.serve.wlm.WorkerLifeCycle - Worker cmdline: [/home/amin/miniconda3/envs/deep-learning/bin/python, /home/amin/miniconda3/envs/deep-learning/lib/python3.9/site-packages/ts/model_service_worker.py, --sock-type, unix, --sock-name, /tmp/.ts.sock.9000, --metrics-config, /home/amin/miniconda3/envs/deep-learning/lib/python3.9/site-packages/ts/configs/metrics.yaml]
2025-04-25T17:03:39,772 [DEBUG] W-9000-cifar10_1.0 org.pytorch.serve.wlm.WorkerLifeCycle - Worker cmdline: [/home/amin/miniconda3/envs/deep-learning/bin/python, /home/amin/miniconda3/envs/deep-learning/lib/python3.9/site-packages/ts/model_service_worker.py, --sock-type, unix, --sock-name, /tmp/.ts.sock.9000, --metrics-config, /home/amin/miniconda3/envs/deep-learning/lib/python3.9/site-packages/ts/configs/metrics.yaml]
2025-04-25T17:03:40,781 [INFO ] W-9000-cifar10_1.0-stdout MODEL_LOG - s_name_part0=/tmp/.ts.sock, s_name_part1=9000, pid=10093
2025-04-25T17:03:40,782 [INFO ] W-9000-cifar10_1.0-stdout MODEL_LOG - Listening on port: /tmp/.ts.sock.9000
2025-04-25T17:03:40,790 [INFO ] W-9000-cifar10_1.0-stdout MODEL_LOG - Successfully loaded /home/amin/miniconda3/envs/deep-learning/lib/python3.9/site-packages/ts/configs/metrics.yaml.
2025-04-25T17:03:40,790 [INFO ] W-9000-cifar10_1.0-stdout MODEL_LOG - [PID]10093
2025-04-25T17:03:40,791 [INFO ] W-9000-cifar10_1.0-stdout MODEL_LOG - Torch worker started.
2025-04-25T17:03:40,791 [DEBUG] W-9000-cifar10_1.0 org.pytorch.serve.wlm.WorkerThread - W-9000-cifar10_1.0 State change WORKER_STOPPED -> WORKER_STARTED
2025-04-25T17:03:40,791 [INFO ] W-9000-cifar10_1.0-stdout MODEL_LOG - Python runtime: 3.9.21
2025-04-25T17:03:40,791 [DEBUG] W-9000-cifar10_1.0 org.pytorch.serve.wlm.WorkerThread - W-9000-cifar10_1.0 State change WORKER_STOPPED -> WORKER_STARTED
2025-04-25T17:03:40,791 [INFO ] W-9000-cifar10_1.0 org.pytorch.serve.wlm.WorkerThread - Connecting to: /tmp/.ts.sock.9000
2025-04-25T17:03:40,791 [INFO ] W-9000-cifar10_1.0 org.pytorch.serve.wlm.WorkerThread - Connecting to: /tmp/.ts.sock.9000
2025-04-25T17:03:40,792 [DEBUG] W-9000-cifar10_1.0 org.pytorch.serve.wlm.WorkerThread - Flushing req.cmd LOAD repeats 1 to backend at: 1745575420792
2025-04-25T17:03:40,792 [DEBUG] W-9000-cifar10_1.0 org.pytorch.serve.wlm.WorkerThread - Flushing req.cmd LOAD repeats 1 to backend at: 1745575420792
2025-04-25T17:03:40,792 [INFO ] W-9000-cifar10_1.0-stdout MODEL_LOG - Connection accepted: /tmp/.ts.sock.9000.
2025-04-25T17:03:40,792 [INFO ] W-9000-cifar10_1.0 org.pytorch.serve.wlm.WorkerThread - Looping backend response at: 1745575420792
2025-04-25T17:03:40,792 [INFO ] W-9000-cifar10_1.0 org.pytorch.serve.wlm.WorkerThread - Looping backend response at: 1745575420792
2025-04-25T17:03:40,804 [INFO ] W-9000-cifar10_1.0-stdout MODEL_LOG - model_name: cifar10, batchSize: 1
2025-04-25T17:03:40,854 [INFO ] W-9000-cifar10_1.0-stdout MODEL_LOG - OpenVINO is not enabled
2025-04-25T17:03:40,854 [INFO ] W-9000-cifar10_1.0-stdout MODEL_LOG - proceeding without onnxruntime
2025-04-25T17:03:40,854 [INFO ] W-9000-cifar10_1.0-stdout MODEL_LOG - Torch TensorRT not enabled
2025-04-25T17:03:40,937 [INFO ] W-9000-cifar10_1.0-stdout MODEL_LOG - Failed to load model cifar10, exception Error(s) in loading state_dict for SimpleCNN:
2025-04-25T17:03:40,937 [INFO ] W-9000-cifar10_1.0-stdout MODEL_LOG - 	Missing key(s) in state_dict: "conv1.0.weight", "conv1.0.bias", "conv1.1.weight", "conv1.1.bias", "conv1.1.running_mean", "conv1.1.running_var", "conv1.3.weight", "conv1.3.bias", "conv1.4.weight", "conv1.4.bias", "conv1.4.running_mean", "conv1.4.running_var", "conv2.0.weight", "conv2.0.bias", "conv2.1.weight", "conv2.1.bias", "conv2.1.running_mean", "conv2.1.running_var", "conv2.3.weight", "conv2.3.bias", "conv2.4.weight", "conv2.4.bias", "conv2.4.running_mean", "conv2.4.running_var", "fc1.1.weight", "fc1.1.bias", "fc2.1.weight", "fc2.1.bias", "fc3.1.weight", "fc3.1.bias". 
2025-04-25T17:03:40,937 [INFO ] W-9000-cifar10_1.0-stdout MODEL_LOG - 	Unexpected key(s) in state_dict: "epoch", "model", "optimizer". 
2025-04-25T17:03:40,937 [INFO ] W-9000-cifar10_1.0-stdout MODEL_LOG - Traceback (most recent call last):
2025-04-25T17:03:40,937 [INFO ] W-9000-cifar10_1.0-stdout MODEL_LOG -   File "/home/amin/miniconda3/envs/deep-learning/lib/python3.9/site-packages/ts/model_service_worker.py", line 133, in load_model
2025-04-25T17:03:40,937 [INFO ] W-9000-cifar10_1.0-stdout MODEL_LOG -     service = model_loader.load(
2025-04-25T17:03:40,937 [INFO ] W-9000-cifar10_1.0 org.pytorch.serve.wlm.WorkerThread - Backend response time: 145
2025-04-25T17:03:40,937 [INFO ] W-9000-cifar10_1.0 org.pytorch.serve.wlm.WorkerThread - Backend response time: 145
2025-04-25T17:03:40,937 [INFO ] W-9000-cifar10_1.0-stdout MODEL_LOG -   File "/home/amin/miniconda3/envs/deep-learning/lib/python3.9/site-packages/ts/model_loader.py", line 143, in load
2025-04-25T17:03:40,938 [DEBUG] W-9000-cifar10_1.0 org.pytorch.serve.wlm.WorkerThread - W-9000-cifar10_1.0 State change WORKER_STARTED -> WORKER_ERROR
2025-04-25T17:03:40,938 [INFO ] W-9000-cifar10_1.0-stdout MODEL_LOG -     initialize_fn(service.context)
2025-04-25T17:03:40,938 [DEBUG] W-9000-cifar10_1.0 org.pytorch.serve.wlm.WorkerThread - W-9000-cifar10_1.0 State change WORKER_STARTED -> WORKER_ERROR
2025-04-25T17:03:40,938 [INFO ] W-9000-cifar10_1.0-stdout MODEL_LOG -   File "/home/amin/miniconda3/envs/deep-learning/lib/python3.9/site-packages/ts/torch_handler/base_handler.py", line 191, in initialize
2025-04-25T17:03:40,938 [INFO ] W-9000-cifar10_1.0 TS_METRICS - WorkerThreadTime.Milliseconds:1.0|#Level:Host|#hostname:amin-GF63-Thin-9SCXR,timestamp:1745575420
2025-04-25T17:03:40,938 [INFO ] epollEventLoopGroup-5-7 org.pytorch.serve.wlm.WorkerThread - 9000 Worker disconnected. WORKER_STARTED
2025-04-25T17:03:40,938 [INFO ] W-9000-cifar10_1.0-stdout MODEL_LOG -     self.model = self._load_pickled_model(
2025-04-25T17:03:40,938 [INFO ] W-9000-cifar10_1.0-stdout MODEL_LOG -   File "/home/amin/miniconda3/envs/deep-learning/lib/python3.9/site-packages/ts/torch_handler/base_handler.py", line 356, in _load_pickled_model
2025-04-25T17:03:40,938 [INFO ] epollEventLoopGroup-5-7 org.pytorch.serve.wlm.WorkerThread - 9000 Worker disconnected. WORKER_STARTED
2025-04-25T17:03:40,938 [INFO ] W-9000-cifar10_1.0-stdout MODEL_LOG -     model.load_state_dict(state_dict)
2025-04-25T17:03:40,938 [DEBUG] W-9000-cifar10_1.0 org.pytorch.serve.wlm.WorkerThread - System state is : WORKER_ERROR
2025-04-25T17:03:40,938 [INFO ] W-9000-cifar10_1.0-stdout MODEL_LOG -   File "/home/amin/miniconda3/envs/deep-learning/lib/python3.9/site-packages/torch/nn/modules/module.py", line 2189, in load_state_dict
2025-04-25T17:03:40,938 [DEBUG] W-9000-cifar10_1.0 org.pytorch.serve.wlm.WorkerThread - System state is : WORKER_ERROR
2025-04-25T17:03:40,938 [INFO ] W-9000-cifar10_1.0-stdout MODEL_LOG -     raise RuntimeError('Error(s) in loading state_dict for {}:\n\t{}'.format(
2025-04-25T17:03:40,938 [INFO ] W-9000-cifar10_1.0-stdout MODEL_LOG - RuntimeError: Error(s) in loading state_dict for SimpleCNN:
2025-04-25T17:03:40,938 [DEBUG] W-9000-cifar10_1.0 org.pytorch.serve.wlm.WorkerThread - Backend worker monitoring thread interrupted or backend worker process died., responseTimeout:120sec
java.lang.InterruptedException: null
	at java.util.concurrent.locks.AbstractQueuedSynchronizer$ConditionObject.awaitNanos(AbstractQueuedSynchronizer.java:1770) ~[?:?]
	at java.util.concurrent.LinkedBlockingDeque.pollFirst(LinkedBlockingDeque.java:515) ~[?:?]
	at java.util.concurrent.LinkedBlockingDeque.poll(LinkedBlockingDeque.java:677) ~[?:?]
	at org.pytorch.serve.wlm.Model.pollBatch(Model.java:482) ~[model-server.jar:?]
	at org.pytorch.serve.wlm.BatchAggregator.pollBatch(BatchAggregator.java:189) ~[model-server.jar:?]
	at org.pytorch.serve.wlm.BatchAggregator.getRequest(BatchAggregator.java:36) ~[model-server.jar:?]
	at org.pytorch.serve.wlm.WorkerThread.run(WorkerThread.java:195) ~[model-server.jar:?]
	at java.util.concurrent.ThreadPoolExecutor.runWorker(ThreadPoolExecutor.java:1144) ~[?:?]
	at java.util.concurrent.ThreadPoolExecutor$Worker.run(ThreadPoolExecutor.java:642) ~[?:?]
	at java.lang.Thread.run(Thread.java:1583) [?:?]
2025-04-25T17:03:40,938 [INFO ] W-9000-cifar10_1.0-stdout MODEL_LOG - 	Missing key(s) in state_dict: "conv1.0.weight", "conv1.0.bias", "conv1.1.weight", "conv1.1.bias", "conv1.1.running_mean", "conv1.1.running_var", "conv1.3.weight", "conv1.3.bias", "conv1.4.weight", "conv1.4.bias", "conv1.4.running_mean", "conv1.4.running_var", "conv2.0.weight", "conv2.0.bias", "conv2.1.weight", "conv2.1.bias", "conv2.1.running_mean", "conv2.1.running_var", "conv2.3.weight", "conv2.3.bias", "conv2.4.weight", "conv2.4.bias", "conv2.4.running_mean", "conv2.4.running_var", "fc1.1.weight", "fc1.1.bias", "fc2.1.weight", "fc2.1.bias", "fc3.1.weight", "fc3.1.bias". 
2025-04-25T17:03:40,938 [INFO ] W-9000-cifar10_1.0-stdout MODEL_LOG - 	Unexpected key(s) in state_dict: "epoch", "model", "optimizer". 
2025-04-25T17:03:40,938 [DEBUG] W-9000-cifar10_1.0 org.pytorch.serve.wlm.WorkerThread - Backend worker monitoring thread interrupted or backend worker process died., responseTimeout:120sec
java.lang.InterruptedException: null
	at java.util.concurrent.locks.AbstractQueuedSynchronizer$ConditionObject.awaitNanos(AbstractQueuedSynchronizer.java:1770) ~[?:?]
	at java.util.concurrent.LinkedBlockingDeque.pollFirst(LinkedBlockingDeque.java:515) ~[?:?]
	at java.util.concurrent.LinkedBlockingDeque.poll(LinkedBlockingDeque.java:677) ~[?:?]
	at org.pytorch.serve.wlm.Model.pollBatch(Model.java:482) ~[model-server.jar:?]
	at org.pytorch.serve.wlm.BatchAggregator.pollBatch(BatchAggregator.java:189) ~[model-server.jar:?]
	at org.pytorch.serve.wlm.BatchAggregator.getRequest(BatchAggregator.java:36) ~[model-server.jar:?]
	at org.pytorch.serve.wlm.WorkerThread.run(WorkerThread.java:195) ~[model-server.jar:?]
	at java.util.concurrent.ThreadPoolExecutor.runWorker(ThreadPoolExecutor.java:1144) ~[?:?]
	at java.util.concurrent.ThreadPoolExecutor$Worker.run(ThreadPoolExecutor.java:642) ~[?:?]
	at java.lang.Thread.run(Thread.java:1583) [?:?]
2025-04-25T17:03:40,938 [INFO ] W-9000-cifar10_1.0-stdout MODEL_LOG - Backend worker process died.
2025-04-25T17:03:40,938 [DEBUG] W-9000-cifar10_1.0 org.pytorch.serve.wlm.WorkerThread - W-9000-cifar10_1.0 State change WORKER_ERROR -> WORKER_STOPPED
2025-04-25T17:03:40,938 [INFO ] W-9000-cifar10_1.0-stdout MODEL_LOG - Traceback (most recent call last):
2025-04-25T17:03:40,938 [INFO ] W-9000-cifar10_1.0-stdout MODEL_LOG -   File "/home/amin/miniconda3/envs/deep-learning/lib/python3.9/site-packages/ts/model_service_worker.py", line 301, in <module>
2025-04-25T17:03:40,938 [DEBUG] W-9000-cifar10_1.0 org.pytorch.serve.wlm.WorkerThread - W-9000-cifar10_1.0 State change WORKER_ERROR -> WORKER_STOPPED
2025-04-25T17:03:40,939 [WARN ] W-9000-cifar10_1.0 org.pytorch.serve.wlm.WorkerThread - Auto recovery failed again
2025-04-25T17:03:40,939 [WARN ] W-9000-cifar10_1.0 org.pytorch.serve.wlm.WorkerThread - Auto recovery failed again
2025-04-25T17:03:40,939 [INFO ] W-9000-cifar10_1.0-stdout MODEL_LOG -     worker.run_server()
2025-04-25T17:03:40,939 [INFO ] W-9000-cifar10_1.0-stdout MODEL_LOG -   File "/home/amin/miniconda3/envs/deep-learning/lib/python3.9/site-packages/ts/model_service_worker.py", line 268, in run_server
2025-04-25T17:03:40,939 [INFO ] W-9000-cifar10_1.0-stdout MODEL_LOG -     self.handle_connection(cl_socket)
2025-04-25T17:03:40,939 [INFO ] W-9000-cifar10_1.0 org.pytorch.serve.wlm.WorkerThread - Retry worker: 9000 in 13 seconds.
2025-04-25T17:03:40,939 [INFO ] W-9000-cifar10_1.0 org.pytorch.serve.wlm.WorkerThread - Retry worker: 9000 in 13 seconds.
2025-04-25T17:03:40,939 [INFO ] W-9000-cifar10_1.0-stdout MODEL_LOG -   File "/home/amin/miniconda3/envs/deep-learning/lib/python3.9/site-packages/ts/model_service_worker.py", line 201, in handle_connection
2025-04-25T17:03:40,939 [INFO ] W-9000-cifar10_1.0-stdout MODEL_LOG -     raise RuntimeError("{} - {}".format(code, result))
2025-04-25T17:03:40,939 [INFO ] W-9000-cifar10_1.0-stdout MODEL_LOG - RuntimeError: 500 - Unknown exception
2025-04-25T17:03:40,939 [INFO ] W-9000-cifar10_1.0-stdout org.pytorch.serve.wlm.WorkerLifeCycle - Stopped Scanner - W-9000-cifar10_1.0-stdout
2025-04-25T17:03:40,939 [INFO ] W-9000-cifar10_1.0-stdout org.pytorch.serve.wlm.WorkerLifeCycle - Stopped Scanner - W-9000-cifar10_1.0-stdout
2025-04-25T17:03:40,962 [INFO ] W-9000-cifar10_1.0-stderr org.pytorch.serve.wlm.WorkerLifeCycle - Stopped Scanner - W-9000-cifar10_1.0-stderr
2025-04-25T17:03:40,962 [INFO ] W-9000-cifar10_1.0-stderr org.pytorch.serve.wlm.WorkerLifeCycle - Stopped Scanner - W-9000-cifar10_1.0-stderr
2025-04-25T17:03:53,910 [INFO ] epollEventLoopGroup-3-1 ACCESS_LOG - /[0:0:0:0:0:0:0:1%0]:34038 "POST /predictions/cifar10 HTTP/1.1" 400 2
2025-04-25T17:03:53,910 [INFO ] epollEventLoopGroup-3-1 TS_METRICS - Requests4XX.Count:1.0|#Level:Host|#hostname:amin-GF63-Thin-9SCXR,timestamp:1745575433
2025-04-25T17:03:53,940 [DEBUG] W-9000-cifar10_1.0 org.pytorch.serve.wlm.WorkerLifeCycle - Worker cmdline: [/home/amin/miniconda3/envs/deep-learning/bin/python, /home/amin/miniconda3/envs/deep-learning/lib/python3.9/site-packages/ts/model_service_worker.py, --sock-type, unix, --sock-name, /tmp/.ts.sock.9000, --metrics-config, /home/amin/miniconda3/envs/deep-learning/lib/python3.9/site-packages/ts/configs/metrics.yaml]
2025-04-25T17:03:53,940 [DEBUG] W-9000-cifar10_1.0 org.pytorch.serve.wlm.WorkerLifeCycle - Worker cmdline: [/home/amin/miniconda3/envs/deep-learning/bin/python, /home/amin/miniconda3/envs/deep-learning/lib/python3.9/site-packages/ts/model_service_worker.py, --sock-type, unix, --sock-name, /tmp/.ts.sock.9000, --metrics-config, /home/amin/miniconda3/envs/deep-learning/lib/python3.9/site-packages/ts/configs/metrics.yaml]
2025-04-25T17:03:54,939 [INFO ] W-9000-cifar10_1.0-stdout MODEL_LOG - s_name_part0=/tmp/.ts.sock, s_name_part1=9000, pid=10126
2025-04-25T17:03:54,939 [INFO ] W-9000-cifar10_1.0-stdout MODEL_LOG - Listening on port: /tmp/.ts.sock.9000
2025-04-25T17:03:54,948 [INFO ] W-9000-cifar10_1.0-stdout MODEL_LOG - Successfully loaded /home/amin/miniconda3/envs/deep-learning/lib/python3.9/site-packages/ts/configs/metrics.yaml.
2025-04-25T17:03:54,948 [INFO ] W-9000-cifar10_1.0-stdout MODEL_LOG - [PID]10126
2025-04-25T17:03:54,948 [INFO ] W-9000-cifar10_1.0-stdout MODEL_LOG - Torch worker started.
2025-04-25T17:03:54,948 [DEBUG] W-9000-cifar10_1.0 org.pytorch.serve.wlm.WorkerThread - W-9000-cifar10_1.0 State change WORKER_STOPPED -> WORKER_STARTED
2025-04-25T17:03:54,948 [INFO ] W-9000-cifar10_1.0-stdout MODEL_LOG - Python runtime: 3.9.21
2025-04-25T17:03:54,948 [DEBUG] W-9000-cifar10_1.0 org.pytorch.serve.wlm.WorkerThread - W-9000-cifar10_1.0 State change WORKER_STOPPED -> WORKER_STARTED
2025-04-25T17:03:54,948 [INFO ] W-9000-cifar10_1.0 org.pytorch.serve.wlm.WorkerThread - Connecting to: /tmp/.ts.sock.9000
2025-04-25T17:03:54,948 [INFO ] W-9000-cifar10_1.0 org.pytorch.serve.wlm.WorkerThread - Connecting to: /tmp/.ts.sock.9000
2025-04-25T17:03:54,949 [INFO ] W-9000-cifar10_1.0-stdout MODEL_LOG - Connection accepted: /tmp/.ts.sock.9000.
2025-04-25T17:03:54,949 [DEBUG] W-9000-cifar10_1.0 org.pytorch.serve.wlm.WorkerThread - Flushing req.cmd LOAD repeats 1 to backend at: 1745575434949
2025-04-25T17:03:54,949 [DEBUG] W-9000-cifar10_1.0 org.pytorch.serve.wlm.WorkerThread - Flushing req.cmd LOAD repeats 1 to backend at: 1745575434949
2025-04-25T17:03:54,949 [INFO ] W-9000-cifar10_1.0 org.pytorch.serve.wlm.WorkerThread - Looping backend response at: 1745575434949
2025-04-25T17:03:54,949 [INFO ] W-9000-cifar10_1.0 org.pytorch.serve.wlm.WorkerThread - Looping backend response at: 1745575434949
2025-04-25T17:03:54,962 [INFO ] W-9000-cifar10_1.0-stdout MODEL_LOG - model_name: cifar10, batchSize: 1
2025-04-25T17:03:56,553 [INFO ] W-9000-cifar10_1.0-stdout MODEL_LOG - OpenVINO is not enabled
2025-04-25T17:03:56,553 [INFO ] W-9000-cifar10_1.0-stdout MODEL_LOG - proceeding without onnxruntime
2025-04-25T17:03:56,553 [INFO ] W-9000-cifar10_1.0-stdout MODEL_LOG - Torch TensorRT not enabled
2025-04-25T17:03:56,623 [INFO ] W-9000-cifar10_1.0-stdout MODEL_LOG - Failed to load model cifar10, exception Error(s) in loading state_dict for SimpleCNN:
2025-04-25T17:03:56,623 [INFO ] W-9000-cifar10_1.0-stdout MODEL_LOG - 	Missing key(s) in state_dict: "conv1.0.weight", "conv1.0.bias", "conv1.1.weight", "conv1.1.bias", "conv1.1.running_mean", "conv1.1.running_var", "conv1.3.weight", "conv1.3.bias", "conv1.4.weight", "conv1.4.bias", "conv1.4.running_mean", "conv1.4.running_var", "conv2.0.weight", "conv2.0.bias", "conv2.1.weight", "conv2.1.bias", "conv2.1.running_mean", "conv2.1.running_var", "conv2.3.weight", "conv2.3.bias", "conv2.4.weight", "conv2.4.bias", "conv2.4.running_mean", "conv2.4.running_var", "fc1.1.weight", "fc1.1.bias", "fc2.1.weight", "fc2.1.bias", "fc3.1.weight", "fc3.1.bias". 
2025-04-25T17:03:56,623 [INFO ] W-9000-cifar10_1.0-stdout MODEL_LOG - 	Unexpected key(s) in state_dict: "epoch", "model", "optimizer". 
2025-04-25T17:03:56,623 [INFO ] W-9000-cifar10_1.0-stdout MODEL_LOG - Traceback (most recent call last):
2025-04-25T17:03:56,623 [INFO ] W-9000-cifar10_1.0-stdout MODEL_LOG -   File "/home/amin/miniconda3/envs/deep-learning/lib/python3.9/site-packages/ts/model_service_worker.py", line 133, in load_model
2025-04-25T17:03:56,623 [INFO ] W-9000-cifar10_1.0-stdout MODEL_LOG -     service = model_loader.load(
2025-04-25T17:03:56,623 [INFO ] W-9000-cifar10_1.0 org.pytorch.serve.wlm.WorkerThread - Backend response time: 1674
2025-04-25T17:03:56,623 [INFO ] W-9000-cifar10_1.0 org.pytorch.serve.wlm.WorkerThread - Backend response time: 1674
2025-04-25T17:03:56,624 [INFO ] W-9000-cifar10_1.0-stdout MODEL_LOG -   File "/home/amin/miniconda3/envs/deep-learning/lib/python3.9/site-packages/ts/model_loader.py", line 143, in load
2025-04-25T17:03:56,624 [DEBUG] W-9000-cifar10_1.0 org.pytorch.serve.wlm.WorkerThread - W-9000-cifar10_1.0 State change WORKER_STARTED -> WORKER_ERROR
2025-04-25T17:03:56,624 [INFO ] W-9000-cifar10_1.0-stdout MODEL_LOG -     initialize_fn(service.context)
2025-04-25T17:03:56,624 [DEBUG] W-9000-cifar10_1.0 org.pytorch.serve.wlm.WorkerThread - W-9000-cifar10_1.0 State change WORKER_STARTED -> WORKER_ERROR
2025-04-25T17:03:56,624 [INFO ] W-9000-cifar10_1.0-stdout MODEL_LOG -   File "/home/amin/miniconda3/envs/deep-learning/lib/python3.9/site-packages/ts/torch_handler/base_handler.py", line 191, in initialize
2025-04-25T17:03:56,624 [INFO ] epollEventLoopGroup-5-8 org.pytorch.serve.wlm.WorkerThread - 9000 Worker disconnected. WORKER_STARTED
2025-04-25T17:03:56,624 [INFO ] W-9000-cifar10_1.0-stdout MODEL_LOG -     self.model = self._load_pickled_model(
2025-04-25T17:03:56,624 [INFO ] W-9000-cifar10_1.0 TS_METRICS - WorkerThreadTime.Milliseconds:1.0|#Level:Host|#hostname:amin-GF63-Thin-9SCXR,timestamp:1745575436
2025-04-25T17:03:56,624 [INFO ] W-9000-cifar10_1.0-stdout MODEL_LOG -   File "/home/amin/miniconda3/envs/deep-learning/lib/python3.9/site-packages/ts/torch_handler/base_handler.py", line 356, in _load_pickled_model
2025-04-25T17:03:56,624 [INFO ] epollEventLoopGroup-5-8 org.pytorch.serve.wlm.WorkerThread - 9000 Worker disconnected. WORKER_STARTED
2025-04-25T17:03:56,624 [INFO ] W-9000-cifar10_1.0-stdout MODEL_LOG -     model.load_state_dict(state_dict)
2025-04-25T17:03:56,624 [DEBUG] W-9000-cifar10_1.0 org.pytorch.serve.wlm.WorkerThread - System state is : WORKER_ERROR
2025-04-25T17:03:56,624 [INFO ] W-9000-cifar10_1.0-stdout MODEL_LOG -   File "/home/amin/miniconda3/envs/deep-learning/lib/python3.9/site-packages/torch/nn/modules/module.py", line 2189, in load_state_dict
2025-04-25T17:03:56,624 [DEBUG] W-9000-cifar10_1.0 org.pytorch.serve.wlm.WorkerThread - System state is : WORKER_ERROR
2025-04-25T17:03:56,624 [INFO ] W-9000-cifar10_1.0-stdout MODEL_LOG -     raise RuntimeError('Error(s) in loading state_dict for {}:\n\t{}'.format(
2025-04-25T17:03:56,624 [INFO ] W-9000-cifar10_1.0-stdout MODEL_LOG - RuntimeError: Error(s) in loading state_dict for SimpleCNN:
2025-04-25T17:03:56,624 [INFO ] W-9000-cifar10_1.0-stdout MODEL_LOG - 	Missing key(s) in state_dict: "conv1.0.weight", "conv1.0.bias", "conv1.1.weight", "conv1.1.bias", "conv1.1.running_mean", "conv1.1.running_var", "conv1.3.weight", "conv1.3.bias", "conv1.4.weight", "conv1.4.bias", "conv1.4.running_mean", "conv1.4.running_var", "conv2.0.weight", "conv2.0.bias", "conv2.1.weight", "conv2.1.bias", "conv2.1.running_mean", "conv2.1.running_var", "conv2.3.weight", "conv2.3.bias", "conv2.4.weight", "conv2.4.bias", "conv2.4.running_mean", "conv2.4.running_var", "fc1.1.weight", "fc1.1.bias", "fc2.1.weight", "fc2.1.bias", "fc3.1.weight", "fc3.1.bias". 
2025-04-25T17:03:56,624 [DEBUG] W-9000-cifar10_1.0 org.pytorch.serve.wlm.WorkerThread - Backend worker monitoring thread interrupted or backend worker process died., responseTimeout:120sec
java.lang.InterruptedException: null
	at java.util.concurrent.locks.AbstractQueuedSynchronizer$ConditionObject.awaitNanos(AbstractQueuedSynchronizer.java:1770) ~[?:?]
	at java.util.concurrent.LinkedBlockingDeque.pollFirst(LinkedBlockingDeque.java:515) ~[?:?]
	at java.util.concurrent.LinkedBlockingDeque.poll(LinkedBlockingDeque.java:677) ~[?:?]
	at org.pytorch.serve.wlm.Model.pollBatch(Model.java:482) ~[model-server.jar:?]
	at org.pytorch.serve.wlm.BatchAggregator.pollBatch(BatchAggregator.java:189) ~[model-server.jar:?]
	at org.pytorch.serve.wlm.BatchAggregator.getRequest(BatchAggregator.java:36) ~[model-server.jar:?]
	at org.pytorch.serve.wlm.WorkerThread.run(WorkerThread.java:195) ~[model-server.jar:?]
	at java.util.concurrent.ThreadPoolExecutor.runWorker(ThreadPoolExecutor.java:1144) ~[?:?]
	at java.util.concurrent.ThreadPoolExecutor$Worker.run(ThreadPoolExecutor.java:642) ~[?:?]
	at java.lang.Thread.run(Thread.java:1583) [?:?]
2025-04-25T17:03:56,624 [INFO ] W-9000-cifar10_1.0-stdout MODEL_LOG - 	Unexpected key(s) in state_dict: "epoch", "model", "optimizer". 
2025-04-25T17:03:56,624 [INFO ] W-9000-cifar10_1.0-stdout MODEL_LOG - Backend worker process died.
2025-04-25T17:03:56,624 [DEBUG] W-9000-cifar10_1.0 org.pytorch.serve.wlm.WorkerThread - Backend worker monitoring thread interrupted or backend worker process died., responseTimeout:120sec
java.lang.InterruptedException: null
	at java.util.concurrent.locks.AbstractQueuedSynchronizer$ConditionObject.awaitNanos(AbstractQueuedSynchronizer.java:1770) ~[?:?]
	at java.util.concurrent.LinkedBlockingDeque.pollFirst(LinkedBlockingDeque.java:515) ~[?:?]
	at java.util.concurrent.LinkedBlockingDeque.poll(LinkedBlockingDeque.java:677) ~[?:?]
	at org.pytorch.serve.wlm.Model.pollBatch(Model.java:482) ~[model-server.jar:?]
	at org.pytorch.serve.wlm.BatchAggregator.pollBatch(BatchAggregator.java:189) ~[model-server.jar:?]
	at org.pytorch.serve.wlm.BatchAggregator.getRequest(BatchAggregator.java:36) ~[model-server.jar:?]
	at org.pytorch.serve.wlm.WorkerThread.run(WorkerThread.java:195) ~[model-server.jar:?]
	at java.util.concurrent.ThreadPoolExecutor.runWorker(ThreadPoolExecutor.java:1144) ~[?:?]
	at java.util.concurrent.ThreadPoolExecutor$Worker.run(ThreadPoolExecutor.java:642) ~[?:?]
	at java.lang.Thread.run(Thread.java:1583) [?:?]
2025-04-25T17:03:56,624 [INFO ] W-9000-cifar10_1.0-stdout MODEL_LOG - Traceback (most recent call last):
2025-04-25T17:03:56,624 [DEBUG] W-9000-cifar10_1.0 org.pytorch.serve.wlm.WorkerThread - W-9000-cifar10_1.0 State change WORKER_ERROR -> WORKER_STOPPED
2025-04-25T17:03:56,624 [INFO ] W-9000-cifar10_1.0-stdout MODEL_LOG -   File "/home/amin/miniconda3/envs/deep-learning/lib/python3.9/site-packages/ts/model_service_worker.py", line 301, in <module>
2025-04-25T17:03:56,624 [DEBUG] W-9000-cifar10_1.0 org.pytorch.serve.wlm.WorkerThread - W-9000-cifar10_1.0 State change WORKER_ERROR -> WORKER_STOPPED
2025-04-25T17:03:56,625 [WARN ] W-9000-cifar10_1.0 org.pytorch.serve.wlm.WorkerThread - Auto recovery failed again
2025-04-25T17:03:56,624 [INFO ] W-9000-cifar10_1.0-stdout MODEL_LOG -     worker.run_server()
2025-04-25T17:03:56,625 [WARN ] W-9000-cifar10_1.0 org.pytorch.serve.wlm.WorkerThread - Auto recovery failed again
2025-04-25T17:03:56,625 [INFO ] W-9000-cifar10_1.0-stdout MODEL_LOG -   File "/home/amin/miniconda3/envs/deep-learning/lib/python3.9/site-packages/ts/model_service_worker.py", line 268, in run_server
2025-04-25T17:03:56,625 [INFO ] W-9000-cifar10_1.0-stdout MODEL_LOG -     self.handle_connection(cl_socket)
2025-04-25T17:03:56,625 [INFO ] W-9000-cifar10_1.0 org.pytorch.serve.wlm.WorkerThread - Retry worker: 9000 in 21 seconds.
2025-04-25T17:03:56,625 [INFO ] W-9000-cifar10_1.0-stdout MODEL_LOG -   File "/home/amin/miniconda3/envs/deep-learning/lib/python3.9/site-packages/ts/model_service_worker.py", line 201, in handle_connection
2025-04-25T17:03:56,625 [INFO ] W-9000-cifar10_1.0 org.pytorch.serve.wlm.WorkerThread - Retry worker: 9000 in 21 seconds.
2025-04-25T17:03:56,625 [INFO ] W-9000-cifar10_1.0-stdout MODEL_LOG -     raise RuntimeError("{} - {}".format(code, result))
2025-04-25T17:03:56,625 [INFO ] W-9000-cifar10_1.0-stdout MODEL_LOG - RuntimeError: 500 - Unknown exception
2025-04-25T17:03:56,625 [INFO ] W-9000-cifar10_1.0-stdout org.pytorch.serve.wlm.WorkerLifeCycle - Stopped Scanner - W-9000-cifar10_1.0-stdout
2025-04-25T17:03:56,625 [INFO ] W-9000-cifar10_1.0-stdout org.pytorch.serve.wlm.WorkerLifeCycle - Stopped Scanner - W-9000-cifar10_1.0-stdout
2025-04-25T17:03:56,647 [INFO ] W-9000-cifar10_1.0-stderr org.pytorch.serve.wlm.WorkerLifeCycle - Stopped Scanner - W-9000-cifar10_1.0-stderr
2025-04-25T17:03:56,647 [INFO ] W-9000-cifar10_1.0-stderr org.pytorch.serve.wlm.WorkerLifeCycle - Stopped Scanner - W-9000-cifar10_1.0-stderr
2025-04-25T17:04:02,128 [INFO ] epollEventLoopGroup-3-2 ACCESS_LOG - /[0:0:0:0:0:0:0:1%0]:45038 "POST /predictions/cifar10 HTTP/1.1" 400 1
2025-04-25T17:04:02,129 [INFO ] epollEventLoopGroup-3-2 TS_METRICS - Requests4XX.Count:1.0|#Level:Host|#hostname:amin-GF63-Thin-9SCXR,timestamp:1745575442
2025-04-25T17:04:11,677 [WARN ] pool-3-thread-2 org.pytorch.serve.metrics.MetricCollector - Parse metrics failed: NumExpr defaulting to 8 threads.
2025-04-25T17:04:11,677 [WARN ] pool-3-thread-2 org.pytorch.serve.metrics.MetricCollector - Parse metrics failed: NumExpr defaulting to 8 threads.
2025-04-25T17:04:11,878 [INFO ] pool-3-thread-2 TS_METRICS - CPUUtilization.Percent:0.0|#Level:Host|#hostname:amin-GF63-Thin-9SCXR,timestamp:1745575451
2025-04-25T17:04:11,878 [INFO ] pool-3-thread-2 TS_METRICS - DiskAvailable.Gigabytes:0.23827362060546875|#Level:Host|#hostname:amin-GF63-Thin-9SCXR,timestamp:1745575451
2025-04-25T17:04:11,878 [INFO ] pool-3-thread-2 TS_METRICS - DiskUsage.Gigabytes:95.99478912353516|#Level:Host|#hostname:amin-GF63-Thin-9SCXR,timestamp:1745575451
2025-04-25T17:04:11,878 [INFO ] pool-3-thread-2 TS_METRICS - DiskUtilization.Percent:99.8|#Level:Host|#hostname:amin-GF63-Thin-9SCXR,timestamp:1745575451
2025-04-25T17:04:11,879 [INFO ] pool-3-thread-2 TS_METRICS - GPUMemoryUtilization.Percent:0.1220703125|#Level:Host,DeviceId:0|#hostname:amin-GF63-Thin-9SCXR,timestamp:1745575451
2025-04-25T17:04:11,879 [INFO ] pool-3-thread-2 TS_METRICS - GPUMemoryUsed.Megabytes:5.0|#Level:Host,DeviceId:0|#hostname:amin-GF63-Thin-9SCXR,timestamp:1745575451
2025-04-25T17:04:11,879 [INFO ] pool-3-thread-2 TS_METRICS - GPUUtilization.Percent:0.0|#Level:Host,DeviceId:0|#hostname:amin-GF63-Thin-9SCXR,timestamp:1745575451
2025-04-25T17:04:11,879 [INFO ] pool-3-thread-2 TS_METRICS - MemoryAvailable.Megabytes:10066.74609375|#Level:Host|#hostname:amin-GF63-Thin-9SCXR,timestamp:1745575451
2025-04-25T17:04:11,879 [INFO ] pool-3-thread-2 TS_METRICS - MemoryUsed.Megabytes:4508.8671875|#Level:Host|#hostname:amin-GF63-Thin-9SCXR,timestamp:1745575451
2025-04-25T17:04:11,879 [INFO ] pool-3-thread-2 TS_METRICS - MemoryUtilization.Percent:36.4|#Level:Host|#hostname:amin-GF63-Thin-9SCXR,timestamp:1745575451
2025-04-25T17:04:17,625 [DEBUG] W-9000-cifar10_1.0 org.pytorch.serve.wlm.WorkerLifeCycle - Worker cmdline: [/home/amin/miniconda3/envs/deep-learning/bin/python, /home/amin/miniconda3/envs/deep-learning/lib/python3.9/site-packages/ts/model_service_worker.py, --sock-type, unix, --sock-name, /tmp/.ts.sock.9000, --metrics-config, /home/amin/miniconda3/envs/deep-learning/lib/python3.9/site-packages/ts/configs/metrics.yaml]
2025-04-25T17:04:17,625 [DEBUG] W-9000-cifar10_1.0 org.pytorch.serve.wlm.WorkerLifeCycle - Worker cmdline: [/home/amin/miniconda3/envs/deep-learning/bin/python, /home/amin/miniconda3/envs/deep-learning/lib/python3.9/site-packages/ts/model_service_worker.py, --sock-type, unix, --sock-name, /tmp/.ts.sock.9000, --metrics-config, /home/amin/miniconda3/envs/deep-learning/lib/python3.9/site-packages/ts/configs/metrics.yaml]
2025-04-25T17:04:18,845 [INFO ] W-9000-cifar10_1.0-stdout MODEL_LOG - s_name_part0=/tmp/.ts.sock, s_name_part1=9000, pid=10182
2025-04-25T17:04:18,846 [INFO ] W-9000-cifar10_1.0-stdout MODEL_LOG - Listening on port: /tmp/.ts.sock.9000
2025-04-25T17:04:18,857 [INFO ] W-9000-cifar10_1.0-stdout MODEL_LOG - Successfully loaded /home/amin/miniconda3/envs/deep-learning/lib/python3.9/site-packages/ts/configs/metrics.yaml.
2025-04-25T17:04:18,857 [INFO ] W-9000-cifar10_1.0-stdout MODEL_LOG - [PID]10182
2025-04-25T17:04:18,857 [INFO ] W-9000-cifar10_1.0-stdout MODEL_LOG - Torch worker started.
2025-04-25T17:04:18,857 [DEBUG] W-9000-cifar10_1.0 org.pytorch.serve.wlm.WorkerThread - W-9000-cifar10_1.0 State change WORKER_STOPPED -> WORKER_STARTED
2025-04-25T17:04:18,857 [INFO ] W-9000-cifar10_1.0-stdout MODEL_LOG - Python runtime: 3.9.21
2025-04-25T17:04:18,857 [DEBUG] W-9000-cifar10_1.0 org.pytorch.serve.wlm.WorkerThread - W-9000-cifar10_1.0 State change WORKER_STOPPED -> WORKER_STARTED
2025-04-25T17:04:18,857 [INFO ] W-9000-cifar10_1.0 org.pytorch.serve.wlm.WorkerThread - Connecting to: /tmp/.ts.sock.9000
2025-04-25T17:04:18,857 [INFO ] W-9000-cifar10_1.0 org.pytorch.serve.wlm.WorkerThread - Connecting to: /tmp/.ts.sock.9000
2025-04-25T17:04:18,858 [DEBUG] W-9000-cifar10_1.0 org.pytorch.serve.wlm.WorkerThread - Flushing req.cmd LOAD repeats 1 to backend at: 1745575458858
2025-04-25T17:04:18,858 [INFO ] W-9000-cifar10_1.0-stdout MODEL_LOG - Connection accepted: /tmp/.ts.sock.9000.
2025-04-25T17:04:18,858 [DEBUG] W-9000-cifar10_1.0 org.pytorch.serve.wlm.WorkerThread - Flushing req.cmd LOAD repeats 1 to backend at: 1745575458858
2025-04-25T17:04:18,858 [INFO ] W-9000-cifar10_1.0 org.pytorch.serve.wlm.WorkerThread - Looping backend response at: 1745575458858
2025-04-25T17:04:18,858 [INFO ] W-9000-cifar10_1.0 org.pytorch.serve.wlm.WorkerThread - Looping backend response at: 1745575458858
2025-04-25T17:04:18,871 [INFO ] W-9000-cifar10_1.0-stdout MODEL_LOG - model_name: cifar10, batchSize: 1
2025-04-25T17:04:20,498 [INFO ] W-9000-cifar10_1.0-stdout MODEL_LOG - OpenVINO is not enabled
2025-04-25T17:04:20,498 [INFO ] W-9000-cifar10_1.0-stdout MODEL_LOG - proceeding without onnxruntime
2025-04-25T17:04:20,498 [INFO ] W-9000-cifar10_1.0-stdout MODEL_LOG - Torch TensorRT not enabled
2025-04-25T17:04:20,582 [INFO ] W-9000-cifar10_1.0-stdout MODEL_LOG - Failed to load model cifar10, exception Error(s) in loading state_dict for SimpleCNN:
2025-04-25T17:04:20,583 [INFO ] W-9000-cifar10_1.0-stdout MODEL_LOG - 	Missing key(s) in state_dict: "conv1.0.weight", "conv1.0.bias", "conv1.1.weight", "conv1.1.bias", "conv1.1.running_mean", "conv1.1.running_var", "conv1.3.weight", "conv1.3.bias", "conv1.4.weight", "conv1.4.bias", "conv1.4.running_mean", "conv1.4.running_var", "conv2.0.weight", "conv2.0.bias", "conv2.1.weight", "conv2.1.bias", "conv2.1.running_mean", "conv2.1.running_var", "conv2.3.weight", "conv2.3.bias", "conv2.4.weight", "conv2.4.bias", "conv2.4.running_mean", "conv2.4.running_var", "fc1.1.weight", "fc1.1.bias", "fc2.1.weight", "fc2.1.bias", "fc3.1.weight", "fc3.1.bias". 
2025-04-25T17:04:20,583 [INFO ] W-9000-cifar10_1.0-stdout MODEL_LOG - 	Unexpected key(s) in state_dict: "epoch", "model", "optimizer". 
2025-04-25T17:04:20,584 [INFO ] W-9000-cifar10_1.0-stdout MODEL_LOG - Traceback (most recent call last):
2025-04-25T17:04:20,584 [INFO ] W-9000-cifar10_1.0-stdout MODEL_LOG -   File "/home/amin/miniconda3/envs/deep-learning/lib/python3.9/site-packages/ts/model_service_worker.py", line 133, in load_model
2025-04-25T17:04:20,584 [INFO ] W-9000-cifar10_1.0-stdout MODEL_LOG -     service = model_loader.load(
2025-04-25T17:04:20,584 [INFO ] epollEventLoopGroup-5-9 org.pytorch.serve.wlm.WorkerThread - 9000 Worker disconnected. WORKER_STARTED
2025-04-25T17:04:20,584 [INFO ] W-9000-cifar10_1.0-stdout MODEL_LOG -   File "/home/amin/miniconda3/envs/deep-learning/lib/python3.9/site-packages/ts/model_loader.py", line 143, in load
2025-04-25T17:04:20,584 [INFO ] W-9000-cifar10_1.0 org.pytorch.serve.wlm.WorkerThread - Backend response time: 1725
2025-04-25T17:04:20,584 [INFO ] W-9000-cifar10_1.0 org.pytorch.serve.wlm.WorkerThread - Backend response time: 1725
2025-04-25T17:04:20,584 [INFO ] epollEventLoopGroup-5-9 org.pytorch.serve.wlm.WorkerThread - 9000 Worker disconnected. WORKER_STARTED
2025-04-25T17:04:20,584 [DEBUG] W-9000-cifar10_1.0 org.pytorch.serve.wlm.WorkerThread - W-9000-cifar10_1.0 State change WORKER_STARTED -> WORKER_ERROR
2025-04-25T17:04:20,584 [DEBUG] W-9000-cifar10_1.0 org.pytorch.serve.wlm.WorkerThread - W-9000-cifar10_1.0 State change WORKER_STARTED -> WORKER_ERROR
2025-04-25T17:04:20,584 [INFO ] W-9000-cifar10_1.0-stdout MODEL_LOG -     initialize_fn(service.context)
2025-04-25T17:04:20,585 [INFO ] W-9000-cifar10_1.0-stdout MODEL_LOG -   File "/home/amin/miniconda3/envs/deep-learning/lib/python3.9/site-packages/ts/torch_handler/base_handler.py", line 191, in initialize
2025-04-25T17:04:20,585 [INFO ] W-9000-cifar10_1.0-stdout MODEL_LOG -     self.model = self._load_pickled_model(
2025-04-25T17:04:20,585 [INFO ] W-9000-cifar10_1.0-stdout MODEL_LOG -   File "/home/amin/miniconda3/envs/deep-learning/lib/python3.9/site-packages/ts/torch_handler/base_handler.py", line 356, in _load_pickled_model
2025-04-25T17:04:20,585 [INFO ] W-9000-cifar10_1.0 TS_METRICS - WorkerThreadTime.Milliseconds:1.0|#Level:Host|#hostname:amin-GF63-Thin-9SCXR,timestamp:1745575460
2025-04-25T17:04:20,585 [INFO ] W-9000-cifar10_1.0-stdout MODEL_LOG -     model.load_state_dict(state_dict)
2025-04-25T17:04:20,585 [DEBUG] W-9000-cifar10_1.0 org.pytorch.serve.wlm.WorkerThread - System state is : WORKER_ERROR
2025-04-25T17:04:20,585 [DEBUG] W-9000-cifar10_1.0 org.pytorch.serve.wlm.WorkerThread - System state is : WORKER_ERROR
2025-04-25T17:04:20,585 [INFO ] W-9000-cifar10_1.0-stdout MODEL_LOG -   File "/home/amin/miniconda3/envs/deep-learning/lib/python3.9/site-packages/torch/nn/modules/module.py", line 2189, in load_state_dict
2025-04-25T17:04:20,586 [INFO ] W-9000-cifar10_1.0-stdout MODEL_LOG -     raise RuntimeError('Error(s) in loading state_dict for {}:\n\t{}'.format(
2025-04-25T17:04:20,586 [INFO ] W-9000-cifar10_1.0-stdout MODEL_LOG - RuntimeError: Error(s) in loading state_dict for SimpleCNN:
2025-04-25T17:04:20,585 [DEBUG] W-9000-cifar10_1.0 org.pytorch.serve.wlm.WorkerThread - Backend worker monitoring thread interrupted or backend worker process died., responseTimeout:120sec
java.lang.InterruptedException: null
	at java.util.concurrent.locks.ReentrantLock$Sync.lockInterruptibly(ReentrantLock.java:159) ~[?:?]
	at java.util.concurrent.locks.ReentrantLock.lockInterruptibly(ReentrantLock.java:372) ~[?:?]
	at org.pytorch.serve.wlm.Model.pollBatch(Model.java:478) ~[model-server.jar:?]
	at org.pytorch.serve.wlm.BatchAggregator.pollBatch(BatchAggregator.java:189) ~[model-server.jar:?]
	at org.pytorch.serve.wlm.BatchAggregator.getRequest(BatchAggregator.java:36) ~[model-server.jar:?]
	at org.pytorch.serve.wlm.WorkerThread.run(WorkerThread.java:195) ~[model-server.jar:?]
	at java.util.concurrent.ThreadPoolExecutor.runWorker(ThreadPoolExecutor.java:1144) ~[?:?]
	at java.util.concurrent.ThreadPoolExecutor$Worker.run(ThreadPoolExecutor.java:642) ~[?:?]
	at java.lang.Thread.run(Thread.java:1583) [?:?]
2025-04-25T17:04:20,585 [DEBUG] W-9000-cifar10_1.0 org.pytorch.serve.wlm.WorkerThread - Backend worker monitoring thread interrupted or backend worker process died., responseTimeout:120sec
java.lang.InterruptedException: null
	at java.util.concurrent.locks.ReentrantLock$Sync.lockInterruptibly(ReentrantLock.java:159) ~[?:?]
	at java.util.concurrent.locks.ReentrantLock.lockInterruptibly(ReentrantLock.java:372) ~[?:?]
	at org.pytorch.serve.wlm.Model.pollBatch(Model.java:478) ~[model-server.jar:?]
	at org.pytorch.serve.wlm.BatchAggregator.pollBatch(BatchAggregator.java:189) ~[model-server.jar:?]
	at org.pytorch.serve.wlm.BatchAggregator.getRequest(BatchAggregator.java:36) ~[model-server.jar:?]
	at org.pytorch.serve.wlm.WorkerThread.run(WorkerThread.java:195) ~[model-server.jar:?]
	at java.util.concurrent.ThreadPoolExecutor.runWorker(ThreadPoolExecutor.java:1144) ~[?:?]
	at java.util.concurrent.ThreadPoolExecutor$Worker.run(ThreadPoolExecutor.java:642) ~[?:?]
	at java.lang.Thread.run(Thread.java:1583) [?:?]
2025-04-25T17:04:20,586 [DEBUG] W-9000-cifar10_1.0 org.pytorch.serve.wlm.WorkerThread - W-9000-cifar10_1.0 State change WORKER_ERROR -> WORKER_STOPPED
2025-04-25T17:04:20,586 [DEBUG] W-9000-cifar10_1.0 org.pytorch.serve.wlm.WorkerThread - W-9000-cifar10_1.0 State change WORKER_ERROR -> WORKER_STOPPED
2025-04-25T17:04:20,586 [INFO ] W-9000-cifar10_1.0-stdout MODEL_LOG - 	Missing key(s) in state_dict: "conv1.0.weight", "conv1.0.bias", "conv1.1.weight", "conv1.1.bias", "conv1.1.running_mean", "conv1.1.running_var", "conv1.3.weight", "conv1.3.bias", "conv1.4.weight", "conv1.4.bias", "conv1.4.running_mean", "conv1.4.running_var", "conv2.0.weight", "conv2.0.bias", "conv2.1.weight", "conv2.1.bias", "conv2.1.running_mean", "conv2.1.running_var", "conv2.3.weight", "conv2.3.bias", "conv2.4.weight", "conv2.4.bias", "conv2.4.running_mean", "conv2.4.running_var", "fc1.1.weight", "fc1.1.bias", "fc2.1.weight", "fc2.1.bias", "fc3.1.weight", "fc3.1.bias". 
2025-04-25T17:04:20,586 [INFO ] W-9000-cifar10_1.0-stdout MODEL_LOG - 	Unexpected key(s) in state_dict: "epoch", "model", "optimizer". 
2025-04-25T17:04:20,586 [INFO ] W-9000-cifar10_1.0-stdout MODEL_LOG - Backend worker process died.
2025-04-25T17:04:20,586 [INFO ] W-9000-cifar10_1.0-stdout MODEL_LOG - Traceback (most recent call last):
2025-04-25T17:04:20,586 [INFO ] W-9000-cifar10_1.0-stdout MODEL_LOG -   File "/home/amin/miniconda3/envs/deep-learning/lib/python3.9/site-packages/ts/model_service_worker.py", line 301, in <module>
2025-04-25T17:04:20,586 [INFO ] W-9000-cifar10_1.0-stdout MODEL_LOG -     worker.run_server()
2025-04-25T17:04:20,586 [INFO ] W-9000-cifar10_1.0-stdout MODEL_LOG -   File "/home/amin/miniconda3/envs/deep-learning/lib/python3.9/site-packages/ts/model_service_worker.py", line 268, in run_server
2025-04-25T17:04:20,587 [INFO ] W-9000-cifar10_1.0-stdout MODEL_LOG -     self.handle_connection(cl_socket)
2025-04-25T17:04:20,586 [WARN ] W-9000-cifar10_1.0 org.pytorch.serve.wlm.WorkerThread - Auto recovery failed again
2025-04-25T17:04:20,587 [INFO ] W-9000-cifar10_1.0-stdout MODEL_LOG -   File "/home/amin/miniconda3/envs/deep-learning/lib/python3.9/site-packages/ts/model_service_worker.py", line 201, in handle_connection
2025-04-25T17:04:20,586 [WARN ] W-9000-cifar10_1.0 org.pytorch.serve.wlm.WorkerThread - Auto recovery failed again
2025-04-25T17:04:20,587 [INFO ] W-9000-cifar10_1.0-stdout MODEL_LOG -     raise RuntimeError("{} - {}".format(code, result))
2025-04-25T17:04:20,587 [INFO ] W-9000-cifar10_1.0-stdout MODEL_LOG - RuntimeError: 500 - Unknown exception
2025-04-25T17:04:20,587 [INFO ] W-9000-cifar10_1.0 org.pytorch.serve.wlm.WorkerThread - Retry worker: 9000 in 34 seconds.
2025-04-25T17:04:20,587 [INFO ] W-9000-cifar10_1.0 org.pytorch.serve.wlm.WorkerThread - Retry worker: 9000 in 34 seconds.
2025-04-25T17:04:20,612 [INFO ] W-9000-cifar10_1.0-stdout org.pytorch.serve.wlm.WorkerLifeCycle - Stopped Scanner - W-9000-cifar10_1.0-stdout
2025-04-25T17:04:20,612 [INFO ] W-9000-cifar10_1.0-stdout org.pytorch.serve.wlm.WorkerLifeCycle - Stopped Scanner - W-9000-cifar10_1.0-stdout
2025-04-25T17:04:20,612 [INFO ] W-9000-cifar10_1.0-stderr org.pytorch.serve.wlm.WorkerLifeCycle - Stopped Scanner - W-9000-cifar10_1.0-stderr
2025-04-25T17:04:20,612 [INFO ] W-9000-cifar10_1.0-stderr org.pytorch.serve.wlm.WorkerLifeCycle - Stopped Scanner - W-9000-cifar10_1.0-stderr
2025-04-25T17:04:33,609 [DEBUG] main org.pytorch.serve.util.ConfigManager - xpu-smi not available or failed: Cannot run program "xpu-smi": error=2, No such file or directory
2025-04-25T17:04:33,609 [DEBUG] main org.pytorch.serve.util.ConfigManager - xpu-smi not available or failed: Cannot run program "xpu-smi": error=2, No such file or directory
2025-04-25T17:04:33,613 [WARN ] main org.pytorch.serve.util.ConfigManager - Your torchserve instance can access any URL to load models. When deploying to production, make sure to limit the set of allowed_urls in config.properties
2025-04-25T17:04:33,613 [WARN ] main org.pytorch.serve.util.ConfigManager - Your torchserve instance can access any URL to load models. When deploying to production, make sure to limit the set of allowed_urls in config.properties
2025-04-25T17:04:33,654 [INFO ] main org.pytorch.serve.util.TokenAuthorization - 
######
TorchServe now enforces token authorization by default.
This requires the correct token to be provided when calling an API.
Key file located at /home/amin/PycharmProjects/PythonProject/Cifar10Classification/key_file.json
Check token authorization documenation for information: https://github.com/pytorch/serve/blob/master/docs/token_authorization_api.md 
######

2025-04-25T17:04:33,654 [INFO ] main org.pytorch.serve.util.TokenAuthorization - 
######
TorchServe now enforces token authorization by default.
This requires the correct token to be provided when calling an API.
Key file located at /home/amin/PycharmProjects/PythonProject/Cifar10Classification/key_file.json
Check token authorization documenation for information: https://github.com/pytorch/serve/blob/master/docs/token_authorization_api.md 
######

2025-04-25T17:04:33,655 [INFO ] main org.pytorch.serve.servingsdk.impl.PluginsManager - Initializing plugins manager...
2025-04-25T17:04:33,655 [INFO ] main org.pytorch.serve.servingsdk.impl.PluginsManager - Initializing plugins manager...
2025-04-25T17:04:33,703 [INFO ] main org.pytorch.serve.metrics.configuration.MetricConfiguration - Successfully loaded metrics configuration from /home/amin/miniconda3/envs/deep-learning/lib/python3.9/site-packages/ts/configs/metrics.yaml
2025-04-25T17:04:33,703 [INFO ] main org.pytorch.serve.metrics.configuration.MetricConfiguration - Successfully loaded metrics configuration from /home/amin/miniconda3/envs/deep-learning/lib/python3.9/site-packages/ts/configs/metrics.yaml
2025-04-25T17:04:33,766 [INFO ] main org.pytorch.serve.ModelServer - 
Torchserve version: 0.12.0
TS Home: /home/amin/miniconda3/envs/deep-learning/lib/python3.9/site-packages
Current directory: /home/amin/PycharmProjects/PythonProject/Cifar10Classification
Temp directory: /tmp
Metrics config path: /home/amin/miniconda3/envs/deep-learning/lib/python3.9/site-packages/ts/configs/metrics.yaml
Number of GPUs: 1
Number of CPUs: 8
Max heap size: 3960 M
Python executable: /home/amin/miniconda3/envs/deep-learning/bin/python
Config file: config.properties
Inference address: http://0.0.0.0:8080
Management address: http://0.0.0.0:8081
Metrics address: http://0.0.0.0:8082
Model Store: /home/amin/PycharmProjects/PythonProject/Cifar10Classification/model-store
Initial Models: cifar10.mar
Log dir: /home/amin/PycharmProjects/PythonProject/Cifar10Classification/logs
Metrics dir: /home/amin/PycharmProjects/PythonProject/Cifar10Classification/logs
Netty threads: 0
Netty client threads: 0
Default workers per model: 1
Blacklist Regex: N/A
Maximum Response Size: 6553500
Maximum Request Size: 6553500
Limit Maximum Image Pixels: true
Prefer direct buffer: false
Allowed Urls: [file://.*|http(s)?://.*]
Custom python dependency for model allowed: false
Enable metrics API: true
Metrics mode: LOG
Disable system metrics: false
Workflow Store: /home/amin/PycharmProjects/PythonProject/Cifar10Classification/model-store
CPP log config: N/A
Model config: N/A
System metrics command: default
Model API enabled: false
2025-04-25T17:04:33,766 [INFO ] main org.pytorch.serve.ModelServer - 
Torchserve version: 0.12.0
TS Home: /home/amin/miniconda3/envs/deep-learning/lib/python3.9/site-packages
Current directory: /home/amin/PycharmProjects/PythonProject/Cifar10Classification
Temp directory: /tmp
Metrics config path: /home/amin/miniconda3/envs/deep-learning/lib/python3.9/site-packages/ts/configs/metrics.yaml
Number of GPUs: 1
Number of CPUs: 8
Max heap size: 3960 M
Python executable: /home/amin/miniconda3/envs/deep-learning/bin/python
Config file: config.properties
Inference address: http://0.0.0.0:8080
Management address: http://0.0.0.0:8081
Metrics address: http://0.0.0.0:8082
Model Store: /home/amin/PycharmProjects/PythonProject/Cifar10Classification/model-store
Initial Models: cifar10.mar
Log dir: /home/amin/PycharmProjects/PythonProject/Cifar10Classification/logs
Metrics dir: /home/amin/PycharmProjects/PythonProject/Cifar10Classification/logs
Netty threads: 0
Netty client threads: 0
Default workers per model: 1
Blacklist Regex: N/A
Maximum Response Size: 6553500
Maximum Request Size: 6553500
Limit Maximum Image Pixels: true
Prefer direct buffer: false
Allowed Urls: [file://.*|http(s)?://.*]
Custom python dependency for model allowed: false
Enable metrics API: true
Metrics mode: LOG
Disable system metrics: false
Workflow Store: /home/amin/PycharmProjects/PythonProject/Cifar10Classification/model-store
CPP log config: N/A
Model config: N/A
System metrics command: default
Model API enabled: false
2025-04-25T17:04:33,779 [INFO ] main org.pytorch.serve.servingsdk.impl.PluginsManager -  Loading snapshot serializer plugin...
2025-04-25T17:04:33,779 [INFO ] main org.pytorch.serve.servingsdk.impl.PluginsManager -  Loading snapshot serializer plugin...
2025-04-25T17:04:33,780 [INFO ] main org.pytorch.serve.ModelServer - Loading initial models: cifar10.mar
2025-04-25T17:04:33,780 [INFO ] main org.pytorch.serve.ModelServer - Loading initial models: cifar10.mar
2025-04-25T17:04:33,921 [DEBUG] main org.pytorch.serve.wlm.ModelVersionedRefs - Adding new version 1.0 for model cifar10
2025-04-25T17:04:33,921 [DEBUG] main org.pytorch.serve.wlm.ModelVersionedRefs - Adding new version 1.0 for model cifar10
2025-04-25T17:04:33,921 [DEBUG] main org.pytorch.serve.wlm.ModelVersionedRefs - Setting default version to 1.0 for model cifar10
2025-04-25T17:04:33,921 [DEBUG] main org.pytorch.serve.wlm.ModelVersionedRefs - Setting default version to 1.0 for model cifar10
2025-04-25T17:04:33,921 [INFO ] main org.pytorch.serve.wlm.ModelManager - Model cifar10 loaded.
2025-04-25T17:04:33,921 [INFO ] main org.pytorch.serve.wlm.ModelManager - Model cifar10 loaded.
2025-04-25T17:04:33,921 [DEBUG] main org.pytorch.serve.wlm.ModelManager - updateModel: cifar10, count: 1
2025-04-25T17:04:33,921 [DEBUG] main org.pytorch.serve.wlm.ModelManager - updateModel: cifar10, count: 1
2025-04-25T17:04:33,930 [DEBUG] W-9000-cifar10_1.0 org.pytorch.serve.wlm.WorkerLifeCycle - Worker cmdline: [/home/amin/miniconda3/envs/deep-learning/bin/python, /home/amin/miniconda3/envs/deep-learning/lib/python3.9/site-packages/ts/model_service_worker.py, --sock-type, unix, --sock-name, /tmp/.ts.sock.9000, --metrics-config, /home/amin/miniconda3/envs/deep-learning/lib/python3.9/site-packages/ts/configs/metrics.yaml]
2025-04-25T17:04:33,930 [DEBUG] W-9000-cifar10_1.0 org.pytorch.serve.wlm.WorkerLifeCycle - Worker cmdline: [/home/amin/miniconda3/envs/deep-learning/bin/python, /home/amin/miniconda3/envs/deep-learning/lib/python3.9/site-packages/ts/model_service_worker.py, --sock-type, unix, --sock-name, /tmp/.ts.sock.9000, --metrics-config, /home/amin/miniconda3/envs/deep-learning/lib/python3.9/site-packages/ts/configs/metrics.yaml]
2025-04-25T17:04:33,931 [INFO ] main org.pytorch.serve.ModelServer - Initialize Inference server with: EpollServerSocketChannel.
2025-04-25T17:04:33,931 [INFO ] main org.pytorch.serve.ModelServer - Initialize Inference server with: EpollServerSocketChannel.
2025-04-25T17:04:33,994 [INFO ] main org.pytorch.serve.ModelServer - Inference API bind to: http://0.0.0.0:8080
2025-04-25T17:04:33,994 [INFO ] main org.pytorch.serve.ModelServer - Inference API bind to: http://0.0.0.0:8080
2025-04-25T17:04:33,995 [INFO ] main org.pytorch.serve.ModelServer - Initialize Management server with: EpollServerSocketChannel.
2025-04-25T17:04:33,995 [INFO ] main org.pytorch.serve.ModelServer - Initialize Management server with: EpollServerSocketChannel.
2025-04-25T17:04:33,995 [INFO ] main org.pytorch.serve.ModelServer - Management API bind to: http://0.0.0.0:8081
2025-04-25T17:04:33,995 [INFO ] main org.pytorch.serve.ModelServer - Management API bind to: http://0.0.0.0:8081
2025-04-25T17:04:33,996 [INFO ] main org.pytorch.serve.ModelServer - Initialize Metrics server with: EpollServerSocketChannel.
2025-04-25T17:04:33,996 [INFO ] main org.pytorch.serve.ModelServer - Initialize Metrics server with: EpollServerSocketChannel.
2025-04-25T17:04:33,996 [INFO ] main org.pytorch.serve.ModelServer - Metrics API bind to: http://0.0.0.0:8082
2025-04-25T17:04:33,996 [INFO ] main org.pytorch.serve.ModelServer - Metrics API bind to: http://0.0.0.0:8082
2025-04-25T17:04:34,177 [WARN ] pool-3-thread-1 org.pytorch.serve.metrics.MetricCollector - worker pid is not available yet.
2025-04-25T17:04:34,177 [WARN ] pool-3-thread-1 org.pytorch.serve.metrics.MetricCollector - worker pid is not available yet.
2025-04-25T17:04:34,460 [WARN ] pool-3-thread-1 org.pytorch.serve.metrics.MetricCollector - Parse metrics failed: NumExpr defaulting to 8 threads.
2025-04-25T17:04:34,460 [WARN ] pool-3-thread-1 org.pytorch.serve.metrics.MetricCollector - Parse metrics failed: NumExpr defaulting to 8 threads.
2025-04-25T17:04:34,687 [INFO ] pool-3-thread-1 TS_METRICS - CPUUtilization.Percent:0.0|#Level:Host|#hostname:amin-GF63-Thin-9SCXR,timestamp:1745575474
2025-04-25T17:04:34,688 [INFO ] pool-3-thread-1 TS_METRICS - DiskAvailable.Gigabytes:0.23823165893554688|#Level:Host|#hostname:amin-GF63-Thin-9SCXR,timestamp:1745575474
2025-04-25T17:04:34,688 [INFO ] pool-3-thread-1 TS_METRICS - DiskUsage.Gigabytes:95.99483108520508|#Level:Host|#hostname:amin-GF63-Thin-9SCXR,timestamp:1745575474
2025-04-25T17:04:34,689 [INFO ] pool-3-thread-1 TS_METRICS - DiskUtilization.Percent:99.8|#Level:Host|#hostname:amin-GF63-Thin-9SCXR,timestamp:1745575474
2025-04-25T17:04:34,689 [INFO ] pool-3-thread-1 TS_METRICS - GPUMemoryUtilization.Percent:0.1220703125|#Level:Host,DeviceId:0|#hostname:amin-GF63-Thin-9SCXR,timestamp:1745575474
2025-04-25T17:04:34,689 [INFO ] pool-3-thread-1 TS_METRICS - GPUMemoryUsed.Megabytes:5.0|#Level:Host,DeviceId:0|#hostname:amin-GF63-Thin-9SCXR,timestamp:1745575474
2025-04-25T17:04:34,690 [INFO ] pool-3-thread-1 TS_METRICS - GPUUtilization.Percent:0.0|#Level:Host,DeviceId:0|#hostname:amin-GF63-Thin-9SCXR,timestamp:1745575474
2025-04-25T17:04:34,690 [INFO ] pool-3-thread-1 TS_METRICS - MemoryAvailable.Megabytes:10169.84765625|#Level:Host|#hostname:amin-GF63-Thin-9SCXR,timestamp:1745575474
2025-04-25T17:04:34,690 [INFO ] pool-3-thread-1 TS_METRICS - MemoryUsed.Megabytes:4403.56640625|#Level:Host|#hostname:amin-GF63-Thin-9SCXR,timestamp:1745575474
2025-04-25T17:04:34,690 [INFO ] pool-3-thread-1 TS_METRICS - MemoryUtilization.Percent:35.8|#Level:Host|#hostname:amin-GF63-Thin-9SCXR,timestamp:1745575474
2025-04-25T17:04:35,158 [INFO ] W-9000-cifar10_1.0-stdout MODEL_LOG - s_name_part0=/tmp/.ts.sock, s_name_part1=9000, pid=10274
2025-04-25T17:04:35,159 [INFO ] W-9000-cifar10_1.0-stdout MODEL_LOG - Listening on port: /tmp/.ts.sock.9000
2025-04-25T17:04:35,167 [INFO ] W-9000-cifar10_1.0-stdout MODEL_LOG - Successfully loaded /home/amin/miniconda3/envs/deep-learning/lib/python3.9/site-packages/ts/configs/metrics.yaml.
2025-04-25T17:04:35,167 [INFO ] W-9000-cifar10_1.0-stdout MODEL_LOG - [PID]10274
2025-04-25T17:04:35,167 [INFO ] W-9000-cifar10_1.0-stdout MODEL_LOG - Torch worker started.
2025-04-25T17:04:35,167 [INFO ] W-9000-cifar10_1.0-stdout MODEL_LOG - Python runtime: 3.9.21
2025-04-25T17:04:35,168 [DEBUG] W-9000-cifar10_1.0 org.pytorch.serve.wlm.WorkerThread - W-9000-cifar10_1.0 State change null -> WORKER_STARTED
2025-04-25T17:04:35,168 [DEBUG] W-9000-cifar10_1.0 org.pytorch.serve.wlm.WorkerThread - W-9000-cifar10_1.0 State change null -> WORKER_STARTED
2025-04-25T17:04:35,172 [INFO ] W-9000-cifar10_1.0 org.pytorch.serve.wlm.WorkerThread - Connecting to: /tmp/.ts.sock.9000
2025-04-25T17:04:35,172 [INFO ] W-9000-cifar10_1.0 org.pytorch.serve.wlm.WorkerThread - Connecting to: /tmp/.ts.sock.9000
2025-04-25T17:04:35,178 [INFO ] W-9000-cifar10_1.0-stdout MODEL_LOG - Connection accepted: /tmp/.ts.sock.9000.
2025-04-25T17:04:35,181 [DEBUG] W-9000-cifar10_1.0 org.pytorch.serve.wlm.WorkerThread - Flushing req.cmd LOAD repeats 1 to backend at: 1745575475181
2025-04-25T17:04:35,181 [DEBUG] W-9000-cifar10_1.0 org.pytorch.serve.wlm.WorkerThread - Flushing req.cmd LOAD repeats 1 to backend at: 1745575475181
2025-04-25T17:04:35,182 [INFO ] W-9000-cifar10_1.0 org.pytorch.serve.wlm.WorkerThread - Looping backend response at: 1745575475182
2025-04-25T17:04:35,182 [INFO ] W-9000-cifar10_1.0 org.pytorch.serve.wlm.WorkerThread - Looping backend response at: 1745575475182
2025-04-25T17:04:35,205 [INFO ] W-9000-cifar10_1.0-stdout MODEL_LOG - model_name: cifar10, batchSize: 1
2025-04-25T17:04:35,259 [INFO ] W-9000-cifar10_1.0-stdout MODEL_LOG - OpenVINO is not enabled
2025-04-25T17:04:35,259 [INFO ] W-9000-cifar10_1.0-stdout MODEL_LOG - proceeding without onnxruntime
2025-04-25T17:04:35,260 [INFO ] W-9000-cifar10_1.0-stdout MODEL_LOG - Torch TensorRT not enabled
2025-04-25T17:04:35,354 [INFO ] W-9000-cifar10_1.0-stdout MODEL_LOG - Failed to load model cifar10, exception Error(s) in loading state_dict for SimpleCNN:
2025-04-25T17:04:35,355 [INFO ] W-9000-cifar10_1.0-stdout MODEL_LOG - 	Missing key(s) in state_dict: "conv1.0.weight", "conv1.0.bias", "conv1.1.weight", "conv1.1.bias", "conv1.1.running_mean", "conv1.1.running_var", "conv1.3.weight", "conv1.3.bias", "conv1.4.weight", "conv1.4.bias", "conv1.4.running_mean", "conv1.4.running_var", "conv2.0.weight", "conv2.0.bias", "conv2.1.weight", "conv2.1.bias", "conv2.1.running_mean", "conv2.1.running_var", "conv2.3.weight", "conv2.3.bias", "conv2.4.weight", "conv2.4.bias", "conv2.4.running_mean", "conv2.4.running_var", "fc1.1.weight", "fc1.1.bias", "fc2.1.weight", "fc2.1.bias", "fc3.1.weight", "fc3.1.bias". 
2025-04-25T17:04:35,356 [INFO ] W-9000-cifar10_1.0-stdout MODEL_LOG - 	Unexpected key(s) in state_dict: "epoch", "model", "optimizer". 
2025-04-25T17:04:35,356 [INFO ] W-9000-cifar10_1.0-stdout MODEL_LOG - Traceback (most recent call last):
2025-04-25T17:04:35,357 [INFO ] W-9000-cifar10_1.0-stdout MODEL_LOG -   File "/home/amin/miniconda3/envs/deep-learning/lib/python3.9/site-packages/ts/model_service_worker.py", line 133, in load_model
2025-04-25T17:04:35,357 [INFO ] W-9000-cifar10_1.0-stdout MODEL_LOG -     service = model_loader.load(
2025-04-25T17:04:35,357 [INFO ] W-9000-cifar10_1.0-stdout MODEL_LOG -   File "/home/amin/miniconda3/envs/deep-learning/lib/python3.9/site-packages/ts/model_loader.py", line 143, in load
2025-04-25T17:04:35,357 [INFO ] W-9000-cifar10_1.0-stdout MODEL_LOG -     initialize_fn(service.context)
2025-04-25T17:04:35,358 [INFO ] W-9000-cifar10_1.0-stdout MODEL_LOG -   File "/home/amin/miniconda3/envs/deep-learning/lib/python3.9/site-packages/ts/torch_handler/base_handler.py", line 191, in initialize
2025-04-25T17:04:35,358 [INFO ] W-9000-cifar10_1.0-stdout MODEL_LOG -     self.model = self._load_pickled_model(
2025-04-25T17:04:35,358 [INFO ] W-9000-cifar10_1.0-stdout MODEL_LOG -   File "/home/amin/miniconda3/envs/deep-learning/lib/python3.9/site-packages/ts/torch_handler/base_handler.py", line 356, in _load_pickled_model
2025-04-25T17:04:35,358 [INFO ] W-9000-cifar10_1.0-stdout MODEL_LOG -     model.load_state_dict(state_dict)
2025-04-25T17:04:35,358 [INFO ] W-9000-cifar10_1.0-stdout MODEL_LOG -   File "/home/amin/miniconda3/envs/deep-learning/lib/python3.9/site-packages/torch/nn/modules/module.py", line 2189, in load_state_dict
2025-04-25T17:04:35,359 [INFO ] W-9000-cifar10_1.0-stdout MODEL_LOG -     raise RuntimeError('Error(s) in loading state_dict for {}:\n\t{}'.format(
2025-04-25T17:04:35,359 [INFO ] W-9000-cifar10_1.0-stdout MODEL_LOG - RuntimeError: Error(s) in loading state_dict for SimpleCNN:
2025-04-25T17:04:35,359 [INFO ] W-9000-cifar10_1.0-stdout MODEL_LOG - 	Missing key(s) in state_dict: "conv1.0.weight", "conv1.0.bias", "conv1.1.weight", "conv1.1.bias", "conv1.1.running_mean", "conv1.1.running_var", "conv1.3.weight", "conv1.3.bias", "conv1.4.weight", "conv1.4.bias", "conv1.4.running_mean", "conv1.4.running_var", "conv2.0.weight", "conv2.0.bias", "conv2.1.weight", "conv2.1.bias", "conv2.1.running_mean", "conv2.1.running_var", "conv2.3.weight", "conv2.3.bias", "conv2.4.weight", "conv2.4.bias", "conv2.4.running_mean", "conv2.4.running_var", "fc1.1.weight", "fc1.1.bias", "fc2.1.weight", "fc2.1.bias", "fc3.1.weight", "fc3.1.bias". 
2025-04-25T17:04:35,360 [INFO ] W-9000-cifar10_1.0-stdout MODEL_LOG - 	Unexpected key(s) in state_dict: "epoch", "model", "optimizer". 
2025-04-25T17:04:35,360 [INFO ] W-9000-cifar10_1.0-stdout MODEL_LOG - Backend worker process died.
2025-04-25T17:04:35,360 [INFO ] W-9000-cifar10_1.0-stdout MODEL_LOG - Traceback (most recent call last):
2025-04-25T17:04:35,360 [INFO ] W-9000-cifar10_1.0-stdout MODEL_LOG -   File "/home/amin/miniconda3/envs/deep-learning/lib/python3.9/site-packages/ts/model_service_worker.py", line 301, in <module>
2025-04-25T17:04:35,360 [INFO ] W-9000-cifar10_1.0-stdout MODEL_LOG -     worker.run_server()
2025-04-25T17:04:35,361 [INFO ] W-9000-cifar10_1.0-stdout MODEL_LOG -   File "/home/amin/miniconda3/envs/deep-learning/lib/python3.9/site-packages/ts/model_service_worker.py", line 268, in run_server
2025-04-25T17:04:35,361 [INFO ] W-9000-cifar10_1.0-stdout MODEL_LOG -     self.handle_connection(cl_socket)
2025-04-25T17:04:35,362 [INFO ] W-9000-cifar10_1.0-stdout MODEL_LOG -   File "/home/amin/miniconda3/envs/deep-learning/lib/python3.9/site-packages/ts/model_service_worker.py", line 201, in handle_connection
2025-04-25T17:04:35,362 [INFO ] W-9000-cifar10_1.0-stdout MODEL_LOG -     raise RuntimeError("{} - {}".format(code, result))
2025-04-25T17:04:35,362 [INFO ] W-9000-cifar10_1.0-stdout MODEL_LOG - RuntimeError: 500 - Unknown exception
2025-04-25T17:04:35,363 [INFO ] W-9000-cifar10_1.0 org.pytorch.serve.wlm.WorkerThread - Backend response time: 181
2025-04-25T17:04:35,363 [INFO ] W-9000-cifar10_1.0 org.pytorch.serve.wlm.WorkerThread - Backend response time: 181
2025-04-25T17:04:35,363 [DEBUG] W-9000-cifar10_1.0 org.pytorch.serve.wlm.WorkerThread - W-9000-cifar10_1.0 State change WORKER_STARTED -> WORKER_ERROR
2025-04-25T17:04:35,363 [INFO ] epollEventLoopGroup-5-1 org.pytorch.serve.wlm.WorkerThread - 9000 Worker disconnected. WORKER_STARTED
2025-04-25T17:04:35,363 [DEBUG] W-9000-cifar10_1.0 org.pytorch.serve.wlm.WorkerThread - W-9000-cifar10_1.0 State change WORKER_STARTED -> WORKER_ERROR
2025-04-25T17:04:35,363 [INFO ] epollEventLoopGroup-5-1 org.pytorch.serve.wlm.WorkerThread - 9000 Worker disconnected. WORKER_STARTED
2025-04-25T17:04:35,364 [INFO ] W-9000-cifar10_1.0 TS_METRICS - WorkerThreadTime.Milliseconds:2.0|#Level:Host|#hostname:amin-GF63-Thin-9SCXR,timestamp:1745575475
2025-04-25T17:04:35,364 [DEBUG] W-9000-cifar10_1.0 org.pytorch.serve.wlm.WorkerThread - System state is : WORKER_ERROR
2025-04-25T17:04:35,364 [DEBUG] W-9000-cifar10_1.0 org.pytorch.serve.wlm.WorkerThread - System state is : WORKER_ERROR
2025-04-25T17:04:35,364 [DEBUG] W-9000-cifar10_1.0 org.pytorch.serve.wlm.WorkerThread - Backend worker monitoring thread interrupted or backend worker process died., responseTimeout:120sec
java.lang.InterruptedException: null
	at java.util.concurrent.locks.ReentrantLock$Sync.lockInterruptibly(ReentrantLock.java:159) ~[?:?]
	at java.util.concurrent.locks.ReentrantLock.lockInterruptibly(ReentrantLock.java:372) ~[?:?]
	at org.pytorch.serve.wlm.Model.pollBatch(Model.java:478) ~[model-server.jar:?]
	at org.pytorch.serve.wlm.BatchAggregator.pollBatch(BatchAggregator.java:189) ~[model-server.jar:?]
	at org.pytorch.serve.wlm.BatchAggregator.getRequest(BatchAggregator.java:36) ~[model-server.jar:?]
	at org.pytorch.serve.wlm.WorkerThread.run(WorkerThread.java:195) ~[model-server.jar:?]
	at java.util.concurrent.Executors$RunnableAdapter.call(Executors.java:572) ~[?:?]
	at java.util.concurrent.FutureTask.run(FutureTask.java:317) ~[?:?]
	at java.util.concurrent.ThreadPoolExecutor.runWorker(ThreadPoolExecutor.java:1144) ~[?:?]
	at java.util.concurrent.ThreadPoolExecutor$Worker.run(ThreadPoolExecutor.java:642) ~[?:?]
	at java.lang.Thread.run(Thread.java:1583) [?:?]
2025-04-25T17:04:35,364 [DEBUG] W-9000-cifar10_1.0 org.pytorch.serve.wlm.WorkerThread - Backend worker monitoring thread interrupted or backend worker process died., responseTimeout:120sec
java.lang.InterruptedException: null
	at java.util.concurrent.locks.ReentrantLock$Sync.lockInterruptibly(ReentrantLock.java:159) ~[?:?]
	at java.util.concurrent.locks.ReentrantLock.lockInterruptibly(ReentrantLock.java:372) ~[?:?]
	at org.pytorch.serve.wlm.Model.pollBatch(Model.java:478) ~[model-server.jar:?]
	at org.pytorch.serve.wlm.BatchAggregator.pollBatch(BatchAggregator.java:189) ~[model-server.jar:?]
	at org.pytorch.serve.wlm.BatchAggregator.getRequest(BatchAggregator.java:36) ~[model-server.jar:?]
	at org.pytorch.serve.wlm.WorkerThread.run(WorkerThread.java:195) ~[model-server.jar:?]
	at java.util.concurrent.Executors$RunnableAdapter.call(Executors.java:572) ~[?:?]
	at java.util.concurrent.FutureTask.run(FutureTask.java:317) ~[?:?]
	at java.util.concurrent.ThreadPoolExecutor.runWorker(ThreadPoolExecutor.java:1144) ~[?:?]
	at java.util.concurrent.ThreadPoolExecutor$Worker.run(ThreadPoolExecutor.java:642) ~[?:?]
	at java.lang.Thread.run(Thread.java:1583) [?:?]
2025-04-25T17:04:35,380 [DEBUG] W-9000-cifar10_1.0 org.pytorch.serve.wlm.WorkerThread - W-9000-cifar10_1.0 State change WORKER_ERROR -> WORKER_STOPPED
2025-04-25T17:04:35,380 [DEBUG] W-9000-cifar10_1.0 org.pytorch.serve.wlm.WorkerThread - W-9000-cifar10_1.0 State change WORKER_ERROR -> WORKER_STOPPED
2025-04-25T17:04:35,380 [INFO ] W-9000-cifar10_1.0 org.pytorch.serve.wlm.WorkerThread - Auto recovery start timestamp: 1745575475380
2025-04-25T17:04:35,380 [INFO ] W-9000-cifar10_1.0 org.pytorch.serve.wlm.WorkerThread - Auto recovery start timestamp: 1745575475380
2025-04-25T17:04:35,381 [INFO ] W-9000-cifar10_1.0 org.pytorch.serve.wlm.WorkerThread - Retry worker: 9000 in 1 seconds.
2025-04-25T17:04:35,381 [INFO ] W-9000-cifar10_1.0 org.pytorch.serve.wlm.WorkerThread - Retry worker: 9000 in 1 seconds.
2025-04-25T17:04:35,407 [INFO ] W-9000-cifar10_1.0-stdout org.pytorch.serve.wlm.WorkerLifeCycle - Stopped Scanner - W-9000-cifar10_1.0-stdout
2025-04-25T17:04:35,407 [INFO ] W-9000-cifar10_1.0-stdout org.pytorch.serve.wlm.WorkerLifeCycle - Stopped Scanner - W-9000-cifar10_1.0-stdout
2025-04-25T17:04:35,407 [INFO ] W-9000-cifar10_1.0-stderr org.pytorch.serve.wlm.WorkerLifeCycle - Stopped Scanner - W-9000-cifar10_1.0-stderr
2025-04-25T17:04:35,407 [INFO ] W-9000-cifar10_1.0-stderr org.pytorch.serve.wlm.WorkerLifeCycle - Stopped Scanner - W-9000-cifar10_1.0-stderr
2025-04-25T17:04:36,383 [DEBUG] W-9000-cifar10_1.0 org.pytorch.serve.wlm.WorkerLifeCycle - Worker cmdline: [/home/amin/miniconda3/envs/deep-learning/bin/python, /home/amin/miniconda3/envs/deep-learning/lib/python3.9/site-packages/ts/model_service_worker.py, --sock-type, unix, --sock-name, /tmp/.ts.sock.9000, --metrics-config, /home/amin/miniconda3/envs/deep-learning/lib/python3.9/site-packages/ts/configs/metrics.yaml]
2025-04-25T17:04:36,383 [DEBUG] W-9000-cifar10_1.0 org.pytorch.serve.wlm.WorkerLifeCycle - Worker cmdline: [/home/amin/miniconda3/envs/deep-learning/bin/python, /home/amin/miniconda3/envs/deep-learning/lib/python3.9/site-packages/ts/model_service_worker.py, --sock-type, unix, --sock-name, /tmp/.ts.sock.9000, --metrics-config, /home/amin/miniconda3/envs/deep-learning/lib/python3.9/site-packages/ts/configs/metrics.yaml]
2025-04-25T17:04:37,501 [INFO ] W-9000-cifar10_1.0-stdout MODEL_LOG - s_name_part0=/tmp/.ts.sock, s_name_part1=9000, pid=10328
2025-04-25T17:04:37,502 [INFO ] W-9000-cifar10_1.0-stdout MODEL_LOG - Listening on port: /tmp/.ts.sock.9000
2025-04-25T17:04:37,511 [INFO ] W-9000-cifar10_1.0-stdout MODEL_LOG - Successfully loaded /home/amin/miniconda3/envs/deep-learning/lib/python3.9/site-packages/ts/configs/metrics.yaml.
2025-04-25T17:04:37,511 [INFO ] W-9000-cifar10_1.0-stdout MODEL_LOG - [PID]10328
2025-04-25T17:04:37,511 [INFO ] W-9000-cifar10_1.0-stdout MODEL_LOG - Torch worker started.
2025-04-25T17:04:37,511 [DEBUG] W-9000-cifar10_1.0 org.pytorch.serve.wlm.WorkerThread - W-9000-cifar10_1.0 State change WORKER_STOPPED -> WORKER_STARTED
2025-04-25T17:04:37,511 [DEBUG] W-9000-cifar10_1.0 org.pytorch.serve.wlm.WorkerThread - W-9000-cifar10_1.0 State change WORKER_STOPPED -> WORKER_STARTED
2025-04-25T17:04:37,512 [INFO ] W-9000-cifar10_1.0-stdout MODEL_LOG - Python runtime: 3.9.21
2025-04-25T17:04:37,512 [INFO ] W-9000-cifar10_1.0 org.pytorch.serve.wlm.WorkerThread - Connecting to: /tmp/.ts.sock.9000
2025-04-25T17:04:37,512 [INFO ] W-9000-cifar10_1.0 org.pytorch.serve.wlm.WorkerThread - Connecting to: /tmp/.ts.sock.9000
2025-04-25T17:04:37,513 [INFO ] W-9000-cifar10_1.0-stdout MODEL_LOG - Connection accepted: /tmp/.ts.sock.9000.
2025-04-25T17:04:37,513 [DEBUG] W-9000-cifar10_1.0 org.pytorch.serve.wlm.WorkerThread - Flushing req.cmd LOAD repeats 1 to backend at: 1745575477513
2025-04-25T17:04:37,513 [DEBUG] W-9000-cifar10_1.0 org.pytorch.serve.wlm.WorkerThread - Flushing req.cmd LOAD repeats 1 to backend at: 1745575477513
2025-04-25T17:04:37,513 [INFO ] W-9000-cifar10_1.0 org.pytorch.serve.wlm.WorkerThread - Looping backend response at: 1745575477513
2025-04-25T17:04:37,513 [INFO ] W-9000-cifar10_1.0 org.pytorch.serve.wlm.WorkerThread - Looping backend response at: 1745575477513
2025-04-25T17:04:37,525 [INFO ] W-9000-cifar10_1.0-stdout MODEL_LOG - model_name: cifar10, batchSize: 1
2025-04-25T17:04:37,581 [INFO ] W-9000-cifar10_1.0-stdout MODEL_LOG - OpenVINO is not enabled
2025-04-25T17:04:37,581 [INFO ] W-9000-cifar10_1.0-stdout MODEL_LOG - proceeding without onnxruntime
2025-04-25T17:04:37,581 [INFO ] W-9000-cifar10_1.0-stdout MODEL_LOG - Torch TensorRT not enabled
2025-04-25T17:04:37,675 [INFO ] W-9000-cifar10_1.0-stdout MODEL_LOG - Failed to load model cifar10, exception Error(s) in loading state_dict for SimpleCNN:
2025-04-25T17:04:37,675 [INFO ] W-9000-cifar10_1.0-stdout MODEL_LOG - 	Missing key(s) in state_dict: "conv1.0.weight", "conv1.0.bias", "conv1.1.weight", "conv1.1.bias", "conv1.1.running_mean", "conv1.1.running_var", "conv1.3.weight", "conv1.3.bias", "conv1.4.weight", "conv1.4.bias", "conv1.4.running_mean", "conv1.4.running_var", "conv2.0.weight", "conv2.0.bias", "conv2.1.weight", "conv2.1.bias", "conv2.1.running_mean", "conv2.1.running_var", "conv2.3.weight", "conv2.3.bias", "conv2.4.weight", "conv2.4.bias", "conv2.4.running_mean", "conv2.4.running_var", "fc1.1.weight", "fc1.1.bias", "fc2.1.weight", "fc2.1.bias", "fc3.1.weight", "fc3.1.bias". 
2025-04-25T17:04:37,676 [INFO ] W-9000-cifar10_1.0 org.pytorch.serve.wlm.WorkerThread - Backend response time: 163
2025-04-25T17:04:37,676 [INFO ] W-9000-cifar10_1.0-stdout MODEL_LOG - 	Unexpected key(s) in state_dict: "epoch", "model", "optimizer". 
2025-04-25T17:04:37,676 [INFO ] W-9000-cifar10_1.0 org.pytorch.serve.wlm.WorkerThread - Backend response time: 163
2025-04-25T17:04:37,676 [DEBUG] W-9000-cifar10_1.0 org.pytorch.serve.wlm.WorkerThread - W-9000-cifar10_1.0 State change WORKER_STARTED -> WORKER_ERROR
2025-04-25T17:04:37,676 [INFO ] W-9000-cifar10_1.0-stdout MODEL_LOG - Traceback (most recent call last):
2025-04-25T17:04:37,676 [DEBUG] W-9000-cifar10_1.0 org.pytorch.serve.wlm.WorkerThread - W-9000-cifar10_1.0 State change WORKER_STARTED -> WORKER_ERROR
2025-04-25T17:04:37,676 [INFO ] epollEventLoopGroup-5-2 org.pytorch.serve.wlm.WorkerThread - 9000 Worker disconnected. WORKER_STARTED
2025-04-25T17:04:37,676 [INFO ] W-9000-cifar10_1.0-stdout MODEL_LOG -   File "/home/amin/miniconda3/envs/deep-learning/lib/python3.9/site-packages/ts/model_service_worker.py", line 133, in load_model
2025-04-25T17:04:37,676 [INFO ] W-9000-cifar10_1.0 TS_METRICS - WorkerThreadTime.Milliseconds:0.0|#Level:Host|#hostname:amin-GF63-Thin-9SCXR,timestamp:1745575477
2025-04-25T17:04:37,676 [INFO ] W-9000-cifar10_1.0-stdout MODEL_LOG -     service = model_loader.load(
2025-04-25T17:04:37,676 [INFO ] epollEventLoopGroup-5-2 org.pytorch.serve.wlm.WorkerThread - 9000 Worker disconnected. WORKER_STARTED
2025-04-25T17:04:37,676 [INFO ] W-9000-cifar10_1.0-stdout MODEL_LOG -   File "/home/amin/miniconda3/envs/deep-learning/lib/python3.9/site-packages/ts/model_loader.py", line 143, in load
2025-04-25T17:04:37,676 [DEBUG] W-9000-cifar10_1.0 org.pytorch.serve.wlm.WorkerThread - System state is : WORKER_ERROR
2025-04-25T17:04:37,676 [DEBUG] W-9000-cifar10_1.0 org.pytorch.serve.wlm.WorkerThread - System state is : WORKER_ERROR
2025-04-25T17:04:37,676 [INFO ] W-9000-cifar10_1.0-stdout MODEL_LOG -     initialize_fn(service.context)
2025-04-25T17:04:37,676 [INFO ] W-9000-cifar10_1.0-stdout MODEL_LOG -   File "/home/amin/miniconda3/envs/deep-learning/lib/python3.9/site-packages/ts/torch_handler/base_handler.py", line 191, in initialize
2025-04-25T17:04:37,676 [DEBUG] W-9000-cifar10_1.0 org.pytorch.serve.wlm.WorkerThread - Backend worker monitoring thread interrupted or backend worker process died., responseTimeout:120sec
java.lang.InterruptedException: null
	at java.util.concurrent.locks.AbstractQueuedSynchronizer$ConditionObject.awaitNanos(AbstractQueuedSynchronizer.java:1770) ~[?:?]
	at java.util.concurrent.LinkedBlockingDeque.pollFirst(LinkedBlockingDeque.java:515) ~[?:?]
	at java.util.concurrent.LinkedBlockingDeque.poll(LinkedBlockingDeque.java:677) ~[?:?]
	at org.pytorch.serve.wlm.Model.pollBatch(Model.java:482) ~[model-server.jar:?]
	at org.pytorch.serve.wlm.BatchAggregator.pollBatch(BatchAggregator.java:189) ~[model-server.jar:?]
	at org.pytorch.serve.wlm.BatchAggregator.getRequest(BatchAggregator.java:36) ~[model-server.jar:?]
	at org.pytorch.serve.wlm.WorkerThread.run(WorkerThread.java:195) ~[model-server.jar:?]
	at java.util.concurrent.ThreadPoolExecutor.runWorker(ThreadPoolExecutor.java:1144) ~[?:?]
	at java.util.concurrent.ThreadPoolExecutor$Worker.run(ThreadPoolExecutor.java:642) ~[?:?]
	at java.lang.Thread.run(Thread.java:1583) [?:?]
2025-04-25T17:04:37,677 [INFO ] W-9000-cifar10_1.0-stdout MODEL_LOG -     self.model = self._load_pickled_model(
2025-04-25T17:04:37,676 [DEBUG] W-9000-cifar10_1.0 org.pytorch.serve.wlm.WorkerThread - Backend worker monitoring thread interrupted or backend worker process died., responseTimeout:120sec
java.lang.InterruptedException: null
	at java.util.concurrent.locks.AbstractQueuedSynchronizer$ConditionObject.awaitNanos(AbstractQueuedSynchronizer.java:1770) ~[?:?]
	at java.util.concurrent.LinkedBlockingDeque.pollFirst(LinkedBlockingDeque.java:515) ~[?:?]
	at java.util.concurrent.LinkedBlockingDeque.poll(LinkedBlockingDeque.java:677) ~[?:?]
	at org.pytorch.serve.wlm.Model.pollBatch(Model.java:482) ~[model-server.jar:?]
	at org.pytorch.serve.wlm.BatchAggregator.pollBatch(BatchAggregator.java:189) ~[model-server.jar:?]
	at org.pytorch.serve.wlm.BatchAggregator.getRequest(BatchAggregator.java:36) ~[model-server.jar:?]
	at org.pytorch.serve.wlm.WorkerThread.run(WorkerThread.java:195) ~[model-server.jar:?]
	at java.util.concurrent.ThreadPoolExecutor.runWorker(ThreadPoolExecutor.java:1144) ~[?:?]
	at java.util.concurrent.ThreadPoolExecutor$Worker.run(ThreadPoolExecutor.java:642) ~[?:?]
	at java.lang.Thread.run(Thread.java:1583) [?:?]
2025-04-25T17:04:37,677 [INFO ] W-9000-cifar10_1.0-stdout MODEL_LOG -   File "/home/amin/miniconda3/envs/deep-learning/lib/python3.9/site-packages/ts/torch_handler/base_handler.py", line 356, in _load_pickled_model
2025-04-25T17:04:37,677 [DEBUG] W-9000-cifar10_1.0 org.pytorch.serve.wlm.WorkerThread - W-9000-cifar10_1.0 State change WORKER_ERROR -> WORKER_STOPPED
2025-04-25T17:04:37,677 [INFO ] W-9000-cifar10_1.0-stdout MODEL_LOG -     model.load_state_dict(state_dict)
2025-04-25T17:04:37,677 [DEBUG] W-9000-cifar10_1.0 org.pytorch.serve.wlm.WorkerThread - W-9000-cifar10_1.0 State change WORKER_ERROR -> WORKER_STOPPED
2025-04-25T17:04:37,677 [WARN ] W-9000-cifar10_1.0 org.pytorch.serve.wlm.WorkerThread - Auto recovery failed again
2025-04-25T17:04:37,677 [WARN ] W-9000-cifar10_1.0 org.pytorch.serve.wlm.WorkerThread - Auto recovery failed again
2025-04-25T17:04:37,677 [INFO ] W-9000-cifar10_1.0-stdout MODEL_LOG -   File "/home/amin/miniconda3/envs/deep-learning/lib/python3.9/site-packages/torch/nn/modules/module.py", line 2189, in load_state_dict
2025-04-25T17:04:37,677 [INFO ] W-9000-cifar10_1.0-stdout MODEL_LOG -     raise RuntimeError('Error(s) in loading state_dict for {}:\n\t{}'.format(
2025-04-25T17:04:37,677 [INFO ] W-9000-cifar10_1.0 org.pytorch.serve.wlm.WorkerThread - Retry worker: 9000 in 1 seconds.
2025-04-25T17:04:37,677 [INFO ] W-9000-cifar10_1.0 org.pytorch.serve.wlm.WorkerThread - Retry worker: 9000 in 1 seconds.
2025-04-25T17:04:37,677 [INFO ] W-9000-cifar10_1.0-stdout MODEL_LOG - RuntimeError: Error(s) in loading state_dict for SimpleCNN:
2025-04-25T17:04:37,678 [INFO ] W-9000-cifar10_1.0-stdout MODEL_LOG - 	Missing key(s) in state_dict: "conv1.0.weight", "conv1.0.bias", "conv1.1.weight", "conv1.1.bias", "conv1.1.running_mean", "conv1.1.running_var", "conv1.3.weight", "conv1.3.bias", "conv1.4.weight", "conv1.4.bias", "conv1.4.running_mean", "conv1.4.running_var", "conv2.0.weight", "conv2.0.bias", "conv2.1.weight", "conv2.1.bias", "conv2.1.running_mean", "conv2.1.running_var", "conv2.3.weight", "conv2.3.bias", "conv2.4.weight", "conv2.4.bias", "conv2.4.running_mean", "conv2.4.running_var", "fc1.1.weight", "fc1.1.bias", "fc2.1.weight", "fc2.1.bias", "fc3.1.weight", "fc3.1.bias". 
2025-04-25T17:04:37,678 [INFO ] W-9000-cifar10_1.0-stdout MODEL_LOG - 	Unexpected key(s) in state_dict: "epoch", "model", "optimizer". 
2025-04-25T17:04:37,678 [INFO ] W-9000-cifar10_1.0-stdout org.pytorch.serve.wlm.WorkerLifeCycle - Stopped Scanner - W-9000-cifar10_1.0-stdout
2025-04-25T17:04:37,678 [INFO ] W-9000-cifar10_1.0-stdout org.pytorch.serve.wlm.WorkerLifeCycle - Stopped Scanner - W-9000-cifar10_1.0-stdout
2025-04-25T17:04:37,703 [INFO ] W-9000-cifar10_1.0-stderr org.pytorch.serve.wlm.WorkerLifeCycle - Stopped Scanner - W-9000-cifar10_1.0-stderr
2025-04-25T17:04:37,703 [INFO ] W-9000-cifar10_1.0-stderr org.pytorch.serve.wlm.WorkerLifeCycle - Stopped Scanner - W-9000-cifar10_1.0-stderr
2025-04-25T17:04:38,679 [DEBUG] W-9000-cifar10_1.0 org.pytorch.serve.wlm.WorkerLifeCycle - Worker cmdline: [/home/amin/miniconda3/envs/deep-learning/bin/python, /home/amin/miniconda3/envs/deep-learning/lib/python3.9/site-packages/ts/model_service_worker.py, --sock-type, unix, --sock-name, /tmp/.ts.sock.9000, --metrics-config, /home/amin/miniconda3/envs/deep-learning/lib/python3.9/site-packages/ts/configs/metrics.yaml]
2025-04-25T17:04:38,679 [DEBUG] W-9000-cifar10_1.0 org.pytorch.serve.wlm.WorkerLifeCycle - Worker cmdline: [/home/amin/miniconda3/envs/deep-learning/bin/python, /home/amin/miniconda3/envs/deep-learning/lib/python3.9/site-packages/ts/model_service_worker.py, --sock-type, unix, --sock-name, /tmp/.ts.sock.9000, --metrics-config, /home/amin/miniconda3/envs/deep-learning/lib/python3.9/site-packages/ts/configs/metrics.yaml]
2025-04-25T17:04:39,687 [INFO ] W-9000-cifar10_1.0-stdout MODEL_LOG - s_name_part0=/tmp/.ts.sock, s_name_part1=9000, pid=10345
2025-04-25T17:04:39,688 [INFO ] W-9000-cifar10_1.0-stdout MODEL_LOG - Listening on port: /tmp/.ts.sock.9000
2025-04-25T17:04:39,696 [INFO ] W-9000-cifar10_1.0-stdout MODEL_LOG - Successfully loaded /home/amin/miniconda3/envs/deep-learning/lib/python3.9/site-packages/ts/configs/metrics.yaml.
2025-04-25T17:04:39,696 [INFO ] W-9000-cifar10_1.0-stdout MODEL_LOG - [PID]10345
2025-04-25T17:04:39,696 [INFO ] W-9000-cifar10_1.0-stdout MODEL_LOG - Torch worker started.
2025-04-25T17:04:39,696 [DEBUG] W-9000-cifar10_1.0 org.pytorch.serve.wlm.WorkerThread - W-9000-cifar10_1.0 State change WORKER_STOPPED -> WORKER_STARTED
2025-04-25T17:04:39,696 [INFO ] W-9000-cifar10_1.0-stdout MODEL_LOG - Python runtime: 3.9.21
2025-04-25T17:04:39,696 [DEBUG] W-9000-cifar10_1.0 org.pytorch.serve.wlm.WorkerThread - W-9000-cifar10_1.0 State change WORKER_STOPPED -> WORKER_STARTED
2025-04-25T17:04:39,696 [INFO ] W-9000-cifar10_1.0 org.pytorch.serve.wlm.WorkerThread - Connecting to: /tmp/.ts.sock.9000
2025-04-25T17:04:39,696 [INFO ] W-9000-cifar10_1.0 org.pytorch.serve.wlm.WorkerThread - Connecting to: /tmp/.ts.sock.9000
2025-04-25T17:04:39,697 [DEBUG] W-9000-cifar10_1.0 org.pytorch.serve.wlm.WorkerThread - Flushing req.cmd LOAD repeats 1 to backend at: 1745575479697
2025-04-25T17:04:39,697 [INFO ] W-9000-cifar10_1.0-stdout MODEL_LOG - Connection accepted: /tmp/.ts.sock.9000.
2025-04-25T17:04:39,697 [DEBUG] W-9000-cifar10_1.0 org.pytorch.serve.wlm.WorkerThread - Flushing req.cmd LOAD repeats 1 to backend at: 1745575479697
2025-04-25T17:04:39,697 [INFO ] W-9000-cifar10_1.0 org.pytorch.serve.wlm.WorkerThread - Looping backend response at: 1745575479697
2025-04-25T17:04:39,697 [INFO ] W-9000-cifar10_1.0 org.pytorch.serve.wlm.WorkerThread - Looping backend response at: 1745575479697
2025-04-25T17:04:39,707 [INFO ] W-9000-cifar10_1.0-stdout MODEL_LOG - model_name: cifar10, batchSize: 1
2025-04-25T17:04:39,755 [INFO ] W-9000-cifar10_1.0-stdout MODEL_LOG - OpenVINO is not enabled
2025-04-25T17:04:39,755 [INFO ] W-9000-cifar10_1.0-stdout MODEL_LOG - proceeding without onnxruntime
2025-04-25T17:04:39,755 [INFO ] W-9000-cifar10_1.0-stdout MODEL_LOG - Torch TensorRT not enabled
2025-04-25T17:04:39,830 [INFO ] W-9000-cifar10_1.0-stdout MODEL_LOG - Failed to load model cifar10, exception Error(s) in loading state_dict for SimpleCNN:
2025-04-25T17:04:39,830 [INFO ] W-9000-cifar10_1.0-stdout MODEL_LOG - 	Missing key(s) in state_dict: "conv1.0.weight", "conv1.0.bias", "conv1.1.weight", "conv1.1.bias", "conv1.1.running_mean", "conv1.1.running_var", "conv1.3.weight", "conv1.3.bias", "conv1.4.weight", "conv1.4.bias", "conv1.4.running_mean", "conv1.4.running_var", "conv2.0.weight", "conv2.0.bias", "conv2.1.weight", "conv2.1.bias", "conv2.1.running_mean", "conv2.1.running_var", "conv2.3.weight", "conv2.3.bias", "conv2.4.weight", "conv2.4.bias", "conv2.4.running_mean", "conv2.4.running_var", "fc1.1.weight", "fc1.1.bias", "fc2.1.weight", "fc2.1.bias", "fc3.1.weight", "fc3.1.bias". 
2025-04-25T17:04:39,830 [INFO ] W-9000-cifar10_1.0 org.pytorch.serve.wlm.WorkerThread - Backend response time: 133
2025-04-25T17:04:39,830 [INFO ] W-9000-cifar10_1.0-stdout MODEL_LOG - 	Unexpected key(s) in state_dict: "epoch", "model", "optimizer". 
2025-04-25T17:04:39,830 [INFO ] W-9000-cifar10_1.0 org.pytorch.serve.wlm.WorkerThread - Backend response time: 133
2025-04-25T17:04:39,830 [DEBUG] W-9000-cifar10_1.0 org.pytorch.serve.wlm.WorkerThread - W-9000-cifar10_1.0 State change WORKER_STARTED -> WORKER_ERROR
2025-04-25T17:04:39,830 [INFO ] W-9000-cifar10_1.0-stdout MODEL_LOG - Traceback (most recent call last):
2025-04-25T17:04:39,830 [DEBUG] W-9000-cifar10_1.0 org.pytorch.serve.wlm.WorkerThread - W-9000-cifar10_1.0 State change WORKER_STARTED -> WORKER_ERROR
2025-04-25T17:04:39,830 [INFO ] W-9000-cifar10_1.0-stdout MODEL_LOG -   File "/home/amin/miniconda3/envs/deep-learning/lib/python3.9/site-packages/ts/model_service_worker.py", line 133, in load_model
2025-04-25T17:04:39,830 [INFO ] epollEventLoopGroup-5-3 org.pytorch.serve.wlm.WorkerThread - 9000 Worker disconnected. WORKER_STARTED
2025-04-25T17:04:39,830 [INFO ] W-9000-cifar10_1.0 TS_METRICS - WorkerThreadTime.Milliseconds:0.0|#Level:Host|#hostname:amin-GF63-Thin-9SCXR,timestamp:1745575479
2025-04-25T17:04:39,831 [INFO ] W-9000-cifar10_1.0-stdout MODEL_LOG -     service = model_loader.load(
2025-04-25T17:04:39,830 [INFO ] epollEventLoopGroup-5-3 org.pytorch.serve.wlm.WorkerThread - 9000 Worker disconnected. WORKER_STARTED
2025-04-25T17:04:39,831 [INFO ] W-9000-cifar10_1.0-stdout MODEL_LOG -   File "/home/amin/miniconda3/envs/deep-learning/lib/python3.9/site-packages/ts/model_loader.py", line 143, in load
2025-04-25T17:04:39,831 [INFO ] W-9000-cifar10_1.0-stdout MODEL_LOG -     initialize_fn(service.context)
2025-04-25T17:04:39,831 [DEBUG] W-9000-cifar10_1.0 org.pytorch.serve.wlm.WorkerThread - System state is : WORKER_ERROR
2025-04-25T17:04:39,831 [DEBUG] W-9000-cifar10_1.0 org.pytorch.serve.wlm.WorkerThread - System state is : WORKER_ERROR
2025-04-25T17:04:39,831 [INFO ] W-9000-cifar10_1.0-stdout MODEL_LOG -   File "/home/amin/miniconda3/envs/deep-learning/lib/python3.9/site-packages/ts/torch_handler/base_handler.py", line 191, in initialize
2025-04-25T17:04:39,831 [INFO ] W-9000-cifar10_1.0-stdout MODEL_LOG -     self.model = self._load_pickled_model(
2025-04-25T17:04:39,831 [DEBUG] W-9000-cifar10_1.0 org.pytorch.serve.wlm.WorkerThread - Backend worker monitoring thread interrupted or backend worker process died., responseTimeout:120sec
java.lang.InterruptedException: null
	at java.util.concurrent.locks.AbstractQueuedSynchronizer$ConditionObject.awaitNanos(AbstractQueuedSynchronizer.java:1770) ~[?:?]
	at java.util.concurrent.LinkedBlockingDeque.pollFirst(LinkedBlockingDeque.java:515) ~[?:?]
	at java.util.concurrent.LinkedBlockingDeque.poll(LinkedBlockingDeque.java:677) ~[?:?]
	at org.pytorch.serve.wlm.Model.pollBatch(Model.java:482) ~[model-server.jar:?]
	at org.pytorch.serve.wlm.BatchAggregator.pollBatch(BatchAggregator.java:189) ~[model-server.jar:?]
	at org.pytorch.serve.wlm.BatchAggregator.getRequest(BatchAggregator.java:36) ~[model-server.jar:?]
	at org.pytorch.serve.wlm.WorkerThread.run(WorkerThread.java:195) ~[model-server.jar:?]
	at java.util.concurrent.ThreadPoolExecutor.runWorker(ThreadPoolExecutor.java:1144) ~[?:?]
	at java.util.concurrent.ThreadPoolExecutor$Worker.run(ThreadPoolExecutor.java:642) ~[?:?]
	at java.lang.Thread.run(Thread.java:1583) [?:?]
2025-04-25T17:04:39,831 [INFO ] W-9000-cifar10_1.0-stdout MODEL_LOG -   File "/home/amin/miniconda3/envs/deep-learning/lib/python3.9/site-packages/ts/torch_handler/base_handler.py", line 356, in _load_pickled_model
2025-04-25T17:04:39,831 [INFO ] W-9000-cifar10_1.0-stdout MODEL_LOG -     model.load_state_dict(state_dict)
2025-04-25T17:04:39,831 [DEBUG] W-9000-cifar10_1.0 org.pytorch.serve.wlm.WorkerThread - Backend worker monitoring thread interrupted or backend worker process died., responseTimeout:120sec
java.lang.InterruptedException: null
	at java.util.concurrent.locks.AbstractQueuedSynchronizer$ConditionObject.awaitNanos(AbstractQueuedSynchronizer.java:1770) ~[?:?]
	at java.util.concurrent.LinkedBlockingDeque.pollFirst(LinkedBlockingDeque.java:515) ~[?:?]
	at java.util.concurrent.LinkedBlockingDeque.poll(LinkedBlockingDeque.java:677) ~[?:?]
	at org.pytorch.serve.wlm.Model.pollBatch(Model.java:482) ~[model-server.jar:?]
	at org.pytorch.serve.wlm.BatchAggregator.pollBatch(BatchAggregator.java:189) ~[model-server.jar:?]
	at org.pytorch.serve.wlm.BatchAggregator.getRequest(BatchAggregator.java:36) ~[model-server.jar:?]
	at org.pytorch.serve.wlm.WorkerThread.run(WorkerThread.java:195) ~[model-server.jar:?]
	at java.util.concurrent.ThreadPoolExecutor.runWorker(ThreadPoolExecutor.java:1144) ~[?:?]
	at java.util.concurrent.ThreadPoolExecutor$Worker.run(ThreadPoolExecutor.java:642) ~[?:?]
	at java.lang.Thread.run(Thread.java:1583) [?:?]
2025-04-25T17:04:39,831 [INFO ] W-9000-cifar10_1.0-stdout MODEL_LOG -   File "/home/amin/miniconda3/envs/deep-learning/lib/python3.9/site-packages/torch/nn/modules/module.py", line 2189, in load_state_dict
2025-04-25T17:04:39,831 [DEBUG] W-9000-cifar10_1.0 org.pytorch.serve.wlm.WorkerThread - W-9000-cifar10_1.0 State change WORKER_ERROR -> WORKER_STOPPED
2025-04-25T17:04:39,831 [DEBUG] W-9000-cifar10_1.0 org.pytorch.serve.wlm.WorkerThread - W-9000-cifar10_1.0 State change WORKER_ERROR -> WORKER_STOPPED
2025-04-25T17:04:39,832 [WARN ] W-9000-cifar10_1.0 org.pytorch.serve.wlm.WorkerThread - Auto recovery failed again
2025-04-25T17:04:39,831 [INFO ] W-9000-cifar10_1.0-stdout MODEL_LOG -     raise RuntimeError('Error(s) in loading state_dict for {}:\n\t{}'.format(
2025-04-25T17:04:39,832 [WARN ] W-9000-cifar10_1.0 org.pytorch.serve.wlm.WorkerThread - Auto recovery failed again
2025-04-25T17:04:39,832 [INFO ] W-9000-cifar10_1.0-stdout MODEL_LOG - RuntimeError: Error(s) in loading state_dict for SimpleCNN:
2025-04-25T17:04:39,832 [INFO ] W-9000-cifar10_1.0 org.pytorch.serve.wlm.WorkerThread - Retry worker: 9000 in 2 seconds.
2025-04-25T17:04:39,832 [INFO ] W-9000-cifar10_1.0 org.pytorch.serve.wlm.WorkerThread - Retry worker: 9000 in 2 seconds.
2025-04-25T17:04:39,832 [INFO ] W-9000-cifar10_1.0-stdout MODEL_LOG - 	Missing key(s) in state_dict: "conv1.0.weight", "conv1.0.bias", "conv1.1.weight", "conv1.1.bias", "conv1.1.running_mean", "conv1.1.running_var", "conv1.3.weight", "conv1.3.bias", "conv1.4.weight", "conv1.4.bias", "conv1.4.running_mean", "conv1.4.running_var", "conv2.0.weight", "conv2.0.bias", "conv2.1.weight", "conv2.1.bias", "conv2.1.running_mean", "conv2.1.running_var", "conv2.3.weight", "conv2.3.bias", "conv2.4.weight", "conv2.4.bias", "conv2.4.running_mean", "conv2.4.running_var", "fc1.1.weight", "fc1.1.bias", "fc2.1.weight", "fc2.1.bias", "fc3.1.weight", "fc3.1.bias". 
2025-04-25T17:04:39,832 [INFO ] W-9000-cifar10_1.0-stdout MODEL_LOG - 	Unexpected key(s) in state_dict: "epoch", "model", "optimizer". 
2025-04-25T17:04:39,832 [INFO ] W-9000-cifar10_1.0-stdout org.pytorch.serve.wlm.WorkerLifeCycle - Stopped Scanner - W-9000-cifar10_1.0-stdout
2025-04-25T17:04:39,832 [INFO ] W-9000-cifar10_1.0-stdout org.pytorch.serve.wlm.WorkerLifeCycle - Stopped Scanner - W-9000-cifar10_1.0-stdout
2025-04-25T17:04:39,854 [INFO ] W-9000-cifar10_1.0-stderr org.pytorch.serve.wlm.WorkerLifeCycle - Stopped Scanner - W-9000-cifar10_1.0-stderr
2025-04-25T17:04:39,854 [INFO ] W-9000-cifar10_1.0-stderr org.pytorch.serve.wlm.WorkerLifeCycle - Stopped Scanner - W-9000-cifar10_1.0-stderr
2025-04-25T17:04:41,833 [DEBUG] W-9000-cifar10_1.0 org.pytorch.serve.wlm.WorkerLifeCycle - Worker cmdline: [/home/amin/miniconda3/envs/deep-learning/bin/python, /home/amin/miniconda3/envs/deep-learning/lib/python3.9/site-packages/ts/model_service_worker.py, --sock-type, unix, --sock-name, /tmp/.ts.sock.9000, --metrics-config, /home/amin/miniconda3/envs/deep-learning/lib/python3.9/site-packages/ts/configs/metrics.yaml]
2025-04-25T17:04:41,833 [DEBUG] W-9000-cifar10_1.0 org.pytorch.serve.wlm.WorkerLifeCycle - Worker cmdline: [/home/amin/miniconda3/envs/deep-learning/bin/python, /home/amin/miniconda3/envs/deep-learning/lib/python3.9/site-packages/ts/model_service_worker.py, --sock-type, unix, --sock-name, /tmp/.ts.sock.9000, --metrics-config, /home/amin/miniconda3/envs/deep-learning/lib/python3.9/site-packages/ts/configs/metrics.yaml]
2025-04-25T17:04:42,879 [INFO ] W-9000-cifar10_1.0-stdout MODEL_LOG - s_name_part0=/tmp/.ts.sock, s_name_part1=9000, pid=10364
2025-04-25T17:04:42,885 [INFO ] W-9000-cifar10_1.0-stdout MODEL_LOG - Listening on port: /tmp/.ts.sock.9000
2025-04-25T17:04:42,888 [INFO ] W-9000-cifar10_1.0-stdout MODEL_LOG - Successfully loaded /home/amin/miniconda3/envs/deep-learning/lib/python3.9/site-packages/ts/configs/metrics.yaml.
2025-04-25T17:04:42,888 [INFO ] W-9000-cifar10_1.0-stdout MODEL_LOG - [PID]10364
2025-04-25T17:04:42,888 [INFO ] W-9000-cifar10_1.0-stdout MODEL_LOG - Torch worker started.
2025-04-25T17:04:42,888 [DEBUG] W-9000-cifar10_1.0 org.pytorch.serve.wlm.WorkerThread - W-9000-cifar10_1.0 State change WORKER_STOPPED -> WORKER_STARTED
2025-04-25T17:04:42,888 [DEBUG] W-9000-cifar10_1.0 org.pytorch.serve.wlm.WorkerThread - W-9000-cifar10_1.0 State change WORKER_STOPPED -> WORKER_STARTED
2025-04-25T17:04:42,888 [INFO ] W-9000-cifar10_1.0-stdout MODEL_LOG - Python runtime: 3.9.21
2025-04-25T17:04:42,888 [INFO ] W-9000-cifar10_1.0 org.pytorch.serve.wlm.WorkerThread - Connecting to: /tmp/.ts.sock.9000
2025-04-25T17:04:42,888 [INFO ] W-9000-cifar10_1.0 org.pytorch.serve.wlm.WorkerThread - Connecting to: /tmp/.ts.sock.9000
2025-04-25T17:04:42,889 [DEBUG] W-9000-cifar10_1.0 org.pytorch.serve.wlm.WorkerThread - Flushing req.cmd LOAD repeats 1 to backend at: 1745575482889
2025-04-25T17:04:42,889 [INFO ] W-9000-cifar10_1.0-stdout MODEL_LOG - Connection accepted: /tmp/.ts.sock.9000.
2025-04-25T17:04:42,889 [DEBUG] W-9000-cifar10_1.0 org.pytorch.serve.wlm.WorkerThread - Flushing req.cmd LOAD repeats 1 to backend at: 1745575482889
2025-04-25T17:04:42,889 [INFO ] W-9000-cifar10_1.0 org.pytorch.serve.wlm.WorkerThread - Looping backend response at: 1745575482889
2025-04-25T17:04:42,889 [INFO ] W-9000-cifar10_1.0 org.pytorch.serve.wlm.WorkerThread - Looping backend response at: 1745575482889
2025-04-25T17:04:42,902 [INFO ] W-9000-cifar10_1.0-stdout MODEL_LOG - model_name: cifar10, batchSize: 1
2025-04-25T17:04:42,954 [INFO ] W-9000-cifar10_1.0-stdout MODEL_LOG - OpenVINO is not enabled
2025-04-25T17:04:42,954 [INFO ] W-9000-cifar10_1.0-stdout MODEL_LOG - proceeding without onnxruntime
2025-04-25T17:04:42,954 [INFO ] W-9000-cifar10_1.0-stdout MODEL_LOG - Torch TensorRT not enabled
2025-04-25T17:04:43,036 [INFO ] W-9000-cifar10_1.0-stdout MODEL_LOG - Failed to load model cifar10, exception Error(s) in loading state_dict for SimpleCNN:
2025-04-25T17:04:43,037 [INFO ] W-9000-cifar10_1.0-stdout MODEL_LOG - 	Missing key(s) in state_dict: "conv1.0.weight", "conv1.0.bias", "conv1.1.weight", "conv1.1.bias", "conv1.1.running_mean", "conv1.1.running_var", "conv1.3.weight", "conv1.3.bias", "conv1.4.weight", "conv1.4.bias", "conv1.4.running_mean", "conv1.4.running_var", "conv2.0.weight", "conv2.0.bias", "conv2.1.weight", "conv2.1.bias", "conv2.1.running_mean", "conv2.1.running_var", "conv2.3.weight", "conv2.3.bias", "conv2.4.weight", "conv2.4.bias", "conv2.4.running_mean", "conv2.4.running_var", "fc1.1.weight", "fc1.1.bias", "fc2.1.weight", "fc2.1.bias", "fc3.1.weight", "fc3.1.bias". 
2025-04-25T17:04:43,037 [INFO ] W-9000-cifar10_1.0-stdout MODEL_LOG - 	Unexpected key(s) in state_dict: "epoch", "model", "optimizer". 
2025-04-25T17:04:43,037 [INFO ] W-9000-cifar10_1.0 org.pytorch.serve.wlm.WorkerThread - Backend response time: 148
2025-04-25T17:04:43,037 [INFO ] W-9000-cifar10_1.0 org.pytorch.serve.wlm.WorkerThread - Backend response time: 148
2025-04-25T17:04:43,037 [INFO ] W-9000-cifar10_1.0-stdout MODEL_LOG - Traceback (most recent call last):
2025-04-25T17:04:43,037 [DEBUG] W-9000-cifar10_1.0 org.pytorch.serve.wlm.WorkerThread - W-9000-cifar10_1.0 State change WORKER_STARTED -> WORKER_ERROR
2025-04-25T17:04:43,037 [INFO ] W-9000-cifar10_1.0-stdout MODEL_LOG -   File "/home/amin/miniconda3/envs/deep-learning/lib/python3.9/site-packages/ts/model_service_worker.py", line 133, in load_model
2025-04-25T17:04:43,037 [DEBUG] W-9000-cifar10_1.0 org.pytorch.serve.wlm.WorkerThread - W-9000-cifar10_1.0 State change WORKER_STARTED -> WORKER_ERROR
2025-04-25T17:04:43,037 [INFO ] W-9000-cifar10_1.0-stdout MODEL_LOG -     service = model_loader.load(
2025-04-25T17:04:43,037 [INFO ] epollEventLoopGroup-5-4 org.pytorch.serve.wlm.WorkerThread - 9000 Worker disconnected. WORKER_STARTED
2025-04-25T17:04:43,037 [INFO ] W-9000-cifar10_1.0 TS_METRICS - WorkerThreadTime.Milliseconds:0.0|#Level:Host|#hostname:amin-GF63-Thin-9SCXR,timestamp:1745575483
2025-04-25T17:04:43,037 [INFO ] W-9000-cifar10_1.0-stdout MODEL_LOG -   File "/home/amin/miniconda3/envs/deep-learning/lib/python3.9/site-packages/ts/model_loader.py", line 143, in load
2025-04-25T17:04:43,038 [INFO ] W-9000-cifar10_1.0-stdout MODEL_LOG -     initialize_fn(service.context)
2025-04-25T17:04:43,037 [INFO ] epollEventLoopGroup-5-4 org.pytorch.serve.wlm.WorkerThread - 9000 Worker disconnected. WORKER_STARTED
2025-04-25T17:04:43,038 [INFO ] W-9000-cifar10_1.0-stdout MODEL_LOG -   File "/home/amin/miniconda3/envs/deep-learning/lib/python3.9/site-packages/ts/torch_handler/base_handler.py", line 191, in initialize
2025-04-25T17:04:43,038 [DEBUG] W-9000-cifar10_1.0 org.pytorch.serve.wlm.WorkerThread - System state is : WORKER_ERROR
2025-04-25T17:04:43,038 [INFO ] W-9000-cifar10_1.0-stdout MODEL_LOG -     self.model = self._load_pickled_model(
2025-04-25T17:04:43,038 [DEBUG] W-9000-cifar10_1.0 org.pytorch.serve.wlm.WorkerThread - System state is : WORKER_ERROR
2025-04-25T17:04:43,038 [DEBUG] W-9000-cifar10_1.0 org.pytorch.serve.wlm.WorkerThread - Backend worker monitoring thread interrupted or backend worker process died., responseTimeout:120sec
java.lang.InterruptedException: null
	at java.util.concurrent.locks.AbstractQueuedSynchronizer$ConditionObject.awaitNanos(AbstractQueuedSynchronizer.java:1770) ~[?:?]
	at java.util.concurrent.LinkedBlockingDeque.pollFirst(LinkedBlockingDeque.java:515) ~[?:?]
	at java.util.concurrent.LinkedBlockingDeque.poll(LinkedBlockingDeque.java:677) ~[?:?]
	at org.pytorch.serve.wlm.Model.pollBatch(Model.java:482) ~[model-server.jar:?]
	at org.pytorch.serve.wlm.BatchAggregator.pollBatch(BatchAggregator.java:189) ~[model-server.jar:?]
	at org.pytorch.serve.wlm.BatchAggregator.getRequest(BatchAggregator.java:36) ~[model-server.jar:?]
	at org.pytorch.serve.wlm.WorkerThread.run(WorkerThread.java:195) ~[model-server.jar:?]
	at java.util.concurrent.ThreadPoolExecutor.runWorker(ThreadPoolExecutor.java:1144) ~[?:?]
	at java.util.concurrent.ThreadPoolExecutor$Worker.run(ThreadPoolExecutor.java:642) ~[?:?]
	at java.lang.Thread.run(Thread.java:1583) [?:?]
2025-04-25T17:04:43,038 [DEBUG] W-9000-cifar10_1.0 org.pytorch.serve.wlm.WorkerThread - Backend worker monitoring thread interrupted or backend worker process died., responseTimeout:120sec
java.lang.InterruptedException: null
	at java.util.concurrent.locks.AbstractQueuedSynchronizer$ConditionObject.awaitNanos(AbstractQueuedSynchronizer.java:1770) ~[?:?]
	at java.util.concurrent.LinkedBlockingDeque.pollFirst(LinkedBlockingDeque.java:515) ~[?:?]
	at java.util.concurrent.LinkedBlockingDeque.poll(LinkedBlockingDeque.java:677) ~[?:?]
	at org.pytorch.serve.wlm.Model.pollBatch(Model.java:482) ~[model-server.jar:?]
	at org.pytorch.serve.wlm.BatchAggregator.pollBatch(BatchAggregator.java:189) ~[model-server.jar:?]
	at org.pytorch.serve.wlm.BatchAggregator.getRequest(BatchAggregator.java:36) ~[model-server.jar:?]
	at org.pytorch.serve.wlm.WorkerThread.run(WorkerThread.java:195) ~[model-server.jar:?]
	at java.util.concurrent.ThreadPoolExecutor.runWorker(ThreadPoolExecutor.java:1144) ~[?:?]
	at java.util.concurrent.ThreadPoolExecutor$Worker.run(ThreadPoolExecutor.java:642) ~[?:?]
	at java.lang.Thread.run(Thread.java:1583) [?:?]
2025-04-25T17:04:43,038 [DEBUG] W-9000-cifar10_1.0 org.pytorch.serve.wlm.WorkerThread - W-9000-cifar10_1.0 State change WORKER_ERROR -> WORKER_STOPPED
2025-04-25T17:04:43,038 [DEBUG] W-9000-cifar10_1.0 org.pytorch.serve.wlm.WorkerThread - W-9000-cifar10_1.0 State change WORKER_ERROR -> WORKER_STOPPED
2025-04-25T17:04:43,038 [WARN ] W-9000-cifar10_1.0 org.pytorch.serve.wlm.WorkerThread - Auto recovery failed again
2025-04-25T17:04:43,038 [WARN ] W-9000-cifar10_1.0 org.pytorch.serve.wlm.WorkerThread - Auto recovery failed again
2025-04-25T17:04:43,038 [INFO ] W-9000-cifar10_1.0-stdout MODEL_LOG -   File "/home/amin/miniconda3/envs/deep-learning/lib/python3.9/site-packages/ts/torch_handler/base_handler.py", line 356, in _load_pickled_model
2025-04-25T17:04:43,038 [INFO ] W-9000-cifar10_1.0-stdout MODEL_LOG -     model.load_state_dict(state_dict)
2025-04-25T17:04:43,039 [INFO ] W-9000-cifar10_1.0-stdout MODEL_LOG -   File "/home/amin/miniconda3/envs/deep-learning/lib/python3.9/site-packages/torch/nn/modules/module.py", line 2189, in load_state_dict
2025-04-25T17:04:43,039 [INFO ] W-9000-cifar10_1.0 org.pytorch.serve.wlm.WorkerThread - Retry worker: 9000 in 3 seconds.
2025-04-25T17:04:43,039 [INFO ] W-9000-cifar10_1.0-stdout MODEL_LOG -     raise RuntimeError('Error(s) in loading state_dict for {}:\n\t{}'.format(
2025-04-25T17:04:43,039 [INFO ] W-9000-cifar10_1.0 org.pytorch.serve.wlm.WorkerThread - Retry worker: 9000 in 3 seconds.
2025-04-25T17:04:43,039 [INFO ] W-9000-cifar10_1.0-stdout MODEL_LOG - RuntimeError: Error(s) in loading state_dict for SimpleCNN:
2025-04-25T17:04:43,039 [INFO ] W-9000-cifar10_1.0-stdout MODEL_LOG - 	Missing key(s) in state_dict: "conv1.0.weight", "conv1.0.bias", "conv1.1.weight", "conv1.1.bias", "conv1.1.running_mean", "conv1.1.running_var", "conv1.3.weight", "conv1.3.bias", "conv1.4.weight", "conv1.4.bias", "conv1.4.running_mean", "conv1.4.running_var", "conv2.0.weight", "conv2.0.bias", "conv2.1.weight", "conv2.1.bias", "conv2.1.running_mean", "conv2.1.running_var", "conv2.3.weight", "conv2.3.bias", "conv2.4.weight", "conv2.4.bias", "conv2.4.running_mean", "conv2.4.running_var", "fc1.1.weight", "fc1.1.bias", "fc2.1.weight", "fc2.1.bias", "fc3.1.weight", "fc3.1.bias". 
2025-04-25T17:04:43,039 [INFO ] W-9000-cifar10_1.0-stdout MODEL_LOG - 	Unexpected key(s) in state_dict: "epoch", "model", "optimizer". 
2025-04-25T17:04:43,039 [INFO ] W-9000-cifar10_1.0-stdout org.pytorch.serve.wlm.WorkerLifeCycle - Stopped Scanner - W-9000-cifar10_1.0-stdout
2025-04-25T17:04:43,039 [INFO ] W-9000-cifar10_1.0-stdout org.pytorch.serve.wlm.WorkerLifeCycle - Stopped Scanner - W-9000-cifar10_1.0-stdout
2025-04-25T17:04:43,063 [INFO ] W-9000-cifar10_1.0-stderr org.pytorch.serve.wlm.WorkerLifeCycle - Stopped Scanner - W-9000-cifar10_1.0-stderr
2025-04-25T17:04:43,063 [INFO ] W-9000-cifar10_1.0-stderr org.pytorch.serve.wlm.WorkerLifeCycle - Stopped Scanner - W-9000-cifar10_1.0-stderr
2025-04-25T17:04:46,040 [DEBUG] W-9000-cifar10_1.0 org.pytorch.serve.wlm.WorkerLifeCycle - Worker cmdline: [/home/amin/miniconda3/envs/deep-learning/bin/python, /home/amin/miniconda3/envs/deep-learning/lib/python3.9/site-packages/ts/model_service_worker.py, --sock-type, unix, --sock-name, /tmp/.ts.sock.9000, --metrics-config, /home/amin/miniconda3/envs/deep-learning/lib/python3.9/site-packages/ts/configs/metrics.yaml]
2025-04-25T17:04:46,040 [DEBUG] W-9000-cifar10_1.0 org.pytorch.serve.wlm.WorkerLifeCycle - Worker cmdline: [/home/amin/miniconda3/envs/deep-learning/bin/python, /home/amin/miniconda3/envs/deep-learning/lib/python3.9/site-packages/ts/model_service_worker.py, --sock-type, unix, --sock-name, /tmp/.ts.sock.9000, --metrics-config, /home/amin/miniconda3/envs/deep-learning/lib/python3.9/site-packages/ts/configs/metrics.yaml]
2025-04-25T17:04:47,080 [INFO ] W-9000-cifar10_1.0-stdout MODEL_LOG - s_name_part0=/tmp/.ts.sock, s_name_part1=9000, pid=10381
2025-04-25T17:04:47,080 [INFO ] W-9000-cifar10_1.0-stdout MODEL_LOG - Listening on port: /tmp/.ts.sock.9000
2025-04-25T17:04:47,089 [INFO ] W-9000-cifar10_1.0-stdout MODEL_LOG - Successfully loaded /home/amin/miniconda3/envs/deep-learning/lib/python3.9/site-packages/ts/configs/metrics.yaml.
2025-04-25T17:04:47,089 [INFO ] W-9000-cifar10_1.0-stdout MODEL_LOG - [PID]10381
2025-04-25T17:04:47,089 [INFO ] W-9000-cifar10_1.0-stdout MODEL_LOG - Torch worker started.
2025-04-25T17:04:47,089 [DEBUG] W-9000-cifar10_1.0 org.pytorch.serve.wlm.WorkerThread - W-9000-cifar10_1.0 State change WORKER_STOPPED -> WORKER_STARTED
2025-04-25T17:04:47,089 [DEBUG] W-9000-cifar10_1.0 org.pytorch.serve.wlm.WorkerThread - W-9000-cifar10_1.0 State change WORKER_STOPPED -> WORKER_STARTED
2025-04-25T17:04:47,090 [INFO ] W-9000-cifar10_1.0-stdout MODEL_LOG - Python runtime: 3.9.21
2025-04-25T17:04:47,090 [INFO ] W-9000-cifar10_1.0 org.pytorch.serve.wlm.WorkerThread - Connecting to: /tmp/.ts.sock.9000
2025-04-25T17:04:47,090 [INFO ] W-9000-cifar10_1.0 org.pytorch.serve.wlm.WorkerThread - Connecting to: /tmp/.ts.sock.9000
2025-04-25T17:04:47,090 [INFO ] W-9000-cifar10_1.0-stdout MODEL_LOG - Connection accepted: /tmp/.ts.sock.9000.
2025-04-25T17:04:47,090 [DEBUG] W-9000-cifar10_1.0 org.pytorch.serve.wlm.WorkerThread - Flushing req.cmd LOAD repeats 1 to backend at: 1745575487090
2025-04-25T17:04:47,090 [DEBUG] W-9000-cifar10_1.0 org.pytorch.serve.wlm.WorkerThread - Flushing req.cmd LOAD repeats 1 to backend at: 1745575487090
2025-04-25T17:04:47,091 [INFO ] W-9000-cifar10_1.0 org.pytorch.serve.wlm.WorkerThread - Looping backend response at: 1745575487091
2025-04-25T17:04:47,091 [INFO ] W-9000-cifar10_1.0 org.pytorch.serve.wlm.WorkerThread - Looping backend response at: 1745575487091
2025-04-25T17:04:47,100 [INFO ] W-9000-cifar10_1.0-stdout MODEL_LOG - model_name: cifar10, batchSize: 1
2025-04-25T17:04:47,148 [INFO ] W-9000-cifar10_1.0-stdout MODEL_LOG - OpenVINO is not enabled
2025-04-25T17:04:47,148 [INFO ] W-9000-cifar10_1.0-stdout MODEL_LOG - proceeding without onnxruntime
2025-04-25T17:04:47,148 [INFO ] W-9000-cifar10_1.0-stdout MODEL_LOG - Torch TensorRT not enabled
2025-04-25T17:04:47,225 [INFO ] W-9000-cifar10_1.0-stdout MODEL_LOG - Failed to load model cifar10, exception Error(s) in loading state_dict for SimpleCNN:
2025-04-25T17:04:47,225 [INFO ] W-9000-cifar10_1.0-stdout MODEL_LOG - 	Missing key(s) in state_dict: "conv1.0.weight", "conv1.0.bias", "conv1.1.weight", "conv1.1.bias", "conv1.1.running_mean", "conv1.1.running_var", "conv1.3.weight", "conv1.3.bias", "conv1.4.weight", "conv1.4.bias", "conv1.4.running_mean", "conv1.4.running_var", "conv2.0.weight", "conv2.0.bias", "conv2.1.weight", "conv2.1.bias", "conv2.1.running_mean", "conv2.1.running_var", "conv2.3.weight", "conv2.3.bias", "conv2.4.weight", "conv2.4.bias", "conv2.4.running_mean", "conv2.4.running_var", "fc1.1.weight", "fc1.1.bias", "fc2.1.weight", "fc2.1.bias", "fc3.1.weight", "fc3.1.bias". 
2025-04-25T17:04:47,226 [INFO ] W-9000-cifar10_1.0-stdout MODEL_LOG - 	Unexpected key(s) in state_dict: "epoch", "model", "optimizer". 
2025-04-25T17:04:47,226 [INFO ] W-9000-cifar10_1.0-stdout MODEL_LOG - Traceback (most recent call last):
2025-04-25T17:04:47,226 [INFO ] W-9000-cifar10_1.0 org.pytorch.serve.wlm.WorkerThread - Backend response time: 135
2025-04-25T17:04:47,226 [INFO ] W-9000-cifar10_1.0-stdout MODEL_LOG -   File "/home/amin/miniconda3/envs/deep-learning/lib/python3.9/site-packages/ts/model_service_worker.py", line 133, in load_model
2025-04-25T17:04:47,226 [INFO ] W-9000-cifar10_1.0 org.pytorch.serve.wlm.WorkerThread - Backend response time: 135
2025-04-25T17:04:47,226 [INFO ] W-9000-cifar10_1.0-stdout MODEL_LOG -     service = model_loader.load(
2025-04-25T17:04:47,226 [DEBUG] W-9000-cifar10_1.0 org.pytorch.serve.wlm.WorkerThread - W-9000-cifar10_1.0 State change WORKER_STARTED -> WORKER_ERROR
2025-04-25T17:04:47,226 [DEBUG] W-9000-cifar10_1.0 org.pytorch.serve.wlm.WorkerThread - W-9000-cifar10_1.0 State change WORKER_STARTED -> WORKER_ERROR
2025-04-25T17:04:47,226 [INFO ] W-9000-cifar10_1.0-stdout MODEL_LOG -   File "/home/amin/miniconda3/envs/deep-learning/lib/python3.9/site-packages/ts/model_loader.py", line 143, in load
2025-04-25T17:04:47,226 [INFO ] W-9000-cifar10_1.0-stdout MODEL_LOG -     initialize_fn(service.context)
2025-04-25T17:04:47,226 [INFO ] W-9000-cifar10_1.0 TS_METRICS - WorkerThreadTime.Milliseconds:1.0|#Level:Host|#hostname:amin-GF63-Thin-9SCXR,timestamp:1745575487
2025-04-25T17:04:47,226 [INFO ] epollEventLoopGroup-5-5 org.pytorch.serve.wlm.WorkerThread - 9000 Worker disconnected. WORKER_STARTED
2025-04-25T17:04:47,226 [INFO ] W-9000-cifar10_1.0-stdout MODEL_LOG -   File "/home/amin/miniconda3/envs/deep-learning/lib/python3.9/site-packages/ts/torch_handler/base_handler.py", line 191, in initialize
2025-04-25T17:04:47,226 [INFO ] W-9000-cifar10_1.0-stdout MODEL_LOG -     self.model = self._load_pickled_model(
2025-04-25T17:04:47,226 [INFO ] epollEventLoopGroup-5-5 org.pytorch.serve.wlm.WorkerThread - 9000 Worker disconnected. WORKER_STARTED
2025-04-25T17:04:47,226 [INFO ] W-9000-cifar10_1.0-stdout MODEL_LOG -   File "/home/amin/miniconda3/envs/deep-learning/lib/python3.9/site-packages/ts/torch_handler/base_handler.py", line 356, in _load_pickled_model
2025-04-25T17:04:47,226 [DEBUG] W-9000-cifar10_1.0 org.pytorch.serve.wlm.WorkerThread - System state is : WORKER_ERROR
2025-04-25T17:04:47,226 [INFO ] W-9000-cifar10_1.0-stdout MODEL_LOG -     model.load_state_dict(state_dict)
2025-04-25T17:04:47,226 [DEBUG] W-9000-cifar10_1.0 org.pytorch.serve.wlm.WorkerThread - System state is : WORKER_ERROR
2025-04-25T17:04:47,226 [INFO ] W-9000-cifar10_1.0-stdout MODEL_LOG -   File "/home/amin/miniconda3/envs/deep-learning/lib/python3.9/site-packages/torch/nn/modules/module.py", line 2189, in load_state_dict
2025-04-25T17:04:47,226 [INFO ] W-9000-cifar10_1.0-stdout MODEL_LOG -     raise RuntimeError('Error(s) in loading state_dict for {}:\n\t{}'.format(
2025-04-25T17:04:47,226 [INFO ] W-9000-cifar10_1.0-stdout MODEL_LOG - RuntimeError: Error(s) in loading state_dict for SimpleCNN:
2025-04-25T17:04:47,226 [DEBUG] W-9000-cifar10_1.0 org.pytorch.serve.wlm.WorkerThread - Backend worker monitoring thread interrupted or backend worker process died., responseTimeout:120sec
java.lang.InterruptedException: null
	at java.util.concurrent.locks.AbstractQueuedSynchronizer$ConditionObject.awaitNanos(AbstractQueuedSynchronizer.java:1770) ~[?:?]
	at java.util.concurrent.LinkedBlockingDeque.pollFirst(LinkedBlockingDeque.java:515) ~[?:?]
	at java.util.concurrent.LinkedBlockingDeque.poll(LinkedBlockingDeque.java:677) ~[?:?]
	at org.pytorch.serve.wlm.Model.pollBatch(Model.java:482) ~[model-server.jar:?]
	at org.pytorch.serve.wlm.BatchAggregator.pollBatch(BatchAggregator.java:189) ~[model-server.jar:?]
	at org.pytorch.serve.wlm.BatchAggregator.getRequest(BatchAggregator.java:36) ~[model-server.jar:?]
	at org.pytorch.serve.wlm.WorkerThread.run(WorkerThread.java:195) ~[model-server.jar:?]
	at java.util.concurrent.ThreadPoolExecutor.runWorker(ThreadPoolExecutor.java:1144) ~[?:?]
	at java.util.concurrent.ThreadPoolExecutor$Worker.run(ThreadPoolExecutor.java:642) ~[?:?]
	at java.lang.Thread.run(Thread.java:1583) [?:?]
2025-04-25T17:04:47,226 [DEBUG] W-9000-cifar10_1.0 org.pytorch.serve.wlm.WorkerThread - Backend worker monitoring thread interrupted or backend worker process died., responseTimeout:120sec
java.lang.InterruptedException: null
	at java.util.concurrent.locks.AbstractQueuedSynchronizer$ConditionObject.awaitNanos(AbstractQueuedSynchronizer.java:1770) ~[?:?]
	at java.util.concurrent.LinkedBlockingDeque.pollFirst(LinkedBlockingDeque.java:515) ~[?:?]
	at java.util.concurrent.LinkedBlockingDeque.poll(LinkedBlockingDeque.java:677) ~[?:?]
	at org.pytorch.serve.wlm.Model.pollBatch(Model.java:482) ~[model-server.jar:?]
	at org.pytorch.serve.wlm.BatchAggregator.pollBatch(BatchAggregator.java:189) ~[model-server.jar:?]
	at org.pytorch.serve.wlm.BatchAggregator.getRequest(BatchAggregator.java:36) ~[model-server.jar:?]
	at org.pytorch.serve.wlm.WorkerThread.run(WorkerThread.java:195) ~[model-server.jar:?]
	at java.util.concurrent.ThreadPoolExecutor.runWorker(ThreadPoolExecutor.java:1144) ~[?:?]
	at java.util.concurrent.ThreadPoolExecutor$Worker.run(ThreadPoolExecutor.java:642) ~[?:?]
	at java.lang.Thread.run(Thread.java:1583) [?:?]
2025-04-25T17:04:47,227 [DEBUG] W-9000-cifar10_1.0 org.pytorch.serve.wlm.WorkerThread - W-9000-cifar10_1.0 State change WORKER_ERROR -> WORKER_STOPPED
2025-04-25T17:04:47,227 [DEBUG] W-9000-cifar10_1.0 org.pytorch.serve.wlm.WorkerThread - W-9000-cifar10_1.0 State change WORKER_ERROR -> WORKER_STOPPED
2025-04-25T17:04:47,227 [WARN ] W-9000-cifar10_1.0 org.pytorch.serve.wlm.WorkerThread - Auto recovery failed again
2025-04-25T17:04:47,227 [INFO ] W-9000-cifar10_1.0-stdout MODEL_LOG - 	Missing key(s) in state_dict: "conv1.0.weight", "conv1.0.bias", "conv1.1.weight", "conv1.1.bias", "conv1.1.running_mean", "conv1.1.running_var", "conv1.3.weight", "conv1.3.bias", "conv1.4.weight", "conv1.4.bias", "conv1.4.running_mean", "conv1.4.running_var", "conv2.0.weight", "conv2.0.bias", "conv2.1.weight", "conv2.1.bias", "conv2.1.running_mean", "conv2.1.running_var", "conv2.3.weight", "conv2.3.bias", "conv2.4.weight", "conv2.4.bias", "conv2.4.running_mean", "conv2.4.running_var", "fc1.1.weight", "fc1.1.bias", "fc2.1.weight", "fc2.1.bias", "fc3.1.weight", "fc3.1.bias". 
2025-04-25T17:04:47,227 [WARN ] W-9000-cifar10_1.0 org.pytorch.serve.wlm.WorkerThread - Auto recovery failed again
2025-04-25T17:04:47,227 [INFO ] W-9000-cifar10_1.0-stdout MODEL_LOG - 	Unexpected key(s) in state_dict: "epoch", "model", "optimizer". 
2025-04-25T17:04:47,227 [INFO ] W-9000-cifar10_1.0-stdout MODEL_LOG - Backend worker process died.
2025-04-25T17:04:47,227 [INFO ] W-9000-cifar10_1.0 org.pytorch.serve.wlm.WorkerThread - Retry worker: 9000 in 5 seconds.
2025-04-25T17:04:47,227 [INFO ] W-9000-cifar10_1.0 org.pytorch.serve.wlm.WorkerThread - Retry worker: 9000 in 5 seconds.
2025-04-25T17:04:47,227 [INFO ] W-9000-cifar10_1.0-stdout MODEL_LOG - Traceback (most recent call last):
2025-04-25T17:04:47,227 [INFO ] W-9000-cifar10_1.0-stdout MODEL_LOG -   File "/home/amin/miniconda3/envs/deep-learning/lib/python3.9/site-packages/ts/model_service_worker.py", line 301, in <module>
2025-04-25T17:04:47,227 [INFO ] W-9000-cifar10_1.0-stdout MODEL_LOG -     worker.run_server()
2025-04-25T17:04:47,227 [INFO ] W-9000-cifar10_1.0-stdout MODEL_LOG -   File "/home/amin/miniconda3/envs/deep-learning/lib/python3.9/site-packages/ts/model_service_worker.py", line 268, in run_server
2025-04-25T17:04:47,227 [INFO ] W-9000-cifar10_1.0-stdout MODEL_LOG -     self.handle_connection(cl_socket)
2025-04-25T17:04:47,227 [INFO ] W-9000-cifar10_1.0-stdout MODEL_LOG -   File "/home/amin/miniconda3/envs/deep-learning/lib/python3.9/site-packages/ts/model_service_worker.py", line 201, in handle_connection
2025-04-25T17:04:47,227 [INFO ] W-9000-cifar10_1.0-stdout MODEL_LOG -     raise RuntimeError("{} - {}".format(code, result))
2025-04-25T17:04:47,228 [INFO ] W-9000-cifar10_1.0-stdout MODEL_LOG - RuntimeError: 500 - Unknown exception
2025-04-25T17:04:47,228 [INFO ] W-9000-cifar10_1.0-stdout org.pytorch.serve.wlm.WorkerLifeCycle - Stopped Scanner - W-9000-cifar10_1.0-stdout
2025-04-25T17:04:47,228 [INFO ] W-9000-cifar10_1.0-stdout org.pytorch.serve.wlm.WorkerLifeCycle - Stopped Scanner - W-9000-cifar10_1.0-stdout
2025-04-25T17:04:47,249 [INFO ] W-9000-cifar10_1.0-stderr org.pytorch.serve.wlm.WorkerLifeCycle - Stopped Scanner - W-9000-cifar10_1.0-stderr
2025-04-25T17:04:47,249 [INFO ] W-9000-cifar10_1.0-stderr org.pytorch.serve.wlm.WorkerLifeCycle - Stopped Scanner - W-9000-cifar10_1.0-stderr
2025-04-25T17:04:52,228 [DEBUG] W-9000-cifar10_1.0 org.pytorch.serve.wlm.WorkerLifeCycle - Worker cmdline: [/home/amin/miniconda3/envs/deep-learning/bin/python, /home/amin/miniconda3/envs/deep-learning/lib/python3.9/site-packages/ts/model_service_worker.py, --sock-type, unix, --sock-name, /tmp/.ts.sock.9000, --metrics-config, /home/amin/miniconda3/envs/deep-learning/lib/python3.9/site-packages/ts/configs/metrics.yaml]
2025-04-25T17:04:52,228 [DEBUG] W-9000-cifar10_1.0 org.pytorch.serve.wlm.WorkerLifeCycle - Worker cmdline: [/home/amin/miniconda3/envs/deep-learning/bin/python, /home/amin/miniconda3/envs/deep-learning/lib/python3.9/site-packages/ts/model_service_worker.py, --sock-type, unix, --sock-name, /tmp/.ts.sock.9000, --metrics-config, /home/amin/miniconda3/envs/deep-learning/lib/python3.9/site-packages/ts/configs/metrics.yaml]
2025-04-25T17:04:53,289 [INFO ] W-9000-cifar10_1.0-stdout MODEL_LOG - s_name_part0=/tmp/.ts.sock, s_name_part1=9000, pid=10398
2025-04-25T17:04:53,290 [INFO ] W-9000-cifar10_1.0-stdout MODEL_LOG - Listening on port: /tmp/.ts.sock.9000
2025-04-25T17:04:53,300 [INFO ] W-9000-cifar10_1.0-stdout MODEL_LOG - Successfully loaded /home/amin/miniconda3/envs/deep-learning/lib/python3.9/site-packages/ts/configs/metrics.yaml.
2025-04-25T17:04:53,300 [INFO ] W-9000-cifar10_1.0-stdout MODEL_LOG - [PID]10398
2025-04-25T17:04:53,300 [INFO ] W-9000-cifar10_1.0-stdout MODEL_LOG - Torch worker started.
2025-04-25T17:04:53,300 [INFO ] W-9000-cifar10_1.0-stdout MODEL_LOG - Python runtime: 3.9.21
2025-04-25T17:04:53,300 [DEBUG] W-9000-cifar10_1.0 org.pytorch.serve.wlm.WorkerThread - W-9000-cifar10_1.0 State change WORKER_STOPPED -> WORKER_STARTED
2025-04-25T17:04:53,300 [DEBUG] W-9000-cifar10_1.0 org.pytorch.serve.wlm.WorkerThread - W-9000-cifar10_1.0 State change WORKER_STOPPED -> WORKER_STARTED
2025-04-25T17:04:53,300 [INFO ] W-9000-cifar10_1.0 org.pytorch.serve.wlm.WorkerThread - Connecting to: /tmp/.ts.sock.9000
2025-04-25T17:04:53,300 [INFO ] W-9000-cifar10_1.0 org.pytorch.serve.wlm.WorkerThread - Connecting to: /tmp/.ts.sock.9000
2025-04-25T17:04:53,301 [DEBUG] W-9000-cifar10_1.0 org.pytorch.serve.wlm.WorkerThread - Flushing req.cmd LOAD repeats 1 to backend at: 1745575493301
2025-04-25T17:04:53,301 [DEBUG] W-9000-cifar10_1.0 org.pytorch.serve.wlm.WorkerThread - Flushing req.cmd LOAD repeats 1 to backend at: 1745575493301
2025-04-25T17:04:53,301 [INFO ] W-9000-cifar10_1.0-stdout MODEL_LOG - Connection accepted: /tmp/.ts.sock.9000.
2025-04-25T17:04:53,301 [INFO ] W-9000-cifar10_1.0 org.pytorch.serve.wlm.WorkerThread - Looping backend response at: 1745575493301
2025-04-25T17:04:53,301 [INFO ] W-9000-cifar10_1.0 org.pytorch.serve.wlm.WorkerThread - Looping backend response at: 1745575493301
2025-04-25T17:04:53,311 [INFO ] W-9000-cifar10_1.0-stdout MODEL_LOG - model_name: cifar10, batchSize: 1
2025-04-25T17:04:53,361 [INFO ] W-9000-cifar10_1.0-stdout MODEL_LOG - OpenVINO is not enabled
2025-04-25T17:04:53,361 [INFO ] W-9000-cifar10_1.0-stdout MODEL_LOG - proceeding without onnxruntime
2025-04-25T17:04:53,361 [INFO ] W-9000-cifar10_1.0-stdout MODEL_LOG - Torch TensorRT not enabled
2025-04-25T17:04:53,444 [INFO ] W-9000-cifar10_1.0-stdout MODEL_LOG - Failed to load model cifar10, exception Error(s) in loading state_dict for SimpleCNN:
2025-04-25T17:04:53,445 [INFO ] W-9000-cifar10_1.0-stdout MODEL_LOG - 	Missing key(s) in state_dict: "conv1.0.weight", "conv1.0.bias", "conv1.1.weight", "conv1.1.bias", "conv1.1.running_mean", "conv1.1.running_var", "conv1.3.weight", "conv1.3.bias", "conv1.4.weight", "conv1.4.bias", "conv1.4.running_mean", "conv1.4.running_var", "conv2.0.weight", "conv2.0.bias", "conv2.1.weight", "conv2.1.bias", "conv2.1.running_mean", "conv2.1.running_var", "conv2.3.weight", "conv2.3.bias", "conv2.4.weight", "conv2.4.bias", "conv2.4.running_mean", "conv2.4.running_var", "fc1.1.weight", "fc1.1.bias", "fc2.1.weight", "fc2.1.bias", "fc3.1.weight", "fc3.1.bias". 
2025-04-25T17:04:53,445 [INFO ] W-9000-cifar10_1.0-stdout MODEL_LOG - 	Unexpected key(s) in state_dict: "epoch", "model", "optimizer". 
2025-04-25T17:04:53,448 [INFO ] W-9000-cifar10_1.0 org.pytorch.serve.wlm.WorkerThread - Backend response time: 147
2025-04-25T17:04:53,448 [INFO ] W-9000-cifar10_1.0-stdout MODEL_LOG - Traceback (most recent call last):
2025-04-25T17:04:53,448 [INFO ] W-9000-cifar10_1.0 org.pytorch.serve.wlm.WorkerThread - Backend response time: 147
2025-04-25T17:04:53,448 [DEBUG] W-9000-cifar10_1.0 org.pytorch.serve.wlm.WorkerThread - W-9000-cifar10_1.0 State change WORKER_STARTED -> WORKER_ERROR
2025-04-25T17:04:53,448 [DEBUG] W-9000-cifar10_1.0 org.pytorch.serve.wlm.WorkerThread - W-9000-cifar10_1.0 State change WORKER_STARTED -> WORKER_ERROR
2025-04-25T17:04:53,448 [INFO ] W-9000-cifar10_1.0-stdout MODEL_LOG -   File "/home/amin/miniconda3/envs/deep-learning/lib/python3.9/site-packages/ts/model_service_worker.py", line 133, in load_model
2025-04-25T17:04:53,449 [INFO ] W-9000-cifar10_1.0-stdout MODEL_LOG -     service = model_loader.load(
2025-04-25T17:04:53,449 [INFO ] W-9000-cifar10_1.0 TS_METRICS - WorkerThreadTime.Milliseconds:0.0|#Level:Host|#hostname:amin-GF63-Thin-9SCXR,timestamp:1745575493
2025-04-25T17:04:53,449 [INFO ] W-9000-cifar10_1.0-stdout MODEL_LOG -   File "/home/amin/miniconda3/envs/deep-learning/lib/python3.9/site-packages/ts/model_loader.py", line 143, in load
2025-04-25T17:04:53,448 [INFO ] epollEventLoopGroup-5-6 org.pytorch.serve.wlm.WorkerThread - 9000 Worker disconnected. WORKER_STARTED
2025-04-25T17:04:53,449 [INFO ] W-9000-cifar10_1.0-stdout MODEL_LOG -     initialize_fn(service.context)
2025-04-25T17:04:53,448 [INFO ] epollEventLoopGroup-5-6 org.pytorch.serve.wlm.WorkerThread - 9000 Worker disconnected. WORKER_STARTED
2025-04-25T17:04:53,449 [INFO ] W-9000-cifar10_1.0-stdout MODEL_LOG -   File "/home/amin/miniconda3/envs/deep-learning/lib/python3.9/site-packages/ts/torch_handler/base_handler.py", line 191, in initialize
2025-04-25T17:04:53,449 [DEBUG] W-9000-cifar10_1.0 org.pytorch.serve.wlm.WorkerThread - System state is : WORKER_ERROR
2025-04-25T17:04:53,449 [INFO ] W-9000-cifar10_1.0-stdout MODEL_LOG -     self.model = self._load_pickled_model(
2025-04-25T17:04:53,449 [DEBUG] W-9000-cifar10_1.0 org.pytorch.serve.wlm.WorkerThread - System state is : WORKER_ERROR
2025-04-25T17:04:53,449 [INFO ] W-9000-cifar10_1.0-stdout MODEL_LOG -   File "/home/amin/miniconda3/envs/deep-learning/lib/python3.9/site-packages/ts/torch_handler/base_handler.py", line 356, in _load_pickled_model
2025-04-25T17:04:53,449 [INFO ] W-9000-cifar10_1.0-stdout MODEL_LOG -     model.load_state_dict(state_dict)
2025-04-25T17:04:53,449 [DEBUG] W-9000-cifar10_1.0 org.pytorch.serve.wlm.WorkerThread - Backend worker monitoring thread interrupted or backend worker process died., responseTimeout:120sec
java.lang.InterruptedException: null
	at java.util.concurrent.locks.AbstractQueuedSynchronizer$ConditionObject.awaitNanos(AbstractQueuedSynchronizer.java:1770) ~[?:?]
	at java.util.concurrent.LinkedBlockingDeque.pollFirst(LinkedBlockingDeque.java:515) ~[?:?]
	at java.util.concurrent.LinkedBlockingDeque.poll(LinkedBlockingDeque.java:677) ~[?:?]
	at org.pytorch.serve.wlm.Model.pollBatch(Model.java:482) ~[model-server.jar:?]
	at org.pytorch.serve.wlm.BatchAggregator.pollBatch(BatchAggregator.java:189) ~[model-server.jar:?]
	at org.pytorch.serve.wlm.BatchAggregator.getRequest(BatchAggregator.java:36) ~[model-server.jar:?]
	at org.pytorch.serve.wlm.WorkerThread.run(WorkerThread.java:195) ~[model-server.jar:?]
	at java.util.concurrent.ThreadPoolExecutor.runWorker(ThreadPoolExecutor.java:1144) ~[?:?]
	at java.util.concurrent.ThreadPoolExecutor$Worker.run(ThreadPoolExecutor.java:642) ~[?:?]
	at java.lang.Thread.run(Thread.java:1583) [?:?]
2025-04-25T17:04:53,449 [DEBUG] W-9000-cifar10_1.0 org.pytorch.serve.wlm.WorkerThread - Backend worker monitoring thread interrupted or backend worker process died., responseTimeout:120sec
java.lang.InterruptedException: null
	at java.util.concurrent.locks.AbstractQueuedSynchronizer$ConditionObject.awaitNanos(AbstractQueuedSynchronizer.java:1770) ~[?:?]
	at java.util.concurrent.LinkedBlockingDeque.pollFirst(LinkedBlockingDeque.java:515) ~[?:?]
	at java.util.concurrent.LinkedBlockingDeque.poll(LinkedBlockingDeque.java:677) ~[?:?]
	at org.pytorch.serve.wlm.Model.pollBatch(Model.java:482) ~[model-server.jar:?]
	at org.pytorch.serve.wlm.BatchAggregator.pollBatch(BatchAggregator.java:189) ~[model-server.jar:?]
	at org.pytorch.serve.wlm.BatchAggregator.getRequest(BatchAggregator.java:36) ~[model-server.jar:?]
	at org.pytorch.serve.wlm.WorkerThread.run(WorkerThread.java:195) ~[model-server.jar:?]
	at java.util.concurrent.ThreadPoolExecutor.runWorker(ThreadPoolExecutor.java:1144) ~[?:?]
	at java.util.concurrent.ThreadPoolExecutor$Worker.run(ThreadPoolExecutor.java:642) ~[?:?]
	at java.lang.Thread.run(Thread.java:1583) [?:?]
2025-04-25T17:04:53,449 [DEBUG] W-9000-cifar10_1.0 org.pytorch.serve.wlm.WorkerThread - W-9000-cifar10_1.0 State change WORKER_ERROR -> WORKER_STOPPED
2025-04-25T17:04:53,449 [DEBUG] W-9000-cifar10_1.0 org.pytorch.serve.wlm.WorkerThread - W-9000-cifar10_1.0 State change WORKER_ERROR -> WORKER_STOPPED
2025-04-25T17:04:53,449 [WARN ] W-9000-cifar10_1.0 org.pytorch.serve.wlm.WorkerThread - Auto recovery failed again
2025-04-25T17:04:53,449 [WARN ] W-9000-cifar10_1.0 org.pytorch.serve.wlm.WorkerThread - Auto recovery failed again
2025-04-25T17:04:53,450 [INFO ] W-9000-cifar10_1.0-stdout MODEL_LOG -   File "/home/amin/miniconda3/envs/deep-learning/lib/python3.9/site-packages/torch/nn/modules/module.py", line 2189, in load_state_dict
2025-04-25T17:04:53,450 [INFO ] W-9000-cifar10_1.0 org.pytorch.serve.wlm.WorkerThread - Retry worker: 9000 in 8 seconds.
2025-04-25T17:04:53,450 [INFO ] W-9000-cifar10_1.0-stdout MODEL_LOG -     raise RuntimeError('Error(s) in loading state_dict for {}:\n\t{}'.format(
2025-04-25T17:04:53,450 [INFO ] W-9000-cifar10_1.0 org.pytorch.serve.wlm.WorkerThread - Retry worker: 9000 in 8 seconds.
2025-04-25T17:04:53,450 [INFO ] W-9000-cifar10_1.0-stdout MODEL_LOG - RuntimeError: Error(s) in loading state_dict for SimpleCNN:
2025-04-25T17:04:53,450 [INFO ] W-9000-cifar10_1.0-stdout MODEL_LOG - 	Missing key(s) in state_dict: "conv1.0.weight", "conv1.0.bias", "conv1.1.weight", "conv1.1.bias", "conv1.1.running_mean", "conv1.1.running_var", "conv1.3.weight", "conv1.3.bias", "conv1.4.weight", "conv1.4.bias", "conv1.4.running_mean", "conv1.4.running_var", "conv2.0.weight", "conv2.0.bias", "conv2.1.weight", "conv2.1.bias", "conv2.1.running_mean", "conv2.1.running_var", "conv2.3.weight", "conv2.3.bias", "conv2.4.weight", "conv2.4.bias", "conv2.4.running_mean", "conv2.4.running_var", "fc1.1.weight", "fc1.1.bias", "fc2.1.weight", "fc2.1.bias", "fc3.1.weight", "fc3.1.bias". 
2025-04-25T17:04:53,450 [INFO ] W-9000-cifar10_1.0-stdout MODEL_LOG - 	Unexpected key(s) in state_dict: "epoch", "model", "optimizer". 
2025-04-25T17:04:53,450 [INFO ] W-9000-cifar10_1.0-stdout org.pytorch.serve.wlm.WorkerLifeCycle - Stopped Scanner - W-9000-cifar10_1.0-stdout
2025-04-25T17:04:53,450 [INFO ] W-9000-cifar10_1.0-stdout org.pytorch.serve.wlm.WorkerLifeCycle - Stopped Scanner - W-9000-cifar10_1.0-stdout
2025-04-25T17:04:53,474 [INFO ] W-9000-cifar10_1.0-stderr org.pytorch.serve.wlm.WorkerLifeCycle - Stopped Scanner - W-9000-cifar10_1.0-stderr
2025-04-25T17:04:53,474 [INFO ] W-9000-cifar10_1.0-stderr org.pytorch.serve.wlm.WorkerLifeCycle - Stopped Scanner - W-9000-cifar10_1.0-stderr
2025-04-25T17:04:54,787 [INFO ] epollEventLoopGroup-3-1 ACCESS_LOG - /[0:0:0:0:0:0:0:1%0]:56906 "POST /predictions/cifar10 HTTP/1.1" 400 3
2025-04-25T17:04:54,787 [INFO ] epollEventLoopGroup-3-1 TS_METRICS - Requests4XX.Count:1.0|#Level:Host|#hostname:amin-GF63-Thin-9SCXR,timestamp:1745575494
2025-04-25T17:05:01,451 [DEBUG] W-9000-cifar10_1.0 org.pytorch.serve.wlm.WorkerLifeCycle - Worker cmdline: [/home/amin/miniconda3/envs/deep-learning/bin/python, /home/amin/miniconda3/envs/deep-learning/lib/python3.9/site-packages/ts/model_service_worker.py, --sock-type, unix, --sock-name, /tmp/.ts.sock.9000, --metrics-config, /home/amin/miniconda3/envs/deep-learning/lib/python3.9/site-packages/ts/configs/metrics.yaml]
2025-04-25T17:05:01,451 [DEBUG] W-9000-cifar10_1.0 org.pytorch.serve.wlm.WorkerLifeCycle - Worker cmdline: [/home/amin/miniconda3/envs/deep-learning/bin/python, /home/amin/miniconda3/envs/deep-learning/lib/python3.9/site-packages/ts/model_service_worker.py, --sock-type, unix, --sock-name, /tmp/.ts.sock.9000, --metrics-config, /home/amin/miniconda3/envs/deep-learning/lib/python3.9/site-packages/ts/configs/metrics.yaml]
2025-04-25T17:05:02,507 [INFO ] W-9000-cifar10_1.0-stdout MODEL_LOG - s_name_part0=/tmp/.ts.sock, s_name_part1=9000, pid=10424
2025-04-25T17:05:02,507 [INFO ] W-9000-cifar10_1.0-stdout MODEL_LOG - Listening on port: /tmp/.ts.sock.9000
2025-04-25T17:05:02,515 [INFO ] W-9000-cifar10_1.0-stdout MODEL_LOG - Successfully loaded /home/amin/miniconda3/envs/deep-learning/lib/python3.9/site-packages/ts/configs/metrics.yaml.
2025-04-25T17:05:02,516 [INFO ] W-9000-cifar10_1.0-stdout MODEL_LOG - [PID]10424
2025-04-25T17:05:02,516 [INFO ] W-9000-cifar10_1.0-stdout MODEL_LOG - Torch worker started.
2025-04-25T17:05:02,516 [INFO ] W-9000-cifar10_1.0-stdout MODEL_LOG - Python runtime: 3.9.21
2025-04-25T17:05:02,516 [DEBUG] W-9000-cifar10_1.0 org.pytorch.serve.wlm.WorkerThread - W-9000-cifar10_1.0 State change WORKER_STOPPED -> WORKER_STARTED
2025-04-25T17:05:02,516 [DEBUG] W-9000-cifar10_1.0 org.pytorch.serve.wlm.WorkerThread - W-9000-cifar10_1.0 State change WORKER_STOPPED -> WORKER_STARTED
2025-04-25T17:05:02,516 [INFO ] W-9000-cifar10_1.0 org.pytorch.serve.wlm.WorkerThread - Connecting to: /tmp/.ts.sock.9000
2025-04-25T17:05:02,516 [INFO ] W-9000-cifar10_1.0 org.pytorch.serve.wlm.WorkerThread - Connecting to: /tmp/.ts.sock.9000
2025-04-25T17:05:02,517 [DEBUG] W-9000-cifar10_1.0 org.pytorch.serve.wlm.WorkerThread - Flushing req.cmd LOAD repeats 1 to backend at: 1745575502517
2025-04-25T17:05:02,517 [DEBUG] W-9000-cifar10_1.0 org.pytorch.serve.wlm.WorkerThread - Flushing req.cmd LOAD repeats 1 to backend at: 1745575502517
2025-04-25T17:05:02,517 [INFO ] W-9000-cifar10_1.0-stdout MODEL_LOG - Connection accepted: /tmp/.ts.sock.9000.
2025-04-25T17:05:02,517 [INFO ] W-9000-cifar10_1.0 org.pytorch.serve.wlm.WorkerThread - Looping backend response at: 1745575502517
2025-04-25T17:05:02,517 [INFO ] W-9000-cifar10_1.0 org.pytorch.serve.wlm.WorkerThread - Looping backend response at: 1745575502517
2025-04-25T17:05:02,533 [INFO ] W-9000-cifar10_1.0-stdout MODEL_LOG - model_name: cifar10, batchSize: 1
2025-04-25T17:05:04,134 [INFO ] W-9000-cifar10_1.0-stdout MODEL_LOG - OpenVINO is not enabled
2025-04-25T17:05:04,134 [INFO ] W-9000-cifar10_1.0-stdout MODEL_LOG - proceeding without onnxruntime
2025-04-25T17:05:04,134 [INFO ] W-9000-cifar10_1.0-stdout MODEL_LOG - Torch TensorRT not enabled
2025-04-25T17:05:04,201 [INFO ] W-9000-cifar10_1.0-stdout MODEL_LOG - Failed to load model cifar10, exception Error(s) in loading state_dict for SimpleCNN:
2025-04-25T17:05:04,202 [INFO ] W-9000-cifar10_1.0 org.pytorch.serve.wlm.WorkerThread - Backend response time: 1685
2025-04-25T17:05:04,202 [INFO ] W-9000-cifar10_1.0 org.pytorch.serve.wlm.WorkerThread - Backend response time: 1685
2025-04-25T17:05:04,202 [INFO ] W-9000-cifar10_1.0-stdout MODEL_LOG - 	Missing key(s) in state_dict: "conv1.0.weight", "conv1.0.bias", "conv1.1.weight", "conv1.1.bias", "conv1.1.running_mean", "conv1.1.running_var", "conv1.3.weight", "conv1.3.bias", "conv1.4.weight", "conv1.4.bias", "conv1.4.running_mean", "conv1.4.running_var", "conv2.0.weight", "conv2.0.bias", "conv2.1.weight", "conv2.1.bias", "conv2.1.running_mean", "conv2.1.running_var", "conv2.3.weight", "conv2.3.bias", "conv2.4.weight", "conv2.4.bias", "conv2.4.running_mean", "conv2.4.running_var", "fc1.1.weight", "fc1.1.bias", "fc2.1.weight", "fc2.1.bias", "fc3.1.weight", "fc3.1.bias". 
2025-04-25T17:05:04,202 [DEBUG] W-9000-cifar10_1.0 org.pytorch.serve.wlm.WorkerThread - W-9000-cifar10_1.0 State change WORKER_STARTED -> WORKER_ERROR
2025-04-25T17:05:04,202 [DEBUG] W-9000-cifar10_1.0 org.pytorch.serve.wlm.WorkerThread - W-9000-cifar10_1.0 State change WORKER_STARTED -> WORKER_ERROR
2025-04-25T17:05:04,202 [INFO ] W-9000-cifar10_1.0-stdout MODEL_LOG - 	Unexpected key(s) in state_dict: "epoch", "model", "optimizer". 
2025-04-25T17:05:04,202 [INFO ] W-9000-cifar10_1.0 TS_METRICS - WorkerThreadTime.Milliseconds:0.0|#Level:Host|#hostname:amin-GF63-Thin-9SCXR,timestamp:1745575504
2025-04-25T17:05:04,202 [INFO ] W-9000-cifar10_1.0-stdout MODEL_LOG - Traceback (most recent call last):
2025-04-25T17:05:04,202 [INFO ] W-9000-cifar10_1.0-stdout MODEL_LOG -   File "/home/amin/miniconda3/envs/deep-learning/lib/python3.9/site-packages/ts/model_service_worker.py", line 133, in load_model
2025-04-25T17:05:04,202 [INFO ] W-9000-cifar10_1.0-stdout MODEL_LOG -     service = model_loader.load(
2025-04-25T17:05:04,202 [INFO ] W-9000-cifar10_1.0-stdout MODEL_LOG -   File "/home/amin/miniconda3/envs/deep-learning/lib/python3.9/site-packages/ts/model_loader.py", line 143, in load
2025-04-25T17:05:04,202 [INFO ] W-9000-cifar10_1.0-stdout MODEL_LOG -     initialize_fn(service.context)
2025-04-25T17:05:04,202 [INFO ] W-9000-cifar10_1.0-stdout MODEL_LOG -   File "/home/amin/miniconda3/envs/deep-learning/lib/python3.9/site-packages/ts/torch_handler/base_handler.py", line 191, in initialize
2025-04-25T17:05:04,203 [INFO ] W-9000-cifar10_1.0-stdout MODEL_LOG -     self.model = self._load_pickled_model(
2025-04-25T17:05:04,203 [INFO ] W-9000-cifar10_1.0-stdout MODEL_LOG -   File "/home/amin/miniconda3/envs/deep-learning/lib/python3.9/site-packages/ts/torch_handler/base_handler.py", line 356, in _load_pickled_model
2025-04-25T17:05:04,203 [INFO ] W-9000-cifar10_1.0-stdout MODEL_LOG -     model.load_state_dict(state_dict)
2025-04-25T17:05:04,203 [INFO ] W-9000-cifar10_1.0-stdout MODEL_LOG -   File "/home/amin/miniconda3/envs/deep-learning/lib/python3.9/site-packages/torch/nn/modules/module.py", line 2189, in load_state_dict
2025-04-25T17:05:04,203 [INFO ] W-9000-cifar10_1.0-stdout MODEL_LOG -     raise RuntimeError('Error(s) in loading state_dict for {}:\n\t{}'.format(
2025-04-25T17:05:04,203 [INFO ] W-9000-cifar10_1.0-stdout MODEL_LOG - RuntimeError: Error(s) in loading state_dict for SimpleCNN:
2025-04-25T17:05:04,203 [INFO ] epollEventLoopGroup-5-7 org.pytorch.serve.wlm.WorkerThread - 9000 Worker disconnected. WORKER_ERROR
2025-04-25T17:05:04,203 [INFO ] epollEventLoopGroup-5-7 org.pytorch.serve.wlm.WorkerThread - 9000 Worker disconnected. WORKER_ERROR
2025-04-25T17:05:04,204 [DEBUG] W-9000-cifar10_1.0 org.pytorch.serve.wlm.WorkerThread - System state is : WORKER_ERROR
2025-04-25T17:05:04,204 [DEBUG] W-9000-cifar10_1.0 org.pytorch.serve.wlm.WorkerThread - System state is : WORKER_ERROR
2025-04-25T17:05:04,204 [INFO ] W-9000-cifar10_1.0-stdout MODEL_LOG - 	Missing key(s) in state_dict: "conv1.0.weight", "conv1.0.bias", "conv1.1.weight", "conv1.1.bias", "conv1.1.running_mean", "conv1.1.running_var", "conv1.3.weight", "conv1.3.bias", "conv1.4.weight", "conv1.4.bias", "conv1.4.running_mean", "conv1.4.running_var", "conv2.0.weight", "conv2.0.bias", "conv2.1.weight", "conv2.1.bias", "conv2.1.running_mean", "conv2.1.running_var", "conv2.3.weight", "conv2.3.bias", "conv2.4.weight", "conv2.4.bias", "conv2.4.running_mean", "conv2.4.running_var", "fc1.1.weight", "fc1.1.bias", "fc2.1.weight", "fc2.1.bias", "fc3.1.weight", "fc3.1.bias". 
2025-04-25T17:05:04,204 [INFO ] W-9000-cifar10_1.0-stdout MODEL_LOG - 	Unexpected key(s) in state_dict: "epoch", "model", "optimizer". 
2025-04-25T17:05:04,204 [INFO ] W-9000-cifar10_1.0-stdout MODEL_LOG - Backend worker process died.
2025-04-25T17:05:04,204 [DEBUG] W-9000-cifar10_1.0 org.pytorch.serve.wlm.WorkerThread - Backend worker monitoring thread interrupted or backend worker process died., responseTimeout:120sec
java.lang.InterruptedException: null
	at java.util.concurrent.locks.AbstractQueuedSynchronizer$ConditionObject.awaitNanos(AbstractQueuedSynchronizer.java:1770) ~[?:?]
	at java.util.concurrent.LinkedBlockingDeque.pollFirst(LinkedBlockingDeque.java:515) ~[?:?]
	at java.util.concurrent.LinkedBlockingDeque.poll(LinkedBlockingDeque.java:677) ~[?:?]
	at org.pytorch.serve.wlm.Model.pollBatch(Model.java:482) ~[model-server.jar:?]
	at org.pytorch.serve.wlm.BatchAggregator.pollBatch(BatchAggregator.java:189) ~[model-server.jar:?]
	at org.pytorch.serve.wlm.BatchAggregator.getRequest(BatchAggregator.java:36) ~[model-server.jar:?]
	at org.pytorch.serve.wlm.WorkerThread.run(WorkerThread.java:195) ~[model-server.jar:?]
	at java.util.concurrent.ThreadPoolExecutor.runWorker(ThreadPoolExecutor.java:1144) ~[?:?]
	at java.util.concurrent.ThreadPoolExecutor$Worker.run(ThreadPoolExecutor.java:642) ~[?:?]
	at java.lang.Thread.run(Thread.java:1583) [?:?]
2025-04-25T17:05:04,204 [INFO ] W-9000-cifar10_1.0-stdout MODEL_LOG - Traceback (most recent call last):
2025-04-25T17:05:04,204 [DEBUG] W-9000-cifar10_1.0 org.pytorch.serve.wlm.WorkerThread - Backend worker monitoring thread interrupted or backend worker process died., responseTimeout:120sec
java.lang.InterruptedException: null
	at java.util.concurrent.locks.AbstractQueuedSynchronizer$ConditionObject.awaitNanos(AbstractQueuedSynchronizer.java:1770) ~[?:?]
	at java.util.concurrent.LinkedBlockingDeque.pollFirst(LinkedBlockingDeque.java:515) ~[?:?]
	at java.util.concurrent.LinkedBlockingDeque.poll(LinkedBlockingDeque.java:677) ~[?:?]
	at org.pytorch.serve.wlm.Model.pollBatch(Model.java:482) ~[model-server.jar:?]
	at org.pytorch.serve.wlm.BatchAggregator.pollBatch(BatchAggregator.java:189) ~[model-server.jar:?]
	at org.pytorch.serve.wlm.BatchAggregator.getRequest(BatchAggregator.java:36) ~[model-server.jar:?]
	at org.pytorch.serve.wlm.WorkerThread.run(WorkerThread.java:195) ~[model-server.jar:?]
	at java.util.concurrent.ThreadPoolExecutor.runWorker(ThreadPoolExecutor.java:1144) ~[?:?]
	at java.util.concurrent.ThreadPoolExecutor$Worker.run(ThreadPoolExecutor.java:642) ~[?:?]
	at java.lang.Thread.run(Thread.java:1583) [?:?]
2025-04-25T17:05:04,204 [INFO ] W-9000-cifar10_1.0-stdout MODEL_LOG -   File "/home/amin/miniconda3/envs/deep-learning/lib/python3.9/site-packages/ts/model_service_worker.py", line 301, in <module>
2025-04-25T17:05:04,204 [DEBUG] W-9000-cifar10_1.0 org.pytorch.serve.wlm.WorkerThread - W-9000-cifar10_1.0 State change WORKER_ERROR -> WORKER_STOPPED
2025-04-25T17:05:04,204 [DEBUG] W-9000-cifar10_1.0 org.pytorch.serve.wlm.WorkerThread - W-9000-cifar10_1.0 State change WORKER_ERROR -> WORKER_STOPPED
2025-04-25T17:05:04,204 [INFO ] W-9000-cifar10_1.0-stdout MODEL_LOG -     worker.run_server()
2025-04-25T17:05:04,204 [WARN ] W-9000-cifar10_1.0 org.pytorch.serve.wlm.WorkerThread - Auto recovery failed again
2025-04-25T17:05:04,204 [WARN ] W-9000-cifar10_1.0 org.pytorch.serve.wlm.WorkerThread - Auto recovery failed again
2025-04-25T17:05:04,204 [INFO ] W-9000-cifar10_1.0-stdout MODEL_LOG -   File "/home/amin/miniconda3/envs/deep-learning/lib/python3.9/site-packages/ts/model_service_worker.py", line 268, in run_server
2025-04-25T17:05:04,204 [INFO ] W-9000-cifar10_1.0-stdout MODEL_LOG -     self.handle_connection(cl_socket)
2025-04-25T17:05:04,204 [INFO ] W-9000-cifar10_1.0 org.pytorch.serve.wlm.WorkerThread - Retry worker: 9000 in 13 seconds.
2025-04-25T17:05:04,204 [INFO ] W-9000-cifar10_1.0 org.pytorch.serve.wlm.WorkerThread - Retry worker: 9000 in 13 seconds.
2025-04-25T17:05:04,204 [INFO ] W-9000-cifar10_1.0-stdout MODEL_LOG -   File "/home/amin/miniconda3/envs/deep-learning/lib/python3.9/site-packages/ts/model_service_worker.py", line 201, in handle_connection
2025-04-25T17:05:04,204 [INFO ] W-9000-cifar10_1.0-stdout MODEL_LOG -     raise RuntimeError("{} - {}".format(code, result))
2025-04-25T17:05:04,205 [INFO ] W-9000-cifar10_1.0-stdout MODEL_LOG - RuntimeError: 500 - Unknown exception
2025-04-25T17:05:04,205 [INFO ] W-9000-cifar10_1.0-stdout org.pytorch.serve.wlm.WorkerLifeCycle - Stopped Scanner - W-9000-cifar10_1.0-stdout
2025-04-25T17:05:04,205 [INFO ] W-9000-cifar10_1.0-stdout org.pytorch.serve.wlm.WorkerLifeCycle - Stopped Scanner - W-9000-cifar10_1.0-stdout
2025-04-25T17:05:04,227 [INFO ] W-9000-cifar10_1.0-stderr org.pytorch.serve.wlm.WorkerLifeCycle - Stopped Scanner - W-9000-cifar10_1.0-stderr
2025-04-25T17:05:04,227 [INFO ] W-9000-cifar10_1.0-stderr org.pytorch.serve.wlm.WorkerLifeCycle - Stopped Scanner - W-9000-cifar10_1.0-stderr
2025-04-25T17:05:17,206 [DEBUG] W-9000-cifar10_1.0 org.pytorch.serve.wlm.WorkerLifeCycle - Worker cmdline: [/home/amin/miniconda3/envs/deep-learning/bin/python, /home/amin/miniconda3/envs/deep-learning/lib/python3.9/site-packages/ts/model_service_worker.py, --sock-type, unix, --sock-name, /tmp/.ts.sock.9000, --metrics-config, /home/amin/miniconda3/envs/deep-learning/lib/python3.9/site-packages/ts/configs/metrics.yaml]
2025-04-25T17:05:17,206 [DEBUG] W-9000-cifar10_1.0 org.pytorch.serve.wlm.WorkerLifeCycle - Worker cmdline: [/home/amin/miniconda3/envs/deep-learning/bin/python, /home/amin/miniconda3/envs/deep-learning/lib/python3.9/site-packages/ts/model_service_worker.py, --sock-type, unix, --sock-name, /tmp/.ts.sock.9000, --metrics-config, /home/amin/miniconda3/envs/deep-learning/lib/python3.9/site-packages/ts/configs/metrics.yaml]
2025-04-25T17:05:18,275 [INFO ] W-9000-cifar10_1.0-stdout MODEL_LOG - s_name_part0=/tmp/.ts.sock, s_name_part1=9000, pid=10455
2025-04-25T17:05:18,276 [INFO ] W-9000-cifar10_1.0-stdout MODEL_LOG - Listening on port: /tmp/.ts.sock.9000
2025-04-25T17:05:18,284 [INFO ] W-9000-cifar10_1.0-stdout MODEL_LOG - Successfully loaded /home/amin/miniconda3/envs/deep-learning/lib/python3.9/site-packages/ts/configs/metrics.yaml.
2025-04-25T17:05:18,284 [INFO ] W-9000-cifar10_1.0-stdout MODEL_LOG - [PID]10455
2025-04-25T17:05:18,284 [INFO ] W-9000-cifar10_1.0-stdout MODEL_LOG - Torch worker started.
2025-04-25T17:05:18,284 [DEBUG] W-9000-cifar10_1.0 org.pytorch.serve.wlm.WorkerThread - W-9000-cifar10_1.0 State change WORKER_STOPPED -> WORKER_STARTED
2025-04-25T17:05:18,284 [INFO ] W-9000-cifar10_1.0-stdout MODEL_LOG - Python runtime: 3.9.21
2025-04-25T17:05:18,284 [DEBUG] W-9000-cifar10_1.0 org.pytorch.serve.wlm.WorkerThread - W-9000-cifar10_1.0 State change WORKER_STOPPED -> WORKER_STARTED
2025-04-25T17:05:18,284 [INFO ] W-9000-cifar10_1.0 org.pytorch.serve.wlm.WorkerThread - Connecting to: /tmp/.ts.sock.9000
2025-04-25T17:05:18,284 [INFO ] W-9000-cifar10_1.0 org.pytorch.serve.wlm.WorkerThread - Connecting to: /tmp/.ts.sock.9000
2025-04-25T17:05:18,285 [DEBUG] W-9000-cifar10_1.0 org.pytorch.serve.wlm.WorkerThread - Flushing req.cmd LOAD repeats 1 to backend at: 1745575518285
2025-04-25T17:05:18,285 [INFO ] W-9000-cifar10_1.0-stdout MODEL_LOG - Connection accepted: /tmp/.ts.sock.9000.
2025-04-25T17:05:18,285 [DEBUG] W-9000-cifar10_1.0 org.pytorch.serve.wlm.WorkerThread - Flushing req.cmd LOAD repeats 1 to backend at: 1745575518285
2025-04-25T17:05:18,285 [INFO ] W-9000-cifar10_1.0 org.pytorch.serve.wlm.WorkerThread - Looping backend response at: 1745575518285
2025-04-25T17:05:18,285 [INFO ] W-9000-cifar10_1.0 org.pytorch.serve.wlm.WorkerThread - Looping backend response at: 1745575518285
2025-04-25T17:05:18,294 [INFO ] W-9000-cifar10_1.0-stdout MODEL_LOG - model_name: cifar10, batchSize: 1
2025-04-25T17:05:18,344 [INFO ] W-9000-cifar10_1.0-stdout MODEL_LOG - OpenVINO is not enabled
2025-04-25T17:05:18,344 [INFO ] W-9000-cifar10_1.0-stdout MODEL_LOG - proceeding without onnxruntime
2025-04-25T17:05:18,344 [INFO ] W-9000-cifar10_1.0-stdout MODEL_LOG - Torch TensorRT not enabled
2025-04-25T17:05:18,424 [INFO ] W-9000-cifar10_1.0-stdout MODEL_LOG - Failed to load model cifar10, exception Error(s) in loading state_dict for SimpleCNN:
2025-04-25T17:05:18,424 [INFO ] W-9000-cifar10_1.0 org.pytorch.serve.wlm.WorkerThread - Backend response time: 139
2025-04-25T17:05:18,424 [INFO ] W-9000-cifar10_1.0 org.pytorch.serve.wlm.WorkerThread - Backend response time: 139
2025-04-25T17:05:18,424 [DEBUG] W-9000-cifar10_1.0 org.pytorch.serve.wlm.WorkerThread - W-9000-cifar10_1.0 State change WORKER_STARTED -> WORKER_ERROR
2025-04-25T17:05:18,424 [DEBUG] W-9000-cifar10_1.0 org.pytorch.serve.wlm.WorkerThread - W-9000-cifar10_1.0 State change WORKER_STARTED -> WORKER_ERROR
2025-04-25T17:05:18,424 [INFO ] epollEventLoopGroup-5-8 org.pytorch.serve.wlm.WorkerThread - 9000 Worker disconnected. WORKER_STARTED
2025-04-25T17:05:18,424 [INFO ] W-9000-cifar10_1.0 TS_METRICS - WorkerThreadTime.Milliseconds:0.0|#Level:Host|#hostname:amin-GF63-Thin-9SCXR,timestamp:1745575518
2025-04-25T17:05:18,424 [INFO ] epollEventLoopGroup-5-8 org.pytorch.serve.wlm.WorkerThread - 9000 Worker disconnected. WORKER_STARTED
2025-04-25T17:05:18,424 [DEBUG] W-9000-cifar10_1.0 org.pytorch.serve.wlm.WorkerThread - System state is : WORKER_ERROR
2025-04-25T17:05:18,424 [DEBUG] W-9000-cifar10_1.0 org.pytorch.serve.wlm.WorkerThread - System state is : WORKER_ERROR
2025-04-25T17:05:18,424 [INFO ] W-9000-cifar10_1.0-stdout MODEL_LOG - 	Missing key(s) in state_dict: "conv1.0.weight", "conv1.0.bias", "conv1.1.weight", "conv1.1.bias", "conv1.1.running_mean", "conv1.1.running_var", "conv1.3.weight", "conv1.3.bias", "conv1.4.weight", "conv1.4.bias", "conv1.4.running_mean", "conv1.4.running_var", "conv2.0.weight", "conv2.0.bias", "conv2.1.weight", "conv2.1.bias", "conv2.1.running_mean", "conv2.1.running_var", "conv2.3.weight", "conv2.3.bias", "conv2.4.weight", "conv2.4.bias", "conv2.4.running_mean", "conv2.4.running_var", "fc1.1.weight", "fc1.1.bias", "fc2.1.weight", "fc2.1.bias", "fc3.1.weight", "fc3.1.bias". 
2025-04-25T17:05:18,424 [DEBUG] W-9000-cifar10_1.0 org.pytorch.serve.wlm.WorkerThread - Backend worker monitoring thread interrupted or backend worker process died., responseTimeout:120sec
java.lang.InterruptedException: null
	at java.util.concurrent.locks.AbstractQueuedSynchronizer$ConditionObject.awaitNanos(AbstractQueuedSynchronizer.java:1770) ~[?:?]
	at java.util.concurrent.LinkedBlockingDeque.pollFirst(LinkedBlockingDeque.java:515) ~[?:?]
	at java.util.concurrent.LinkedBlockingDeque.poll(LinkedBlockingDeque.java:677) ~[?:?]
	at org.pytorch.serve.wlm.Model.pollBatch(Model.java:482) ~[model-server.jar:?]
	at org.pytorch.serve.wlm.BatchAggregator.pollBatch(BatchAggregator.java:189) ~[model-server.jar:?]
	at org.pytorch.serve.wlm.BatchAggregator.getRequest(BatchAggregator.java:36) ~[model-server.jar:?]
	at org.pytorch.serve.wlm.WorkerThread.run(WorkerThread.java:195) ~[model-server.jar:?]
	at java.util.concurrent.ThreadPoolExecutor.runWorker(ThreadPoolExecutor.java:1144) ~[?:?]
	at java.util.concurrent.ThreadPoolExecutor$Worker.run(ThreadPoolExecutor.java:642) ~[?:?]
	at java.lang.Thread.run(Thread.java:1583) [?:?]
2025-04-25T17:05:18,424 [INFO ] W-9000-cifar10_1.0-stdout MODEL_LOG - 	Unexpected key(s) in state_dict: "epoch", "model", "optimizer". 
2025-04-25T17:05:18,424 [INFO ] W-9000-cifar10_1.0-stdout MODEL_LOG - Traceback (most recent call last):
2025-04-25T17:05:18,424 [DEBUG] W-9000-cifar10_1.0 org.pytorch.serve.wlm.WorkerThread - Backend worker monitoring thread interrupted or backend worker process died., responseTimeout:120sec
java.lang.InterruptedException: null
	at java.util.concurrent.locks.AbstractQueuedSynchronizer$ConditionObject.awaitNanos(AbstractQueuedSynchronizer.java:1770) ~[?:?]
	at java.util.concurrent.LinkedBlockingDeque.pollFirst(LinkedBlockingDeque.java:515) ~[?:?]
	at java.util.concurrent.LinkedBlockingDeque.poll(LinkedBlockingDeque.java:677) ~[?:?]
	at org.pytorch.serve.wlm.Model.pollBatch(Model.java:482) ~[model-server.jar:?]
	at org.pytorch.serve.wlm.BatchAggregator.pollBatch(BatchAggregator.java:189) ~[model-server.jar:?]
	at org.pytorch.serve.wlm.BatchAggregator.getRequest(BatchAggregator.java:36) ~[model-server.jar:?]
	at org.pytorch.serve.wlm.WorkerThread.run(WorkerThread.java:195) ~[model-server.jar:?]
	at java.util.concurrent.ThreadPoolExecutor.runWorker(ThreadPoolExecutor.java:1144) ~[?:?]
	at java.util.concurrent.ThreadPoolExecutor$Worker.run(ThreadPoolExecutor.java:642) ~[?:?]
	at java.lang.Thread.run(Thread.java:1583) [?:?]
2025-04-25T17:05:18,425 [DEBUG] W-9000-cifar10_1.0 org.pytorch.serve.wlm.WorkerThread - W-9000-cifar10_1.0 State change WORKER_ERROR -> WORKER_STOPPED
2025-04-25T17:05:18,425 [INFO ] W-9000-cifar10_1.0-stdout MODEL_LOG -   File "/home/amin/miniconda3/envs/deep-learning/lib/python3.9/site-packages/ts/model_service_worker.py", line 133, in load_model
2025-04-25T17:05:18,425 [DEBUG] W-9000-cifar10_1.0 org.pytorch.serve.wlm.WorkerThread - W-9000-cifar10_1.0 State change WORKER_ERROR -> WORKER_STOPPED
2025-04-25T17:05:18,425 [WARN ] W-9000-cifar10_1.0 org.pytorch.serve.wlm.WorkerThread - Auto recovery failed again
2025-04-25T17:05:18,425 [WARN ] W-9000-cifar10_1.0 org.pytorch.serve.wlm.WorkerThread - Auto recovery failed again
2025-04-25T17:05:18,425 [INFO ] W-9000-cifar10_1.0-stdout MODEL_LOG -     service = model_loader.load(
2025-04-25T17:05:18,425 [INFO ] W-9000-cifar10_1.0-stdout MODEL_LOG -   File "/home/amin/miniconda3/envs/deep-learning/lib/python3.9/site-packages/ts/model_loader.py", line 143, in load
2025-04-25T17:05:18,425 [INFO ] W-9000-cifar10_1.0 org.pytorch.serve.wlm.WorkerThread - Retry worker: 9000 in 21 seconds.
2025-04-25T17:05:18,425 [INFO ] W-9000-cifar10_1.0-stdout MODEL_LOG -     initialize_fn(service.context)
2025-04-25T17:05:18,425 [INFO ] W-9000-cifar10_1.0 org.pytorch.serve.wlm.WorkerThread - Retry worker: 9000 in 21 seconds.
2025-04-25T17:05:18,425 [INFO ] W-9000-cifar10_1.0-stdout MODEL_LOG -   File "/home/amin/miniconda3/envs/deep-learning/lib/python3.9/site-packages/ts/torch_handler/base_handler.py", line 191, in initialize
2025-04-25T17:05:18,425 [INFO ] W-9000-cifar10_1.0-stdout MODEL_LOG -     self.model = self._load_pickled_model(
2025-04-25T17:05:18,425 [INFO ] W-9000-cifar10_1.0-stdout MODEL_LOG -   File "/home/amin/miniconda3/envs/deep-learning/lib/python3.9/site-packages/ts/torch_handler/base_handler.py", line 356, in _load_pickled_model
2025-04-25T17:05:18,425 [INFO ] W-9000-cifar10_1.0-stdout MODEL_LOG -     model.load_state_dict(state_dict)
2025-04-25T17:05:18,425 [INFO ] W-9000-cifar10_1.0-stdout MODEL_LOG -   File "/home/amin/miniconda3/envs/deep-learning/lib/python3.9/site-packages/torch/nn/modules/module.py", line 2189, in load_state_dict
2025-04-25T17:05:18,425 [INFO ] W-9000-cifar10_1.0-stdout MODEL_LOG -     raise RuntimeError('Error(s) in loading state_dict for {}:\n\t{}'.format(
2025-04-25T17:05:18,426 [INFO ] W-9000-cifar10_1.0-stdout MODEL_LOG - RuntimeError: Error(s) in loading state_dict for SimpleCNN:
2025-04-25T17:05:18,426 [INFO ] W-9000-cifar10_1.0-stdout MODEL_LOG - 	Missing key(s) in state_dict: "conv1.0.weight", "conv1.0.bias", "conv1.1.weight", "conv1.1.bias", "conv1.1.running_mean", "conv1.1.running_var", "conv1.3.weight", "conv1.3.bias", "conv1.4.weight", "conv1.4.bias", "conv1.4.running_mean", "conv1.4.running_var", "conv2.0.weight", "conv2.0.bias", "conv2.1.weight", "conv2.1.bias", "conv2.1.running_mean", "conv2.1.running_var", "conv2.3.weight", "conv2.3.bias", "conv2.4.weight", "conv2.4.bias", "conv2.4.running_mean", "conv2.4.running_var", "fc1.1.weight", "fc1.1.bias", "fc2.1.weight", "fc2.1.bias", "fc3.1.weight", "fc3.1.bias". 
2025-04-25T17:05:18,426 [INFO ] W-9000-cifar10_1.0-stdout MODEL_LOG - 	Unexpected key(s) in state_dict: "epoch", "model", "optimizer". 
2025-04-25T17:05:18,426 [INFO ] W-9000-cifar10_1.0-stdout org.pytorch.serve.wlm.WorkerLifeCycle - Stopped Scanner - W-9000-cifar10_1.0-stdout
2025-04-25T17:05:18,426 [INFO ] W-9000-cifar10_1.0-stdout org.pytorch.serve.wlm.WorkerLifeCycle - Stopped Scanner - W-9000-cifar10_1.0-stdout
2025-04-25T17:05:18,447 [INFO ] W-9000-cifar10_1.0-stderr org.pytorch.serve.wlm.WorkerLifeCycle - Stopped Scanner - W-9000-cifar10_1.0-stderr
2025-04-25T17:05:18,447 [INFO ] W-9000-cifar10_1.0-stderr org.pytorch.serve.wlm.WorkerLifeCycle - Stopped Scanner - W-9000-cifar10_1.0-stderr
2025-04-25T17:05:34,399 [WARN ] pool-3-thread-2 org.pytorch.serve.metrics.MetricCollector - Parse metrics failed: NumExpr defaulting to 8 threads.
2025-04-25T17:05:34,399 [WARN ] pool-3-thread-2 org.pytorch.serve.metrics.MetricCollector - Parse metrics failed: NumExpr defaulting to 8 threads.
2025-04-25T17:05:35,490 [INFO ] epollEventLoopGroup-3-2 ACCESS_LOG - /[0:0:0:0:0:0:0:1%0]:49536 "POST /predictions/cifar10 HTTP/1.1" 400 1
2025-04-25T17:05:35,491 [INFO ] epollEventLoopGroup-3-2 TS_METRICS - Requests4XX.Count:1.0|#Level:Host|#hostname:amin-GF63-Thin-9SCXR,timestamp:1745575535
2025-04-25T17:05:36,109 [INFO ] pool-3-thread-2 TS_METRICS - CPUUtilization.Percent:0.0|#Level:Host|#hostname:amin-GF63-Thin-9SCXR,timestamp:1745575536
2025-04-25T17:05:36,109 [INFO ] pool-3-thread-2 TS_METRICS - DiskAvailable.Gigabytes:0.23806381225585938|#Level:Host|#hostname:amin-GF63-Thin-9SCXR,timestamp:1745575536
2025-04-25T17:05:36,110 [INFO ] pool-3-thread-2 TS_METRICS - DiskUsage.Gigabytes:95.99499893188477|#Level:Host|#hostname:amin-GF63-Thin-9SCXR,timestamp:1745575536
2025-04-25T17:05:36,110 [INFO ] pool-3-thread-2 TS_METRICS - DiskUtilization.Percent:99.8|#Level:Host|#hostname:amin-GF63-Thin-9SCXR,timestamp:1745575536
2025-04-25T17:05:36,110 [INFO ] pool-3-thread-2 TS_METRICS - GPUMemoryUtilization.Percent:0.1220703125|#Level:Host,DeviceId:0|#hostname:amin-GF63-Thin-9SCXR,timestamp:1745575536
2025-04-25T17:05:36,110 [INFO ] pool-3-thread-2 TS_METRICS - GPUMemoryUsed.Megabytes:5.0|#Level:Host,DeviceId:0|#hostname:amin-GF63-Thin-9SCXR,timestamp:1745575536
2025-04-25T17:05:36,110 [INFO ] pool-3-thread-2 TS_METRICS - GPUUtilization.Percent:0.0|#Level:Host,DeviceId:0|#hostname:amin-GF63-Thin-9SCXR,timestamp:1745575536
2025-04-25T17:05:36,110 [INFO ] pool-3-thread-2 TS_METRICS - MemoryAvailable.Megabytes:10001.73828125|#Level:Host|#hostname:amin-GF63-Thin-9SCXR,timestamp:1745575536
2025-04-25T17:05:36,110 [INFO ] pool-3-thread-2 TS_METRICS - MemoryUsed.Megabytes:4577.1640625|#Level:Host|#hostname:amin-GF63-Thin-9SCXR,timestamp:1745575536
2025-04-25T17:05:36,110 [INFO ] pool-3-thread-2 TS_METRICS - MemoryUtilization.Percent:36.8|#Level:Host|#hostname:amin-GF63-Thin-9SCXR,timestamp:1745575536
2025-04-25T17:05:39,426 [DEBUG] W-9000-cifar10_1.0 org.pytorch.serve.wlm.WorkerLifeCycle - Worker cmdline: [/home/amin/miniconda3/envs/deep-learning/bin/python, /home/amin/miniconda3/envs/deep-learning/lib/python3.9/site-packages/ts/model_service_worker.py, --sock-type, unix, --sock-name, /tmp/.ts.sock.9000, --metrics-config, /home/amin/miniconda3/envs/deep-learning/lib/python3.9/site-packages/ts/configs/metrics.yaml]
2025-04-25T17:05:39,426 [DEBUG] W-9000-cifar10_1.0 org.pytorch.serve.wlm.WorkerLifeCycle - Worker cmdline: [/home/amin/miniconda3/envs/deep-learning/bin/python, /home/amin/miniconda3/envs/deep-learning/lib/python3.9/site-packages/ts/model_service_worker.py, --sock-type, unix, --sock-name, /tmp/.ts.sock.9000, --metrics-config, /home/amin/miniconda3/envs/deep-learning/lib/python3.9/site-packages/ts/configs/metrics.yaml]
2025-04-25T17:05:40,466 [INFO ] W-9000-cifar10_1.0-stdout MODEL_LOG - s_name_part0=/tmp/.ts.sock, s_name_part1=9000, pid=10505
2025-04-25T17:05:40,467 [INFO ] W-9000-cifar10_1.0-stdout MODEL_LOG - Listening on port: /tmp/.ts.sock.9000
2025-04-25T17:05:40,478 [INFO ] W-9000-cifar10_1.0-stdout MODEL_LOG - Successfully loaded /home/amin/miniconda3/envs/deep-learning/lib/python3.9/site-packages/ts/configs/metrics.yaml.
2025-04-25T17:05:40,478 [INFO ] W-9000-cifar10_1.0-stdout MODEL_LOG - [PID]10505
2025-04-25T17:05:40,479 [INFO ] W-9000-cifar10_1.0-stdout MODEL_LOG - Torch worker started.
2025-04-25T17:05:40,479 [INFO ] W-9000-cifar10_1.0-stdout MODEL_LOG - Python runtime: 3.9.21
2025-04-25T17:05:40,479 [DEBUG] W-9000-cifar10_1.0 org.pytorch.serve.wlm.WorkerThread - W-9000-cifar10_1.0 State change WORKER_STOPPED -> WORKER_STARTED
2025-04-25T17:05:40,479 [DEBUG] W-9000-cifar10_1.0 org.pytorch.serve.wlm.WorkerThread - W-9000-cifar10_1.0 State change WORKER_STOPPED -> WORKER_STARTED
2025-04-25T17:05:40,479 [INFO ] W-9000-cifar10_1.0 org.pytorch.serve.wlm.WorkerThread - Connecting to: /tmp/.ts.sock.9000
2025-04-25T17:05:40,479 [INFO ] W-9000-cifar10_1.0 org.pytorch.serve.wlm.WorkerThread - Connecting to: /tmp/.ts.sock.9000
2025-04-25T17:05:40,480 [DEBUG] W-9000-cifar10_1.0 org.pytorch.serve.wlm.WorkerThread - Flushing req.cmd LOAD repeats 1 to backend at: 1745575540480
2025-04-25T17:05:40,480 [INFO ] W-9000-cifar10_1.0-stdout MODEL_LOG - Connection accepted: /tmp/.ts.sock.9000.
2025-04-25T17:05:40,480 [DEBUG] W-9000-cifar10_1.0 org.pytorch.serve.wlm.WorkerThread - Flushing req.cmd LOAD repeats 1 to backend at: 1745575540480
2025-04-25T17:05:40,480 [INFO ] W-9000-cifar10_1.0 org.pytorch.serve.wlm.WorkerThread - Looping backend response at: 1745575540480
2025-04-25T17:05:40,480 [INFO ] W-9000-cifar10_1.0 org.pytorch.serve.wlm.WorkerThread - Looping backend response at: 1745575540480
2025-04-25T17:05:40,490 [INFO ] W-9000-cifar10_1.0-stdout MODEL_LOG - model_name: cifar10, batchSize: 1
2025-04-25T17:05:40,540 [INFO ] W-9000-cifar10_1.0-stdout MODEL_LOG - OpenVINO is not enabled
2025-04-25T17:05:40,540 [INFO ] W-9000-cifar10_1.0-stdout MODEL_LOG - proceeding without onnxruntime
2025-04-25T17:05:40,540 [INFO ] W-9000-cifar10_1.0-stdout MODEL_LOG - Torch TensorRT not enabled
2025-04-25T17:05:40,619 [INFO ] W-9000-cifar10_1.0-stdout MODEL_LOG - Failed to load model cifar10, exception Error(s) in loading state_dict for SimpleCNN:
2025-04-25T17:05:40,619 [INFO ] W-9000-cifar10_1.0 org.pytorch.serve.wlm.WorkerThread - Backend response time: 139
2025-04-25T17:05:40,619 [INFO ] W-9000-cifar10_1.0-stdout MODEL_LOG - 	Missing key(s) in state_dict: "conv1.0.weight", "conv1.0.bias", "conv1.1.weight", "conv1.1.bias", "conv1.1.running_mean", "conv1.1.running_var", "conv1.3.weight", "conv1.3.bias", "conv1.4.weight", "conv1.4.bias", "conv1.4.running_mean", "conv1.4.running_var", "conv2.0.weight", "conv2.0.bias", "conv2.1.weight", "conv2.1.bias", "conv2.1.running_mean", "conv2.1.running_var", "conv2.3.weight", "conv2.3.bias", "conv2.4.weight", "conv2.4.bias", "conv2.4.running_mean", "conv2.4.running_var", "fc1.1.weight", "fc1.1.bias", "fc2.1.weight", "fc2.1.bias", "fc3.1.weight", "fc3.1.bias". 
2025-04-25T17:05:40,619 [INFO ] W-9000-cifar10_1.0 org.pytorch.serve.wlm.WorkerThread - Backend response time: 139
2025-04-25T17:05:40,619 [DEBUG] W-9000-cifar10_1.0 org.pytorch.serve.wlm.WorkerThread - W-9000-cifar10_1.0 State change WORKER_STARTED -> WORKER_ERROR
2025-04-25T17:05:40,619 [DEBUG] W-9000-cifar10_1.0 org.pytorch.serve.wlm.WorkerThread - W-9000-cifar10_1.0 State change WORKER_STARTED -> WORKER_ERROR
2025-04-25T17:05:40,619 [INFO ] epollEventLoopGroup-5-9 org.pytorch.serve.wlm.WorkerThread - 9000 Worker disconnected. WORKER_STARTED
2025-04-25T17:05:40,619 [INFO ] W-9000-cifar10_1.0 TS_METRICS - WorkerThreadTime.Milliseconds:0.0|#Level:Host|#hostname:amin-GF63-Thin-9SCXR,timestamp:1745575540
2025-04-25T17:05:40,619 [INFO ] epollEventLoopGroup-5-9 org.pytorch.serve.wlm.WorkerThread - 9000 Worker disconnected. WORKER_STARTED
2025-04-25T17:05:40,619 [INFO ] W-9000-cifar10_1.0-stdout MODEL_LOG - 	Unexpected key(s) in state_dict: "epoch", "model", "optimizer". 
2025-04-25T17:05:40,620 [DEBUG] W-9000-cifar10_1.0 org.pytorch.serve.wlm.WorkerThread - System state is : WORKER_ERROR
2025-04-25T17:05:40,620 [DEBUG] W-9000-cifar10_1.0 org.pytorch.serve.wlm.WorkerThread - System state is : WORKER_ERROR
2025-04-25T17:05:40,620 [INFO ] W-9000-cifar10_1.0-stdout MODEL_LOG - Traceback (most recent call last):
2025-04-25T17:05:40,620 [INFO ] W-9000-cifar10_1.0-stdout MODEL_LOG -   File "/home/amin/miniconda3/envs/deep-learning/lib/python3.9/site-packages/ts/model_service_worker.py", line 133, in load_model
2025-04-25T17:05:40,620 [DEBUG] W-9000-cifar10_1.0 org.pytorch.serve.wlm.WorkerThread - Backend worker monitoring thread interrupted or backend worker process died., responseTimeout:120sec
java.lang.InterruptedException: null
	at java.util.concurrent.locks.AbstractQueuedSynchronizer$ConditionObject.awaitNanos(AbstractQueuedSynchronizer.java:1770) ~[?:?]
	at java.util.concurrent.LinkedBlockingDeque.pollFirst(LinkedBlockingDeque.java:515) ~[?:?]
	at java.util.concurrent.LinkedBlockingDeque.poll(LinkedBlockingDeque.java:677) ~[?:?]
	at org.pytorch.serve.wlm.Model.pollBatch(Model.java:482) ~[model-server.jar:?]
	at org.pytorch.serve.wlm.BatchAggregator.pollBatch(BatchAggregator.java:189) ~[model-server.jar:?]
	at org.pytorch.serve.wlm.BatchAggregator.getRequest(BatchAggregator.java:36) ~[model-server.jar:?]
	at org.pytorch.serve.wlm.WorkerThread.run(WorkerThread.java:195) ~[model-server.jar:?]
	at java.util.concurrent.ThreadPoolExecutor.runWorker(ThreadPoolExecutor.java:1144) ~[?:?]
	at java.util.concurrent.ThreadPoolExecutor$Worker.run(ThreadPoolExecutor.java:642) ~[?:?]
	at java.lang.Thread.run(Thread.java:1583) [?:?]
2025-04-25T17:05:40,620 [INFO ] W-9000-cifar10_1.0-stdout MODEL_LOG -     service = model_loader.load(
2025-04-25T17:05:40,620 [DEBUG] W-9000-cifar10_1.0 org.pytorch.serve.wlm.WorkerThread - Backend worker monitoring thread interrupted or backend worker process died., responseTimeout:120sec
java.lang.InterruptedException: null
	at java.util.concurrent.locks.AbstractQueuedSynchronizer$ConditionObject.awaitNanos(AbstractQueuedSynchronizer.java:1770) ~[?:?]
	at java.util.concurrent.LinkedBlockingDeque.pollFirst(LinkedBlockingDeque.java:515) ~[?:?]
	at java.util.concurrent.LinkedBlockingDeque.poll(LinkedBlockingDeque.java:677) ~[?:?]
	at org.pytorch.serve.wlm.Model.pollBatch(Model.java:482) ~[model-server.jar:?]
	at org.pytorch.serve.wlm.BatchAggregator.pollBatch(BatchAggregator.java:189) ~[model-server.jar:?]
	at org.pytorch.serve.wlm.BatchAggregator.getRequest(BatchAggregator.java:36) ~[model-server.jar:?]
	at org.pytorch.serve.wlm.WorkerThread.run(WorkerThread.java:195) ~[model-server.jar:?]
	at java.util.concurrent.ThreadPoolExecutor.runWorker(ThreadPoolExecutor.java:1144) ~[?:?]
	at java.util.concurrent.ThreadPoolExecutor$Worker.run(ThreadPoolExecutor.java:642) ~[?:?]
	at java.lang.Thread.run(Thread.java:1583) [?:?]
2025-04-25T17:05:40,620 [INFO ] W-9000-cifar10_1.0-stdout MODEL_LOG -   File "/home/amin/miniconda3/envs/deep-learning/lib/python3.9/site-packages/ts/model_loader.py", line 143, in load
2025-04-25T17:05:40,620 [DEBUG] W-9000-cifar10_1.0 org.pytorch.serve.wlm.WorkerThread - W-9000-cifar10_1.0 State change WORKER_ERROR -> WORKER_STOPPED
2025-04-25T17:05:40,620 [DEBUG] W-9000-cifar10_1.0 org.pytorch.serve.wlm.WorkerThread - W-9000-cifar10_1.0 State change WORKER_ERROR -> WORKER_STOPPED
2025-04-25T17:05:40,620 [WARN ] W-9000-cifar10_1.0 org.pytorch.serve.wlm.WorkerThread - Auto recovery failed again
2025-04-25T17:05:40,620 [INFO ] W-9000-cifar10_1.0-stdout MODEL_LOG -     initialize_fn(service.context)
2025-04-25T17:05:40,620 [WARN ] W-9000-cifar10_1.0 org.pytorch.serve.wlm.WorkerThread - Auto recovery failed again
2025-04-25T17:05:40,620 [INFO ] W-9000-cifar10_1.0-stdout MODEL_LOG -   File "/home/amin/miniconda3/envs/deep-learning/lib/python3.9/site-packages/ts/torch_handler/base_handler.py", line 191, in initialize
2025-04-25T17:05:40,620 [INFO ] W-9000-cifar10_1.0 org.pytorch.serve.wlm.WorkerThread - Retry worker: 9000 in 34 seconds.
2025-04-25T17:05:40,620 [INFO ] W-9000-cifar10_1.0 org.pytorch.serve.wlm.WorkerThread - Retry worker: 9000 in 34 seconds.
2025-04-25T17:05:40,620 [INFO ] W-9000-cifar10_1.0-stdout MODEL_LOG -     self.model = self._load_pickled_model(
2025-04-25T17:05:40,620 [INFO ] W-9000-cifar10_1.0-stdout MODEL_LOG -   File "/home/amin/miniconda3/envs/deep-learning/lib/python3.9/site-packages/ts/torch_handler/base_handler.py", line 356, in _load_pickled_model
2025-04-25T17:05:40,620 [INFO ] W-9000-cifar10_1.0-stdout MODEL_LOG -     model.load_state_dict(state_dict)
2025-04-25T17:05:40,621 [INFO ] W-9000-cifar10_1.0-stdout MODEL_LOG -   File "/home/amin/miniconda3/envs/deep-learning/lib/python3.9/site-packages/torch/nn/modules/module.py", line 2189, in load_state_dict
2025-04-25T17:05:40,621 [INFO ] W-9000-cifar10_1.0-stdout MODEL_LOG -     raise RuntimeError('Error(s) in loading state_dict for {}:\n\t{}'.format(
2025-04-25T17:05:40,621 [INFO ] W-9000-cifar10_1.0-stdout MODEL_LOG - RuntimeError: Error(s) in loading state_dict for SimpleCNN:
2025-04-25T17:05:40,621 [INFO ] W-9000-cifar10_1.0-stdout MODEL_LOG - 	Missing key(s) in state_dict: "conv1.0.weight", "conv1.0.bias", "conv1.1.weight", "conv1.1.bias", "conv1.1.running_mean", "conv1.1.running_var", "conv1.3.weight", "conv1.3.bias", "conv1.4.weight", "conv1.4.bias", "conv1.4.running_mean", "conv1.4.running_var", "conv2.0.weight", "conv2.0.bias", "conv2.1.weight", "conv2.1.bias", "conv2.1.running_mean", "conv2.1.running_var", "conv2.3.weight", "conv2.3.bias", "conv2.4.weight", "conv2.4.bias", "conv2.4.running_mean", "conv2.4.running_var", "fc1.1.weight", "fc1.1.bias", "fc2.1.weight", "fc2.1.bias", "fc3.1.weight", "fc3.1.bias". 
2025-04-25T17:05:40,621 [INFO ] W-9000-cifar10_1.0-stdout MODEL_LOG - 	Unexpected key(s) in state_dict: "epoch", "model", "optimizer". 
2025-04-25T17:05:40,621 [INFO ] W-9000-cifar10_1.0-stdout org.pytorch.serve.wlm.WorkerLifeCycle - Stopped Scanner - W-9000-cifar10_1.0-stdout
2025-04-25T17:05:40,621 [INFO ] W-9000-cifar10_1.0-stdout org.pytorch.serve.wlm.WorkerLifeCycle - Stopped Scanner - W-9000-cifar10_1.0-stdout
2025-04-25T17:05:40,643 [INFO ] W-9000-cifar10_1.0-stderr org.pytorch.serve.wlm.WorkerLifeCycle - Stopped Scanner - W-9000-cifar10_1.0-stderr
2025-04-25T17:05:40,643 [INFO ] W-9000-cifar10_1.0-stderr org.pytorch.serve.wlm.WorkerLifeCycle - Stopped Scanner - W-9000-cifar10_1.0-stderr
2025-04-25T17:06:58,501 [DEBUG] main org.pytorch.serve.util.ConfigManager - xpu-smi not available or failed: Cannot run program "xpu-smi": error=2, No such file or directory
2025-04-25T17:06:58,501 [DEBUG] main org.pytorch.serve.util.ConfigManager - xpu-smi not available or failed: Cannot run program "xpu-smi": error=2, No such file or directory
2025-04-25T17:06:58,504 [WARN ] main org.pytorch.serve.util.ConfigManager - Your torchserve instance can access any URL to load models. When deploying to production, make sure to limit the set of allowed_urls in config.properties
2025-04-25T17:06:58,504 [WARN ] main org.pytorch.serve.util.ConfigManager - Your torchserve instance can access any URL to load models. When deploying to production, make sure to limit the set of allowed_urls in config.properties
2025-04-25T17:06:58,541 [INFO ] main org.pytorch.serve.util.TokenAuthorization - 
######
TorchServe now enforces token authorization by default.
This requires the correct token to be provided when calling an API.
Key file located at /home/amin/PycharmProjects/PythonProject/Cifar10Classification/key_file.json
Check token authorization documenation for information: https://github.com/pytorch/serve/blob/master/docs/token_authorization_api.md 
######

2025-04-25T17:06:58,541 [INFO ] main org.pytorch.serve.util.TokenAuthorization - 
######
TorchServe now enforces token authorization by default.
This requires the correct token to be provided when calling an API.
Key file located at /home/amin/PycharmProjects/PythonProject/Cifar10Classification/key_file.json
Check token authorization documenation for information: https://github.com/pytorch/serve/blob/master/docs/token_authorization_api.md 
######

2025-04-25T17:06:58,542 [INFO ] main org.pytorch.serve.servingsdk.impl.PluginsManager - Initializing plugins manager...
2025-04-25T17:06:58,542 [INFO ] main org.pytorch.serve.servingsdk.impl.PluginsManager - Initializing plugins manager...
2025-04-25T17:06:58,585 [INFO ] main org.pytorch.serve.metrics.configuration.MetricConfiguration - Successfully loaded metrics configuration from /home/amin/miniconda3/envs/deep-learning/lib/python3.9/site-packages/ts/configs/metrics.yaml
2025-04-25T17:06:58,585 [INFO ] main org.pytorch.serve.metrics.configuration.MetricConfiguration - Successfully loaded metrics configuration from /home/amin/miniconda3/envs/deep-learning/lib/python3.9/site-packages/ts/configs/metrics.yaml
2025-04-25T17:06:58,640 [INFO ] main org.pytorch.serve.ModelServer - 
Torchserve version: 0.12.0
TS Home: /home/amin/miniconda3/envs/deep-learning/lib/python3.9/site-packages
Current directory: /home/amin/PycharmProjects/PythonProject/Cifar10Classification
Temp directory: /tmp
Metrics config path: /home/amin/miniconda3/envs/deep-learning/lib/python3.9/site-packages/ts/configs/metrics.yaml
Number of GPUs: 1
Number of CPUs: 8
Max heap size: 3960 M
Python executable: /home/amin/miniconda3/envs/deep-learning/bin/python
Config file: config.properties
Inference address: http://127.0.0.1:8080
Management address: http://127.0.0.1:8081
Metrics address: http://127.0.0.1:8082
Model Store: /home/amin/PycharmProjects/PythonProject/Cifar10Classification/model-store
Initial Models: cifar10.mar
Log dir: /home/amin/PycharmProjects/PythonProject/Cifar10Classification/logs
Metrics dir: /home/amin/PycharmProjects/PythonProject/Cifar10Classification/logs
Netty threads: 4
Netty client threads: 0
Default workers per model: 1
Blacklist Regex: N/A
Maximum Response Size: 6553500
Maximum Request Size: 6553500
Limit Maximum Image Pixels: true
Prefer direct buffer: false
Allowed Urls: [file://.*|http(s)?://.*]
Custom python dependency for model allowed: false
Enable metrics API: true
Metrics mode: LOG
Disable system metrics: false
Workflow Store: /home/amin/PycharmProjects/PythonProject/Cifar10Classification/model-store
CPP log config: N/A
Model config: N/A
System metrics command: default
Model API enabled: false
2025-04-25T17:06:58,640 [INFO ] main org.pytorch.serve.ModelServer - 
Torchserve version: 0.12.0
TS Home: /home/amin/miniconda3/envs/deep-learning/lib/python3.9/site-packages
Current directory: /home/amin/PycharmProjects/PythonProject/Cifar10Classification
Temp directory: /tmp
Metrics config path: /home/amin/miniconda3/envs/deep-learning/lib/python3.9/site-packages/ts/configs/metrics.yaml
Number of GPUs: 1
Number of CPUs: 8
Max heap size: 3960 M
Python executable: /home/amin/miniconda3/envs/deep-learning/bin/python
Config file: config.properties
Inference address: http://127.0.0.1:8080
Management address: http://127.0.0.1:8081
Metrics address: http://127.0.0.1:8082
Model Store: /home/amin/PycharmProjects/PythonProject/Cifar10Classification/model-store
Initial Models: cifar10.mar
Log dir: /home/amin/PycharmProjects/PythonProject/Cifar10Classification/logs
Metrics dir: /home/amin/PycharmProjects/PythonProject/Cifar10Classification/logs
Netty threads: 4
Netty client threads: 0
Default workers per model: 1
Blacklist Regex: N/A
Maximum Response Size: 6553500
Maximum Request Size: 6553500
Limit Maximum Image Pixels: true
Prefer direct buffer: false
Allowed Urls: [file://.*|http(s)?://.*]
Custom python dependency for model allowed: false
Enable metrics API: true
Metrics mode: LOG
Disable system metrics: false
Workflow Store: /home/amin/PycharmProjects/PythonProject/Cifar10Classification/model-store
CPP log config: N/A
Model config: N/A
System metrics command: default
Model API enabled: false
2025-04-25T17:06:58,648 [INFO ] main org.pytorch.serve.servingsdk.impl.PluginsManager -  Loading snapshot serializer plugin...
2025-04-25T17:06:58,648 [INFO ] main org.pytorch.serve.servingsdk.impl.PluginsManager -  Loading snapshot serializer plugin...
2025-04-25T17:06:58,649 [INFO ] main org.pytorch.serve.ModelServer - Loading initial models: cifar10.mar
2025-04-25T17:06:58,649 [INFO ] main org.pytorch.serve.ModelServer - Loading initial models: cifar10.mar
2025-04-25T17:06:58,783 [DEBUG] main org.pytorch.serve.wlm.ModelVersionedRefs - Adding new version 1.0 for model cifar10
2025-04-25T17:06:58,783 [DEBUG] main org.pytorch.serve.wlm.ModelVersionedRefs - Adding new version 1.0 for model cifar10
2025-04-25T17:06:58,784 [DEBUG] main org.pytorch.serve.wlm.ModelVersionedRefs - Setting default version to 1.0 for model cifar10
2025-04-25T17:06:58,784 [DEBUG] main org.pytorch.serve.wlm.ModelVersionedRefs - Setting default version to 1.0 for model cifar10
2025-04-25T17:06:58,784 [INFO ] main org.pytorch.serve.wlm.ModelManager - Model cifar10 loaded.
2025-04-25T17:06:58,784 [INFO ] main org.pytorch.serve.wlm.ModelManager - Model cifar10 loaded.
2025-04-25T17:06:58,784 [DEBUG] main org.pytorch.serve.wlm.ModelManager - updateModel: cifar10, count: 1
2025-04-25T17:06:58,784 [DEBUG] main org.pytorch.serve.wlm.ModelManager - updateModel: cifar10, count: 1
2025-04-25T17:06:58,793 [DEBUG] W-9000-cifar10_1.0 org.pytorch.serve.wlm.WorkerLifeCycle - Worker cmdline: [/home/amin/miniconda3/envs/deep-learning/bin/python, /home/amin/miniconda3/envs/deep-learning/lib/python3.9/site-packages/ts/model_service_worker.py, --sock-type, unix, --sock-name, /tmp/.ts.sock.9000, --metrics-config, /home/amin/miniconda3/envs/deep-learning/lib/python3.9/site-packages/ts/configs/metrics.yaml]
2025-04-25T17:06:58,794 [INFO ] main org.pytorch.serve.ModelServer - Initialize Inference server with: EpollServerSocketChannel.
2025-04-25T17:06:58,794 [INFO ] main org.pytorch.serve.ModelServer - Initialize Inference server with: EpollServerSocketChannel.
2025-04-25T17:06:58,793 [DEBUG] W-9000-cifar10_1.0 org.pytorch.serve.wlm.WorkerLifeCycle - Worker cmdline: [/home/amin/miniconda3/envs/deep-learning/bin/python, /home/amin/miniconda3/envs/deep-learning/lib/python3.9/site-packages/ts/model_service_worker.py, --sock-type, unix, --sock-name, /tmp/.ts.sock.9000, --metrics-config, /home/amin/miniconda3/envs/deep-learning/lib/python3.9/site-packages/ts/configs/metrics.yaml]
2025-04-25T17:06:58,841 [INFO ] main org.pytorch.serve.ModelServer - Inference API bind to: http://127.0.0.1:8080
2025-04-25T17:06:58,841 [INFO ] main org.pytorch.serve.ModelServer - Inference API bind to: http://127.0.0.1:8080
2025-04-25T17:06:58,841 [INFO ] main org.pytorch.serve.ModelServer - Initialize Management server with: EpollServerSocketChannel.
2025-04-25T17:06:58,841 [INFO ] main org.pytorch.serve.ModelServer - Initialize Management server with: EpollServerSocketChannel.
2025-04-25T17:06:58,842 [INFO ] main org.pytorch.serve.ModelServer - Management API bind to: http://127.0.0.1:8081
2025-04-25T17:06:58,842 [INFO ] main org.pytorch.serve.ModelServer - Management API bind to: http://127.0.0.1:8081
2025-04-25T17:06:58,842 [INFO ] main org.pytorch.serve.ModelServer - Initialize Metrics server with: EpollServerSocketChannel.
2025-04-25T17:06:58,842 [INFO ] main org.pytorch.serve.ModelServer - Initialize Metrics server with: EpollServerSocketChannel.
2025-04-25T17:06:58,843 [INFO ] main org.pytorch.serve.ModelServer - Metrics API bind to: http://127.0.0.1:8082
2025-04-25T17:06:58,843 [INFO ] main org.pytorch.serve.ModelServer - Metrics API bind to: http://127.0.0.1:8082
2025-04-25T17:06:59,007 [WARN ] pool-3-thread-1 org.pytorch.serve.metrics.MetricCollector - worker pid is not available yet.
2025-04-25T17:06:59,007 [WARN ] pool-3-thread-1 org.pytorch.serve.metrics.MetricCollector - worker pid is not available yet.
2025-04-25T17:06:59,293 [WARN ] pool-3-thread-1 org.pytorch.serve.metrics.MetricCollector - Parse metrics failed: NumExpr defaulting to 8 threads.
2025-04-25T17:06:59,293 [WARN ] pool-3-thread-1 org.pytorch.serve.metrics.MetricCollector - Parse metrics failed: NumExpr defaulting to 8 threads.
2025-04-25T17:06:59,506 [INFO ] pool-3-thread-1 TS_METRICS - CPUUtilization.Percent:50.0|#Level:Host|#hostname:amin-GF63-Thin-9SCXR,timestamp:1745575619
2025-04-25T17:06:59,507 [INFO ] pool-3-thread-1 TS_METRICS - DiskAvailable.Gigabytes:0.24518966674804688|#Level:Host|#hostname:amin-GF63-Thin-9SCXR,timestamp:1745575619
2025-04-25T17:06:59,507 [INFO ] pool-3-thread-1 TS_METRICS - DiskUsage.Gigabytes:95.98787307739258|#Level:Host|#hostname:amin-GF63-Thin-9SCXR,timestamp:1745575619
2025-04-25T17:06:59,507 [INFO ] pool-3-thread-1 TS_METRICS - DiskUtilization.Percent:99.7|#Level:Host|#hostname:amin-GF63-Thin-9SCXR,timestamp:1745575619
2025-04-25T17:06:59,508 [INFO ] pool-3-thread-1 TS_METRICS - GPUMemoryUtilization.Percent:0.1220703125|#Level:Host,DeviceId:0|#hostname:amin-GF63-Thin-9SCXR,timestamp:1745575619
2025-04-25T17:06:59,508 [INFO ] pool-3-thread-1 TS_METRICS - GPUMemoryUsed.Megabytes:5.0|#Level:Host,DeviceId:0|#hostname:amin-GF63-Thin-9SCXR,timestamp:1745575619
2025-04-25T17:06:59,508 [INFO ] pool-3-thread-1 TS_METRICS - GPUUtilization.Percent:0.0|#Level:Host,DeviceId:0|#hostname:amin-GF63-Thin-9SCXR,timestamp:1745575619
2025-04-25T17:06:59,508 [INFO ] pool-3-thread-1 TS_METRICS - MemoryAvailable.Megabytes:10263.8203125|#Level:Host|#hostname:amin-GF63-Thin-9SCXR,timestamp:1745575619
2025-04-25T17:06:59,509 [INFO ] pool-3-thread-1 TS_METRICS - MemoryUsed.Megabytes:4292.1328125|#Level:Host|#hostname:amin-GF63-Thin-9SCXR,timestamp:1745575619
2025-04-25T17:06:59,509 [INFO ] pool-3-thread-1 TS_METRICS - MemoryUtilization.Percent:35.2|#Level:Host|#hostname:amin-GF63-Thin-9SCXR,timestamp:1745575619
2025-04-25T17:06:59,937 [INFO ] W-9000-cifar10_1.0-stdout MODEL_LOG - s_name_part0=/tmp/.ts.sock, s_name_part1=9000, pid=10650
2025-04-25T17:06:59,938 [INFO ] W-9000-cifar10_1.0-stdout MODEL_LOG - Listening on port: /tmp/.ts.sock.9000
2025-04-25T17:06:59,945 [INFO ] W-9000-cifar10_1.0-stdout MODEL_LOG - Successfully loaded /home/amin/miniconda3/envs/deep-learning/lib/python3.9/site-packages/ts/configs/metrics.yaml.
2025-04-25T17:06:59,946 [INFO ] W-9000-cifar10_1.0-stdout MODEL_LOG - [PID]10650
2025-04-25T17:06:59,946 [INFO ] W-9000-cifar10_1.0-stdout MODEL_LOG - Torch worker started.
2025-04-25T17:06:59,946 [INFO ] W-9000-cifar10_1.0-stdout MODEL_LOG - Python runtime: 3.9.21
2025-04-25T17:06:59,946 [DEBUG] W-9000-cifar10_1.0 org.pytorch.serve.wlm.WorkerThread - W-9000-cifar10_1.0 State change null -> WORKER_STARTED
2025-04-25T17:06:59,946 [DEBUG] W-9000-cifar10_1.0 org.pytorch.serve.wlm.WorkerThread - W-9000-cifar10_1.0 State change null -> WORKER_STARTED
2025-04-25T17:06:59,949 [INFO ] W-9000-cifar10_1.0 org.pytorch.serve.wlm.WorkerThread - Connecting to: /tmp/.ts.sock.9000
2025-04-25T17:06:59,949 [INFO ] W-9000-cifar10_1.0 org.pytorch.serve.wlm.WorkerThread - Connecting to: /tmp/.ts.sock.9000
2025-04-25T17:06:59,953 [INFO ] W-9000-cifar10_1.0-stdout MODEL_LOG - Connection accepted: /tmp/.ts.sock.9000.
2025-04-25T17:06:59,955 [DEBUG] W-9000-cifar10_1.0 org.pytorch.serve.wlm.WorkerThread - Flushing req.cmd LOAD repeats 1 to backend at: 1745575619955
2025-04-25T17:06:59,955 [DEBUG] W-9000-cifar10_1.0 org.pytorch.serve.wlm.WorkerThread - Flushing req.cmd LOAD repeats 1 to backend at: 1745575619955
2025-04-25T17:06:59,957 [INFO ] W-9000-cifar10_1.0 org.pytorch.serve.wlm.WorkerThread - Looping backend response at: 1745575619956
2025-04-25T17:06:59,957 [INFO ] W-9000-cifar10_1.0 org.pytorch.serve.wlm.WorkerThread - Looping backend response at: 1745575619956
2025-04-25T17:06:59,977 [INFO ] W-9000-cifar10_1.0-stdout MODEL_LOG - model_name: cifar10, batchSize: 1
2025-04-25T17:07:00,026 [INFO ] W-9000-cifar10_1.0-stdout MODEL_LOG - OpenVINO is not enabled
2025-04-25T17:07:00,026 [INFO ] W-9000-cifar10_1.0-stdout MODEL_LOG - proceeding without onnxruntime
2025-04-25T17:07:00,027 [INFO ] W-9000-cifar10_1.0-stdout MODEL_LOG - Torch TensorRT not enabled
2025-04-25T17:07:00,097 [INFO ] W-9000-cifar10_1.0-stdout MODEL_LOG - Failed to load model cifar10, exception Error(s) in loading state_dict for SimpleCNN:
2025-04-25T17:07:00,098 [INFO ] W-9000-cifar10_1.0-stdout MODEL_LOG - 	Missing key(s) in state_dict: "conv1.0.weight", "conv1.0.bias", "conv1.1.weight", "conv1.1.bias", "conv1.1.running_mean", "conv1.1.running_var", "conv1.3.weight", "conv1.3.bias", "conv1.4.weight", "conv1.4.bias", "conv1.4.running_mean", "conv1.4.running_var", "conv2.0.weight", "conv2.0.bias", "conv2.1.weight", "conv2.1.bias", "conv2.1.running_mean", "conv2.1.running_var", "conv2.3.weight", "conv2.3.bias", "conv2.4.weight", "conv2.4.bias", "conv2.4.running_mean", "conv2.4.running_var", "fc1.1.weight", "fc1.1.bias", "fc2.1.weight", "fc2.1.bias", "fc3.1.weight", "fc3.1.bias". 
2025-04-25T17:07:00,098 [INFO ] W-9000-cifar10_1.0-stdout MODEL_LOG - 	Unexpected key(s) in state_dict: "epoch", "model", "optimizer". 
2025-04-25T17:07:00,098 [INFO ] W-9000-cifar10_1.0-stdout MODEL_LOG - Traceback (most recent call last):
2025-04-25T17:07:00,098 [INFO ] W-9000-cifar10_1.0-stdout MODEL_LOG -   File "/home/amin/miniconda3/envs/deep-learning/lib/python3.9/site-packages/ts/model_service_worker.py", line 133, in load_model
2025-04-25T17:07:00,098 [INFO ] W-9000-cifar10_1.0-stdout MODEL_LOG -     service = model_loader.load(
2025-04-25T17:07:00,098 [INFO ] W-9000-cifar10_1.0-stdout MODEL_LOG -   File "/home/amin/miniconda3/envs/deep-learning/lib/python3.9/site-packages/ts/model_loader.py", line 143, in load
2025-04-25T17:07:00,098 [INFO ] W-9000-cifar10_1.0-stdout MODEL_LOG -     initialize_fn(service.context)
2025-04-25T17:07:00,099 [INFO ] W-9000-cifar10_1.0-stdout MODEL_LOG -   File "/home/amin/miniconda3/envs/deep-learning/lib/python3.9/site-packages/ts/torch_handler/base_handler.py", line 191, in initialize
2025-04-25T17:07:00,099 [INFO ] W-9000-cifar10_1.0-stdout MODEL_LOG -     self.model = self._load_pickled_model(
2025-04-25T17:07:00,099 [INFO ] W-9000-cifar10_1.0-stdout MODEL_LOG -   File "/home/amin/miniconda3/envs/deep-learning/lib/python3.9/site-packages/ts/torch_handler/base_handler.py", line 356, in _load_pickled_model
2025-04-25T17:07:00,099 [INFO ] W-9000-cifar10_1.0-stdout MODEL_LOG -     model.load_state_dict(state_dict)
2025-04-25T17:07:00,099 [INFO ] W-9000-cifar10_1.0-stdout MODEL_LOG -   File "/home/amin/miniconda3/envs/deep-learning/lib/python3.9/site-packages/torch/nn/modules/module.py", line 2189, in load_state_dict
2025-04-25T17:07:00,099 [INFO ] W-9000-cifar10_1.0-stdout MODEL_LOG -     raise RuntimeError('Error(s) in loading state_dict for {}:\n\t{}'.format(
2025-04-25T17:07:00,099 [INFO ] W-9000-cifar10_1.0-stdout MODEL_LOG - RuntimeError: Error(s) in loading state_dict for SimpleCNN:
2025-04-25T17:07:00,099 [INFO ] W-9000-cifar10_1.0-stdout MODEL_LOG - 	Missing key(s) in state_dict: "conv1.0.weight", "conv1.0.bias", "conv1.1.weight", "conv1.1.bias", "conv1.1.running_mean", "conv1.1.running_var", "conv1.3.weight", "conv1.3.bias", "conv1.4.weight", "conv1.4.bias", "conv1.4.running_mean", "conv1.4.running_var", "conv2.0.weight", "conv2.0.bias", "conv2.1.weight", "conv2.1.bias", "conv2.1.running_mean", "conv2.1.running_var", "conv2.3.weight", "conv2.3.bias", "conv2.4.weight", "conv2.4.bias", "conv2.4.running_mean", "conv2.4.running_var", "fc1.1.weight", "fc1.1.bias", "fc2.1.weight", "fc2.1.bias", "fc3.1.weight", "fc3.1.bias". 
2025-04-25T17:07:00,100 [INFO ] W-9000-cifar10_1.0-stdout MODEL_LOG - 	Unexpected key(s) in state_dict: "epoch", "model", "optimizer". 
2025-04-25T17:07:00,100 [INFO ] W-9000-cifar10_1.0-stdout MODEL_LOG - Backend worker process died.
2025-04-25T17:07:00,100 [INFO ] W-9000-cifar10_1.0-stdout MODEL_LOG - Traceback (most recent call last):
2025-04-25T17:07:00,101 [INFO ] W-9000-cifar10_1.0-stdout MODEL_LOG -   File "/home/amin/miniconda3/envs/deep-learning/lib/python3.9/site-packages/ts/model_service_worker.py", line 301, in <module>
2025-04-25T17:07:00,101 [INFO ] W-9000-cifar10_1.0-stdout MODEL_LOG -     worker.run_server()
2025-04-25T17:07:00,102 [INFO ] W-9000-cifar10_1.0-stdout MODEL_LOG -   File "/home/amin/miniconda3/envs/deep-learning/lib/python3.9/site-packages/ts/model_service_worker.py", line 268, in run_server
2025-04-25T17:07:00,102 [INFO ] W-9000-cifar10_1.0-stdout MODEL_LOG -     self.handle_connection(cl_socket)
2025-04-25T17:07:00,103 [INFO ] W-9000-cifar10_1.0-stdout MODEL_LOG -   File "/home/amin/miniconda3/envs/deep-learning/lib/python3.9/site-packages/ts/model_service_worker.py", line 201, in handle_connection
2025-04-25T17:07:00,104 [INFO ] W-9000-cifar10_1.0-stdout MODEL_LOG -     raise RuntimeError("{} - {}".format(code, result))
2025-04-25T17:07:00,105 [INFO ] W-9000-cifar10_1.0 org.pytorch.serve.wlm.WorkerThread - Backend response time: 148
2025-04-25T17:07:00,105 [INFO ] W-9000-cifar10_1.0-stdout MODEL_LOG - RuntimeError: 500 - Unknown exception
2025-04-25T17:07:00,105 [INFO ] W-9000-cifar10_1.0 org.pytorch.serve.wlm.WorkerThread - Backend response time: 148
2025-04-25T17:07:00,105 [DEBUG] W-9000-cifar10_1.0 org.pytorch.serve.wlm.WorkerThread - W-9000-cifar10_1.0 State change WORKER_STARTED -> WORKER_ERROR
2025-04-25T17:07:00,105 [DEBUG] W-9000-cifar10_1.0 org.pytorch.serve.wlm.WorkerThread - W-9000-cifar10_1.0 State change WORKER_STARTED -> WORKER_ERROR
2025-04-25T17:07:00,105 [INFO ] epollEventLoopGroup-5-1 org.pytorch.serve.wlm.WorkerThread - 9000 Worker disconnected. WORKER_STARTED
2025-04-25T17:07:00,105 [INFO ] epollEventLoopGroup-5-1 org.pytorch.serve.wlm.WorkerThread - 9000 Worker disconnected. WORKER_STARTED
2025-04-25T17:07:00,106 [INFO ] W-9000-cifar10_1.0 TS_METRICS - WorkerThreadTime.Milliseconds:2.0|#Level:Host|#hostname:amin-GF63-Thin-9SCXR,timestamp:1745575620
2025-04-25T17:07:00,106 [DEBUG] W-9000-cifar10_1.0 org.pytorch.serve.wlm.WorkerThread - System state is : WORKER_ERROR
2025-04-25T17:07:00,106 [DEBUG] W-9000-cifar10_1.0 org.pytorch.serve.wlm.WorkerThread - System state is : WORKER_ERROR
2025-04-25T17:07:00,106 [DEBUG] W-9000-cifar10_1.0 org.pytorch.serve.wlm.WorkerThread - Backend worker monitoring thread interrupted or backend worker process died., responseTimeout:120sec
java.lang.InterruptedException: null
	at java.util.concurrent.locks.AbstractQueuedSynchronizer$ConditionObject.awaitNanos(AbstractQueuedSynchronizer.java:1770) ~[?:?]
	at java.util.concurrent.LinkedBlockingDeque.pollFirst(LinkedBlockingDeque.java:515) ~[?:?]
	at java.util.concurrent.LinkedBlockingDeque.poll(LinkedBlockingDeque.java:677) ~[?:?]
	at org.pytorch.serve.wlm.Model.pollBatch(Model.java:482) ~[model-server.jar:?]
	at org.pytorch.serve.wlm.BatchAggregator.pollBatch(BatchAggregator.java:189) ~[model-server.jar:?]
	at org.pytorch.serve.wlm.BatchAggregator.getRequest(BatchAggregator.java:36) ~[model-server.jar:?]
	at org.pytorch.serve.wlm.WorkerThread.run(WorkerThread.java:195) ~[model-server.jar:?]
	at java.util.concurrent.Executors$RunnableAdapter.call(Executors.java:572) ~[?:?]
	at java.util.concurrent.FutureTask.run(FutureTask.java:317) ~[?:?]
	at java.util.concurrent.ThreadPoolExecutor.runWorker(ThreadPoolExecutor.java:1144) ~[?:?]
	at java.util.concurrent.ThreadPoolExecutor$Worker.run(ThreadPoolExecutor.java:642) ~[?:?]
	at java.lang.Thread.run(Thread.java:1583) [?:?]
2025-04-25T17:07:00,106 [DEBUG] W-9000-cifar10_1.0 org.pytorch.serve.wlm.WorkerThread - Backend worker monitoring thread interrupted or backend worker process died., responseTimeout:120sec
java.lang.InterruptedException: null
	at java.util.concurrent.locks.AbstractQueuedSynchronizer$ConditionObject.awaitNanos(AbstractQueuedSynchronizer.java:1770) ~[?:?]
	at java.util.concurrent.LinkedBlockingDeque.pollFirst(LinkedBlockingDeque.java:515) ~[?:?]
	at java.util.concurrent.LinkedBlockingDeque.poll(LinkedBlockingDeque.java:677) ~[?:?]
	at org.pytorch.serve.wlm.Model.pollBatch(Model.java:482) ~[model-server.jar:?]
	at org.pytorch.serve.wlm.BatchAggregator.pollBatch(BatchAggregator.java:189) ~[model-server.jar:?]
	at org.pytorch.serve.wlm.BatchAggregator.getRequest(BatchAggregator.java:36) ~[model-server.jar:?]
	at org.pytorch.serve.wlm.WorkerThread.run(WorkerThread.java:195) ~[model-server.jar:?]
	at java.util.concurrent.Executors$RunnableAdapter.call(Executors.java:572) ~[?:?]
	at java.util.concurrent.FutureTask.run(FutureTask.java:317) ~[?:?]
	at java.util.concurrent.ThreadPoolExecutor.runWorker(ThreadPoolExecutor.java:1144) ~[?:?]
	at java.util.concurrent.ThreadPoolExecutor$Worker.run(ThreadPoolExecutor.java:642) ~[?:?]
	at java.lang.Thread.run(Thread.java:1583) [?:?]
2025-04-25T17:07:00,116 [DEBUG] W-9000-cifar10_1.0 org.pytorch.serve.wlm.WorkerThread - W-9000-cifar10_1.0 State change WORKER_ERROR -> WORKER_STOPPED
2025-04-25T17:07:00,116 [DEBUG] W-9000-cifar10_1.0 org.pytorch.serve.wlm.WorkerThread - W-9000-cifar10_1.0 State change WORKER_ERROR -> WORKER_STOPPED
2025-04-25T17:07:00,117 [INFO ] W-9000-cifar10_1.0 org.pytorch.serve.wlm.WorkerThread - Auto recovery start timestamp: 1745575620117
2025-04-25T17:07:00,117 [INFO ] W-9000-cifar10_1.0 org.pytorch.serve.wlm.WorkerThread - Auto recovery start timestamp: 1745575620117
2025-04-25T17:07:00,117 [INFO ] W-9000-cifar10_1.0 org.pytorch.serve.wlm.WorkerThread - Retry worker: 9000 in 1 seconds.
2025-04-25T17:07:00,117 [INFO ] W-9000-cifar10_1.0 org.pytorch.serve.wlm.WorkerThread - Retry worker: 9000 in 1 seconds.
2025-04-25T17:07:00,141 [INFO ] W-9000-cifar10_1.0-stdout org.pytorch.serve.wlm.WorkerLifeCycle - Stopped Scanner - W-9000-cifar10_1.0-stdout
2025-04-25T17:07:00,141 [INFO ] W-9000-cifar10_1.0-stdout org.pytorch.serve.wlm.WorkerLifeCycle - Stopped Scanner - W-9000-cifar10_1.0-stdout
2025-04-25T17:07:00,141 [INFO ] W-9000-cifar10_1.0-stderr org.pytorch.serve.wlm.WorkerLifeCycle - Stopped Scanner - W-9000-cifar10_1.0-stderr
2025-04-25T17:07:00,141 [INFO ] W-9000-cifar10_1.0-stderr org.pytorch.serve.wlm.WorkerLifeCycle - Stopped Scanner - W-9000-cifar10_1.0-stderr
2025-04-25T17:07:01,119 [DEBUG] W-9000-cifar10_1.0 org.pytorch.serve.wlm.WorkerLifeCycle - Worker cmdline: [/home/amin/miniconda3/envs/deep-learning/bin/python, /home/amin/miniconda3/envs/deep-learning/lib/python3.9/site-packages/ts/model_service_worker.py, --sock-type, unix, --sock-name, /tmp/.ts.sock.9000, --metrics-config, /home/amin/miniconda3/envs/deep-learning/lib/python3.9/site-packages/ts/configs/metrics.yaml]
2025-04-25T17:07:01,119 [DEBUG] W-9000-cifar10_1.0 org.pytorch.serve.wlm.WorkerLifeCycle - Worker cmdline: [/home/amin/miniconda3/envs/deep-learning/bin/python, /home/amin/miniconda3/envs/deep-learning/lib/python3.9/site-packages/ts/model_service_worker.py, --sock-type, unix, --sock-name, /tmp/.ts.sock.9000, --metrics-config, /home/amin/miniconda3/envs/deep-learning/lib/python3.9/site-packages/ts/configs/metrics.yaml]
2025-04-25T17:07:02,262 [INFO ] W-9000-cifar10_1.0-stdout MODEL_LOG - s_name_part0=/tmp/.ts.sock, s_name_part1=9000, pid=10700
2025-04-25T17:07:02,262 [INFO ] W-9000-cifar10_1.0-stdout MODEL_LOG - Listening on port: /tmp/.ts.sock.9000
2025-04-25T17:07:02,270 [INFO ] W-9000-cifar10_1.0-stdout MODEL_LOG - Successfully loaded /home/amin/miniconda3/envs/deep-learning/lib/python3.9/site-packages/ts/configs/metrics.yaml.
2025-04-25T17:07:02,270 [INFO ] W-9000-cifar10_1.0-stdout MODEL_LOG - [PID]10700
2025-04-25T17:07:02,270 [DEBUG] W-9000-cifar10_1.0 org.pytorch.serve.wlm.WorkerThread - W-9000-cifar10_1.0 State change WORKER_STOPPED -> WORKER_STARTED
2025-04-25T17:07:02,270 [DEBUG] W-9000-cifar10_1.0 org.pytorch.serve.wlm.WorkerThread - W-9000-cifar10_1.0 State change WORKER_STOPPED -> WORKER_STARTED
2025-04-25T17:07:02,271 [INFO ] W-9000-cifar10_1.0 org.pytorch.serve.wlm.WorkerThread - Connecting to: /tmp/.ts.sock.9000
2025-04-25T17:07:02,271 [INFO ] W-9000-cifar10_1.0 org.pytorch.serve.wlm.WorkerThread - Connecting to: /tmp/.ts.sock.9000
2025-04-25T17:07:02,270 [INFO ] W-9000-cifar10_1.0-stdout MODEL_LOG - Torch worker started.
2025-04-25T17:07:02,271 [INFO ] W-9000-cifar10_1.0-stdout MODEL_LOG - Python runtime: 3.9.21
2025-04-25T17:07:02,272 [DEBUG] W-9000-cifar10_1.0 org.pytorch.serve.wlm.WorkerThread - Flushing req.cmd LOAD repeats 1 to backend at: 1745575622272
2025-04-25T17:07:02,272 [DEBUG] W-9000-cifar10_1.0 org.pytorch.serve.wlm.WorkerThread - Flushing req.cmd LOAD repeats 1 to backend at: 1745575622272
2025-04-25T17:07:02,272 [INFO ] W-9000-cifar10_1.0-stdout MODEL_LOG - Connection accepted: /tmp/.ts.sock.9000.
2025-04-25T17:07:02,272 [INFO ] W-9000-cifar10_1.0 org.pytorch.serve.wlm.WorkerThread - Looping backend response at: 1745575622272
2025-04-25T17:07:02,272 [INFO ] W-9000-cifar10_1.0 org.pytorch.serve.wlm.WorkerThread - Looping backend response at: 1745575622272
2025-04-25T17:07:02,285 [INFO ] W-9000-cifar10_1.0-stdout MODEL_LOG - model_name: cifar10, batchSize: 1
2025-04-25T17:07:02,336 [INFO ] W-9000-cifar10_1.0-stdout MODEL_LOG - OpenVINO is not enabled
2025-04-25T17:07:02,336 [INFO ] W-9000-cifar10_1.0-stdout MODEL_LOG - proceeding without onnxruntime
2025-04-25T17:07:02,336 [INFO ] W-9000-cifar10_1.0-stdout MODEL_LOG - Torch TensorRT not enabled
2025-04-25T17:07:02,410 [INFO ] W-9000-cifar10_1.0-stdout MODEL_LOG - Failed to load model cifar10, exception Error(s) in loading state_dict for SimpleCNN:
2025-04-25T17:07:02,410 [INFO ] W-9000-cifar10_1.0-stdout MODEL_LOG - 	Missing key(s) in state_dict: "conv1.0.weight", "conv1.0.bias", "conv1.1.weight", "conv1.1.bias", "conv1.1.running_mean", "conv1.1.running_var", "conv1.3.weight", "conv1.3.bias", "conv1.4.weight", "conv1.4.bias", "conv1.4.running_mean", "conv1.4.running_var", "conv2.0.weight", "conv2.0.bias", "conv2.1.weight", "conv2.1.bias", "conv2.1.running_mean", "conv2.1.running_var", "conv2.3.weight", "conv2.3.bias", "conv2.4.weight", "conv2.4.bias", "conv2.4.running_mean", "conv2.4.running_var", "fc1.1.weight", "fc1.1.bias", "fc2.1.weight", "fc2.1.bias", "fc3.1.weight", "fc3.1.bias". 
2025-04-25T17:07:02,410 [INFO ] W-9000-cifar10_1.0-stdout MODEL_LOG - 	Unexpected key(s) in state_dict: "epoch", "model", "optimizer". 
2025-04-25T17:07:02,410 [INFO ] W-9000-cifar10_1.0 org.pytorch.serve.wlm.WorkerThread - Backend response time: 138
2025-04-25T17:07:02,410 [INFO ] W-9000-cifar10_1.0 org.pytorch.serve.wlm.WorkerThread - Backend response time: 138
2025-04-25T17:07:02,410 [INFO ] W-9000-cifar10_1.0-stdout MODEL_LOG - Traceback (most recent call last):
2025-04-25T17:07:02,410 [DEBUG] W-9000-cifar10_1.0 org.pytorch.serve.wlm.WorkerThread - W-9000-cifar10_1.0 State change WORKER_STARTED -> WORKER_ERROR
2025-04-25T17:07:02,410 [DEBUG] W-9000-cifar10_1.0 org.pytorch.serve.wlm.WorkerThread - W-9000-cifar10_1.0 State change WORKER_STARTED -> WORKER_ERROR
2025-04-25T17:07:02,410 [INFO ] W-9000-cifar10_1.0-stdout MODEL_LOG -   File "/home/amin/miniconda3/envs/deep-learning/lib/python3.9/site-packages/ts/model_service_worker.py", line 133, in load_model
2025-04-25T17:07:02,410 [INFO ] epollEventLoopGroup-5-2 org.pytorch.serve.wlm.WorkerThread - 9000 Worker disconnected. WORKER_STARTED
2025-04-25T17:07:02,411 [INFO ] W-9000-cifar10_1.0 TS_METRICS - WorkerThreadTime.Milliseconds:1.0|#Level:Host|#hostname:amin-GF63-Thin-9SCXR,timestamp:1745575622
2025-04-25T17:07:02,411 [INFO ] W-9000-cifar10_1.0-stdout MODEL_LOG -     service = model_loader.load(
2025-04-25T17:07:02,410 [INFO ] epollEventLoopGroup-5-2 org.pytorch.serve.wlm.WorkerThread - 9000 Worker disconnected. WORKER_STARTED
2025-04-25T17:07:02,411 [DEBUG] W-9000-cifar10_1.0 org.pytorch.serve.wlm.WorkerThread - System state is : WORKER_ERROR
2025-04-25T17:07:02,411 [INFO ] W-9000-cifar10_1.0-stdout MODEL_LOG -   File "/home/amin/miniconda3/envs/deep-learning/lib/python3.9/site-packages/ts/model_loader.py", line 143, in load
2025-04-25T17:07:02,411 [DEBUG] W-9000-cifar10_1.0 org.pytorch.serve.wlm.WorkerThread - System state is : WORKER_ERROR
2025-04-25T17:07:02,411 [INFO ] W-9000-cifar10_1.0-stdout MODEL_LOG -     initialize_fn(service.context)
2025-04-25T17:07:02,411 [INFO ] W-9000-cifar10_1.0-stdout MODEL_LOG -   File "/home/amin/miniconda3/envs/deep-learning/lib/python3.9/site-packages/ts/torch_handler/base_handler.py", line 191, in initialize
2025-04-25T17:07:02,411 [DEBUG] W-9000-cifar10_1.0 org.pytorch.serve.wlm.WorkerThread - Backend worker monitoring thread interrupted or backend worker process died., responseTimeout:120sec
java.lang.InterruptedException: null
	at java.util.concurrent.locks.AbstractQueuedSynchronizer$ConditionObject.awaitNanos(AbstractQueuedSynchronizer.java:1770) ~[?:?]
	at java.util.concurrent.LinkedBlockingDeque.pollFirst(LinkedBlockingDeque.java:515) ~[?:?]
	at java.util.concurrent.LinkedBlockingDeque.poll(LinkedBlockingDeque.java:677) ~[?:?]
	at org.pytorch.serve.wlm.Model.pollBatch(Model.java:482) ~[model-server.jar:?]
	at org.pytorch.serve.wlm.BatchAggregator.pollBatch(BatchAggregator.java:189) ~[model-server.jar:?]
	at org.pytorch.serve.wlm.BatchAggregator.getRequest(BatchAggregator.java:36) ~[model-server.jar:?]
	at org.pytorch.serve.wlm.WorkerThread.run(WorkerThread.java:195) ~[model-server.jar:?]
	at java.util.concurrent.ThreadPoolExecutor.runWorker(ThreadPoolExecutor.java:1144) ~[?:?]
	at java.util.concurrent.ThreadPoolExecutor$Worker.run(ThreadPoolExecutor.java:642) ~[?:?]
	at java.lang.Thread.run(Thread.java:1583) [?:?]
2025-04-25T17:07:02,411 [INFO ] W-9000-cifar10_1.0-stdout MODEL_LOG -     self.model = self._load_pickled_model(
2025-04-25T17:07:02,411 [DEBUG] W-9000-cifar10_1.0 org.pytorch.serve.wlm.WorkerThread - Backend worker monitoring thread interrupted or backend worker process died., responseTimeout:120sec
java.lang.InterruptedException: null
	at java.util.concurrent.locks.AbstractQueuedSynchronizer$ConditionObject.awaitNanos(AbstractQueuedSynchronizer.java:1770) ~[?:?]
	at java.util.concurrent.LinkedBlockingDeque.pollFirst(LinkedBlockingDeque.java:515) ~[?:?]
	at java.util.concurrent.LinkedBlockingDeque.poll(LinkedBlockingDeque.java:677) ~[?:?]
	at org.pytorch.serve.wlm.Model.pollBatch(Model.java:482) ~[model-server.jar:?]
	at org.pytorch.serve.wlm.BatchAggregator.pollBatch(BatchAggregator.java:189) ~[model-server.jar:?]
	at org.pytorch.serve.wlm.BatchAggregator.getRequest(BatchAggregator.java:36) ~[model-server.jar:?]
	at org.pytorch.serve.wlm.WorkerThread.run(WorkerThread.java:195) ~[model-server.jar:?]
	at java.util.concurrent.ThreadPoolExecutor.runWorker(ThreadPoolExecutor.java:1144) ~[?:?]
	at java.util.concurrent.ThreadPoolExecutor$Worker.run(ThreadPoolExecutor.java:642) ~[?:?]
	at java.lang.Thread.run(Thread.java:1583) [?:?]
2025-04-25T17:07:02,411 [DEBUG] W-9000-cifar10_1.0 org.pytorch.serve.wlm.WorkerThread - W-9000-cifar10_1.0 State change WORKER_ERROR -> WORKER_STOPPED
2025-04-25T17:07:02,411 [INFO ] W-9000-cifar10_1.0-stdout MODEL_LOG -   File "/home/amin/miniconda3/envs/deep-learning/lib/python3.9/site-packages/ts/torch_handler/base_handler.py", line 356, in _load_pickled_model
2025-04-25T17:07:02,411 [DEBUG] W-9000-cifar10_1.0 org.pytorch.serve.wlm.WorkerThread - W-9000-cifar10_1.0 State change WORKER_ERROR -> WORKER_STOPPED
2025-04-25T17:07:02,412 [WARN ] W-9000-cifar10_1.0 org.pytorch.serve.wlm.WorkerThread - Auto recovery failed again
2025-04-25T17:07:02,412 [WARN ] W-9000-cifar10_1.0 org.pytorch.serve.wlm.WorkerThread - Auto recovery failed again
2025-04-25T17:07:02,412 [INFO ] W-9000-cifar10_1.0-stdout MODEL_LOG -     model.load_state_dict(state_dict)
2025-04-25T17:07:02,412 [INFO ] W-9000-cifar10_1.0-stdout MODEL_LOG -   File "/home/amin/miniconda3/envs/deep-learning/lib/python3.9/site-packages/torch/nn/modules/module.py", line 2189, in load_state_dict
2025-04-25T17:07:02,412 [INFO ] W-9000-cifar10_1.0 org.pytorch.serve.wlm.WorkerThread - Retry worker: 9000 in 1 seconds.
2025-04-25T17:07:02,412 [INFO ] W-9000-cifar10_1.0 org.pytorch.serve.wlm.WorkerThread - Retry worker: 9000 in 1 seconds.
2025-04-25T17:07:02,412 [INFO ] W-9000-cifar10_1.0-stdout MODEL_LOG -     raise RuntimeError('Error(s) in loading state_dict for {}:\n\t{}'.format(
2025-04-25T17:07:02,412 [INFO ] W-9000-cifar10_1.0-stdout MODEL_LOG - RuntimeError: Error(s) in loading state_dict for SimpleCNN:
2025-04-25T17:07:02,412 [INFO ] W-9000-cifar10_1.0-stdout MODEL_LOG - 	Missing key(s) in state_dict: "conv1.0.weight", "conv1.0.bias", "conv1.1.weight", "conv1.1.bias", "conv1.1.running_mean", "conv1.1.running_var", "conv1.3.weight", "conv1.3.bias", "conv1.4.weight", "conv1.4.bias", "conv1.4.running_mean", "conv1.4.running_var", "conv2.0.weight", "conv2.0.bias", "conv2.1.weight", "conv2.1.bias", "conv2.1.running_mean", "conv2.1.running_var", "conv2.3.weight", "conv2.3.bias", "conv2.4.weight", "conv2.4.bias", "conv2.4.running_mean", "conv2.4.running_var", "fc1.1.weight", "fc1.1.bias", "fc2.1.weight", "fc2.1.bias", "fc3.1.weight", "fc3.1.bias". 
2025-04-25T17:07:02,413 [INFO ] W-9000-cifar10_1.0-stdout MODEL_LOG - 	Unexpected key(s) in state_dict: "epoch", "model", "optimizer". 
2025-04-25T17:07:02,413 [INFO ] W-9000-cifar10_1.0-stdout org.pytorch.serve.wlm.WorkerLifeCycle - Stopped Scanner - W-9000-cifar10_1.0-stdout
2025-04-25T17:07:02,413 [INFO ] W-9000-cifar10_1.0-stdout org.pytorch.serve.wlm.WorkerLifeCycle - Stopped Scanner - W-9000-cifar10_1.0-stdout
2025-04-25T17:07:02,437 [INFO ] W-9000-cifar10_1.0-stderr org.pytorch.serve.wlm.WorkerLifeCycle - Stopped Scanner - W-9000-cifar10_1.0-stderr
2025-04-25T17:07:02,437 [INFO ] W-9000-cifar10_1.0-stderr org.pytorch.serve.wlm.WorkerLifeCycle - Stopped Scanner - W-9000-cifar10_1.0-stderr
2025-04-25T17:07:03,413 [DEBUG] W-9000-cifar10_1.0 org.pytorch.serve.wlm.WorkerLifeCycle - Worker cmdline: [/home/amin/miniconda3/envs/deep-learning/bin/python, /home/amin/miniconda3/envs/deep-learning/lib/python3.9/site-packages/ts/model_service_worker.py, --sock-type, unix, --sock-name, /tmp/.ts.sock.9000, --metrics-config, /home/amin/miniconda3/envs/deep-learning/lib/python3.9/site-packages/ts/configs/metrics.yaml]
2025-04-25T17:07:03,413 [DEBUG] W-9000-cifar10_1.0 org.pytorch.serve.wlm.WorkerLifeCycle - Worker cmdline: [/home/amin/miniconda3/envs/deep-learning/bin/python, /home/amin/miniconda3/envs/deep-learning/lib/python3.9/site-packages/ts/model_service_worker.py, --sock-type, unix, --sock-name, /tmp/.ts.sock.9000, --metrics-config, /home/amin/miniconda3/envs/deep-learning/lib/python3.9/site-packages/ts/configs/metrics.yaml]
2025-04-25T17:07:04,615 [INFO ] W-9000-cifar10_1.0-stdout MODEL_LOG - s_name_part0=/tmp/.ts.sock, s_name_part1=9000, pid=10722
2025-04-25T17:07:04,616 [INFO ] W-9000-cifar10_1.0-stdout MODEL_LOG - Listening on port: /tmp/.ts.sock.9000
2025-04-25T17:07:04,625 [INFO ] W-9000-cifar10_1.0-stdout MODEL_LOG - Successfully loaded /home/amin/miniconda3/envs/deep-learning/lib/python3.9/site-packages/ts/configs/metrics.yaml.
2025-04-25T17:07:04,625 [INFO ] W-9000-cifar10_1.0-stdout MODEL_LOG - [PID]10722
2025-04-25T17:07:04,625 [INFO ] W-9000-cifar10_1.0-stdout MODEL_LOG - Torch worker started.
2025-04-25T17:07:04,625 [DEBUG] W-9000-cifar10_1.0 org.pytorch.serve.wlm.WorkerThread - W-9000-cifar10_1.0 State change WORKER_STOPPED -> WORKER_STARTED
2025-04-25T17:07:04,625 [DEBUG] W-9000-cifar10_1.0 org.pytorch.serve.wlm.WorkerThread - W-9000-cifar10_1.0 State change WORKER_STOPPED -> WORKER_STARTED
2025-04-25T17:07:04,625 [INFO ] W-9000-cifar10_1.0-stdout MODEL_LOG - Python runtime: 3.9.21
2025-04-25T17:07:04,625 [INFO ] W-9000-cifar10_1.0 org.pytorch.serve.wlm.WorkerThread - Connecting to: /tmp/.ts.sock.9000
2025-04-25T17:07:04,625 [INFO ] W-9000-cifar10_1.0 org.pytorch.serve.wlm.WorkerThread - Connecting to: /tmp/.ts.sock.9000
2025-04-25T17:07:04,626 [DEBUG] W-9000-cifar10_1.0 org.pytorch.serve.wlm.WorkerThread - Flushing req.cmd LOAD repeats 1 to backend at: 1745575624626
2025-04-25T17:07:04,626 [INFO ] W-9000-cifar10_1.0-stdout MODEL_LOG - Connection accepted: /tmp/.ts.sock.9000.
2025-04-25T17:07:04,626 [DEBUG] W-9000-cifar10_1.0 org.pytorch.serve.wlm.WorkerThread - Flushing req.cmd LOAD repeats 1 to backend at: 1745575624626
2025-04-25T17:07:04,626 [INFO ] W-9000-cifar10_1.0 org.pytorch.serve.wlm.WorkerThread - Looping backend response at: 1745575624626
2025-04-25T17:07:04,626 [INFO ] W-9000-cifar10_1.0 org.pytorch.serve.wlm.WorkerThread - Looping backend response at: 1745575624626
2025-04-25T17:07:04,636 [INFO ] W-9000-cifar10_1.0-stdout MODEL_LOG - model_name: cifar10, batchSize: 1
2025-04-25T17:07:04,682 [INFO ] W-9000-cifar10_1.0-stdout MODEL_LOG - OpenVINO is not enabled
2025-04-25T17:07:04,682 [INFO ] W-9000-cifar10_1.0-stdout MODEL_LOG - proceeding without onnxruntime
2025-04-25T17:07:04,682 [INFO ] W-9000-cifar10_1.0-stdout MODEL_LOG - Torch TensorRT not enabled
2025-04-25T17:07:04,749 [INFO ] W-9000-cifar10_1.0-stdout MODEL_LOG - Failed to load model cifar10, exception Error(s) in loading state_dict for SimpleCNN:
2025-04-25T17:07:04,749 [INFO ] W-9000-cifar10_1.0-stdout MODEL_LOG - 	Missing key(s) in state_dict: "conv1.0.weight", "conv1.0.bias", "conv1.1.weight", "conv1.1.bias", "conv1.1.running_mean", "conv1.1.running_var", "conv1.3.weight", "conv1.3.bias", "conv1.4.weight", "conv1.4.bias", "conv1.4.running_mean", "conv1.4.running_var", "conv2.0.weight", "conv2.0.bias", "conv2.1.weight", "conv2.1.bias", "conv2.1.running_mean", "conv2.1.running_var", "conv2.3.weight", "conv2.3.bias", "conv2.4.weight", "conv2.4.bias", "conv2.4.running_mean", "conv2.4.running_var", "fc1.1.weight", "fc1.1.bias", "fc2.1.weight", "fc2.1.bias", "fc3.1.weight", "fc3.1.bias". 
2025-04-25T17:07:04,749 [INFO ] W-9000-cifar10_1.0 org.pytorch.serve.wlm.WorkerThread - Backend response time: 123
2025-04-25T17:07:04,749 [INFO ] W-9000-cifar10_1.0-stdout MODEL_LOG - 	Unexpected key(s) in state_dict: "epoch", "model", "optimizer". 
2025-04-25T17:07:04,749 [INFO ] W-9000-cifar10_1.0 org.pytorch.serve.wlm.WorkerThread - Backend response time: 123
2025-04-25T17:07:04,749 [DEBUG] W-9000-cifar10_1.0 org.pytorch.serve.wlm.WorkerThread - W-9000-cifar10_1.0 State change WORKER_STARTED -> WORKER_ERROR
2025-04-25T17:07:04,749 [INFO ] W-9000-cifar10_1.0-stdout MODEL_LOG - Traceback (most recent call last):
2025-04-25T17:07:04,749 [DEBUG] W-9000-cifar10_1.0 org.pytorch.serve.wlm.WorkerThread - W-9000-cifar10_1.0 State change WORKER_STARTED -> WORKER_ERROR
2025-04-25T17:07:04,749 [INFO ] epollEventLoopGroup-5-3 org.pytorch.serve.wlm.WorkerThread - 9000 Worker disconnected. WORKER_STARTED
2025-04-25T17:07:04,749 [INFO ] W-9000-cifar10_1.0-stdout MODEL_LOG -   File "/home/amin/miniconda3/envs/deep-learning/lib/python3.9/site-packages/ts/model_service_worker.py", line 133, in load_model
2025-04-25T17:07:04,749 [INFO ] W-9000-cifar10_1.0 TS_METRICS - WorkerThreadTime.Milliseconds:0.0|#Level:Host|#hostname:amin-GF63-Thin-9SCXR,timestamp:1745575624
2025-04-25T17:07:04,750 [INFO ] W-9000-cifar10_1.0-stdout MODEL_LOG -     service = model_loader.load(
2025-04-25T17:07:04,749 [INFO ] epollEventLoopGroup-5-3 org.pytorch.serve.wlm.WorkerThread - 9000 Worker disconnected. WORKER_STARTED
2025-04-25T17:07:04,750 [DEBUG] W-9000-cifar10_1.0 org.pytorch.serve.wlm.WorkerThread - System state is : WORKER_ERROR
2025-04-25T17:07:04,750 [INFO ] W-9000-cifar10_1.0-stdout MODEL_LOG -   File "/home/amin/miniconda3/envs/deep-learning/lib/python3.9/site-packages/ts/model_loader.py", line 143, in load
2025-04-25T17:07:04,750 [DEBUG] W-9000-cifar10_1.0 org.pytorch.serve.wlm.WorkerThread - System state is : WORKER_ERROR
2025-04-25T17:07:04,750 [INFO ] W-9000-cifar10_1.0-stdout MODEL_LOG -     initialize_fn(service.context)
2025-04-25T17:07:04,750 [DEBUG] W-9000-cifar10_1.0 org.pytorch.serve.wlm.WorkerThread - Backend worker monitoring thread interrupted or backend worker process died., responseTimeout:120sec
java.lang.InterruptedException: null
	at java.util.concurrent.locks.AbstractQueuedSynchronizer$ConditionObject.awaitNanos(AbstractQueuedSynchronizer.java:1770) ~[?:?]
	at java.util.concurrent.LinkedBlockingDeque.pollFirst(LinkedBlockingDeque.java:515) ~[?:?]
	at java.util.concurrent.LinkedBlockingDeque.poll(LinkedBlockingDeque.java:677) ~[?:?]
	at org.pytorch.serve.wlm.Model.pollBatch(Model.java:482) ~[model-server.jar:?]
	at org.pytorch.serve.wlm.BatchAggregator.pollBatch(BatchAggregator.java:189) ~[model-server.jar:?]
	at org.pytorch.serve.wlm.BatchAggregator.getRequest(BatchAggregator.java:36) ~[model-server.jar:?]
	at org.pytorch.serve.wlm.WorkerThread.run(WorkerThread.java:195) ~[model-server.jar:?]
	at java.util.concurrent.ThreadPoolExecutor.runWorker(ThreadPoolExecutor.java:1144) ~[?:?]
	at java.util.concurrent.ThreadPoolExecutor$Worker.run(ThreadPoolExecutor.java:642) ~[?:?]
	at java.lang.Thread.run(Thread.java:1583) [?:?]
2025-04-25T17:07:04,750 [INFO ] W-9000-cifar10_1.0-stdout MODEL_LOG -   File "/home/amin/miniconda3/envs/deep-learning/lib/python3.9/site-packages/ts/torch_handler/base_handler.py", line 191, in initialize
2025-04-25T17:07:04,750 [INFO ] W-9000-cifar10_1.0-stdout MODEL_LOG -     self.model = self._load_pickled_model(
2025-04-25T17:07:04,750 [DEBUG] W-9000-cifar10_1.0 org.pytorch.serve.wlm.WorkerThread - Backend worker monitoring thread interrupted or backend worker process died., responseTimeout:120sec
java.lang.InterruptedException: null
	at java.util.concurrent.locks.AbstractQueuedSynchronizer$ConditionObject.awaitNanos(AbstractQueuedSynchronizer.java:1770) ~[?:?]
	at java.util.concurrent.LinkedBlockingDeque.pollFirst(LinkedBlockingDeque.java:515) ~[?:?]
	at java.util.concurrent.LinkedBlockingDeque.poll(LinkedBlockingDeque.java:677) ~[?:?]
	at org.pytorch.serve.wlm.Model.pollBatch(Model.java:482) ~[model-server.jar:?]
	at org.pytorch.serve.wlm.BatchAggregator.pollBatch(BatchAggregator.java:189) ~[model-server.jar:?]
	at org.pytorch.serve.wlm.BatchAggregator.getRequest(BatchAggregator.java:36) ~[model-server.jar:?]
	at org.pytorch.serve.wlm.WorkerThread.run(WorkerThread.java:195) ~[model-server.jar:?]
	at java.util.concurrent.ThreadPoolExecutor.runWorker(ThreadPoolExecutor.java:1144) ~[?:?]
	at java.util.concurrent.ThreadPoolExecutor$Worker.run(ThreadPoolExecutor.java:642) ~[?:?]
	at java.lang.Thread.run(Thread.java:1583) [?:?]
2025-04-25T17:07:04,750 [DEBUG] W-9000-cifar10_1.0 org.pytorch.serve.wlm.WorkerThread - W-9000-cifar10_1.0 State change WORKER_ERROR -> WORKER_STOPPED
2025-04-25T17:07:04,750 [INFO ] W-9000-cifar10_1.0-stdout MODEL_LOG -   File "/home/amin/miniconda3/envs/deep-learning/lib/python3.9/site-packages/ts/torch_handler/base_handler.py", line 356, in _load_pickled_model
2025-04-25T17:07:04,750 [DEBUG] W-9000-cifar10_1.0 org.pytorch.serve.wlm.WorkerThread - W-9000-cifar10_1.0 State change WORKER_ERROR -> WORKER_STOPPED
2025-04-25T17:07:04,750 [WARN ] W-9000-cifar10_1.0 org.pytorch.serve.wlm.WorkerThread - Auto recovery failed again
2025-04-25T17:07:04,750 [INFO ] W-9000-cifar10_1.0-stdout MODEL_LOG -     model.load_state_dict(state_dict)
2025-04-25T17:07:04,750 [WARN ] W-9000-cifar10_1.0 org.pytorch.serve.wlm.WorkerThread - Auto recovery failed again
2025-04-25T17:07:04,750 [INFO ] W-9000-cifar10_1.0-stdout MODEL_LOG -   File "/home/amin/miniconda3/envs/deep-learning/lib/python3.9/site-packages/torch/nn/modules/module.py", line 2189, in load_state_dict
2025-04-25T17:07:04,751 [INFO ] W-9000-cifar10_1.0-stdout MODEL_LOG -     raise RuntimeError('Error(s) in loading state_dict for {}:\n\t{}'.format(
2025-04-25T17:07:04,751 [INFO ] W-9000-cifar10_1.0 org.pytorch.serve.wlm.WorkerThread - Retry worker: 9000 in 2 seconds.
2025-04-25T17:07:04,751 [INFO ] W-9000-cifar10_1.0 org.pytorch.serve.wlm.WorkerThread - Retry worker: 9000 in 2 seconds.
2025-04-25T17:07:04,751 [INFO ] W-9000-cifar10_1.0-stdout MODEL_LOG - RuntimeError: Error(s) in loading state_dict for SimpleCNN:
2025-04-25T17:07:04,751 [INFO ] W-9000-cifar10_1.0-stdout MODEL_LOG - 	Missing key(s) in state_dict: "conv1.0.weight", "conv1.0.bias", "conv1.1.weight", "conv1.1.bias", "conv1.1.running_mean", "conv1.1.running_var", "conv1.3.weight", "conv1.3.bias", "conv1.4.weight", "conv1.4.bias", "conv1.4.running_mean", "conv1.4.running_var", "conv2.0.weight", "conv2.0.bias", "conv2.1.weight", "conv2.1.bias", "conv2.1.running_mean", "conv2.1.running_var", "conv2.3.weight", "conv2.3.bias", "conv2.4.weight", "conv2.4.bias", "conv2.4.running_mean", "conv2.4.running_var", "fc1.1.weight", "fc1.1.bias", "fc2.1.weight", "fc2.1.bias", "fc3.1.weight", "fc3.1.bias". 
2025-04-25T17:07:04,751 [INFO ] W-9000-cifar10_1.0-stdout MODEL_LOG - 	Unexpected key(s) in state_dict: "epoch", "model", "optimizer". 
2025-04-25T17:07:04,751 [INFO ] W-9000-cifar10_1.0-stdout org.pytorch.serve.wlm.WorkerLifeCycle - Stopped Scanner - W-9000-cifar10_1.0-stdout
2025-04-25T17:07:04,751 [INFO ] W-9000-cifar10_1.0-stdout org.pytorch.serve.wlm.WorkerLifeCycle - Stopped Scanner - W-9000-cifar10_1.0-stdout
2025-04-25T17:07:04,772 [INFO ] W-9000-cifar10_1.0-stderr org.pytorch.serve.wlm.WorkerLifeCycle - Stopped Scanner - W-9000-cifar10_1.0-stderr
2025-04-25T17:07:04,772 [INFO ] W-9000-cifar10_1.0-stderr org.pytorch.serve.wlm.WorkerLifeCycle - Stopped Scanner - W-9000-cifar10_1.0-stderr
2025-04-25T17:07:06,752 [DEBUG] W-9000-cifar10_1.0 org.pytorch.serve.wlm.WorkerLifeCycle - Worker cmdline: [/home/amin/miniconda3/envs/deep-learning/bin/python, /home/amin/miniconda3/envs/deep-learning/lib/python3.9/site-packages/ts/model_service_worker.py, --sock-type, unix, --sock-name, /tmp/.ts.sock.9000, --metrics-config, /home/amin/miniconda3/envs/deep-learning/lib/python3.9/site-packages/ts/configs/metrics.yaml]
2025-04-25T17:07:06,752 [DEBUG] W-9000-cifar10_1.0 org.pytorch.serve.wlm.WorkerLifeCycle - Worker cmdline: [/home/amin/miniconda3/envs/deep-learning/bin/python, /home/amin/miniconda3/envs/deep-learning/lib/python3.9/site-packages/ts/model_service_worker.py, --sock-type, unix, --sock-name, /tmp/.ts.sock.9000, --metrics-config, /home/amin/miniconda3/envs/deep-learning/lib/python3.9/site-packages/ts/configs/metrics.yaml]
2025-04-25T17:07:07,952 [INFO ] W-9000-cifar10_1.0-stdout MODEL_LOG - s_name_part0=/tmp/.ts.sock, s_name_part1=9000, pid=10748
2025-04-25T17:07:07,953 [INFO ] W-9000-cifar10_1.0-stdout MODEL_LOG - Listening on port: /tmp/.ts.sock.9000
2025-04-25T17:07:07,961 [INFO ] W-9000-cifar10_1.0-stdout MODEL_LOG - Successfully loaded /home/amin/miniconda3/envs/deep-learning/lib/python3.9/site-packages/ts/configs/metrics.yaml.
2025-04-25T17:07:07,961 [INFO ] W-9000-cifar10_1.0-stdout MODEL_LOG - [PID]10748
2025-04-25T17:07:07,961 [INFO ] W-9000-cifar10_1.0-stdout MODEL_LOG - Torch worker started.
2025-04-25T17:07:07,961 [DEBUG] W-9000-cifar10_1.0 org.pytorch.serve.wlm.WorkerThread - W-9000-cifar10_1.0 State change WORKER_STOPPED -> WORKER_STARTED
2025-04-25T17:07:07,961 [INFO ] W-9000-cifar10_1.0-stdout MODEL_LOG - Python runtime: 3.9.21
2025-04-25T17:07:07,961 [DEBUG] W-9000-cifar10_1.0 org.pytorch.serve.wlm.WorkerThread - W-9000-cifar10_1.0 State change WORKER_STOPPED -> WORKER_STARTED
2025-04-25T17:07:07,961 [INFO ] W-9000-cifar10_1.0 org.pytorch.serve.wlm.WorkerThread - Connecting to: /tmp/.ts.sock.9000
2025-04-25T17:07:07,961 [INFO ] W-9000-cifar10_1.0 org.pytorch.serve.wlm.WorkerThread - Connecting to: /tmp/.ts.sock.9000
2025-04-25T17:07:07,962 [DEBUG] W-9000-cifar10_1.0 org.pytorch.serve.wlm.WorkerThread - Flushing req.cmd LOAD repeats 1 to backend at: 1745575627962
2025-04-25T17:07:07,962 [INFO ] W-9000-cifar10_1.0-stdout MODEL_LOG - Connection accepted: /tmp/.ts.sock.9000.
2025-04-25T17:07:07,962 [DEBUG] W-9000-cifar10_1.0 org.pytorch.serve.wlm.WorkerThread - Flushing req.cmd LOAD repeats 1 to backend at: 1745575627962
2025-04-25T17:07:07,962 [INFO ] W-9000-cifar10_1.0 org.pytorch.serve.wlm.WorkerThread - Looping backend response at: 1745575627962
2025-04-25T17:07:07,962 [INFO ] W-9000-cifar10_1.0 org.pytorch.serve.wlm.WorkerThread - Looping backend response at: 1745575627962
2025-04-25T17:07:07,974 [INFO ] W-9000-cifar10_1.0-stdout MODEL_LOG - model_name: cifar10, batchSize: 1
2025-04-25T17:07:08,020 [INFO ] W-9000-cifar10_1.0-stdout MODEL_LOG - OpenVINO is not enabled
2025-04-25T17:07:08,020 [INFO ] W-9000-cifar10_1.0-stdout MODEL_LOG - proceeding without onnxruntime
2025-04-25T17:07:08,020 [INFO ] W-9000-cifar10_1.0-stdout MODEL_LOG - Torch TensorRT not enabled
2025-04-25T17:07:08,083 [INFO ] W-9000-cifar10_1.0-stdout MODEL_LOG - Failed to load model cifar10, exception Error(s) in loading state_dict for SimpleCNN:
2025-04-25T17:07:08,083 [INFO ] W-9000-cifar10_1.0-stdout MODEL_LOG - 	Missing key(s) in state_dict: "conv1.0.weight", "conv1.0.bias", "conv1.1.weight", "conv1.1.bias", "conv1.1.running_mean", "conv1.1.running_var", "conv1.3.weight", "conv1.3.bias", "conv1.4.weight", "conv1.4.bias", "conv1.4.running_mean", "conv1.4.running_var", "conv2.0.weight", "conv2.0.bias", "conv2.1.weight", "conv2.1.bias", "conv2.1.running_mean", "conv2.1.running_var", "conv2.3.weight", "conv2.3.bias", "conv2.4.weight", "conv2.4.bias", "conv2.4.running_mean", "conv2.4.running_var", "fc1.1.weight", "fc1.1.bias", "fc2.1.weight", "fc2.1.bias", "fc3.1.weight", "fc3.1.bias". 
2025-04-25T17:07:08,084 [INFO ] W-9000-cifar10_1.0-stdout MODEL_LOG - 	Unexpected key(s) in state_dict: "epoch", "model", "optimizer". 
2025-04-25T17:07:08,084 [INFO ] W-9000-cifar10_1.0-stdout MODEL_LOG - Traceback (most recent call last):
2025-04-25T17:07:08,084 [INFO ] W-9000-cifar10_1.0 org.pytorch.serve.wlm.WorkerThread - Backend response time: 122
2025-04-25T17:07:08,084 [INFO ] W-9000-cifar10_1.0-stdout MODEL_LOG -   File "/home/amin/miniconda3/envs/deep-learning/lib/python3.9/site-packages/ts/model_service_worker.py", line 133, in load_model
2025-04-25T17:07:08,084 [INFO ] W-9000-cifar10_1.0 org.pytorch.serve.wlm.WorkerThread - Backend response time: 122
2025-04-25T17:07:08,084 [DEBUG] W-9000-cifar10_1.0 org.pytorch.serve.wlm.WorkerThread - W-9000-cifar10_1.0 State change WORKER_STARTED -> WORKER_ERROR
2025-04-25T17:07:08,084 [INFO ] W-9000-cifar10_1.0-stdout MODEL_LOG -     service = model_loader.load(
2025-04-25T17:07:08,084 [DEBUG] W-9000-cifar10_1.0 org.pytorch.serve.wlm.WorkerThread - W-9000-cifar10_1.0 State change WORKER_STARTED -> WORKER_ERROR
2025-04-25T17:07:08,084 [INFO ] W-9000-cifar10_1.0-stdout MODEL_LOG -   File "/home/amin/miniconda3/envs/deep-learning/lib/python3.9/site-packages/ts/model_loader.py", line 143, in load
2025-04-25T17:07:08,084 [INFO ] epollEventLoopGroup-5-4 org.pytorch.serve.wlm.WorkerThread - 9000 Worker disconnected. WORKER_STARTED
2025-04-25T17:07:08,084 [INFO ] W-9000-cifar10_1.0 TS_METRICS - WorkerThreadTime.Milliseconds:0.0|#Level:Host|#hostname:amin-GF63-Thin-9SCXR,timestamp:1745575628
2025-04-25T17:07:08,084 [INFO ] W-9000-cifar10_1.0-stdout MODEL_LOG -     initialize_fn(service.context)
2025-04-25T17:07:08,084 [INFO ] epollEventLoopGroup-5-4 org.pytorch.serve.wlm.WorkerThread - 9000 Worker disconnected. WORKER_STARTED
2025-04-25T17:07:08,084 [DEBUG] W-9000-cifar10_1.0 org.pytorch.serve.wlm.WorkerThread - System state is : WORKER_ERROR
2025-04-25T17:07:08,084 [INFO ] W-9000-cifar10_1.0-stdout MODEL_LOG -   File "/home/amin/miniconda3/envs/deep-learning/lib/python3.9/site-packages/ts/torch_handler/base_handler.py", line 191, in initialize
2025-04-25T17:07:08,084 [DEBUG] W-9000-cifar10_1.0 org.pytorch.serve.wlm.WorkerThread - System state is : WORKER_ERROR
2025-04-25T17:07:08,084 [INFO ] W-9000-cifar10_1.0-stdout MODEL_LOG -     self.model = self._load_pickled_model(
2025-04-25T17:07:08,085 [INFO ] W-9000-cifar10_1.0-stdout MODEL_LOG -   File "/home/amin/miniconda3/envs/deep-learning/lib/python3.9/site-packages/ts/torch_handler/base_handler.py", line 356, in _load_pickled_model
2025-04-25T17:07:08,084 [DEBUG] W-9000-cifar10_1.0 org.pytorch.serve.wlm.WorkerThread - Backend worker monitoring thread interrupted or backend worker process died., responseTimeout:120sec
java.lang.InterruptedException: null
	at java.util.concurrent.locks.AbstractQueuedSynchronizer$ConditionObject.awaitNanos(AbstractQueuedSynchronizer.java:1770) ~[?:?]
	at java.util.concurrent.LinkedBlockingDeque.pollFirst(LinkedBlockingDeque.java:515) ~[?:?]
	at java.util.concurrent.LinkedBlockingDeque.poll(LinkedBlockingDeque.java:677) ~[?:?]
	at org.pytorch.serve.wlm.Model.pollBatch(Model.java:482) ~[model-server.jar:?]
	at org.pytorch.serve.wlm.BatchAggregator.pollBatch(BatchAggregator.java:189) ~[model-server.jar:?]
	at org.pytorch.serve.wlm.BatchAggregator.getRequest(BatchAggregator.java:36) ~[model-server.jar:?]
	at org.pytorch.serve.wlm.WorkerThread.run(WorkerThread.java:195) ~[model-server.jar:?]
	at java.util.concurrent.ThreadPoolExecutor.runWorker(ThreadPoolExecutor.java:1144) ~[?:?]
	at java.util.concurrent.ThreadPoolExecutor$Worker.run(ThreadPoolExecutor.java:642) ~[?:?]
	at java.lang.Thread.run(Thread.java:1583) [?:?]
2025-04-25T17:07:08,085 [INFO ] W-9000-cifar10_1.0-stdout MODEL_LOG -     model.load_state_dict(state_dict)
2025-04-25T17:07:08,084 [DEBUG] W-9000-cifar10_1.0 org.pytorch.serve.wlm.WorkerThread - Backend worker monitoring thread interrupted or backend worker process died., responseTimeout:120sec
java.lang.InterruptedException: null
	at java.util.concurrent.locks.AbstractQueuedSynchronizer$ConditionObject.awaitNanos(AbstractQueuedSynchronizer.java:1770) ~[?:?]
	at java.util.concurrent.LinkedBlockingDeque.pollFirst(LinkedBlockingDeque.java:515) ~[?:?]
	at java.util.concurrent.LinkedBlockingDeque.poll(LinkedBlockingDeque.java:677) ~[?:?]
	at org.pytorch.serve.wlm.Model.pollBatch(Model.java:482) ~[model-server.jar:?]
	at org.pytorch.serve.wlm.BatchAggregator.pollBatch(BatchAggregator.java:189) ~[model-server.jar:?]
	at org.pytorch.serve.wlm.BatchAggregator.getRequest(BatchAggregator.java:36) ~[model-server.jar:?]
	at org.pytorch.serve.wlm.WorkerThread.run(WorkerThread.java:195) ~[model-server.jar:?]
	at java.util.concurrent.ThreadPoolExecutor.runWorker(ThreadPoolExecutor.java:1144) ~[?:?]
	at java.util.concurrent.ThreadPoolExecutor$Worker.run(ThreadPoolExecutor.java:642) ~[?:?]
	at java.lang.Thread.run(Thread.java:1583) [?:?]
2025-04-25T17:07:08,085 [INFO ] W-9000-cifar10_1.0-stdout MODEL_LOG -   File "/home/amin/miniconda3/envs/deep-learning/lib/python3.9/site-packages/torch/nn/modules/module.py", line 2189, in load_state_dict
2025-04-25T17:07:08,085 [DEBUG] W-9000-cifar10_1.0 org.pytorch.serve.wlm.WorkerThread - W-9000-cifar10_1.0 State change WORKER_ERROR -> WORKER_STOPPED
2025-04-25T17:07:08,085 [INFO ] W-9000-cifar10_1.0-stdout MODEL_LOG -     raise RuntimeError('Error(s) in loading state_dict for {}:\n\t{}'.format(
2025-04-25T17:07:08,085 [DEBUG] W-9000-cifar10_1.0 org.pytorch.serve.wlm.WorkerThread - W-9000-cifar10_1.0 State change WORKER_ERROR -> WORKER_STOPPED
2025-04-25T17:07:08,085 [WARN ] W-9000-cifar10_1.0 org.pytorch.serve.wlm.WorkerThread - Auto recovery failed again
2025-04-25T17:07:08,085 [WARN ] W-9000-cifar10_1.0 org.pytorch.serve.wlm.WorkerThread - Auto recovery failed again
2025-04-25T17:07:08,085 [INFO ] W-9000-cifar10_1.0-stdout MODEL_LOG - RuntimeError: Error(s) in loading state_dict for SimpleCNN:
2025-04-25T17:07:08,085 [INFO ] W-9000-cifar10_1.0 org.pytorch.serve.wlm.WorkerThread - Retry worker: 9000 in 3 seconds.
2025-04-25T17:07:08,085 [INFO ] W-9000-cifar10_1.0 org.pytorch.serve.wlm.WorkerThread - Retry worker: 9000 in 3 seconds.
2025-04-25T17:07:08,085 [INFO ] W-9000-cifar10_1.0-stdout MODEL_LOG - 	Missing key(s) in state_dict: "conv1.0.weight", "conv1.0.bias", "conv1.1.weight", "conv1.1.bias", "conv1.1.running_mean", "conv1.1.running_var", "conv1.3.weight", "conv1.3.bias", "conv1.4.weight", "conv1.4.bias", "conv1.4.running_mean", "conv1.4.running_var", "conv2.0.weight", "conv2.0.bias", "conv2.1.weight", "conv2.1.bias", "conv2.1.running_mean", "conv2.1.running_var", "conv2.3.weight", "conv2.3.bias", "conv2.4.weight", "conv2.4.bias", "conv2.4.running_mean", "conv2.4.running_var", "fc1.1.weight", "fc1.1.bias", "fc2.1.weight", "fc2.1.bias", "fc3.1.weight", "fc3.1.bias". 
2025-04-25T17:07:08,085 [INFO ] W-9000-cifar10_1.0-stdout MODEL_LOG - 	Unexpected key(s) in state_dict: "epoch", "model", "optimizer". 
2025-04-25T17:07:08,086 [INFO ] W-9000-cifar10_1.0-stdout org.pytorch.serve.wlm.WorkerLifeCycle - Stopped Scanner - W-9000-cifar10_1.0-stdout
2025-04-25T17:07:08,086 [INFO ] W-9000-cifar10_1.0-stdout org.pytorch.serve.wlm.WorkerLifeCycle - Stopped Scanner - W-9000-cifar10_1.0-stdout
2025-04-25T17:07:08,107 [INFO ] W-9000-cifar10_1.0-stderr org.pytorch.serve.wlm.WorkerLifeCycle - Stopped Scanner - W-9000-cifar10_1.0-stderr
2025-04-25T17:07:08,107 [INFO ] W-9000-cifar10_1.0-stderr org.pytorch.serve.wlm.WorkerLifeCycle - Stopped Scanner - W-9000-cifar10_1.0-stderr
2025-04-25T17:07:11,086 [DEBUG] W-9000-cifar10_1.0 org.pytorch.serve.wlm.WorkerLifeCycle - Worker cmdline: [/home/amin/miniconda3/envs/deep-learning/bin/python, /home/amin/miniconda3/envs/deep-learning/lib/python3.9/site-packages/ts/model_service_worker.py, --sock-type, unix, --sock-name, /tmp/.ts.sock.9000, --metrics-config, /home/amin/miniconda3/envs/deep-learning/lib/python3.9/site-packages/ts/configs/metrics.yaml]
2025-04-25T17:07:11,086 [DEBUG] W-9000-cifar10_1.0 org.pytorch.serve.wlm.WorkerLifeCycle - Worker cmdline: [/home/amin/miniconda3/envs/deep-learning/bin/python, /home/amin/miniconda3/envs/deep-learning/lib/python3.9/site-packages/ts/model_service_worker.py, --sock-type, unix, --sock-name, /tmp/.ts.sock.9000, --metrics-config, /home/amin/miniconda3/envs/deep-learning/lib/python3.9/site-packages/ts/configs/metrics.yaml]
2025-04-25T17:07:12,115 [INFO ] W-9000-cifar10_1.0-stdout MODEL_LOG - s_name_part0=/tmp/.ts.sock, s_name_part1=9000, pid=10772
2025-04-25T17:07:12,116 [INFO ] W-9000-cifar10_1.0-stdout MODEL_LOG - Listening on port: /tmp/.ts.sock.9000
2025-04-25T17:07:12,124 [INFO ] W-9000-cifar10_1.0-stdout MODEL_LOG - Successfully loaded /home/amin/miniconda3/envs/deep-learning/lib/python3.9/site-packages/ts/configs/metrics.yaml.
2025-04-25T17:07:12,125 [INFO ] W-9000-cifar10_1.0-stdout MODEL_LOG - [PID]10772
2025-04-25T17:07:12,125 [INFO ] W-9000-cifar10_1.0-stdout MODEL_LOG - Torch worker started.
2025-04-25T17:07:12,125 [DEBUG] W-9000-cifar10_1.0 org.pytorch.serve.wlm.WorkerThread - W-9000-cifar10_1.0 State change WORKER_STOPPED -> WORKER_STARTED
2025-04-25T17:07:12,125 [INFO ] W-9000-cifar10_1.0-stdout MODEL_LOG - Python runtime: 3.9.21
2025-04-25T17:07:12,125 [DEBUG] W-9000-cifar10_1.0 org.pytorch.serve.wlm.WorkerThread - W-9000-cifar10_1.0 State change WORKER_STOPPED -> WORKER_STARTED
2025-04-25T17:07:12,125 [INFO ] W-9000-cifar10_1.0 org.pytorch.serve.wlm.WorkerThread - Connecting to: /tmp/.ts.sock.9000
2025-04-25T17:07:12,125 [INFO ] W-9000-cifar10_1.0 org.pytorch.serve.wlm.WorkerThread - Connecting to: /tmp/.ts.sock.9000
2025-04-25T17:07:12,126 [DEBUG] W-9000-cifar10_1.0 org.pytorch.serve.wlm.WorkerThread - Flushing req.cmd LOAD repeats 1 to backend at: 1745575632126
2025-04-25T17:07:12,126 [INFO ] W-9000-cifar10_1.0-stdout MODEL_LOG - Connection accepted: /tmp/.ts.sock.9000.
2025-04-25T17:07:12,126 [DEBUG] W-9000-cifar10_1.0 org.pytorch.serve.wlm.WorkerThread - Flushing req.cmd LOAD repeats 1 to backend at: 1745575632126
2025-04-25T17:07:12,126 [INFO ] W-9000-cifar10_1.0 org.pytorch.serve.wlm.WorkerThread - Looping backend response at: 1745575632126
2025-04-25T17:07:12,126 [INFO ] W-9000-cifar10_1.0 org.pytorch.serve.wlm.WorkerThread - Looping backend response at: 1745575632126
2025-04-25T17:07:12,136 [INFO ] W-9000-cifar10_1.0-stdout MODEL_LOG - model_name: cifar10, batchSize: 1
2025-04-25T17:07:12,190 [INFO ] W-9000-cifar10_1.0-stdout MODEL_LOG - OpenVINO is not enabled
2025-04-25T17:07:12,190 [INFO ] W-9000-cifar10_1.0-stdout MODEL_LOG - proceeding without onnxruntime
2025-04-25T17:07:12,190 [INFO ] W-9000-cifar10_1.0-stdout MODEL_LOG - Torch TensorRT not enabled
2025-04-25T17:07:12,274 [INFO ] W-9000-cifar10_1.0-stdout MODEL_LOG - Failed to load model cifar10, exception Error(s) in loading state_dict for SimpleCNN:
2025-04-25T17:07:12,275 [INFO ] W-9000-cifar10_1.0-stdout MODEL_LOG - 	Missing key(s) in state_dict: "conv1.0.weight", "conv1.0.bias", "conv1.1.weight", "conv1.1.bias", "conv1.1.running_mean", "conv1.1.running_var", "conv1.3.weight", "conv1.3.bias", "conv1.4.weight", "conv1.4.bias", "conv1.4.running_mean", "conv1.4.running_var", "conv2.0.weight", "conv2.0.bias", "conv2.1.weight", "conv2.1.bias", "conv2.1.running_mean", "conv2.1.running_var", "conv2.3.weight", "conv2.3.bias", "conv2.4.weight", "conv2.4.bias", "conv2.4.running_mean", "conv2.4.running_var", "fc1.1.weight", "fc1.1.bias", "fc2.1.weight", "fc2.1.bias", "fc3.1.weight", "fc3.1.bias". 
2025-04-25T17:07:12,275 [INFO ] W-9000-cifar10_1.0-stdout MODEL_LOG - 	Unexpected key(s) in state_dict: "epoch", "model", "optimizer". 
2025-04-25T17:07:12,275 [INFO ] W-9000-cifar10_1.0 org.pytorch.serve.wlm.WorkerThread - Backend response time: 149
2025-04-25T17:07:12,275 [INFO ] W-9000-cifar10_1.0-stdout MODEL_LOG - Traceback (most recent call last):
2025-04-25T17:07:12,275 [INFO ] W-9000-cifar10_1.0 org.pytorch.serve.wlm.WorkerThread - Backend response time: 149
2025-04-25T17:07:12,275 [DEBUG] W-9000-cifar10_1.0 org.pytorch.serve.wlm.WorkerThread - W-9000-cifar10_1.0 State change WORKER_STARTED -> WORKER_ERROR
2025-04-25T17:07:12,275 [INFO ] W-9000-cifar10_1.0-stdout MODEL_LOG -   File "/home/amin/miniconda3/envs/deep-learning/lib/python3.9/site-packages/ts/model_service_worker.py", line 133, in load_model
2025-04-25T17:07:12,275 [DEBUG] W-9000-cifar10_1.0 org.pytorch.serve.wlm.WorkerThread - W-9000-cifar10_1.0 State change WORKER_STARTED -> WORKER_ERROR
2025-04-25T17:07:12,275 [INFO ] W-9000-cifar10_1.0-stdout MODEL_LOG -     service = model_loader.load(
2025-04-25T17:07:12,275 [INFO ] W-9000-cifar10_1.0 TS_METRICS - WorkerThreadTime.Milliseconds:0.0|#Level:Host|#hostname:amin-GF63-Thin-9SCXR,timestamp:1745575632
2025-04-25T17:07:12,275 [INFO ] W-9000-cifar10_1.0-stdout MODEL_LOG -   File "/home/amin/miniconda3/envs/deep-learning/lib/python3.9/site-packages/ts/model_loader.py", line 143, in load
2025-04-25T17:07:12,275 [INFO ] epollEventLoopGroup-5-5 org.pytorch.serve.wlm.WorkerThread - 9000 Worker disconnected. WORKER_STARTED
2025-04-25T17:07:12,275 [INFO ] W-9000-cifar10_1.0-stdout MODEL_LOG -     initialize_fn(service.context)
2025-04-25T17:07:12,275 [INFO ] epollEventLoopGroup-5-5 org.pytorch.serve.wlm.WorkerThread - 9000 Worker disconnected. WORKER_STARTED
2025-04-25T17:07:12,275 [INFO ] W-9000-cifar10_1.0-stdout MODEL_LOG -   File "/home/amin/miniconda3/envs/deep-learning/lib/python3.9/site-packages/ts/torch_handler/base_handler.py", line 191, in initialize
2025-04-25T17:07:12,276 [DEBUG] W-9000-cifar10_1.0 org.pytorch.serve.wlm.WorkerThread - System state is : WORKER_ERROR
2025-04-25T17:07:12,276 [DEBUG] W-9000-cifar10_1.0 org.pytorch.serve.wlm.WorkerThread - System state is : WORKER_ERROR
2025-04-25T17:07:12,276 [INFO ] W-9000-cifar10_1.0-stdout MODEL_LOG -     self.model = self._load_pickled_model(
2025-04-25T17:07:12,276 [INFO ] W-9000-cifar10_1.0-stdout MODEL_LOG -   File "/home/amin/miniconda3/envs/deep-learning/lib/python3.9/site-packages/ts/torch_handler/base_handler.py", line 356, in _load_pickled_model
2025-04-25T17:07:12,276 [INFO ] W-9000-cifar10_1.0-stdout MODEL_LOG -     model.load_state_dict(state_dict)
2025-04-25T17:07:12,276 [INFO ] W-9000-cifar10_1.0-stdout MODEL_LOG -   File "/home/amin/miniconda3/envs/deep-learning/lib/python3.9/site-packages/torch/nn/modules/module.py", line 2189, in load_state_dict
2025-04-25T17:07:12,276 [INFO ] W-9000-cifar10_1.0-stdout MODEL_LOG -     raise RuntimeError('Error(s) in loading state_dict for {}:\n\t{}'.format(
2025-04-25T17:07:12,276 [DEBUG] W-9000-cifar10_1.0 org.pytorch.serve.wlm.WorkerThread - Backend worker monitoring thread interrupted or backend worker process died., responseTimeout:120sec
java.lang.InterruptedException: null
	at java.util.concurrent.locks.AbstractQueuedSynchronizer$ConditionObject.awaitNanos(AbstractQueuedSynchronizer.java:1770) ~[?:?]
	at java.util.concurrent.LinkedBlockingDeque.pollFirst(LinkedBlockingDeque.java:515) ~[?:?]
	at java.util.concurrent.LinkedBlockingDeque.poll(LinkedBlockingDeque.java:677) ~[?:?]
	at org.pytorch.serve.wlm.Model.pollBatch(Model.java:482) ~[model-server.jar:?]
	at org.pytorch.serve.wlm.BatchAggregator.pollBatch(BatchAggregator.java:189) ~[model-server.jar:?]
	at org.pytorch.serve.wlm.BatchAggregator.getRequest(BatchAggregator.java:36) ~[model-server.jar:?]
	at org.pytorch.serve.wlm.WorkerThread.run(WorkerThread.java:195) ~[model-server.jar:?]
	at java.util.concurrent.ThreadPoolExecutor.runWorker(ThreadPoolExecutor.java:1144) ~[?:?]
	at java.util.concurrent.ThreadPoolExecutor$Worker.run(ThreadPoolExecutor.java:642) ~[?:?]
	at java.lang.Thread.run(Thread.java:1583) [?:?]
2025-04-25T17:07:12,276 [INFO ] W-9000-cifar10_1.0-stdout MODEL_LOG - RuntimeError: Error(s) in loading state_dict for SimpleCNN:
2025-04-25T17:07:12,276 [DEBUG] W-9000-cifar10_1.0 org.pytorch.serve.wlm.WorkerThread - Backend worker monitoring thread interrupted or backend worker process died., responseTimeout:120sec
java.lang.InterruptedException: null
	at java.util.concurrent.locks.AbstractQueuedSynchronizer$ConditionObject.awaitNanos(AbstractQueuedSynchronizer.java:1770) ~[?:?]
	at java.util.concurrent.LinkedBlockingDeque.pollFirst(LinkedBlockingDeque.java:515) ~[?:?]
	at java.util.concurrent.LinkedBlockingDeque.poll(LinkedBlockingDeque.java:677) ~[?:?]
	at org.pytorch.serve.wlm.Model.pollBatch(Model.java:482) ~[model-server.jar:?]
	at org.pytorch.serve.wlm.BatchAggregator.pollBatch(BatchAggregator.java:189) ~[model-server.jar:?]
	at org.pytorch.serve.wlm.BatchAggregator.getRequest(BatchAggregator.java:36) ~[model-server.jar:?]
	at org.pytorch.serve.wlm.WorkerThread.run(WorkerThread.java:195) ~[model-server.jar:?]
	at java.util.concurrent.ThreadPoolExecutor.runWorker(ThreadPoolExecutor.java:1144) ~[?:?]
	at java.util.concurrent.ThreadPoolExecutor$Worker.run(ThreadPoolExecutor.java:642) ~[?:?]
	at java.lang.Thread.run(Thread.java:1583) [?:?]
2025-04-25T17:07:12,276 [DEBUG] W-9000-cifar10_1.0 org.pytorch.serve.wlm.WorkerThread - W-9000-cifar10_1.0 State change WORKER_ERROR -> WORKER_STOPPED
2025-04-25T17:07:12,276 [INFO ] W-9000-cifar10_1.0-stdout MODEL_LOG - 	Missing key(s) in state_dict: "conv1.0.weight", "conv1.0.bias", "conv1.1.weight", "conv1.1.bias", "conv1.1.running_mean", "conv1.1.running_var", "conv1.3.weight", "conv1.3.bias", "conv1.4.weight", "conv1.4.bias", "conv1.4.running_mean", "conv1.4.running_var", "conv2.0.weight", "conv2.0.bias", "conv2.1.weight", "conv2.1.bias", "conv2.1.running_mean", "conv2.1.running_var", "conv2.3.weight", "conv2.3.bias", "conv2.4.weight", "conv2.4.bias", "conv2.4.running_mean", "conv2.4.running_var", "fc1.1.weight", "fc1.1.bias", "fc2.1.weight", "fc2.1.bias", "fc3.1.weight", "fc3.1.bias". 
2025-04-25T17:07:12,276 [DEBUG] W-9000-cifar10_1.0 org.pytorch.serve.wlm.WorkerThread - W-9000-cifar10_1.0 State change WORKER_ERROR -> WORKER_STOPPED
2025-04-25T17:07:12,276 [WARN ] W-9000-cifar10_1.0 org.pytorch.serve.wlm.WorkerThread - Auto recovery failed again
2025-04-25T17:07:12,276 [INFO ] W-9000-cifar10_1.0-stdout MODEL_LOG - 	Unexpected key(s) in state_dict: "epoch", "model", "optimizer". 
2025-04-25T17:07:12,276 [WARN ] W-9000-cifar10_1.0 org.pytorch.serve.wlm.WorkerThread - Auto recovery failed again
2025-04-25T17:07:12,276 [INFO ] W-9000-cifar10_1.0-stdout MODEL_LOG - Backend worker process died.
2025-04-25T17:07:12,276 [INFO ] W-9000-cifar10_1.0-stdout MODEL_LOG - Traceback (most recent call last):
2025-04-25T17:07:12,276 [INFO ] W-9000-cifar10_1.0 org.pytorch.serve.wlm.WorkerThread - Retry worker: 9000 in 5 seconds.
2025-04-25T17:07:12,276 [INFO ] W-9000-cifar10_1.0 org.pytorch.serve.wlm.WorkerThread - Retry worker: 9000 in 5 seconds.
2025-04-25T17:07:12,276 [INFO ] W-9000-cifar10_1.0-stdout MODEL_LOG -   File "/home/amin/miniconda3/envs/deep-learning/lib/python3.9/site-packages/ts/model_service_worker.py", line 301, in <module>
2025-04-25T17:07:12,277 [INFO ] W-9000-cifar10_1.0-stdout MODEL_LOG -     worker.run_server()
2025-04-25T17:07:12,277 [INFO ] W-9000-cifar10_1.0-stdout MODEL_LOG -   File "/home/amin/miniconda3/envs/deep-learning/lib/python3.9/site-packages/ts/model_service_worker.py", line 268, in run_server
2025-04-25T17:07:12,277 [INFO ] W-9000-cifar10_1.0-stdout MODEL_LOG -     self.handle_connection(cl_socket)
2025-04-25T17:07:12,277 [INFO ] W-9000-cifar10_1.0-stdout MODEL_LOG -   File "/home/amin/miniconda3/envs/deep-learning/lib/python3.9/site-packages/ts/model_service_worker.py", line 201, in handle_connection
2025-04-25T17:07:12,277 [INFO ] W-9000-cifar10_1.0-stdout MODEL_LOG -     raise RuntimeError("{} - {}".format(code, result))
2025-04-25T17:07:12,277 [INFO ] W-9000-cifar10_1.0-stdout MODEL_LOG - RuntimeError: 500 - Unknown exception
2025-04-25T17:07:12,277 [INFO ] W-9000-cifar10_1.0-stdout org.pytorch.serve.wlm.WorkerLifeCycle - Stopped Scanner - W-9000-cifar10_1.0-stdout
2025-04-25T17:07:12,277 [INFO ] W-9000-cifar10_1.0-stdout org.pytorch.serve.wlm.WorkerLifeCycle - Stopped Scanner - W-9000-cifar10_1.0-stdout
2025-04-25T17:07:12,299 [INFO ] W-9000-cifar10_1.0-stderr org.pytorch.serve.wlm.WorkerLifeCycle - Stopped Scanner - W-9000-cifar10_1.0-stderr
2025-04-25T17:07:12,299 [INFO ] W-9000-cifar10_1.0-stderr org.pytorch.serve.wlm.WorkerLifeCycle - Stopped Scanner - W-9000-cifar10_1.0-stderr
2025-04-25T17:07:17,278 [DEBUG] W-9000-cifar10_1.0 org.pytorch.serve.wlm.WorkerLifeCycle - Worker cmdline: [/home/amin/miniconda3/envs/deep-learning/bin/python, /home/amin/miniconda3/envs/deep-learning/lib/python3.9/site-packages/ts/model_service_worker.py, --sock-type, unix, --sock-name, /tmp/.ts.sock.9000, --metrics-config, /home/amin/miniconda3/envs/deep-learning/lib/python3.9/site-packages/ts/configs/metrics.yaml]
2025-04-25T17:07:17,278 [DEBUG] W-9000-cifar10_1.0 org.pytorch.serve.wlm.WorkerLifeCycle - Worker cmdline: [/home/amin/miniconda3/envs/deep-learning/bin/python, /home/amin/miniconda3/envs/deep-learning/lib/python3.9/site-packages/ts/model_service_worker.py, --sock-type, unix, --sock-name, /tmp/.ts.sock.9000, --metrics-config, /home/amin/miniconda3/envs/deep-learning/lib/python3.9/site-packages/ts/configs/metrics.yaml]
2025-04-25T17:07:18,335 [INFO ] W-9000-cifar10_1.0-stdout MODEL_LOG - s_name_part0=/tmp/.ts.sock, s_name_part1=9000, pid=10791
2025-04-25T17:07:18,336 [INFO ] W-9000-cifar10_1.0-stdout MODEL_LOG - Listening on port: /tmp/.ts.sock.9000
2025-04-25T17:07:18,344 [INFO ] W-9000-cifar10_1.0-stdout MODEL_LOG - Successfully loaded /home/amin/miniconda3/envs/deep-learning/lib/python3.9/site-packages/ts/configs/metrics.yaml.
2025-04-25T17:07:18,344 [INFO ] W-9000-cifar10_1.0-stdout MODEL_LOG - [PID]10791
2025-04-25T17:07:18,344 [INFO ] W-9000-cifar10_1.0-stdout MODEL_LOG - Torch worker started.
2025-04-25T17:07:18,344 [INFO ] W-9000-cifar10_1.0-stdout MODEL_LOG - Python runtime: 3.9.21
2025-04-25T17:07:18,344 [DEBUG] W-9000-cifar10_1.0 org.pytorch.serve.wlm.WorkerThread - W-9000-cifar10_1.0 State change WORKER_STOPPED -> WORKER_STARTED
2025-04-25T17:07:18,344 [DEBUG] W-9000-cifar10_1.0 org.pytorch.serve.wlm.WorkerThread - W-9000-cifar10_1.0 State change WORKER_STOPPED -> WORKER_STARTED
2025-04-25T17:07:18,344 [INFO ] W-9000-cifar10_1.0 org.pytorch.serve.wlm.WorkerThread - Connecting to: /tmp/.ts.sock.9000
2025-04-25T17:07:18,344 [INFO ] W-9000-cifar10_1.0 org.pytorch.serve.wlm.WorkerThread - Connecting to: /tmp/.ts.sock.9000
2025-04-25T17:07:18,345 [INFO ] W-9000-cifar10_1.0-stdout MODEL_LOG - Connection accepted: /tmp/.ts.sock.9000.
2025-04-25T17:07:18,345 [DEBUG] W-9000-cifar10_1.0 org.pytorch.serve.wlm.WorkerThread - Flushing req.cmd LOAD repeats 1 to backend at: 1745575638345
2025-04-25T17:07:18,345 [DEBUG] W-9000-cifar10_1.0 org.pytorch.serve.wlm.WorkerThread - Flushing req.cmd LOAD repeats 1 to backend at: 1745575638345
2025-04-25T17:07:18,345 [INFO ] W-9000-cifar10_1.0 org.pytorch.serve.wlm.WorkerThread - Looping backend response at: 1745575638345
2025-04-25T17:07:18,345 [INFO ] W-9000-cifar10_1.0 org.pytorch.serve.wlm.WorkerThread - Looping backend response at: 1745575638345
2025-04-25T17:07:18,355 [INFO ] W-9000-cifar10_1.0-stdout MODEL_LOG - model_name: cifar10, batchSize: 1
2025-04-25T17:07:18,408 [INFO ] W-9000-cifar10_1.0-stdout MODEL_LOG - OpenVINO is not enabled
2025-04-25T17:07:18,408 [INFO ] W-9000-cifar10_1.0-stdout MODEL_LOG - proceeding without onnxruntime
2025-04-25T17:07:18,408 [INFO ] W-9000-cifar10_1.0-stdout MODEL_LOG - Torch TensorRT not enabled
2025-04-25T17:07:18,489 [INFO ] W-9000-cifar10_1.0-stdout MODEL_LOG - Failed to load model cifar10, exception Error(s) in loading state_dict for SimpleCNN:
2025-04-25T17:07:18,490 [INFO ] W-9000-cifar10_1.0-stdout MODEL_LOG - 	Missing key(s) in state_dict: "conv1.0.weight", "conv1.0.bias", "conv1.1.weight", "conv1.1.bias", "conv1.1.running_mean", "conv1.1.running_var", "conv1.3.weight", "conv1.3.bias", "conv1.4.weight", "conv1.4.bias", "conv1.4.running_mean", "conv1.4.running_var", "conv2.0.weight", "conv2.0.bias", "conv2.1.weight", "conv2.1.bias", "conv2.1.running_mean", "conv2.1.running_var", "conv2.3.weight", "conv2.3.bias", "conv2.4.weight", "conv2.4.bias", "conv2.4.running_mean", "conv2.4.running_var", "fc1.1.weight", "fc1.1.bias", "fc2.1.weight", "fc2.1.bias", "fc3.1.weight", "fc3.1.bias". 
2025-04-25T17:07:18,490 [INFO ] W-9000-cifar10_1.0 org.pytorch.serve.wlm.WorkerThread - Backend response time: 145
2025-04-25T17:07:18,490 [INFO ] W-9000-cifar10_1.0 org.pytorch.serve.wlm.WorkerThread - Backend response time: 145
2025-04-25T17:07:18,490 [INFO ] W-9000-cifar10_1.0-stdout MODEL_LOG - 	Unexpected key(s) in state_dict: "epoch", "model", "optimizer". 
2025-04-25T17:07:18,490 [DEBUG] W-9000-cifar10_1.0 org.pytorch.serve.wlm.WorkerThread - W-9000-cifar10_1.0 State change WORKER_STARTED -> WORKER_ERROR
2025-04-25T17:07:18,490 [INFO ] W-9000-cifar10_1.0-stdout MODEL_LOG - Traceback (most recent call last):
2025-04-25T17:07:18,490 [DEBUG] W-9000-cifar10_1.0 org.pytorch.serve.wlm.WorkerThread - W-9000-cifar10_1.0 State change WORKER_STARTED -> WORKER_ERROR
2025-04-25T17:07:18,490 [INFO ] W-9000-cifar10_1.0-stdout MODEL_LOG -   File "/home/amin/miniconda3/envs/deep-learning/lib/python3.9/site-packages/ts/model_service_worker.py", line 133, in load_model
2025-04-25T17:07:18,490 [INFO ] W-9000-cifar10_1.0 TS_METRICS - WorkerThreadTime.Milliseconds:0.0|#Level:Host|#hostname:amin-GF63-Thin-9SCXR,timestamp:1745575638
2025-04-25T17:07:18,490 [INFO ] W-9000-cifar10_1.0-stdout MODEL_LOG -     service = model_loader.load(
2025-04-25T17:07:18,490 [INFO ] W-9000-cifar10_1.0-stdout MODEL_LOG -   File "/home/amin/miniconda3/envs/deep-learning/lib/python3.9/site-packages/ts/model_loader.py", line 143, in load
2025-04-25T17:07:18,490 [INFO ] W-9000-cifar10_1.0-stdout MODEL_LOG -     initialize_fn(service.context)
2025-04-25T17:07:18,490 [INFO ] W-9000-cifar10_1.0-stdout MODEL_LOG -   File "/home/amin/miniconda3/envs/deep-learning/lib/python3.9/site-packages/ts/torch_handler/base_handler.py", line 191, in initialize
2025-04-25T17:07:18,490 [INFO ] W-9000-cifar10_1.0-stdout MODEL_LOG -     self.model = self._load_pickled_model(
2025-04-25T17:07:18,490 [INFO ] W-9000-cifar10_1.0-stdout MODEL_LOG -   File "/home/amin/miniconda3/envs/deep-learning/lib/python3.9/site-packages/ts/torch_handler/base_handler.py", line 356, in _load_pickled_model
2025-04-25T17:07:18,490 [INFO ] W-9000-cifar10_1.0-stdout MODEL_LOG -     model.load_state_dict(state_dict)
2025-04-25T17:07:18,491 [INFO ] W-9000-cifar10_1.0-stdout MODEL_LOG -   File "/home/amin/miniconda3/envs/deep-learning/lib/python3.9/site-packages/torch/nn/modules/module.py", line 2189, in load_state_dict
2025-04-25T17:07:18,491 [INFO ] W-9000-cifar10_1.0-stdout MODEL_LOG -     raise RuntimeError('Error(s) in loading state_dict for {}:\n\t{}'.format(
2025-04-25T17:07:18,491 [INFO ] W-9000-cifar10_1.0-stdout MODEL_LOG - RuntimeError: Error(s) in loading state_dict for SimpleCNN:
2025-04-25T17:07:18,491 [INFO ] W-9000-cifar10_1.0-stdout MODEL_LOG - 	Missing key(s) in state_dict: "conv1.0.weight", "conv1.0.bias", "conv1.1.weight", "conv1.1.bias", "conv1.1.running_mean", "conv1.1.running_var", "conv1.3.weight", "conv1.3.bias", "conv1.4.weight", "conv1.4.bias", "conv1.4.running_mean", "conv1.4.running_var", "conv2.0.weight", "conv2.0.bias", "conv2.1.weight", "conv2.1.bias", "conv2.1.running_mean", "conv2.1.running_var", "conv2.3.weight", "conv2.3.bias", "conv2.4.weight", "conv2.4.bias", "conv2.4.running_mean", "conv2.4.running_var", "fc1.1.weight", "fc1.1.bias", "fc2.1.weight", "fc2.1.bias", "fc3.1.weight", "fc3.1.bias". 
2025-04-25T17:07:18,491 [INFO ] W-9000-cifar10_1.0-stdout MODEL_LOG - 	Unexpected key(s) in state_dict: "epoch", "model", "optimizer". 
2025-04-25T17:07:18,491 [INFO ] W-9000-cifar10_1.0-stdout MODEL_LOG - Backend worker process died.
2025-04-25T17:07:18,491 [INFO ] W-9000-cifar10_1.0-stdout MODEL_LOG - Traceback (most recent call last):
2025-04-25T17:07:18,491 [INFO ] W-9000-cifar10_1.0-stdout MODEL_LOG -   File "/home/amin/miniconda3/envs/deep-learning/lib/python3.9/site-packages/ts/model_service_worker.py", line 301, in <module>
2025-04-25T17:07:18,491 [INFO ] epollEventLoopGroup-5-6 org.pytorch.serve.wlm.WorkerThread - 9000 Worker disconnected. WORKER_ERROR
2025-04-25T17:07:18,491 [INFO ] W-9000-cifar10_1.0-stdout MODEL_LOG -     worker.run_server()
2025-04-25T17:07:18,491 [INFO ] W-9000-cifar10_1.0-stdout MODEL_LOG -   File "/home/amin/miniconda3/envs/deep-learning/lib/python3.9/site-packages/ts/model_service_worker.py", line 268, in run_server
2025-04-25T17:07:18,491 [INFO ] epollEventLoopGroup-5-6 org.pytorch.serve.wlm.WorkerThread - 9000 Worker disconnected. WORKER_ERROR
2025-04-25T17:07:18,491 [INFO ] W-9000-cifar10_1.0-stdout MODEL_LOG -     self.handle_connection(cl_socket)
2025-04-25T17:07:18,491 [DEBUG] W-9000-cifar10_1.0 org.pytorch.serve.wlm.WorkerThread - System state is : WORKER_ERROR
2025-04-25T17:07:18,491 [DEBUG] W-9000-cifar10_1.0 org.pytorch.serve.wlm.WorkerThread - System state is : WORKER_ERROR
2025-04-25T17:07:18,492 [INFO ] W-9000-cifar10_1.0-stdout MODEL_LOG -   File "/home/amin/miniconda3/envs/deep-learning/lib/python3.9/site-packages/ts/model_service_worker.py", line 201, in handle_connection
2025-04-25T17:07:18,492 [INFO ] W-9000-cifar10_1.0-stdout MODEL_LOG -     raise RuntimeError("{} - {}".format(code, result))
2025-04-25T17:07:18,492 [DEBUG] W-9000-cifar10_1.0 org.pytorch.serve.wlm.WorkerThread - Backend worker monitoring thread interrupted or backend worker process died., responseTimeout:120sec
java.lang.InterruptedException: null
	at java.util.concurrent.locks.AbstractQueuedSynchronizer$ConditionObject.awaitNanos(AbstractQueuedSynchronizer.java:1770) ~[?:?]
	at java.util.concurrent.LinkedBlockingDeque.pollFirst(LinkedBlockingDeque.java:515) ~[?:?]
	at java.util.concurrent.LinkedBlockingDeque.poll(LinkedBlockingDeque.java:677) ~[?:?]
	at org.pytorch.serve.wlm.Model.pollBatch(Model.java:482) ~[model-server.jar:?]
	at org.pytorch.serve.wlm.BatchAggregator.pollBatch(BatchAggregator.java:189) ~[model-server.jar:?]
	at org.pytorch.serve.wlm.BatchAggregator.getRequest(BatchAggregator.java:36) ~[model-server.jar:?]
	at org.pytorch.serve.wlm.WorkerThread.run(WorkerThread.java:195) ~[model-server.jar:?]
	at java.util.concurrent.ThreadPoolExecutor.runWorker(ThreadPoolExecutor.java:1144) ~[?:?]
	at java.util.concurrent.ThreadPoolExecutor$Worker.run(ThreadPoolExecutor.java:642) ~[?:?]
	at java.lang.Thread.run(Thread.java:1583) [?:?]
2025-04-25T17:07:18,492 [INFO ] W-9000-cifar10_1.0-stdout MODEL_LOG - RuntimeError: 500 - Unknown exception
2025-04-25T17:07:18,492 [DEBUG] W-9000-cifar10_1.0 org.pytorch.serve.wlm.WorkerThread - Backend worker monitoring thread interrupted or backend worker process died., responseTimeout:120sec
java.lang.InterruptedException: null
	at java.util.concurrent.locks.AbstractQueuedSynchronizer$ConditionObject.awaitNanos(AbstractQueuedSynchronizer.java:1770) ~[?:?]
	at java.util.concurrent.LinkedBlockingDeque.pollFirst(LinkedBlockingDeque.java:515) ~[?:?]
	at java.util.concurrent.LinkedBlockingDeque.poll(LinkedBlockingDeque.java:677) ~[?:?]
	at org.pytorch.serve.wlm.Model.pollBatch(Model.java:482) ~[model-server.jar:?]
	at org.pytorch.serve.wlm.BatchAggregator.pollBatch(BatchAggregator.java:189) ~[model-server.jar:?]
	at org.pytorch.serve.wlm.BatchAggregator.getRequest(BatchAggregator.java:36) ~[model-server.jar:?]
	at org.pytorch.serve.wlm.WorkerThread.run(WorkerThread.java:195) ~[model-server.jar:?]
	at java.util.concurrent.ThreadPoolExecutor.runWorker(ThreadPoolExecutor.java:1144) ~[?:?]
	at java.util.concurrent.ThreadPoolExecutor$Worker.run(ThreadPoolExecutor.java:642) ~[?:?]
	at java.lang.Thread.run(Thread.java:1583) [?:?]
2025-04-25T17:07:18,492 [DEBUG] W-9000-cifar10_1.0 org.pytorch.serve.wlm.WorkerThread - W-9000-cifar10_1.0 State change WORKER_ERROR -> WORKER_STOPPED
2025-04-25T17:07:18,492 [DEBUG] W-9000-cifar10_1.0 org.pytorch.serve.wlm.WorkerThread - W-9000-cifar10_1.0 State change WORKER_ERROR -> WORKER_STOPPED
2025-04-25T17:07:18,492 [WARN ] W-9000-cifar10_1.0 org.pytorch.serve.wlm.WorkerThread - Auto recovery failed again
2025-04-25T17:07:18,492 [WARN ] W-9000-cifar10_1.0 org.pytorch.serve.wlm.WorkerThread - Auto recovery failed again
2025-04-25T17:07:18,492 [INFO ] W-9000-cifar10_1.0 org.pytorch.serve.wlm.WorkerThread - Retry worker: 9000 in 8 seconds.
2025-04-25T17:07:18,492 [INFO ] W-9000-cifar10_1.0 org.pytorch.serve.wlm.WorkerThread - Retry worker: 9000 in 8 seconds.
2025-04-25T17:07:18,518 [INFO ] W-9000-cifar10_1.0-stdout org.pytorch.serve.wlm.WorkerLifeCycle - Stopped Scanner - W-9000-cifar10_1.0-stdout
2025-04-25T17:07:18,518 [INFO ] W-9000-cifar10_1.0-stdout org.pytorch.serve.wlm.WorkerLifeCycle - Stopped Scanner - W-9000-cifar10_1.0-stdout
2025-04-25T17:07:18,518 [INFO ] W-9000-cifar10_1.0-stderr org.pytorch.serve.wlm.WorkerLifeCycle - Stopped Scanner - W-9000-cifar10_1.0-stderr
2025-04-25T17:07:18,518 [INFO ] W-9000-cifar10_1.0-stderr org.pytorch.serve.wlm.WorkerLifeCycle - Stopped Scanner - W-9000-cifar10_1.0-stderr
2025-04-25T17:07:18,970 [INFO ] epollEventLoopGroup-3-1 ACCESS_LOG - /127.0.0.1:52202 "POST /predictions/cifar10 HTTP/1.1" 400 2
2025-04-25T17:07:18,971 [INFO ] epollEventLoopGroup-3-1 TS_METRICS - Requests4XX.Count:1.0|#Level:Host|#hostname:amin-GF63-Thin-9SCXR,timestamp:1745575638
2025-04-25T17:07:26,492 [DEBUG] W-9000-cifar10_1.0 org.pytorch.serve.wlm.WorkerLifeCycle - Worker cmdline: [/home/amin/miniconda3/envs/deep-learning/bin/python, /home/amin/miniconda3/envs/deep-learning/lib/python3.9/site-packages/ts/model_service_worker.py, --sock-type, unix, --sock-name, /tmp/.ts.sock.9000, --metrics-config, /home/amin/miniconda3/envs/deep-learning/lib/python3.9/site-packages/ts/configs/metrics.yaml]
2025-04-25T17:07:26,492 [DEBUG] W-9000-cifar10_1.0 org.pytorch.serve.wlm.WorkerLifeCycle - Worker cmdline: [/home/amin/miniconda3/envs/deep-learning/bin/python, /home/amin/miniconda3/envs/deep-learning/lib/python3.9/site-packages/ts/model_service_worker.py, --sock-type, unix, --sock-name, /tmp/.ts.sock.9000, --metrics-config, /home/amin/miniconda3/envs/deep-learning/lib/python3.9/site-packages/ts/configs/metrics.yaml]
2025-04-25T17:07:27,529 [INFO ] W-9000-cifar10_1.0-stdout MODEL_LOG - s_name_part0=/tmp/.ts.sock, s_name_part1=9000, pid=10812
2025-04-25T17:07:27,530 [INFO ] W-9000-cifar10_1.0-stdout MODEL_LOG - Listening on port: /tmp/.ts.sock.9000
2025-04-25T17:07:27,541 [INFO ] W-9000-cifar10_1.0-stdout MODEL_LOG - Successfully loaded /home/amin/miniconda3/envs/deep-learning/lib/python3.9/site-packages/ts/configs/metrics.yaml.
2025-04-25T17:07:27,541 [INFO ] W-9000-cifar10_1.0-stdout MODEL_LOG - [PID]10812
2025-04-25T17:07:27,541 [INFO ] W-9000-cifar10_1.0-stdout MODEL_LOG - Torch worker started.
2025-04-25T17:07:27,541 [DEBUG] W-9000-cifar10_1.0 org.pytorch.serve.wlm.WorkerThread - W-9000-cifar10_1.0 State change WORKER_STOPPED -> WORKER_STARTED
2025-04-25T17:07:27,541 [INFO ] W-9000-cifar10_1.0-stdout MODEL_LOG - Python runtime: 3.9.21
2025-04-25T17:07:27,541 [DEBUG] W-9000-cifar10_1.0 org.pytorch.serve.wlm.WorkerThread - W-9000-cifar10_1.0 State change WORKER_STOPPED -> WORKER_STARTED
2025-04-25T17:07:27,541 [INFO ] W-9000-cifar10_1.0 org.pytorch.serve.wlm.WorkerThread - Connecting to: /tmp/.ts.sock.9000
2025-04-25T17:07:27,541 [INFO ] W-9000-cifar10_1.0 org.pytorch.serve.wlm.WorkerThread - Connecting to: /tmp/.ts.sock.9000
2025-04-25T17:07:27,542 [DEBUG] W-9000-cifar10_1.0 org.pytorch.serve.wlm.WorkerThread - Flushing req.cmd LOAD repeats 1 to backend at: 1745575647542
2025-04-25T17:07:27,542 [INFO ] W-9000-cifar10_1.0-stdout MODEL_LOG - Connection accepted: /tmp/.ts.sock.9000.
2025-04-25T17:07:27,542 [DEBUG] W-9000-cifar10_1.0 org.pytorch.serve.wlm.WorkerThread - Flushing req.cmd LOAD repeats 1 to backend at: 1745575647542
2025-04-25T17:07:27,542 [INFO ] W-9000-cifar10_1.0 org.pytorch.serve.wlm.WorkerThread - Looping backend response at: 1745575647542
2025-04-25T17:07:27,542 [INFO ] W-9000-cifar10_1.0 org.pytorch.serve.wlm.WorkerThread - Looping backend response at: 1745575647542
2025-04-25T17:07:27,556 [INFO ] W-9000-cifar10_1.0-stdout MODEL_LOG - model_name: cifar10, batchSize: 1
2025-04-25T17:07:27,610 [INFO ] W-9000-cifar10_1.0-stdout MODEL_LOG - OpenVINO is not enabled
2025-04-25T17:07:27,610 [INFO ] W-9000-cifar10_1.0-stdout MODEL_LOG - proceeding without onnxruntime
2025-04-25T17:07:27,611 [INFO ] W-9000-cifar10_1.0-stdout MODEL_LOG - Torch TensorRT not enabled
2025-04-25T17:07:27,697 [INFO ] W-9000-cifar10_1.0-stdout MODEL_LOG - Failed to load model cifar10, exception Error(s) in loading state_dict for SimpleCNN:
2025-04-25T17:07:27,698 [INFO ] W-9000-cifar10_1.0-stdout MODEL_LOG - 	Missing key(s) in state_dict: "conv1.0.weight", "conv1.0.bias", "conv1.1.weight", "conv1.1.bias", "conv1.1.running_mean", "conv1.1.running_var", "conv1.3.weight", "conv1.3.bias", "conv1.4.weight", "conv1.4.bias", "conv1.4.running_mean", "conv1.4.running_var", "conv2.0.weight", "conv2.0.bias", "conv2.1.weight", "conv2.1.bias", "conv2.1.running_mean", "conv2.1.running_var", "conv2.3.weight", "conv2.3.bias", "conv2.4.weight", "conv2.4.bias", "conv2.4.running_mean", "conv2.4.running_var", "fc1.1.weight", "fc1.1.bias", "fc2.1.weight", "fc2.1.bias", "fc3.1.weight", "fc3.1.bias". 
2025-04-25T17:07:27,698 [INFO ] W-9000-cifar10_1.0 org.pytorch.serve.wlm.WorkerThread - Backend response time: 156
2025-04-25T17:07:27,698 [INFO ] W-9000-cifar10_1.0 org.pytorch.serve.wlm.WorkerThread - Backend response time: 156
2025-04-25T17:07:27,698 [INFO ] W-9000-cifar10_1.0-stdout MODEL_LOG - 	Unexpected key(s) in state_dict: "epoch", "model", "optimizer". 
2025-04-25T17:07:27,698 [DEBUG] W-9000-cifar10_1.0 org.pytorch.serve.wlm.WorkerThread - W-9000-cifar10_1.0 State change WORKER_STARTED -> WORKER_ERROR
2025-04-25T17:07:27,698 [DEBUG] W-9000-cifar10_1.0 org.pytorch.serve.wlm.WorkerThread - W-9000-cifar10_1.0 State change WORKER_STARTED -> WORKER_ERROR
2025-04-25T17:07:27,698 [INFO ] W-9000-cifar10_1.0-stdout MODEL_LOG - Traceback (most recent call last):
2025-04-25T17:07:27,698 [INFO ] W-9000-cifar10_1.0 TS_METRICS - WorkerThreadTime.Milliseconds:0.0|#Level:Host|#hostname:amin-GF63-Thin-9SCXR,timestamp:1745575647
2025-04-25T17:07:27,698 [INFO ] W-9000-cifar10_1.0-stdout MODEL_LOG -   File "/home/amin/miniconda3/envs/deep-learning/lib/python3.9/site-packages/ts/model_service_worker.py", line 133, in load_model
2025-04-25T17:07:27,698 [INFO ] epollEventLoopGroup-5-7 org.pytorch.serve.wlm.WorkerThread - 9000 Worker disconnected. WORKER_STARTED
2025-04-25T17:07:27,698 [INFO ] W-9000-cifar10_1.0-stdout MODEL_LOG -     service = model_loader.load(
2025-04-25T17:07:27,698 [INFO ] epollEventLoopGroup-5-7 org.pytorch.serve.wlm.WorkerThread - 9000 Worker disconnected. WORKER_STARTED
2025-04-25T17:07:27,698 [INFO ] W-9000-cifar10_1.0-stdout MODEL_LOG -   File "/home/amin/miniconda3/envs/deep-learning/lib/python3.9/site-packages/ts/model_loader.py", line 143, in load
2025-04-25T17:07:27,699 [DEBUG] W-9000-cifar10_1.0 org.pytorch.serve.wlm.WorkerThread - System state is : WORKER_ERROR
2025-04-25T17:07:27,699 [DEBUG] W-9000-cifar10_1.0 org.pytorch.serve.wlm.WorkerThread - System state is : WORKER_ERROR
2025-04-25T17:07:27,699 [INFO ] W-9000-cifar10_1.0-stdout MODEL_LOG -     initialize_fn(service.context)
2025-04-25T17:07:27,699 [INFO ] W-9000-cifar10_1.0-stdout MODEL_LOG -   File "/home/amin/miniconda3/envs/deep-learning/lib/python3.9/site-packages/ts/torch_handler/base_handler.py", line 191, in initialize
2025-04-25T17:07:27,699 [DEBUG] W-9000-cifar10_1.0 org.pytorch.serve.wlm.WorkerThread - Backend worker monitoring thread interrupted or backend worker process died., responseTimeout:120sec
java.lang.InterruptedException: null
	at java.util.concurrent.locks.AbstractQueuedSynchronizer$ConditionObject.awaitNanos(AbstractQueuedSynchronizer.java:1770) ~[?:?]
	at java.util.concurrent.LinkedBlockingDeque.pollFirst(LinkedBlockingDeque.java:515) ~[?:?]
	at java.util.concurrent.LinkedBlockingDeque.poll(LinkedBlockingDeque.java:677) ~[?:?]
	at org.pytorch.serve.wlm.Model.pollBatch(Model.java:482) ~[model-server.jar:?]
	at org.pytorch.serve.wlm.BatchAggregator.pollBatch(BatchAggregator.java:189) ~[model-server.jar:?]
	at org.pytorch.serve.wlm.BatchAggregator.getRequest(BatchAggregator.java:36) ~[model-server.jar:?]
	at org.pytorch.serve.wlm.WorkerThread.run(WorkerThread.java:195) ~[model-server.jar:?]
	at java.util.concurrent.ThreadPoolExecutor.runWorker(ThreadPoolExecutor.java:1144) ~[?:?]
	at java.util.concurrent.ThreadPoolExecutor$Worker.run(ThreadPoolExecutor.java:642) ~[?:?]
	at java.lang.Thread.run(Thread.java:1583) [?:?]
2025-04-25T17:07:27,699 [INFO ] W-9000-cifar10_1.0-stdout MODEL_LOG -     self.model = self._load_pickled_model(
2025-04-25T17:07:27,699 [DEBUG] W-9000-cifar10_1.0 org.pytorch.serve.wlm.WorkerThread - Backend worker monitoring thread interrupted or backend worker process died., responseTimeout:120sec
java.lang.InterruptedException: null
	at java.util.concurrent.locks.AbstractQueuedSynchronizer$ConditionObject.awaitNanos(AbstractQueuedSynchronizer.java:1770) ~[?:?]
	at java.util.concurrent.LinkedBlockingDeque.pollFirst(LinkedBlockingDeque.java:515) ~[?:?]
	at java.util.concurrent.LinkedBlockingDeque.poll(LinkedBlockingDeque.java:677) ~[?:?]
	at org.pytorch.serve.wlm.Model.pollBatch(Model.java:482) ~[model-server.jar:?]
	at org.pytorch.serve.wlm.BatchAggregator.pollBatch(BatchAggregator.java:189) ~[model-server.jar:?]
	at org.pytorch.serve.wlm.BatchAggregator.getRequest(BatchAggregator.java:36) ~[model-server.jar:?]
	at org.pytorch.serve.wlm.WorkerThread.run(WorkerThread.java:195) ~[model-server.jar:?]
	at java.util.concurrent.ThreadPoolExecutor.runWorker(ThreadPoolExecutor.java:1144) ~[?:?]
	at java.util.concurrent.ThreadPoolExecutor$Worker.run(ThreadPoolExecutor.java:642) ~[?:?]
	at java.lang.Thread.run(Thread.java:1583) [?:?]
2025-04-25T17:07:27,699 [INFO ] W-9000-cifar10_1.0-stdout MODEL_LOG -   File "/home/amin/miniconda3/envs/deep-learning/lib/python3.9/site-packages/ts/torch_handler/base_handler.py", line 356, in _load_pickled_model
2025-04-25T17:07:27,699 [DEBUG] W-9000-cifar10_1.0 org.pytorch.serve.wlm.WorkerThread - W-9000-cifar10_1.0 State change WORKER_ERROR -> WORKER_STOPPED
2025-04-25T17:07:27,699 [DEBUG] W-9000-cifar10_1.0 org.pytorch.serve.wlm.WorkerThread - W-9000-cifar10_1.0 State change WORKER_ERROR -> WORKER_STOPPED
2025-04-25T17:07:27,699 [WARN ] W-9000-cifar10_1.0 org.pytorch.serve.wlm.WorkerThread - Auto recovery failed again
2025-04-25T17:07:27,699 [WARN ] W-9000-cifar10_1.0 org.pytorch.serve.wlm.WorkerThread - Auto recovery failed again
2025-04-25T17:07:27,699 [INFO ] W-9000-cifar10_1.0-stdout MODEL_LOG -     model.load_state_dict(state_dict)
2025-04-25T17:07:27,699 [INFO ] W-9000-cifar10_1.0-stdout MODEL_LOG -   File "/home/amin/miniconda3/envs/deep-learning/lib/python3.9/site-packages/torch/nn/modules/module.py", line 2189, in load_state_dict
2025-04-25T17:07:27,699 [INFO ] W-9000-cifar10_1.0 org.pytorch.serve.wlm.WorkerThread - Retry worker: 9000 in 13 seconds.
2025-04-25T17:07:27,699 [INFO ] W-9000-cifar10_1.0 org.pytorch.serve.wlm.WorkerThread - Retry worker: 9000 in 13 seconds.
2025-04-25T17:07:27,699 [INFO ] W-9000-cifar10_1.0-stdout MODEL_LOG -     raise RuntimeError('Error(s) in loading state_dict for {}:\n\t{}'.format(
2025-04-25T17:07:27,699 [INFO ] W-9000-cifar10_1.0-stdout MODEL_LOG - RuntimeError: Error(s) in loading state_dict for SimpleCNN:
2025-04-25T17:07:27,700 [INFO ] W-9000-cifar10_1.0-stdout MODEL_LOG - 	Missing key(s) in state_dict: "conv1.0.weight", "conv1.0.bias", "conv1.1.weight", "conv1.1.bias", "conv1.1.running_mean", "conv1.1.running_var", "conv1.3.weight", "conv1.3.bias", "conv1.4.weight", "conv1.4.bias", "conv1.4.running_mean", "conv1.4.running_var", "conv2.0.weight", "conv2.0.bias", "conv2.1.weight", "conv2.1.bias", "conv2.1.running_mean", "conv2.1.running_var", "conv2.3.weight", "conv2.3.bias", "conv2.4.weight", "conv2.4.bias", "conv2.4.running_mean", "conv2.4.running_var", "fc1.1.weight", "fc1.1.bias", "fc2.1.weight", "fc2.1.bias", "fc3.1.weight", "fc3.1.bias". 
2025-04-25T17:07:27,700 [INFO ] W-9000-cifar10_1.0-stdout MODEL_LOG - 	Unexpected key(s) in state_dict: "epoch", "model", "optimizer". 
2025-04-25T17:07:27,700 [INFO ] W-9000-cifar10_1.0-stdout org.pytorch.serve.wlm.WorkerLifeCycle - Stopped Scanner - W-9000-cifar10_1.0-stdout
2025-04-25T17:07:27,700 [INFO ] W-9000-cifar10_1.0-stdout org.pytorch.serve.wlm.WorkerLifeCycle - Stopped Scanner - W-9000-cifar10_1.0-stdout
2025-04-25T17:07:27,725 [INFO ] W-9000-cifar10_1.0-stderr org.pytorch.serve.wlm.WorkerLifeCycle - Stopped Scanner - W-9000-cifar10_1.0-stderr
2025-04-25T17:07:27,725 [INFO ] W-9000-cifar10_1.0-stderr org.pytorch.serve.wlm.WorkerLifeCycle - Stopped Scanner - W-9000-cifar10_1.0-stderr
2025-04-25T17:07:40,701 [DEBUG] W-9000-cifar10_1.0 org.pytorch.serve.wlm.WorkerLifeCycle - Worker cmdline: [/home/amin/miniconda3/envs/deep-learning/bin/python, /home/amin/miniconda3/envs/deep-learning/lib/python3.9/site-packages/ts/model_service_worker.py, --sock-type, unix, --sock-name, /tmp/.ts.sock.9000, --metrics-config, /home/amin/miniconda3/envs/deep-learning/lib/python3.9/site-packages/ts/configs/metrics.yaml]
2025-04-25T17:07:40,701 [DEBUG] W-9000-cifar10_1.0 org.pytorch.serve.wlm.WorkerLifeCycle - Worker cmdline: [/home/amin/miniconda3/envs/deep-learning/bin/python, /home/amin/miniconda3/envs/deep-learning/lib/python3.9/site-packages/ts/model_service_worker.py, --sock-type, unix, --sock-name, /tmp/.ts.sock.9000, --metrics-config, /home/amin/miniconda3/envs/deep-learning/lib/python3.9/site-packages/ts/configs/metrics.yaml]
2025-04-25T17:07:41,732 [INFO ] W-9000-cifar10_1.0-stdout MODEL_LOG - s_name_part0=/tmp/.ts.sock, s_name_part1=9000, pid=10884
2025-04-25T17:07:41,732 [INFO ] W-9000-cifar10_1.0-stdout MODEL_LOG - Listening on port: /tmp/.ts.sock.9000
2025-04-25T17:07:41,740 [INFO ] W-9000-cifar10_1.0-stdout MODEL_LOG - Successfully loaded /home/amin/miniconda3/envs/deep-learning/lib/python3.9/site-packages/ts/configs/metrics.yaml.
2025-04-25T17:07:41,741 [INFO ] W-9000-cifar10_1.0-stdout MODEL_LOG - [PID]10884
2025-04-25T17:07:41,741 [INFO ] W-9000-cifar10_1.0-stdout MODEL_LOG - Torch worker started.
2025-04-25T17:07:41,741 [DEBUG] W-9000-cifar10_1.0 org.pytorch.serve.wlm.WorkerThread - W-9000-cifar10_1.0 State change WORKER_STOPPED -> WORKER_STARTED
2025-04-25T17:07:41,741 [INFO ] W-9000-cifar10_1.0-stdout MODEL_LOG - Python runtime: 3.9.21
2025-04-25T17:07:41,741 [DEBUG] W-9000-cifar10_1.0 org.pytorch.serve.wlm.WorkerThread - W-9000-cifar10_1.0 State change WORKER_STOPPED -> WORKER_STARTED
2025-04-25T17:07:41,741 [INFO ] W-9000-cifar10_1.0 org.pytorch.serve.wlm.WorkerThread - Connecting to: /tmp/.ts.sock.9000
2025-04-25T17:07:41,741 [INFO ] W-9000-cifar10_1.0 org.pytorch.serve.wlm.WorkerThread - Connecting to: /tmp/.ts.sock.9000
2025-04-25T17:07:41,742 [DEBUG] W-9000-cifar10_1.0 org.pytorch.serve.wlm.WorkerThread - Flushing req.cmd LOAD repeats 1 to backend at: 1745575661741
2025-04-25T17:07:41,742 [DEBUG] W-9000-cifar10_1.0 org.pytorch.serve.wlm.WorkerThread - Flushing req.cmd LOAD repeats 1 to backend at: 1745575661741
2025-04-25T17:07:41,742 [INFO ] W-9000-cifar10_1.0-stdout MODEL_LOG - Connection accepted: /tmp/.ts.sock.9000.
2025-04-25T17:07:41,742 [INFO ] W-9000-cifar10_1.0 org.pytorch.serve.wlm.WorkerThread - Looping backend response at: 1745575661742
2025-04-25T17:07:41,742 [INFO ] W-9000-cifar10_1.0 org.pytorch.serve.wlm.WorkerThread - Looping backend response at: 1745575661742
2025-04-25T17:07:41,752 [INFO ] W-9000-cifar10_1.0-stdout MODEL_LOG - model_name: cifar10, batchSize: 1
2025-04-25T17:07:43,369 [INFO ] W-9000-cifar10_1.0-stdout MODEL_LOG - OpenVINO is not enabled
2025-04-25T17:07:43,370 [INFO ] W-9000-cifar10_1.0-stdout MODEL_LOG - proceeding without onnxruntime
2025-04-25T17:07:43,370 [INFO ] W-9000-cifar10_1.0-stdout MODEL_LOG - Torch TensorRT not enabled
2025-04-25T17:07:43,438 [INFO ] W-9000-cifar10_1.0-stdout MODEL_LOG - Failed to load model cifar10, exception Error(s) in loading state_dict for SimpleCNN:
2025-04-25T17:07:43,438 [INFO ] W-9000-cifar10_1.0-stdout MODEL_LOG - 	Missing key(s) in state_dict: "conv1.0.weight", "conv1.0.bias", "conv1.1.weight", "conv1.1.bias", "conv1.1.running_mean", "conv1.1.running_var", "conv1.3.weight", "conv1.3.bias", "conv1.4.weight", "conv1.4.bias", "conv1.4.running_mean", "conv1.4.running_var", "conv2.0.weight", "conv2.0.bias", "conv2.1.weight", "conv2.1.bias", "conv2.1.running_mean", "conv2.1.running_var", "conv2.3.weight", "conv2.3.bias", "conv2.4.weight", "conv2.4.bias", "conv2.4.running_mean", "conv2.4.running_var", "fc1.1.weight", "fc1.1.bias", "fc2.1.weight", "fc2.1.bias", "fc3.1.weight", "fc3.1.bias". 
2025-04-25T17:07:43,438 [INFO ] W-9000-cifar10_1.0-stdout MODEL_LOG - 	Unexpected key(s) in state_dict: "epoch", "model", "optimizer". 
2025-04-25T17:07:43,438 [INFO ] W-9000-cifar10_1.0-stdout MODEL_LOG - Traceback (most recent call last):
2025-04-25T17:07:43,438 [INFO ] W-9000-cifar10_1.0-stdout MODEL_LOG -   File "/home/amin/miniconda3/envs/deep-learning/lib/python3.9/site-packages/ts/model_service_worker.py", line 133, in load_model
2025-04-25T17:07:43,438 [INFO ] W-9000-cifar10_1.0-stdout MODEL_LOG -     service = model_loader.load(
2025-04-25T17:07:43,438 [INFO ] W-9000-cifar10_1.0-stdout MODEL_LOG -   File "/home/amin/miniconda3/envs/deep-learning/lib/python3.9/site-packages/ts/model_loader.py", line 143, in load
2025-04-25T17:07:43,438 [INFO ] W-9000-cifar10_1.0-stdout MODEL_LOG -     initialize_fn(service.context)
2025-04-25T17:07:43,438 [INFO ] W-9000-cifar10_1.0 org.pytorch.serve.wlm.WorkerThread - Backend response time: 1696
2025-04-25T17:07:43,438 [INFO ] W-9000-cifar10_1.0-stdout MODEL_LOG -   File "/home/amin/miniconda3/envs/deep-learning/lib/python3.9/site-packages/ts/torch_handler/base_handler.py", line 191, in initialize
2025-04-25T17:07:43,438 [INFO ] W-9000-cifar10_1.0 org.pytorch.serve.wlm.WorkerThread - Backend response time: 1696
2025-04-25T17:07:43,439 [INFO ] W-9000-cifar10_1.0-stdout MODEL_LOG -     self.model = self._load_pickled_model(
2025-04-25T17:07:43,439 [DEBUG] W-9000-cifar10_1.0 org.pytorch.serve.wlm.WorkerThread - W-9000-cifar10_1.0 State change WORKER_STARTED -> WORKER_ERROR
2025-04-25T17:07:43,439 [DEBUG] W-9000-cifar10_1.0 org.pytorch.serve.wlm.WorkerThread - W-9000-cifar10_1.0 State change WORKER_STARTED -> WORKER_ERROR
2025-04-25T17:07:43,439 [INFO ] W-9000-cifar10_1.0-stdout MODEL_LOG -   File "/home/amin/miniconda3/envs/deep-learning/lib/python3.9/site-packages/ts/torch_handler/base_handler.py", line 356, in _load_pickled_model
2025-04-25T17:07:43,439 [INFO ] epollEventLoopGroup-5-8 org.pytorch.serve.wlm.WorkerThread - 9000 Worker disconnected. WORKER_STARTED
2025-04-25T17:07:43,439 [INFO ] W-9000-cifar10_1.0-stdout MODEL_LOG -     model.load_state_dict(state_dict)
2025-04-25T17:07:43,439 [INFO ] W-9000-cifar10_1.0 TS_METRICS - WorkerThreadTime.Milliseconds:2.0|#Level:Host|#hostname:amin-GF63-Thin-9SCXR,timestamp:1745575663
2025-04-25T17:07:43,439 [INFO ] epollEventLoopGroup-5-8 org.pytorch.serve.wlm.WorkerThread - 9000 Worker disconnected. WORKER_STARTED
2025-04-25T17:07:43,439 [INFO ] W-9000-cifar10_1.0-stdout MODEL_LOG -   File "/home/amin/miniconda3/envs/deep-learning/lib/python3.9/site-packages/torch/nn/modules/module.py", line 2189, in load_state_dict
2025-04-25T17:07:43,439 [DEBUG] W-9000-cifar10_1.0 org.pytorch.serve.wlm.WorkerThread - System state is : WORKER_ERROR
2025-04-25T17:07:43,439 [INFO ] W-9000-cifar10_1.0-stdout MODEL_LOG -     raise RuntimeError('Error(s) in loading state_dict for {}:\n\t{}'.format(
2025-04-25T17:07:43,439 [DEBUG] W-9000-cifar10_1.0 org.pytorch.serve.wlm.WorkerThread - System state is : WORKER_ERROR
2025-04-25T17:07:43,439 [INFO ] W-9000-cifar10_1.0-stdout MODEL_LOG - RuntimeError: Error(s) in loading state_dict for SimpleCNN:
2025-04-25T17:07:43,439 [DEBUG] W-9000-cifar10_1.0 org.pytorch.serve.wlm.WorkerThread - Backend worker monitoring thread interrupted or backend worker process died., responseTimeout:120sec
java.lang.InterruptedException: null
	at java.util.concurrent.locks.AbstractQueuedSynchronizer$ConditionObject.awaitNanos(AbstractQueuedSynchronizer.java:1770) ~[?:?]
	at java.util.concurrent.LinkedBlockingDeque.pollFirst(LinkedBlockingDeque.java:515) ~[?:?]
	at java.util.concurrent.LinkedBlockingDeque.poll(LinkedBlockingDeque.java:677) ~[?:?]
	at org.pytorch.serve.wlm.Model.pollBatch(Model.java:482) ~[model-server.jar:?]
	at org.pytorch.serve.wlm.BatchAggregator.pollBatch(BatchAggregator.java:189) ~[model-server.jar:?]
	at org.pytorch.serve.wlm.BatchAggregator.getRequest(BatchAggregator.java:36) ~[model-server.jar:?]
	at org.pytorch.serve.wlm.WorkerThread.run(WorkerThread.java:195) ~[model-server.jar:?]
	at java.util.concurrent.ThreadPoolExecutor.runWorker(ThreadPoolExecutor.java:1144) ~[?:?]
	at java.util.concurrent.ThreadPoolExecutor$Worker.run(ThreadPoolExecutor.java:642) ~[?:?]
	at java.lang.Thread.run(Thread.java:1583) [?:?]
2025-04-25T17:07:43,439 [INFO ] W-9000-cifar10_1.0-stdout MODEL_LOG - 	Missing key(s) in state_dict: "conv1.0.weight", "conv1.0.bias", "conv1.1.weight", "conv1.1.bias", "conv1.1.running_mean", "conv1.1.running_var", "conv1.3.weight", "conv1.3.bias", "conv1.4.weight", "conv1.4.bias", "conv1.4.running_mean", "conv1.4.running_var", "conv2.0.weight", "conv2.0.bias", "conv2.1.weight", "conv2.1.bias", "conv2.1.running_mean", "conv2.1.running_var", "conv2.3.weight", "conv2.3.bias", "conv2.4.weight", "conv2.4.bias", "conv2.4.running_mean", "conv2.4.running_var", "fc1.1.weight", "fc1.1.bias", "fc2.1.weight", "fc2.1.bias", "fc3.1.weight", "fc3.1.bias". 
2025-04-25T17:07:43,439 [DEBUG] W-9000-cifar10_1.0 org.pytorch.serve.wlm.WorkerThread - Backend worker monitoring thread interrupted or backend worker process died., responseTimeout:120sec
java.lang.InterruptedException: null
	at java.util.concurrent.locks.AbstractQueuedSynchronizer$ConditionObject.awaitNanos(AbstractQueuedSynchronizer.java:1770) ~[?:?]
	at java.util.concurrent.LinkedBlockingDeque.pollFirst(LinkedBlockingDeque.java:515) ~[?:?]
	at java.util.concurrent.LinkedBlockingDeque.poll(LinkedBlockingDeque.java:677) ~[?:?]
	at org.pytorch.serve.wlm.Model.pollBatch(Model.java:482) ~[model-server.jar:?]
	at org.pytorch.serve.wlm.BatchAggregator.pollBatch(BatchAggregator.java:189) ~[model-server.jar:?]
	at org.pytorch.serve.wlm.BatchAggregator.getRequest(BatchAggregator.java:36) ~[model-server.jar:?]
	at org.pytorch.serve.wlm.WorkerThread.run(WorkerThread.java:195) ~[model-server.jar:?]
	at java.util.concurrent.ThreadPoolExecutor.runWorker(ThreadPoolExecutor.java:1144) ~[?:?]
	at java.util.concurrent.ThreadPoolExecutor$Worker.run(ThreadPoolExecutor.java:642) ~[?:?]
	at java.lang.Thread.run(Thread.java:1583) [?:?]
2025-04-25T17:07:43,439 [INFO ] W-9000-cifar10_1.0-stdout MODEL_LOG - 	Unexpected key(s) in state_dict: "epoch", "model", "optimizer". 
2025-04-25T17:07:43,439 [DEBUG] W-9000-cifar10_1.0 org.pytorch.serve.wlm.WorkerThread - W-9000-cifar10_1.0 State change WORKER_ERROR -> WORKER_STOPPED
2025-04-25T17:07:43,439 [INFO ] W-9000-cifar10_1.0-stdout MODEL_LOG - Backend worker process died.
2025-04-25T17:07:43,439 [DEBUG] W-9000-cifar10_1.0 org.pytorch.serve.wlm.WorkerThread - W-9000-cifar10_1.0 State change WORKER_ERROR -> WORKER_STOPPED
2025-04-25T17:07:43,439 [WARN ] W-9000-cifar10_1.0 org.pytorch.serve.wlm.WorkerThread - Auto recovery failed again
2025-04-25T17:07:43,439 [WARN ] W-9000-cifar10_1.0 org.pytorch.serve.wlm.WorkerThread - Auto recovery failed again
2025-04-25T17:07:43,439 [INFO ] W-9000-cifar10_1.0-stdout MODEL_LOG - Traceback (most recent call last):
2025-04-25T17:07:43,439 [INFO ] W-9000-cifar10_1.0-stdout MODEL_LOG -   File "/home/amin/miniconda3/envs/deep-learning/lib/python3.9/site-packages/ts/model_service_worker.py", line 301, in <module>
2025-04-25T17:07:43,439 [INFO ] W-9000-cifar10_1.0-stdout MODEL_LOG -     worker.run_server()
2025-04-25T17:07:43,439 [INFO ] W-9000-cifar10_1.0 org.pytorch.serve.wlm.WorkerThread - Retry worker: 9000 in 21 seconds.
2025-04-25T17:07:43,439 [INFO ] W-9000-cifar10_1.0 org.pytorch.serve.wlm.WorkerThread - Retry worker: 9000 in 21 seconds.
2025-04-25T17:07:43,440 [INFO ] W-9000-cifar10_1.0-stdout MODEL_LOG -   File "/home/amin/miniconda3/envs/deep-learning/lib/python3.9/site-packages/ts/model_service_worker.py", line 268, in run_server
2025-04-25T17:07:43,440 [INFO ] W-9000-cifar10_1.0-stdout MODEL_LOG -     self.handle_connection(cl_socket)
2025-04-25T17:07:43,440 [INFO ] W-9000-cifar10_1.0-stdout MODEL_LOG -   File "/home/amin/miniconda3/envs/deep-learning/lib/python3.9/site-packages/ts/model_service_worker.py", line 201, in handle_connection
2025-04-25T17:07:43,440 [INFO ] W-9000-cifar10_1.0-stdout MODEL_LOG -     raise RuntimeError("{} - {}".format(code, result))
2025-04-25T17:07:43,440 [INFO ] W-9000-cifar10_1.0-stdout MODEL_LOG - RuntimeError: 500 - Unknown exception
2025-04-25T17:07:43,440 [INFO ] W-9000-cifar10_1.0-stdout org.pytorch.serve.wlm.WorkerLifeCycle - Stopped Scanner - W-9000-cifar10_1.0-stdout
2025-04-25T17:07:43,440 [INFO ] W-9000-cifar10_1.0-stdout org.pytorch.serve.wlm.WorkerLifeCycle - Stopped Scanner - W-9000-cifar10_1.0-stdout
2025-04-25T17:07:43,459 [INFO ] W-9000-cifar10_1.0-stderr org.pytorch.serve.wlm.WorkerLifeCycle - Stopped Scanner - W-9000-cifar10_1.0-stderr
2025-04-25T17:07:43,459 [INFO ] W-9000-cifar10_1.0-stderr org.pytorch.serve.wlm.WorkerLifeCycle - Stopped Scanner - W-9000-cifar10_1.0-stderr
2025-04-25T17:07:59,295 [WARN ] pool-3-thread-1 org.pytorch.serve.metrics.MetricCollector - Parse metrics failed: NumExpr defaulting to 8 threads.
2025-04-25T17:07:59,295 [WARN ] pool-3-thread-1 org.pytorch.serve.metrics.MetricCollector - Parse metrics failed: NumExpr defaulting to 8 threads.
2025-04-25T17:07:59,472 [INFO ] pool-3-thread-1 TS_METRICS - CPUUtilization.Percent:0.0|#Level:Host|#hostname:amin-GF63-Thin-9SCXR,timestamp:1745575679
2025-04-25T17:07:59,472 [INFO ] pool-3-thread-1 TS_METRICS - DiskAvailable.Gigabytes:0.242767333984375|#Level:Host|#hostname:amin-GF63-Thin-9SCXR,timestamp:1745575679
2025-04-25T17:07:59,472 [INFO ] pool-3-thread-1 TS_METRICS - DiskUsage.Gigabytes:95.99029541015625|#Level:Host|#hostname:amin-GF63-Thin-9SCXR,timestamp:1745575679
2025-04-25T17:07:59,473 [INFO ] pool-3-thread-1 TS_METRICS - DiskUtilization.Percent:99.7|#Level:Host|#hostname:amin-GF63-Thin-9SCXR,timestamp:1745575679
2025-04-25T17:07:59,473 [INFO ] pool-3-thread-1 TS_METRICS - GPUMemoryUtilization.Percent:0.1220703125|#Level:Host,DeviceId:0|#hostname:amin-GF63-Thin-9SCXR,timestamp:1745575679
2025-04-25T17:07:59,473 [INFO ] pool-3-thread-1 TS_METRICS - GPUMemoryUsed.Megabytes:5.0|#Level:Host,DeviceId:0|#hostname:amin-GF63-Thin-9SCXR,timestamp:1745575679
2025-04-25T17:07:59,473 [INFO ] pool-3-thread-1 TS_METRICS - GPUUtilization.Percent:0.0|#Level:Host,DeviceId:0|#hostname:amin-GF63-Thin-9SCXR,timestamp:1745575679
2025-04-25T17:07:59,473 [INFO ] pool-3-thread-1 TS_METRICS - MemoryAvailable.Megabytes:9984.8984375|#Level:Host|#hostname:amin-GF63-Thin-9SCXR,timestamp:1745575679
2025-04-25T17:07:59,473 [INFO ] pool-3-thread-1 TS_METRICS - MemoryUsed.Megabytes:4641.98046875|#Level:Host|#hostname:amin-GF63-Thin-9SCXR,timestamp:1745575679
2025-04-25T17:07:59,473 [INFO ] pool-3-thread-1 TS_METRICS - MemoryUtilization.Percent:36.9|#Level:Host|#hostname:amin-GF63-Thin-9SCXR,timestamp:1745575679
2025-04-25T17:08:04,441 [DEBUG] W-9000-cifar10_1.0 org.pytorch.serve.wlm.WorkerLifeCycle - Worker cmdline: [/home/amin/miniconda3/envs/deep-learning/bin/python, /home/amin/miniconda3/envs/deep-learning/lib/python3.9/site-packages/ts/model_service_worker.py, --sock-type, unix, --sock-name, /tmp/.ts.sock.9000, --metrics-config, /home/amin/miniconda3/envs/deep-learning/lib/python3.9/site-packages/ts/configs/metrics.yaml]
2025-04-25T17:08:04,441 [DEBUG] W-9000-cifar10_1.0 org.pytorch.serve.wlm.WorkerLifeCycle - Worker cmdline: [/home/amin/miniconda3/envs/deep-learning/bin/python, /home/amin/miniconda3/envs/deep-learning/lib/python3.9/site-packages/ts/model_service_worker.py, --sock-type, unix, --sock-name, /tmp/.ts.sock.9000, --metrics-config, /home/amin/miniconda3/envs/deep-learning/lib/python3.9/site-packages/ts/configs/metrics.yaml]
2025-04-25T17:08:05,451 [INFO ] W-9000-cifar10_1.0-stdout MODEL_LOG - s_name_part0=/tmp/.ts.sock, s_name_part1=9000, pid=10964
2025-04-25T17:08:05,451 [INFO ] W-9000-cifar10_1.0-stdout MODEL_LOG - Listening on port: /tmp/.ts.sock.9000
2025-04-25T17:08:05,459 [INFO ] W-9000-cifar10_1.0-stdout MODEL_LOG - Successfully loaded /home/amin/miniconda3/envs/deep-learning/lib/python3.9/site-packages/ts/configs/metrics.yaml.
2025-04-25T17:08:05,459 [INFO ] W-9000-cifar10_1.0-stdout MODEL_LOG - [PID]10964
2025-04-25T17:08:05,459 [INFO ] W-9000-cifar10_1.0-stdout MODEL_LOG - Torch worker started.
2025-04-25T17:08:05,459 [DEBUG] W-9000-cifar10_1.0 org.pytorch.serve.wlm.WorkerThread - W-9000-cifar10_1.0 State change WORKER_STOPPED -> WORKER_STARTED
2025-04-25T17:08:05,459 [INFO ] W-9000-cifar10_1.0-stdout MODEL_LOG - Python runtime: 3.9.21
2025-04-25T17:08:05,459 [DEBUG] W-9000-cifar10_1.0 org.pytorch.serve.wlm.WorkerThread - W-9000-cifar10_1.0 State change WORKER_STOPPED -> WORKER_STARTED
2025-04-25T17:08:05,459 [INFO ] W-9000-cifar10_1.0 org.pytorch.serve.wlm.WorkerThread - Connecting to: /tmp/.ts.sock.9000
2025-04-25T17:08:05,459 [INFO ] W-9000-cifar10_1.0 org.pytorch.serve.wlm.WorkerThread - Connecting to: /tmp/.ts.sock.9000
2025-04-25T17:08:05,460 [DEBUG] W-9000-cifar10_1.0 org.pytorch.serve.wlm.WorkerThread - Flushing req.cmd LOAD repeats 1 to backend at: 1745575685460
2025-04-25T17:08:05,460 [DEBUG] W-9000-cifar10_1.0 org.pytorch.serve.wlm.WorkerThread - Flushing req.cmd LOAD repeats 1 to backend at: 1745575685460
2025-04-25T17:08:05,460 [INFO ] W-9000-cifar10_1.0-stdout MODEL_LOG - Connection accepted: /tmp/.ts.sock.9000.
2025-04-25T17:08:05,461 [INFO ] W-9000-cifar10_1.0 org.pytorch.serve.wlm.WorkerThread - Looping backend response at: 1745575685461
2025-04-25T17:08:05,461 [INFO ] W-9000-cifar10_1.0 org.pytorch.serve.wlm.WorkerThread - Looping backend response at: 1745575685461
2025-04-25T17:08:05,471 [INFO ] W-9000-cifar10_1.0-stdout MODEL_LOG - model_name: cifar10, batchSize: 1
2025-04-25T17:08:05,517 [INFO ] W-9000-cifar10_1.0-stdout MODEL_LOG - OpenVINO is not enabled
2025-04-25T17:08:05,518 [INFO ] W-9000-cifar10_1.0-stdout MODEL_LOG - proceeding without onnxruntime
2025-04-25T17:08:05,518 [INFO ] W-9000-cifar10_1.0-stdout MODEL_LOG - Torch TensorRT not enabled
2025-04-25T17:08:05,595 [INFO ] W-9000-cifar10_1.0-stdout MODEL_LOG - Failed to load model cifar10, exception Error(s) in loading state_dict for SimpleCNN:
2025-04-25T17:08:05,595 [INFO ] W-9000-cifar10_1.0-stdout MODEL_LOG - 	Missing key(s) in state_dict: "conv1.0.weight", "conv1.0.bias", "conv1.1.weight", "conv1.1.bias", "conv1.1.running_mean", "conv1.1.running_var", "conv1.3.weight", "conv1.3.bias", "conv1.4.weight", "conv1.4.bias", "conv1.4.running_mean", "conv1.4.running_var", "conv2.0.weight", "conv2.0.bias", "conv2.1.weight", "conv2.1.bias", "conv2.1.running_mean", "conv2.1.running_var", "conv2.3.weight", "conv2.3.bias", "conv2.4.weight", "conv2.4.bias", "conv2.4.running_mean", "conv2.4.running_var", "fc1.1.weight", "fc1.1.bias", "fc2.1.weight", "fc2.1.bias", "fc3.1.weight", "fc3.1.bias". 
2025-04-25T17:08:05,595 [INFO ] W-9000-cifar10_1.0-stdout MODEL_LOG - 	Unexpected key(s) in state_dict: "epoch", "model", "optimizer". 
2025-04-25T17:08:05,595 [INFO ] W-9000-cifar10_1.0-stdout MODEL_LOG - Traceback (most recent call last):
2025-04-25T17:08:05,595 [INFO ] W-9000-cifar10_1.0-stdout MODEL_LOG -   File "/home/amin/miniconda3/envs/deep-learning/lib/python3.9/site-packages/ts/model_service_worker.py", line 133, in load_model
2025-04-25T17:08:05,595 [INFO ] W-9000-cifar10_1.0-stdout MODEL_LOG -     service = model_loader.load(
2025-04-25T17:08:05,595 [INFO ] W-9000-cifar10_1.0 org.pytorch.serve.wlm.WorkerThread - Backend response time: 134
2025-04-25T17:08:05,595 [INFO ] W-9000-cifar10_1.0 org.pytorch.serve.wlm.WorkerThread - Backend response time: 134
2025-04-25T17:08:05,595 [INFO ] W-9000-cifar10_1.0-stdout MODEL_LOG -   File "/home/amin/miniconda3/envs/deep-learning/lib/python3.9/site-packages/ts/model_loader.py", line 143, in load
2025-04-25T17:08:05,595 [INFO ] W-9000-cifar10_1.0-stdout MODEL_LOG -     initialize_fn(service.context)
2025-04-25T17:08:05,595 [DEBUG] W-9000-cifar10_1.0 org.pytorch.serve.wlm.WorkerThread - W-9000-cifar10_1.0 State change WORKER_STARTED -> WORKER_ERROR
2025-04-25T17:08:05,595 [DEBUG] W-9000-cifar10_1.0 org.pytorch.serve.wlm.WorkerThread - W-9000-cifar10_1.0 State change WORKER_STARTED -> WORKER_ERROR
2025-04-25T17:08:05,595 [INFO ] W-9000-cifar10_1.0-stdout MODEL_LOG -   File "/home/amin/miniconda3/envs/deep-learning/lib/python3.9/site-packages/ts/torch_handler/base_handler.py", line 191, in initialize
2025-04-25T17:08:05,595 [INFO ] W-9000-cifar10_1.0-stdout MODEL_LOG -     self.model = self._load_pickled_model(
2025-04-25T17:08:05,595 [INFO ] W-9000-cifar10_1.0-stdout MODEL_LOG -   File "/home/amin/miniconda3/envs/deep-learning/lib/python3.9/site-packages/ts/torch_handler/base_handler.py", line 356, in _load_pickled_model
2025-04-25T17:08:05,595 [INFO ] W-9000-cifar10_1.0 TS_METRICS - WorkerThreadTime.Milliseconds:1.0|#Level:Host|#hostname:amin-GF63-Thin-9SCXR,timestamp:1745575685
2025-04-25T17:08:05,595 [INFO ] epollEventLoopGroup-5-9 org.pytorch.serve.wlm.WorkerThread - 9000 Worker disconnected. WORKER_STARTED
2025-04-25T17:08:05,595 [INFO ] W-9000-cifar10_1.0-stdout MODEL_LOG -     model.load_state_dict(state_dict)
2025-04-25T17:08:05,595 [INFO ] W-9000-cifar10_1.0-stdout MODEL_LOG -   File "/home/amin/miniconda3/envs/deep-learning/lib/python3.9/site-packages/torch/nn/modules/module.py", line 2189, in load_state_dict
2025-04-25T17:08:05,595 [INFO ] epollEventLoopGroup-5-9 org.pytorch.serve.wlm.WorkerThread - 9000 Worker disconnected. WORKER_STARTED
2025-04-25T17:08:05,595 [INFO ] W-9000-cifar10_1.0-stdout MODEL_LOG -     raise RuntimeError('Error(s) in loading state_dict for {}:\n\t{}'.format(
2025-04-25T17:08:05,596 [INFO ] W-9000-cifar10_1.0-stdout MODEL_LOG - RuntimeError: Error(s) in loading state_dict for SimpleCNN:
2025-04-25T17:08:05,596 [DEBUG] W-9000-cifar10_1.0 org.pytorch.serve.wlm.WorkerThread - System state is : WORKER_ERROR
2025-04-25T17:08:05,596 [DEBUG] W-9000-cifar10_1.0 org.pytorch.serve.wlm.WorkerThread - System state is : WORKER_ERROR
2025-04-25T17:08:05,596 [INFO ] W-9000-cifar10_1.0-stdout MODEL_LOG - 	Missing key(s) in state_dict: "conv1.0.weight", "conv1.0.bias", "conv1.1.weight", "conv1.1.bias", "conv1.1.running_mean", "conv1.1.running_var", "conv1.3.weight", "conv1.3.bias", "conv1.4.weight", "conv1.4.bias", "conv1.4.running_mean", "conv1.4.running_var", "conv2.0.weight", "conv2.0.bias", "conv2.1.weight", "conv2.1.bias", "conv2.1.running_mean", "conv2.1.running_var", "conv2.3.weight", "conv2.3.bias", "conv2.4.weight", "conv2.4.bias", "conv2.4.running_mean", "conv2.4.running_var", "fc1.1.weight", "fc1.1.bias", "fc2.1.weight", "fc2.1.bias", "fc3.1.weight", "fc3.1.bias". 
2025-04-25T17:08:05,596 [INFO ] W-9000-cifar10_1.0-stdout MODEL_LOG - 	Unexpected key(s) in state_dict: "epoch", "model", "optimizer". 
2025-04-25T17:08:05,596 [INFO ] W-9000-cifar10_1.0-stdout MODEL_LOG - Backend worker process died.
2025-04-25T17:08:05,596 [INFO ] W-9000-cifar10_1.0-stdout MODEL_LOG - Traceback (most recent call last):
2025-04-25T17:08:05,596 [INFO ] W-9000-cifar10_1.0-stdout MODEL_LOG -   File "/home/amin/miniconda3/envs/deep-learning/lib/python3.9/site-packages/ts/model_service_worker.py", line 301, in <module>
2025-04-25T17:08:05,596 [DEBUG] W-9000-cifar10_1.0 org.pytorch.serve.wlm.WorkerThread - Backend worker monitoring thread interrupted or backend worker process died., responseTimeout:120sec
java.lang.InterruptedException: null
	at java.util.concurrent.locks.AbstractQueuedSynchronizer$ConditionObject.awaitNanos(AbstractQueuedSynchronizer.java:1770) ~[?:?]
	at java.util.concurrent.LinkedBlockingDeque.pollFirst(LinkedBlockingDeque.java:515) ~[?:?]
	at java.util.concurrent.LinkedBlockingDeque.poll(LinkedBlockingDeque.java:677) ~[?:?]
	at org.pytorch.serve.wlm.Model.pollBatch(Model.java:482) ~[model-server.jar:?]
	at org.pytorch.serve.wlm.BatchAggregator.pollBatch(BatchAggregator.java:189) ~[model-server.jar:?]
	at org.pytorch.serve.wlm.BatchAggregator.getRequest(BatchAggregator.java:36) ~[model-server.jar:?]
	at org.pytorch.serve.wlm.WorkerThread.run(WorkerThread.java:195) ~[model-server.jar:?]
	at java.util.concurrent.ThreadPoolExecutor.runWorker(ThreadPoolExecutor.java:1144) ~[?:?]
	at java.util.concurrent.ThreadPoolExecutor$Worker.run(ThreadPoolExecutor.java:642) ~[?:?]
	at java.lang.Thread.run(Thread.java:1583) [?:?]
2025-04-25T17:08:05,596 [INFO ] W-9000-cifar10_1.0-stdout MODEL_LOG -     worker.run_server()
2025-04-25T17:08:05,596 [INFO ] W-9000-cifar10_1.0-stdout MODEL_LOG -   File "/home/amin/miniconda3/envs/deep-learning/lib/python3.9/site-packages/ts/model_service_worker.py", line 268, in run_server
2025-04-25T17:08:05,596 [DEBUG] W-9000-cifar10_1.0 org.pytorch.serve.wlm.WorkerThread - Backend worker monitoring thread interrupted or backend worker process died., responseTimeout:120sec
java.lang.InterruptedException: null
	at java.util.concurrent.locks.AbstractQueuedSynchronizer$ConditionObject.awaitNanos(AbstractQueuedSynchronizer.java:1770) ~[?:?]
	at java.util.concurrent.LinkedBlockingDeque.pollFirst(LinkedBlockingDeque.java:515) ~[?:?]
	at java.util.concurrent.LinkedBlockingDeque.poll(LinkedBlockingDeque.java:677) ~[?:?]
	at org.pytorch.serve.wlm.Model.pollBatch(Model.java:482) ~[model-server.jar:?]
	at org.pytorch.serve.wlm.BatchAggregator.pollBatch(BatchAggregator.java:189) ~[model-server.jar:?]
	at org.pytorch.serve.wlm.BatchAggregator.getRequest(BatchAggregator.java:36) ~[model-server.jar:?]
	at org.pytorch.serve.wlm.WorkerThread.run(WorkerThread.java:195) ~[model-server.jar:?]
	at java.util.concurrent.ThreadPoolExecutor.runWorker(ThreadPoolExecutor.java:1144) ~[?:?]
	at java.util.concurrent.ThreadPoolExecutor$Worker.run(ThreadPoolExecutor.java:642) ~[?:?]
	at java.lang.Thread.run(Thread.java:1583) [?:?]
2025-04-25T17:08:05,596 [INFO ] W-9000-cifar10_1.0-stdout MODEL_LOG -     self.handle_connection(cl_socket)
2025-04-25T17:08:05,596 [DEBUG] W-9000-cifar10_1.0 org.pytorch.serve.wlm.WorkerThread - W-9000-cifar10_1.0 State change WORKER_ERROR -> WORKER_STOPPED
2025-04-25T17:08:05,596 [DEBUG] W-9000-cifar10_1.0 org.pytorch.serve.wlm.WorkerThread - W-9000-cifar10_1.0 State change WORKER_ERROR -> WORKER_STOPPED
2025-04-25T17:08:05,596 [INFO ] W-9000-cifar10_1.0-stdout MODEL_LOG -   File "/home/amin/miniconda3/envs/deep-learning/lib/python3.9/site-packages/ts/model_service_worker.py", line 201, in handle_connection
2025-04-25T17:08:05,596 [WARN ] W-9000-cifar10_1.0 org.pytorch.serve.wlm.WorkerThread - Auto recovery failed again
2025-04-25T17:08:05,596 [WARN ] W-9000-cifar10_1.0 org.pytorch.serve.wlm.WorkerThread - Auto recovery failed again
2025-04-25T17:08:05,596 [INFO ] W-9000-cifar10_1.0-stdout MODEL_LOG -     raise RuntimeError("{} - {}".format(code, result))
2025-04-25T17:08:05,596 [INFO ] W-9000-cifar10_1.0-stdout MODEL_LOG - RuntimeError: 500 - Unknown exception
2025-04-25T17:08:05,596 [INFO ] W-9000-cifar10_1.0 org.pytorch.serve.wlm.WorkerThread - Retry worker: 9000 in 34 seconds.
2025-04-25T17:08:05,596 [INFO ] W-9000-cifar10_1.0 org.pytorch.serve.wlm.WorkerThread - Retry worker: 9000 in 34 seconds.
2025-04-25T17:08:05,617 [INFO ] W-9000-cifar10_1.0-stdout org.pytorch.serve.wlm.WorkerLifeCycle - Stopped Scanner - W-9000-cifar10_1.0-stdout
2025-04-25T17:08:05,617 [INFO ] W-9000-cifar10_1.0-stdout org.pytorch.serve.wlm.WorkerLifeCycle - Stopped Scanner - W-9000-cifar10_1.0-stdout
2025-04-25T17:08:05,617 [INFO ] W-9000-cifar10_1.0-stderr org.pytorch.serve.wlm.WorkerLifeCycle - Stopped Scanner - W-9000-cifar10_1.0-stderr
2025-04-25T17:08:05,617 [INFO ] W-9000-cifar10_1.0-stderr org.pytorch.serve.wlm.WorkerLifeCycle - Stopped Scanner - W-9000-cifar10_1.0-stderr
2025-04-25T17:09:07,844 [DEBUG] main org.pytorch.serve.util.ConfigManager - xpu-smi not available or failed: Cannot run program "xpu-smi": error=2, No such file or directory
2025-04-25T17:09:07,844 [DEBUG] main org.pytorch.serve.util.ConfigManager - xpu-smi not available or failed: Cannot run program "xpu-smi": error=2, No such file or directory
2025-04-25T17:09:07,848 [WARN ] main org.pytorch.serve.util.ConfigManager - Your torchserve instance can access any URL to load models. When deploying to production, make sure to limit the set of allowed_urls in config.properties
2025-04-25T17:09:07,848 [WARN ] main org.pytorch.serve.util.ConfigManager - Your torchserve instance can access any URL to load models. When deploying to production, make sure to limit the set of allowed_urls in config.properties
2025-04-25T17:09:07,866 [INFO ] main org.pytorch.serve.servingsdk.impl.PluginsManager - Initializing plugins manager...
2025-04-25T17:09:07,866 [INFO ] main org.pytorch.serve.servingsdk.impl.PluginsManager - Initializing plugins manager...
2025-04-25T17:09:07,910 [INFO ] main org.pytorch.serve.metrics.configuration.MetricConfiguration - Successfully loaded metrics configuration from /home/amin/miniconda3/envs/deep-learning/lib/python3.9/site-packages/ts/configs/metrics.yaml
2025-04-25T17:09:07,910 [INFO ] main org.pytorch.serve.metrics.configuration.MetricConfiguration - Successfully loaded metrics configuration from /home/amin/miniconda3/envs/deep-learning/lib/python3.9/site-packages/ts/configs/metrics.yaml
2025-04-25T17:09:07,975 [INFO ] main org.pytorch.serve.ModelServer - 
Torchserve version: 0.12.0
TS Home: /home/amin/miniconda3/envs/deep-learning/lib/python3.9/site-packages
Current directory: /home/amin/PycharmProjects/PythonProject/Cifar10Classification
Temp directory: /tmp
Metrics config path: /home/amin/miniconda3/envs/deep-learning/lib/python3.9/site-packages/ts/configs/metrics.yaml
Number of GPUs: 1
Number of CPUs: 8
Max heap size: 3960 M
Python executable: /home/amin/miniconda3/envs/deep-learning/bin/python
Config file: config.properties
Inference address: http://127.0.0.1:8080
Management address: http://127.0.0.1:8081
Metrics address: http://127.0.0.1:8082
Model Store: /home/amin/PycharmProjects/PythonProject/Cifar10Classification/model-store
Initial Models: cifar10.mar
Log dir: /home/amin/PycharmProjects/PythonProject/Cifar10Classification/logs
Metrics dir: /home/amin/PycharmProjects/PythonProject/Cifar10Classification/logs
Netty threads: 4
Netty client threads: 0
Default workers per model: 1
Blacklist Regex: N/A
Maximum Response Size: 6553500
Maximum Request Size: 6553500
Limit Maximum Image Pixels: true
Prefer direct buffer: false
Allowed Urls: [file://.*|http(s)?://.*]
Custom python dependency for model allowed: false
Enable metrics API: true
Metrics mode: LOG
Disable system metrics: false
Workflow Store: /home/amin/PycharmProjects/PythonProject/Cifar10Classification/model-store
CPP log config: N/A
Model config: N/A
System metrics command: default
Model API enabled: false
2025-04-25T17:09:07,975 [INFO ] main org.pytorch.serve.ModelServer - 
Torchserve version: 0.12.0
TS Home: /home/amin/miniconda3/envs/deep-learning/lib/python3.9/site-packages
Current directory: /home/amin/PycharmProjects/PythonProject/Cifar10Classification
Temp directory: /tmp
Metrics config path: /home/amin/miniconda3/envs/deep-learning/lib/python3.9/site-packages/ts/configs/metrics.yaml
Number of GPUs: 1
Number of CPUs: 8
Max heap size: 3960 M
Python executable: /home/amin/miniconda3/envs/deep-learning/bin/python
Config file: config.properties
Inference address: http://127.0.0.1:8080
Management address: http://127.0.0.1:8081
Metrics address: http://127.0.0.1:8082
Model Store: /home/amin/PycharmProjects/PythonProject/Cifar10Classification/model-store
Initial Models: cifar10.mar
Log dir: /home/amin/PycharmProjects/PythonProject/Cifar10Classification/logs
Metrics dir: /home/amin/PycharmProjects/PythonProject/Cifar10Classification/logs
Netty threads: 4
Netty client threads: 0
Default workers per model: 1
Blacklist Regex: N/A
Maximum Response Size: 6553500
Maximum Request Size: 6553500
Limit Maximum Image Pixels: true
Prefer direct buffer: false
Allowed Urls: [file://.*|http(s)?://.*]
Custom python dependency for model allowed: false
Enable metrics API: true
Metrics mode: LOG
Disable system metrics: false
Workflow Store: /home/amin/PycharmProjects/PythonProject/Cifar10Classification/model-store
CPP log config: N/A
Model config: N/A
System metrics command: default
Model API enabled: false
2025-04-25T17:09:07,982 [INFO ] main org.pytorch.serve.servingsdk.impl.PluginsManager -  Loading snapshot serializer plugin...
2025-04-25T17:09:07,982 [INFO ] main org.pytorch.serve.servingsdk.impl.PluginsManager -  Loading snapshot serializer plugin...
2025-04-25T17:09:07,998 [INFO ] main org.pytorch.serve.ModelServer - Loading initial models: cifar10.mar
2025-04-25T17:09:07,998 [INFO ] main org.pytorch.serve.ModelServer - Loading initial models: cifar10.mar
2025-04-25T17:09:08,148 [DEBUG] main org.pytorch.serve.wlm.ModelVersionedRefs - Adding new version 1.0 for model cifar10
2025-04-25T17:09:08,148 [DEBUG] main org.pytorch.serve.wlm.ModelVersionedRefs - Adding new version 1.0 for model cifar10
2025-04-25T17:09:08,148 [DEBUG] main org.pytorch.serve.wlm.ModelVersionedRefs - Setting default version to 1.0 for model cifar10
2025-04-25T17:09:08,148 [DEBUG] main org.pytorch.serve.wlm.ModelVersionedRefs - Setting default version to 1.0 for model cifar10
2025-04-25T17:09:08,148 [INFO ] main org.pytorch.serve.wlm.ModelManager - Model cifar10 loaded.
2025-04-25T17:09:08,148 [INFO ] main org.pytorch.serve.wlm.ModelManager - Model cifar10 loaded.
2025-04-25T17:09:08,148 [DEBUG] main org.pytorch.serve.wlm.ModelManager - updateModel: cifar10, count: 1
2025-04-25T17:09:08,148 [DEBUG] main org.pytorch.serve.wlm.ModelManager - updateModel: cifar10, count: 1
2025-04-25T17:09:08,158 [DEBUG] W-9000-cifar10_1.0 org.pytorch.serve.wlm.WorkerLifeCycle - Worker cmdline: [/home/amin/miniconda3/envs/deep-learning/bin/python, /home/amin/miniconda3/envs/deep-learning/lib/python3.9/site-packages/ts/model_service_worker.py, --sock-type, unix, --sock-name, /tmp/.ts.sock.9000, --metrics-config, /home/amin/miniconda3/envs/deep-learning/lib/python3.9/site-packages/ts/configs/metrics.yaml]
2025-04-25T17:09:08,158 [DEBUG] W-9000-cifar10_1.0 org.pytorch.serve.wlm.WorkerLifeCycle - Worker cmdline: [/home/amin/miniconda3/envs/deep-learning/bin/python, /home/amin/miniconda3/envs/deep-learning/lib/python3.9/site-packages/ts/model_service_worker.py, --sock-type, unix, --sock-name, /tmp/.ts.sock.9000, --metrics-config, /home/amin/miniconda3/envs/deep-learning/lib/python3.9/site-packages/ts/configs/metrics.yaml]
2025-04-25T17:09:08,159 [INFO ] main org.pytorch.serve.ModelServer - Initialize Inference server with: EpollServerSocketChannel.
2025-04-25T17:09:08,159 [INFO ] main org.pytorch.serve.ModelServer - Initialize Inference server with: EpollServerSocketChannel.
2025-04-25T17:09:08,222 [INFO ] main org.pytorch.serve.ModelServer - Inference API bind to: http://127.0.0.1:8080
2025-04-25T17:09:08,222 [INFO ] main org.pytorch.serve.ModelServer - Inference API bind to: http://127.0.0.1:8080
2025-04-25T17:09:08,222 [INFO ] main org.pytorch.serve.ModelServer - Initialize Management server with: EpollServerSocketChannel.
2025-04-25T17:09:08,222 [INFO ] main org.pytorch.serve.ModelServer - Initialize Management server with: EpollServerSocketChannel.
2025-04-25T17:09:08,223 [INFO ] main org.pytorch.serve.ModelServer - Management API bind to: http://127.0.0.1:8081
2025-04-25T17:09:08,223 [INFO ] main org.pytorch.serve.ModelServer - Management API bind to: http://127.0.0.1:8081
2025-04-25T17:09:08,223 [INFO ] main org.pytorch.serve.ModelServer - Initialize Metrics server with: EpollServerSocketChannel.
2025-04-25T17:09:08,223 [INFO ] main org.pytorch.serve.ModelServer - Initialize Metrics server with: EpollServerSocketChannel.
2025-04-25T17:09:08,224 [INFO ] main org.pytorch.serve.ModelServer - Metrics API bind to: http://127.0.0.1:8082
2025-04-25T17:09:08,224 [INFO ] main org.pytorch.serve.ModelServer - Metrics API bind to: http://127.0.0.1:8082
2025-04-25T17:09:08,394 [WARN ] pool-3-thread-1 org.pytorch.serve.metrics.MetricCollector - worker pid is not available yet.
2025-04-25T17:09:08,394 [WARN ] pool-3-thread-1 org.pytorch.serve.metrics.MetricCollector - worker pid is not available yet.
2025-04-25T17:09:08,664 [WARN ] pool-3-thread-1 org.pytorch.serve.metrics.MetricCollector - Parse metrics failed: NumExpr defaulting to 8 threads.
2025-04-25T17:09:08,664 [WARN ] pool-3-thread-1 org.pytorch.serve.metrics.MetricCollector - Parse metrics failed: NumExpr defaulting to 8 threads.
2025-04-25T17:09:08,881 [INFO ] pool-3-thread-1 TS_METRICS - CPUUtilization.Percent:0.0|#Level:Host|#hostname:amin-GF63-Thin-9SCXR,timestamp:1745575748
2025-04-25T17:09:08,881 [INFO ] pool-3-thread-1 TS_METRICS - DiskAvailable.Gigabytes:0.24266815185546875|#Level:Host|#hostname:amin-GF63-Thin-9SCXR,timestamp:1745575748
2025-04-25T17:09:08,882 [INFO ] pool-3-thread-1 TS_METRICS - DiskUsage.Gigabytes:95.99039459228516|#Level:Host|#hostname:amin-GF63-Thin-9SCXR,timestamp:1745575748
2025-04-25T17:09:08,882 [INFO ] pool-3-thread-1 TS_METRICS - DiskUtilization.Percent:99.7|#Level:Host|#hostname:amin-GF63-Thin-9SCXR,timestamp:1745575748
2025-04-25T17:09:08,882 [INFO ] pool-3-thread-1 TS_METRICS - GPUMemoryUtilization.Percent:0.1220703125|#Level:Host,DeviceId:0|#hostname:amin-GF63-Thin-9SCXR,timestamp:1745575748
2025-04-25T17:09:08,882 [INFO ] pool-3-thread-1 TS_METRICS - GPUMemoryUsed.Megabytes:5.0|#Level:Host,DeviceId:0|#hostname:amin-GF63-Thin-9SCXR,timestamp:1745575748
2025-04-25T17:09:08,883 [INFO ] pool-3-thread-1 TS_METRICS - GPUUtilization.Percent:0.0|#Level:Host,DeviceId:0|#hostname:amin-GF63-Thin-9SCXR,timestamp:1745575748
2025-04-25T17:09:08,883 [INFO ] pool-3-thread-1 TS_METRICS - MemoryAvailable.Megabytes:10119.98046875|#Level:Host|#hostname:amin-GF63-Thin-9SCXR,timestamp:1745575748
2025-04-25T17:09:08,883 [INFO ] pool-3-thread-1 TS_METRICS - MemoryUsed.Megabytes:4496.8203125|#Level:Host|#hostname:amin-GF63-Thin-9SCXR,timestamp:1745575748
2025-04-25T17:09:08,883 [INFO ] pool-3-thread-1 TS_METRICS - MemoryUtilization.Percent:36.1|#Level:Host|#hostname:amin-GF63-Thin-9SCXR,timestamp:1745575748
2025-04-25T17:09:09,303 [INFO ] W-9000-cifar10_1.0-stdout MODEL_LOG - s_name_part0=/tmp/.ts.sock, s_name_part1=9000, pid=11056
2025-04-25T17:09:09,304 [INFO ] W-9000-cifar10_1.0-stdout MODEL_LOG - Listening on port: /tmp/.ts.sock.9000
2025-04-25T17:09:09,311 [INFO ] W-9000-cifar10_1.0-stdout MODEL_LOG - Successfully loaded /home/amin/miniconda3/envs/deep-learning/lib/python3.9/site-packages/ts/configs/metrics.yaml.
2025-04-25T17:09:09,312 [INFO ] W-9000-cifar10_1.0-stdout MODEL_LOG - [PID]11056
2025-04-25T17:09:09,312 [INFO ] W-9000-cifar10_1.0-stdout MODEL_LOG - Torch worker started.
2025-04-25T17:09:09,312 [INFO ] W-9000-cifar10_1.0-stdout MODEL_LOG - Python runtime: 3.9.21
2025-04-25T17:09:09,312 [DEBUG] W-9000-cifar10_1.0 org.pytorch.serve.wlm.WorkerThread - W-9000-cifar10_1.0 State change null -> WORKER_STARTED
2025-04-25T17:09:09,312 [DEBUG] W-9000-cifar10_1.0 org.pytorch.serve.wlm.WorkerThread - W-9000-cifar10_1.0 State change null -> WORKER_STARTED
2025-04-25T17:09:09,315 [INFO ] W-9000-cifar10_1.0 org.pytorch.serve.wlm.WorkerThread - Connecting to: /tmp/.ts.sock.9000
2025-04-25T17:09:09,315 [INFO ] W-9000-cifar10_1.0 org.pytorch.serve.wlm.WorkerThread - Connecting to: /tmp/.ts.sock.9000
2025-04-25T17:09:09,319 [INFO ] W-9000-cifar10_1.0-stdout MODEL_LOG - Connection accepted: /tmp/.ts.sock.9000.
2025-04-25T17:09:09,321 [DEBUG] W-9000-cifar10_1.0 org.pytorch.serve.wlm.WorkerThread - Flushing req.cmd LOAD repeats 1 to backend at: 1745575749321
2025-04-25T17:09:09,321 [DEBUG] W-9000-cifar10_1.0 org.pytorch.serve.wlm.WorkerThread - Flushing req.cmd LOAD repeats 1 to backend at: 1745575749321
2025-04-25T17:09:09,322 [INFO ] W-9000-cifar10_1.0 org.pytorch.serve.wlm.WorkerThread - Looping backend response at: 1745575749322
2025-04-25T17:09:09,322 [INFO ] W-9000-cifar10_1.0 org.pytorch.serve.wlm.WorkerThread - Looping backend response at: 1745575749322
2025-04-25T17:09:09,342 [INFO ] W-9000-cifar10_1.0-stdout MODEL_LOG - model_name: cifar10, batchSize: 1
2025-04-25T17:09:09,389 [INFO ] W-9000-cifar10_1.0-stdout MODEL_LOG - OpenVINO is not enabled
2025-04-25T17:09:09,389 [INFO ] W-9000-cifar10_1.0-stdout MODEL_LOG - proceeding without onnxruntime
2025-04-25T17:09:09,390 [INFO ] W-9000-cifar10_1.0-stdout MODEL_LOG - Torch TensorRT not enabled
2025-04-25T17:09:09,456 [INFO ] W-9000-cifar10_1.0-stdout MODEL_LOG - Failed to load model cifar10, exception Error(s) in loading state_dict for SimpleCNN:
2025-04-25T17:09:09,457 [INFO ] W-9000-cifar10_1.0-stdout MODEL_LOG - 	Missing key(s) in state_dict: "conv1.0.weight", "conv1.0.bias", "conv1.1.weight", "conv1.1.bias", "conv1.1.running_mean", "conv1.1.running_var", "conv1.3.weight", "conv1.3.bias", "conv1.4.weight", "conv1.4.bias", "conv1.4.running_mean", "conv1.4.running_var", "conv2.0.weight", "conv2.0.bias", "conv2.1.weight", "conv2.1.bias", "conv2.1.running_mean", "conv2.1.running_var", "conv2.3.weight", "conv2.3.bias", "conv2.4.weight", "conv2.4.bias", "conv2.4.running_mean", "conv2.4.running_var", "fc1.1.weight", "fc1.1.bias", "fc2.1.weight", "fc2.1.bias", "fc3.1.weight", "fc3.1.bias". 
2025-04-25T17:09:09,457 [INFO ] W-9000-cifar10_1.0-stdout MODEL_LOG - 	Unexpected key(s) in state_dict: "epoch", "model", "optimizer". 
2025-04-25T17:09:09,457 [INFO ] W-9000-cifar10_1.0-stdout MODEL_LOG - Traceback (most recent call last):
2025-04-25T17:09:09,457 [INFO ] W-9000-cifar10_1.0-stdout MODEL_LOG -   File "/home/amin/miniconda3/envs/deep-learning/lib/python3.9/site-packages/ts/model_service_worker.py", line 133, in load_model
2025-04-25T17:09:09,458 [INFO ] W-9000-cifar10_1.0-stdout MODEL_LOG -     service = model_loader.load(
2025-04-25T17:09:09,458 [INFO ] W-9000-cifar10_1.0-stdout MODEL_LOG -   File "/home/amin/miniconda3/envs/deep-learning/lib/python3.9/site-packages/ts/model_loader.py", line 143, in load
2025-04-25T17:09:09,458 [INFO ] W-9000-cifar10_1.0-stdout MODEL_LOG -     initialize_fn(service.context)
2025-04-25T17:09:09,458 [INFO ] W-9000-cifar10_1.0-stdout MODEL_LOG -   File "/home/amin/miniconda3/envs/deep-learning/lib/python3.9/site-packages/ts/torch_handler/base_handler.py", line 191, in initialize
2025-04-25T17:09:09,458 [INFO ] W-9000-cifar10_1.0-stdout MODEL_LOG -     self.model = self._load_pickled_model(
2025-04-25T17:09:09,458 [INFO ] W-9000-cifar10_1.0-stdout MODEL_LOG -   File "/home/amin/miniconda3/envs/deep-learning/lib/python3.9/site-packages/ts/torch_handler/base_handler.py", line 356, in _load_pickled_model
2025-04-25T17:09:09,459 [INFO ] W-9000-cifar10_1.0-stdout MODEL_LOG -     model.load_state_dict(state_dict)
2025-04-25T17:09:09,459 [INFO ] W-9000-cifar10_1.0-stdout MODEL_LOG -   File "/home/amin/miniconda3/envs/deep-learning/lib/python3.9/site-packages/torch/nn/modules/module.py", line 2189, in load_state_dict
2025-04-25T17:09:09,459 [INFO ] W-9000-cifar10_1.0-stdout MODEL_LOG -     raise RuntimeError('Error(s) in loading state_dict for {}:\n\t{}'.format(
2025-04-25T17:09:09,459 [INFO ] W-9000-cifar10_1.0-stdout MODEL_LOG - RuntimeError: Error(s) in loading state_dict for SimpleCNN:
2025-04-25T17:09:09,460 [INFO ] W-9000-cifar10_1.0-stdout MODEL_LOG - 	Missing key(s) in state_dict: "conv1.0.weight", "conv1.0.bias", "conv1.1.weight", "conv1.1.bias", "conv1.1.running_mean", "conv1.1.running_var", "conv1.3.weight", "conv1.3.bias", "conv1.4.weight", "conv1.4.bias", "conv1.4.running_mean", "conv1.4.running_var", "conv2.0.weight", "conv2.0.bias", "conv2.1.weight", "conv2.1.bias", "conv2.1.running_mean", "conv2.1.running_var", "conv2.3.weight", "conv2.3.bias", "conv2.4.weight", "conv2.4.bias", "conv2.4.running_mean", "conv2.4.running_var", "fc1.1.weight", "fc1.1.bias", "fc2.1.weight", "fc2.1.bias", "fc3.1.weight", "fc3.1.bias". 
2025-04-25T17:09:09,460 [INFO ] W-9000-cifar10_1.0-stdout MODEL_LOG - 	Unexpected key(s) in state_dict: "epoch", "model", "optimizer". 
2025-04-25T17:09:09,460 [INFO ] W-9000-cifar10_1.0-stdout MODEL_LOG - Backend worker process died.
2025-04-25T17:09:09,460 [INFO ] W-9000-cifar10_1.0-stdout MODEL_LOG - Traceback (most recent call last):
2025-04-25T17:09:09,460 [INFO ] W-9000-cifar10_1.0-stdout MODEL_LOG -   File "/home/amin/miniconda3/envs/deep-learning/lib/python3.9/site-packages/ts/model_service_worker.py", line 301, in <module>
2025-04-25T17:09:09,461 [INFO ] W-9000-cifar10_1.0-stdout MODEL_LOG -     worker.run_server()
2025-04-25T17:09:09,461 [INFO ] W-9000-cifar10_1.0-stdout MODEL_LOG -   File "/home/amin/miniconda3/envs/deep-learning/lib/python3.9/site-packages/ts/model_service_worker.py", line 268, in run_server
2025-04-25T17:09:09,462 [INFO ] W-9000-cifar10_1.0-stdout MODEL_LOG -     self.handle_connection(cl_socket)
2025-04-25T17:09:09,462 [INFO ] W-9000-cifar10_1.0-stdout MODEL_LOG -   File "/home/amin/miniconda3/envs/deep-learning/lib/python3.9/site-packages/ts/model_service_worker.py", line 201, in handle_connection
2025-04-25T17:09:09,462 [INFO ] W-9000-cifar10_1.0-stdout MODEL_LOG -     raise RuntimeError("{} - {}".format(code, result))
2025-04-25T17:09:09,462 [INFO ] W-9000-cifar10_1.0-stdout MODEL_LOG - RuntimeError: 500 - Unknown exception
2025-04-25T17:09:09,464 [INFO ] W-9000-cifar10_1.0 org.pytorch.serve.wlm.WorkerThread - Backend response time: 141
2025-04-25T17:09:09,464 [INFO ] W-9000-cifar10_1.0 org.pytorch.serve.wlm.WorkerThread - Backend response time: 141
2025-04-25T17:09:09,464 [DEBUG] W-9000-cifar10_1.0 org.pytorch.serve.wlm.WorkerThread - W-9000-cifar10_1.0 State change WORKER_STARTED -> WORKER_ERROR
2025-04-25T17:09:09,464 [DEBUG] W-9000-cifar10_1.0 org.pytorch.serve.wlm.WorkerThread - W-9000-cifar10_1.0 State change WORKER_STARTED -> WORKER_ERROR
2025-04-25T17:09:09,464 [INFO ] epollEventLoopGroup-5-1 org.pytorch.serve.wlm.WorkerThread - 9000 Worker disconnected. WORKER_STARTED
2025-04-25T17:09:09,464 [INFO ] epollEventLoopGroup-5-1 org.pytorch.serve.wlm.WorkerThread - 9000 Worker disconnected. WORKER_STARTED
2025-04-25T17:09:09,464 [INFO ] W-9000-cifar10_1.0 TS_METRICS - WorkerThreadTime.Milliseconds:2.0|#Level:Host|#hostname:amin-GF63-Thin-9SCXR,timestamp:1745575749
2025-04-25T17:09:09,465 [DEBUG] W-9000-cifar10_1.0 org.pytorch.serve.wlm.WorkerThread - System state is : WORKER_ERROR
2025-04-25T17:09:09,465 [DEBUG] W-9000-cifar10_1.0 org.pytorch.serve.wlm.WorkerThread - System state is : WORKER_ERROR
2025-04-25T17:09:09,466 [DEBUG] W-9000-cifar10_1.0 org.pytorch.serve.wlm.WorkerThread - Backend worker monitoring thread interrupted or backend worker process died., responseTimeout:120sec
java.lang.InterruptedException: null
	at java.util.concurrent.locks.AbstractQueuedSynchronizer$ConditionObject.awaitNanos(AbstractQueuedSynchronizer.java:1770) ~[?:?]
	at java.util.concurrent.LinkedBlockingDeque.pollFirst(LinkedBlockingDeque.java:515) ~[?:?]
	at java.util.concurrent.LinkedBlockingDeque.poll(LinkedBlockingDeque.java:677) ~[?:?]
	at org.pytorch.serve.wlm.Model.pollBatch(Model.java:482) ~[model-server.jar:?]
	at org.pytorch.serve.wlm.BatchAggregator.pollBatch(BatchAggregator.java:189) ~[model-server.jar:?]
	at org.pytorch.serve.wlm.BatchAggregator.getRequest(BatchAggregator.java:36) ~[model-server.jar:?]
	at org.pytorch.serve.wlm.WorkerThread.run(WorkerThread.java:195) ~[model-server.jar:?]
	at java.util.concurrent.Executors$RunnableAdapter.call(Executors.java:572) ~[?:?]
	at java.util.concurrent.FutureTask.run(FutureTask.java:317) ~[?:?]
	at java.util.concurrent.ThreadPoolExecutor.runWorker(ThreadPoolExecutor.java:1144) ~[?:?]
	at java.util.concurrent.ThreadPoolExecutor$Worker.run(ThreadPoolExecutor.java:642) ~[?:?]
	at java.lang.Thread.run(Thread.java:1583) [?:?]
2025-04-25T17:09:09,466 [DEBUG] W-9000-cifar10_1.0 org.pytorch.serve.wlm.WorkerThread - Backend worker monitoring thread interrupted or backend worker process died., responseTimeout:120sec
java.lang.InterruptedException: null
	at java.util.concurrent.locks.AbstractQueuedSynchronizer$ConditionObject.awaitNanos(AbstractQueuedSynchronizer.java:1770) ~[?:?]
	at java.util.concurrent.LinkedBlockingDeque.pollFirst(LinkedBlockingDeque.java:515) ~[?:?]
	at java.util.concurrent.LinkedBlockingDeque.poll(LinkedBlockingDeque.java:677) ~[?:?]
	at org.pytorch.serve.wlm.Model.pollBatch(Model.java:482) ~[model-server.jar:?]
	at org.pytorch.serve.wlm.BatchAggregator.pollBatch(BatchAggregator.java:189) ~[model-server.jar:?]
	at org.pytorch.serve.wlm.BatchAggregator.getRequest(BatchAggregator.java:36) ~[model-server.jar:?]
	at org.pytorch.serve.wlm.WorkerThread.run(WorkerThread.java:195) ~[model-server.jar:?]
	at java.util.concurrent.Executors$RunnableAdapter.call(Executors.java:572) ~[?:?]
	at java.util.concurrent.FutureTask.run(FutureTask.java:317) ~[?:?]
	at java.util.concurrent.ThreadPoolExecutor.runWorker(ThreadPoolExecutor.java:1144) ~[?:?]
	at java.util.concurrent.ThreadPoolExecutor$Worker.run(ThreadPoolExecutor.java:642) ~[?:?]
	at java.lang.Thread.run(Thread.java:1583) [?:?]
2025-04-25T17:09:09,478 [DEBUG] W-9000-cifar10_1.0 org.pytorch.serve.wlm.WorkerThread - W-9000-cifar10_1.0 State change WORKER_ERROR -> WORKER_STOPPED
2025-04-25T17:09:09,478 [DEBUG] W-9000-cifar10_1.0 org.pytorch.serve.wlm.WorkerThread - W-9000-cifar10_1.0 State change WORKER_ERROR -> WORKER_STOPPED
2025-04-25T17:09:09,478 [INFO ] W-9000-cifar10_1.0 org.pytorch.serve.wlm.WorkerThread - Auto recovery start timestamp: 1745575749478
2025-04-25T17:09:09,478 [INFO ] W-9000-cifar10_1.0 org.pytorch.serve.wlm.WorkerThread - Auto recovery start timestamp: 1745575749478
2025-04-25T17:09:09,479 [INFO ] W-9000-cifar10_1.0 org.pytorch.serve.wlm.WorkerThread - Retry worker: 9000 in 1 seconds.
2025-04-25T17:09:09,479 [INFO ] W-9000-cifar10_1.0 org.pytorch.serve.wlm.WorkerThread - Retry worker: 9000 in 1 seconds.
2025-04-25T17:09:09,501 [INFO ] W-9000-cifar10_1.0-stdout org.pytorch.serve.wlm.WorkerLifeCycle - Stopped Scanner - W-9000-cifar10_1.0-stdout
2025-04-25T17:09:09,501 [INFO ] W-9000-cifar10_1.0-stdout org.pytorch.serve.wlm.WorkerLifeCycle - Stopped Scanner - W-9000-cifar10_1.0-stdout
2025-04-25T17:09:09,501 [INFO ] W-9000-cifar10_1.0-stderr org.pytorch.serve.wlm.WorkerLifeCycle - Stopped Scanner - W-9000-cifar10_1.0-stderr
2025-04-25T17:09:09,501 [INFO ] W-9000-cifar10_1.0-stderr org.pytorch.serve.wlm.WorkerLifeCycle - Stopped Scanner - W-9000-cifar10_1.0-stderr
2025-04-25T17:09:10,481 [DEBUG] W-9000-cifar10_1.0 org.pytorch.serve.wlm.WorkerLifeCycle - Worker cmdline: [/home/amin/miniconda3/envs/deep-learning/bin/python, /home/amin/miniconda3/envs/deep-learning/lib/python3.9/site-packages/ts/model_service_worker.py, --sock-type, unix, --sock-name, /tmp/.ts.sock.9000, --metrics-config, /home/amin/miniconda3/envs/deep-learning/lib/python3.9/site-packages/ts/configs/metrics.yaml]
2025-04-25T17:09:10,481 [DEBUG] W-9000-cifar10_1.0 org.pytorch.serve.wlm.WorkerLifeCycle - Worker cmdline: [/home/amin/miniconda3/envs/deep-learning/bin/python, /home/amin/miniconda3/envs/deep-learning/lib/python3.9/site-packages/ts/model_service_worker.py, --sock-type, unix, --sock-name, /tmp/.ts.sock.9000, --metrics-config, /home/amin/miniconda3/envs/deep-learning/lib/python3.9/site-packages/ts/configs/metrics.yaml]
2025-04-25T17:09:11,498 [INFO ] W-9000-cifar10_1.0-stdout MODEL_LOG - s_name_part0=/tmp/.ts.sock, s_name_part1=9000, pid=11107
2025-04-25T17:09:11,498 [INFO ] W-9000-cifar10_1.0-stdout MODEL_LOG - Listening on port: /tmp/.ts.sock.9000
2025-04-25T17:09:11,506 [INFO ] W-9000-cifar10_1.0-stdout MODEL_LOG - Successfully loaded /home/amin/miniconda3/envs/deep-learning/lib/python3.9/site-packages/ts/configs/metrics.yaml.
2025-04-25T17:09:11,507 [INFO ] W-9000-cifar10_1.0-stdout MODEL_LOG - [PID]11107
2025-04-25T17:09:11,507 [DEBUG] W-9000-cifar10_1.0 org.pytorch.serve.wlm.WorkerThread - W-9000-cifar10_1.0 State change WORKER_STOPPED -> WORKER_STARTED
2025-04-25T17:09:11,507 [INFO ] W-9000-cifar10_1.0-stdout MODEL_LOG - Torch worker started.
2025-04-25T17:09:11,507 [DEBUG] W-9000-cifar10_1.0 org.pytorch.serve.wlm.WorkerThread - W-9000-cifar10_1.0 State change WORKER_STOPPED -> WORKER_STARTED
2025-04-25T17:09:11,507 [INFO ] W-9000-cifar10_1.0-stdout MODEL_LOG - Python runtime: 3.9.21
2025-04-25T17:09:11,507 [INFO ] W-9000-cifar10_1.0 org.pytorch.serve.wlm.WorkerThread - Connecting to: /tmp/.ts.sock.9000
2025-04-25T17:09:11,507 [INFO ] W-9000-cifar10_1.0 org.pytorch.serve.wlm.WorkerThread - Connecting to: /tmp/.ts.sock.9000
2025-04-25T17:09:11,508 [DEBUG] W-9000-cifar10_1.0 org.pytorch.serve.wlm.WorkerThread - Flushing req.cmd LOAD repeats 1 to backend at: 1745575751508
2025-04-25T17:09:11,508 [INFO ] W-9000-cifar10_1.0-stdout MODEL_LOG - Connection accepted: /tmp/.ts.sock.9000.
2025-04-25T17:09:11,508 [DEBUG] W-9000-cifar10_1.0 org.pytorch.serve.wlm.WorkerThread - Flushing req.cmd LOAD repeats 1 to backend at: 1745575751508
2025-04-25T17:09:11,508 [INFO ] W-9000-cifar10_1.0 org.pytorch.serve.wlm.WorkerThread - Looping backend response at: 1745575751508
2025-04-25T17:09:11,508 [INFO ] W-9000-cifar10_1.0 org.pytorch.serve.wlm.WorkerThread - Looping backend response at: 1745575751508
2025-04-25T17:09:11,518 [INFO ] W-9000-cifar10_1.0-stdout MODEL_LOG - model_name: cifar10, batchSize: 1
2025-04-25T17:09:11,565 [INFO ] W-9000-cifar10_1.0-stdout MODEL_LOG - OpenVINO is not enabled
2025-04-25T17:09:11,565 [INFO ] W-9000-cifar10_1.0-stdout MODEL_LOG - proceeding without onnxruntime
2025-04-25T17:09:11,565 [INFO ] W-9000-cifar10_1.0-stdout MODEL_LOG - Torch TensorRT not enabled
2025-04-25T17:09:11,632 [INFO ] W-9000-cifar10_1.0-stdout MODEL_LOG - Failed to load model cifar10, exception Error(s) in loading state_dict for SimpleCNN:
2025-04-25T17:09:11,632 [INFO ] W-9000-cifar10_1.0 org.pytorch.serve.wlm.WorkerThread - Backend response time: 124
2025-04-25T17:09:11,632 [INFO ] W-9000-cifar10_1.0 org.pytorch.serve.wlm.WorkerThread - Backend response time: 124
2025-04-25T17:09:11,632 [INFO ] W-9000-cifar10_1.0-stdout MODEL_LOG - 	Missing key(s) in state_dict: "conv1.0.weight", "conv1.0.bias", "conv1.1.weight", "conv1.1.bias", "conv1.1.running_mean", "conv1.1.running_var", "conv1.3.weight", "conv1.3.bias", "conv1.4.weight", "conv1.4.bias", "conv1.4.running_mean", "conv1.4.running_var", "conv2.0.weight", "conv2.0.bias", "conv2.1.weight", "conv2.1.bias", "conv2.1.running_mean", "conv2.1.running_var", "conv2.3.weight", "conv2.3.bias", "conv2.4.weight", "conv2.4.bias", "conv2.4.running_mean", "conv2.4.running_var", "fc1.1.weight", "fc1.1.bias", "fc2.1.weight", "fc2.1.bias", "fc3.1.weight", "fc3.1.bias". 
2025-04-25T17:09:11,632 [DEBUG] W-9000-cifar10_1.0 org.pytorch.serve.wlm.WorkerThread - W-9000-cifar10_1.0 State change WORKER_STARTED -> WORKER_ERROR
2025-04-25T17:09:11,632 [DEBUG] W-9000-cifar10_1.0 org.pytorch.serve.wlm.WorkerThread - W-9000-cifar10_1.0 State change WORKER_STARTED -> WORKER_ERROR
2025-04-25T17:09:11,632 [INFO ] W-9000-cifar10_1.0-stdout MODEL_LOG - 	Unexpected key(s) in state_dict: "epoch", "model", "optimizer". 
2025-04-25T17:09:11,632 [INFO ] epollEventLoopGroup-5-2 org.pytorch.serve.wlm.WorkerThread - 9000 Worker disconnected. WORKER_STARTED
2025-04-25T17:09:11,632 [INFO ] W-9000-cifar10_1.0 TS_METRICS - WorkerThreadTime.Milliseconds:0.0|#Level:Host|#hostname:amin-GF63-Thin-9SCXR,timestamp:1745575751
2025-04-25T17:09:11,632 [INFO ] W-9000-cifar10_1.0-stdout MODEL_LOG - Traceback (most recent call last):
2025-04-25T17:09:11,632 [INFO ] epollEventLoopGroup-5-2 org.pytorch.serve.wlm.WorkerThread - 9000 Worker disconnected. WORKER_STARTED
2025-04-25T17:09:11,633 [INFO ] W-9000-cifar10_1.0-stdout MODEL_LOG -   File "/home/amin/miniconda3/envs/deep-learning/lib/python3.9/site-packages/ts/model_service_worker.py", line 133, in load_model
2025-04-25T17:09:11,633 [DEBUG] W-9000-cifar10_1.0 org.pytorch.serve.wlm.WorkerThread - System state is : WORKER_ERROR
2025-04-25T17:09:11,633 [INFO ] W-9000-cifar10_1.0-stdout MODEL_LOG -     service = model_loader.load(
2025-04-25T17:09:11,633 [DEBUG] W-9000-cifar10_1.0 org.pytorch.serve.wlm.WorkerThread - System state is : WORKER_ERROR
2025-04-25T17:09:11,633 [INFO ] W-9000-cifar10_1.0-stdout MODEL_LOG -   File "/home/amin/miniconda3/envs/deep-learning/lib/python3.9/site-packages/ts/model_loader.py", line 143, in load
2025-04-25T17:09:11,633 [INFO ] W-9000-cifar10_1.0-stdout MODEL_LOG -     initialize_fn(service.context)
2025-04-25T17:09:11,633 [DEBUG] W-9000-cifar10_1.0 org.pytorch.serve.wlm.WorkerThread - Backend worker monitoring thread interrupted or backend worker process died., responseTimeout:120sec
java.lang.InterruptedException: null
	at java.util.concurrent.locks.AbstractQueuedSynchronizer$ConditionObject.awaitNanos(AbstractQueuedSynchronizer.java:1770) ~[?:?]
	at java.util.concurrent.LinkedBlockingDeque.pollFirst(LinkedBlockingDeque.java:515) ~[?:?]
	at java.util.concurrent.LinkedBlockingDeque.poll(LinkedBlockingDeque.java:677) ~[?:?]
	at org.pytorch.serve.wlm.Model.pollBatch(Model.java:482) ~[model-server.jar:?]
	at org.pytorch.serve.wlm.BatchAggregator.pollBatch(BatchAggregator.java:189) ~[model-server.jar:?]
	at org.pytorch.serve.wlm.BatchAggregator.getRequest(BatchAggregator.java:36) ~[model-server.jar:?]
	at org.pytorch.serve.wlm.WorkerThread.run(WorkerThread.java:195) ~[model-server.jar:?]
	at java.util.concurrent.ThreadPoolExecutor.runWorker(ThreadPoolExecutor.java:1144) ~[?:?]
	at java.util.concurrent.ThreadPoolExecutor$Worker.run(ThreadPoolExecutor.java:642) ~[?:?]
	at java.lang.Thread.run(Thread.java:1583) [?:?]
2025-04-25T17:09:11,633 [INFO ] W-9000-cifar10_1.0-stdout MODEL_LOG -   File "/home/amin/miniconda3/envs/deep-learning/lib/python3.9/site-packages/ts/torch_handler/base_handler.py", line 191, in initialize
2025-04-25T17:09:11,633 [INFO ] W-9000-cifar10_1.0-stdout MODEL_LOG -     self.model = self._load_pickled_model(
2025-04-25T17:09:11,633 [DEBUG] W-9000-cifar10_1.0 org.pytorch.serve.wlm.WorkerThread - Backend worker monitoring thread interrupted or backend worker process died., responseTimeout:120sec
java.lang.InterruptedException: null
	at java.util.concurrent.locks.AbstractQueuedSynchronizer$ConditionObject.awaitNanos(AbstractQueuedSynchronizer.java:1770) ~[?:?]
	at java.util.concurrent.LinkedBlockingDeque.pollFirst(LinkedBlockingDeque.java:515) ~[?:?]
	at java.util.concurrent.LinkedBlockingDeque.poll(LinkedBlockingDeque.java:677) ~[?:?]
	at org.pytorch.serve.wlm.Model.pollBatch(Model.java:482) ~[model-server.jar:?]
	at org.pytorch.serve.wlm.BatchAggregator.pollBatch(BatchAggregator.java:189) ~[model-server.jar:?]
	at org.pytorch.serve.wlm.BatchAggregator.getRequest(BatchAggregator.java:36) ~[model-server.jar:?]
	at org.pytorch.serve.wlm.WorkerThread.run(WorkerThread.java:195) ~[model-server.jar:?]
	at java.util.concurrent.ThreadPoolExecutor.runWorker(ThreadPoolExecutor.java:1144) ~[?:?]
	at java.util.concurrent.ThreadPoolExecutor$Worker.run(ThreadPoolExecutor.java:642) ~[?:?]
	at java.lang.Thread.run(Thread.java:1583) [?:?]
2025-04-25T17:09:11,633 [INFO ] W-9000-cifar10_1.0-stdout MODEL_LOG -   File "/home/amin/miniconda3/envs/deep-learning/lib/python3.9/site-packages/ts/torch_handler/base_handler.py", line 356, in _load_pickled_model
2025-04-25T17:09:11,633 [DEBUG] W-9000-cifar10_1.0 org.pytorch.serve.wlm.WorkerThread - W-9000-cifar10_1.0 State change WORKER_ERROR -> WORKER_STOPPED
2025-04-25T17:09:11,633 [DEBUG] W-9000-cifar10_1.0 org.pytorch.serve.wlm.WorkerThread - W-9000-cifar10_1.0 State change WORKER_ERROR -> WORKER_STOPPED
2025-04-25T17:09:11,633 [WARN ] W-9000-cifar10_1.0 org.pytorch.serve.wlm.WorkerThread - Auto recovery failed again
2025-04-25T17:09:11,633 [INFO ] W-9000-cifar10_1.0-stdout MODEL_LOG -     model.load_state_dict(state_dict)
2025-04-25T17:09:11,633 [WARN ] W-9000-cifar10_1.0 org.pytorch.serve.wlm.WorkerThread - Auto recovery failed again
2025-04-25T17:09:11,633 [INFO ] W-9000-cifar10_1.0-stdout MODEL_LOG -   File "/home/amin/miniconda3/envs/deep-learning/lib/python3.9/site-packages/torch/nn/modules/module.py", line 2189, in load_state_dict
2025-04-25T17:09:11,634 [INFO ] W-9000-cifar10_1.0-stdout MODEL_LOG -     raise RuntimeError('Error(s) in loading state_dict for {}:\n\t{}'.format(
2025-04-25T17:09:11,634 [INFO ] W-9000-cifar10_1.0 org.pytorch.serve.wlm.WorkerThread - Retry worker: 9000 in 1 seconds.
2025-04-25T17:09:11,634 [INFO ] W-9000-cifar10_1.0 org.pytorch.serve.wlm.WorkerThread - Retry worker: 9000 in 1 seconds.
2025-04-25T17:09:11,634 [INFO ] W-9000-cifar10_1.0-stdout MODEL_LOG - RuntimeError: Error(s) in loading state_dict for SimpleCNN:
2025-04-25T17:09:11,634 [INFO ] W-9000-cifar10_1.0-stdout MODEL_LOG - 	Missing key(s) in state_dict: "conv1.0.weight", "conv1.0.bias", "conv1.1.weight", "conv1.1.bias", "conv1.1.running_mean", "conv1.1.running_var", "conv1.3.weight", "conv1.3.bias", "conv1.4.weight", "conv1.4.bias", "conv1.4.running_mean", "conv1.4.running_var", "conv2.0.weight", "conv2.0.bias", "conv2.1.weight", "conv2.1.bias", "conv2.1.running_mean", "conv2.1.running_var", "conv2.3.weight", "conv2.3.bias", "conv2.4.weight", "conv2.4.bias", "conv2.4.running_mean", "conv2.4.running_var", "fc1.1.weight", "fc1.1.bias", "fc2.1.weight", "fc2.1.bias", "fc3.1.weight", "fc3.1.bias". 
2025-04-25T17:09:11,634 [INFO ] W-9000-cifar10_1.0-stdout MODEL_LOG - 	Unexpected key(s) in state_dict: "epoch", "model", "optimizer". 
2025-04-25T17:09:11,634 [INFO ] W-9000-cifar10_1.0-stdout org.pytorch.serve.wlm.WorkerLifeCycle - Stopped Scanner - W-9000-cifar10_1.0-stdout
2025-04-25T17:09:11,634 [INFO ] W-9000-cifar10_1.0-stdout org.pytorch.serve.wlm.WorkerLifeCycle - Stopped Scanner - W-9000-cifar10_1.0-stdout
2025-04-25T17:09:11,657 [INFO ] W-9000-cifar10_1.0-stderr org.pytorch.serve.wlm.WorkerLifeCycle - Stopped Scanner - W-9000-cifar10_1.0-stderr
2025-04-25T17:09:11,657 [INFO ] W-9000-cifar10_1.0-stderr org.pytorch.serve.wlm.WorkerLifeCycle - Stopped Scanner - W-9000-cifar10_1.0-stderr
2025-04-25T17:09:12,635 [DEBUG] W-9000-cifar10_1.0 org.pytorch.serve.wlm.WorkerLifeCycle - Worker cmdline: [/home/amin/miniconda3/envs/deep-learning/bin/python, /home/amin/miniconda3/envs/deep-learning/lib/python3.9/site-packages/ts/model_service_worker.py, --sock-type, unix, --sock-name, /tmp/.ts.sock.9000, --metrics-config, /home/amin/miniconda3/envs/deep-learning/lib/python3.9/site-packages/ts/configs/metrics.yaml]
2025-04-25T17:09:12,635 [DEBUG] W-9000-cifar10_1.0 org.pytorch.serve.wlm.WorkerLifeCycle - Worker cmdline: [/home/amin/miniconda3/envs/deep-learning/bin/python, /home/amin/miniconda3/envs/deep-learning/lib/python3.9/site-packages/ts/model_service_worker.py, --sock-type, unix, --sock-name, /tmp/.ts.sock.9000, --metrics-config, /home/amin/miniconda3/envs/deep-learning/lib/python3.9/site-packages/ts/configs/metrics.yaml]
2025-04-25T17:09:13,690 [INFO ] W-9000-cifar10_1.0-stdout MODEL_LOG - s_name_part0=/tmp/.ts.sock, s_name_part1=9000, pid=11127
2025-04-25T17:09:13,690 [INFO ] W-9000-cifar10_1.0-stdout MODEL_LOG - Listening on port: /tmp/.ts.sock.9000
2025-04-25T17:09:13,701 [INFO ] W-9000-cifar10_1.0-stdout MODEL_LOG - Successfully loaded /home/amin/miniconda3/envs/deep-learning/lib/python3.9/site-packages/ts/configs/metrics.yaml.
2025-04-25T17:09:13,701 [INFO ] W-9000-cifar10_1.0-stdout MODEL_LOG - [PID]11127
2025-04-25T17:09:13,701 [INFO ] W-9000-cifar10_1.0-stdout MODEL_LOG - Torch worker started.
2025-04-25T17:09:13,701 [DEBUG] W-9000-cifar10_1.0 org.pytorch.serve.wlm.WorkerThread - W-9000-cifar10_1.0 State change WORKER_STOPPED -> WORKER_STARTED
2025-04-25T17:09:13,701 [DEBUG] W-9000-cifar10_1.0 org.pytorch.serve.wlm.WorkerThread - W-9000-cifar10_1.0 State change WORKER_STOPPED -> WORKER_STARTED
2025-04-25T17:09:13,701 [INFO ] W-9000-cifar10_1.0-stdout MODEL_LOG - Python runtime: 3.9.21
2025-04-25T17:09:13,701 [INFO ] W-9000-cifar10_1.0 org.pytorch.serve.wlm.WorkerThread - Connecting to: /tmp/.ts.sock.9000
2025-04-25T17:09:13,701 [INFO ] W-9000-cifar10_1.0 org.pytorch.serve.wlm.WorkerThread - Connecting to: /tmp/.ts.sock.9000
2025-04-25T17:09:13,702 [DEBUG] W-9000-cifar10_1.0 org.pytorch.serve.wlm.WorkerThread - Flushing req.cmd LOAD repeats 1 to backend at: 1745575753702
2025-04-25T17:09:13,702 [DEBUG] W-9000-cifar10_1.0 org.pytorch.serve.wlm.WorkerThread - Flushing req.cmd LOAD repeats 1 to backend at: 1745575753702
2025-04-25T17:09:13,702 [INFO ] W-9000-cifar10_1.0-stdout MODEL_LOG - Connection accepted: /tmp/.ts.sock.9000.
2025-04-25T17:09:13,702 [INFO ] W-9000-cifar10_1.0 org.pytorch.serve.wlm.WorkerThread - Looping backend response at: 1745575753702
2025-04-25T17:09:13,702 [INFO ] W-9000-cifar10_1.0 org.pytorch.serve.wlm.WorkerThread - Looping backend response at: 1745575753702
2025-04-25T17:09:13,712 [INFO ] W-9000-cifar10_1.0-stdout MODEL_LOG - model_name: cifar10, batchSize: 1
2025-04-25T17:09:13,760 [INFO ] W-9000-cifar10_1.0-stdout MODEL_LOG - OpenVINO is not enabled
2025-04-25T17:09:13,760 [INFO ] W-9000-cifar10_1.0-stdout MODEL_LOG - proceeding without onnxruntime
2025-04-25T17:09:13,760 [INFO ] W-9000-cifar10_1.0-stdout MODEL_LOG - Torch TensorRT not enabled
2025-04-25T17:09:13,823 [INFO ] W-9000-cifar10_1.0-stdout MODEL_LOG - Failed to load model cifar10, exception Error(s) in loading state_dict for SimpleCNN:
2025-04-25T17:09:13,823 [INFO ] W-9000-cifar10_1.0-stdout MODEL_LOG - 	Missing key(s) in state_dict: "conv1.0.weight", "conv1.0.bias", "conv1.1.weight", "conv1.1.bias", "conv1.1.running_mean", "conv1.1.running_var", "conv1.3.weight", "conv1.3.bias", "conv1.4.weight", "conv1.4.bias", "conv1.4.running_mean", "conv1.4.running_var", "conv2.0.weight", "conv2.0.bias", "conv2.1.weight", "conv2.1.bias", "conv2.1.running_mean", "conv2.1.running_var", "conv2.3.weight", "conv2.3.bias", "conv2.4.weight", "conv2.4.bias", "conv2.4.running_mean", "conv2.4.running_var", "fc1.1.weight", "fc1.1.bias", "fc2.1.weight", "fc2.1.bias", "fc3.1.weight", "fc3.1.bias". 
2025-04-25T17:09:13,824 [INFO ] W-9000-cifar10_1.0 org.pytorch.serve.wlm.WorkerThread - Backend response time: 122
2025-04-25T17:09:13,824 [INFO ] W-9000-cifar10_1.0 org.pytorch.serve.wlm.WorkerThread - Backend response time: 122
2025-04-25T17:09:13,824 [INFO ] W-9000-cifar10_1.0-stdout MODEL_LOG - 	Unexpected key(s) in state_dict: "epoch", "model", "optimizer". 
2025-04-25T17:09:13,824 [DEBUG] W-9000-cifar10_1.0 org.pytorch.serve.wlm.WorkerThread - W-9000-cifar10_1.0 State change WORKER_STARTED -> WORKER_ERROR
2025-04-25T17:09:13,824 [DEBUG] W-9000-cifar10_1.0 org.pytorch.serve.wlm.WorkerThread - W-9000-cifar10_1.0 State change WORKER_STARTED -> WORKER_ERROR
2025-04-25T17:09:13,824 [INFO ] W-9000-cifar10_1.0-stdout MODEL_LOG - Traceback (most recent call last):
2025-04-25T17:09:13,824 [INFO ] epollEventLoopGroup-5-3 org.pytorch.serve.wlm.WorkerThread - 9000 Worker disconnected. WORKER_STARTED
2025-04-25T17:09:13,824 [INFO ] W-9000-cifar10_1.0-stdout MODEL_LOG -   File "/home/amin/miniconda3/envs/deep-learning/lib/python3.9/site-packages/ts/model_service_worker.py", line 133, in load_model
2025-04-25T17:09:13,824 [INFO ] W-9000-cifar10_1.0 TS_METRICS - WorkerThreadTime.Milliseconds:0.0|#Level:Host|#hostname:amin-GF63-Thin-9SCXR,timestamp:1745575753
2025-04-25T17:09:13,824 [INFO ] W-9000-cifar10_1.0-stdout MODEL_LOG -     service = model_loader.load(
2025-04-25T17:09:13,824 [INFO ] epollEventLoopGroup-5-3 org.pytorch.serve.wlm.WorkerThread - 9000 Worker disconnected. WORKER_STARTED
2025-04-25T17:09:13,824 [DEBUG] W-9000-cifar10_1.0 org.pytorch.serve.wlm.WorkerThread - System state is : WORKER_ERROR
2025-04-25T17:09:13,824 [INFO ] W-9000-cifar10_1.0-stdout MODEL_LOG -   File "/home/amin/miniconda3/envs/deep-learning/lib/python3.9/site-packages/ts/model_loader.py", line 143, in load
2025-04-25T17:09:13,824 [DEBUG] W-9000-cifar10_1.0 org.pytorch.serve.wlm.WorkerThread - System state is : WORKER_ERROR
2025-04-25T17:09:13,824 [INFO ] W-9000-cifar10_1.0-stdout MODEL_LOG -     initialize_fn(service.context)
2025-04-25T17:09:13,824 [INFO ] W-9000-cifar10_1.0-stdout MODEL_LOG -   File "/home/amin/miniconda3/envs/deep-learning/lib/python3.9/site-packages/ts/torch_handler/base_handler.py", line 191, in initialize
2025-04-25T17:09:13,824 [DEBUG] W-9000-cifar10_1.0 org.pytorch.serve.wlm.WorkerThread - Backend worker monitoring thread interrupted or backend worker process died., responseTimeout:120sec
java.lang.InterruptedException: null
	at java.util.concurrent.locks.AbstractQueuedSynchronizer$ConditionObject.awaitNanos(AbstractQueuedSynchronizer.java:1770) ~[?:?]
	at java.util.concurrent.LinkedBlockingDeque.pollFirst(LinkedBlockingDeque.java:515) ~[?:?]
	at java.util.concurrent.LinkedBlockingDeque.poll(LinkedBlockingDeque.java:677) ~[?:?]
	at org.pytorch.serve.wlm.Model.pollBatch(Model.java:482) ~[model-server.jar:?]
	at org.pytorch.serve.wlm.BatchAggregator.pollBatch(BatchAggregator.java:189) ~[model-server.jar:?]
	at org.pytorch.serve.wlm.BatchAggregator.getRequest(BatchAggregator.java:36) ~[model-server.jar:?]
	at org.pytorch.serve.wlm.WorkerThread.run(WorkerThread.java:195) ~[model-server.jar:?]
	at java.util.concurrent.ThreadPoolExecutor.runWorker(ThreadPoolExecutor.java:1144) ~[?:?]
	at java.util.concurrent.ThreadPoolExecutor$Worker.run(ThreadPoolExecutor.java:642) ~[?:?]
	at java.lang.Thread.run(Thread.java:1583) [?:?]
2025-04-25T17:09:13,825 [INFO ] W-9000-cifar10_1.0-stdout MODEL_LOG -     self.model = self._load_pickled_model(
2025-04-25T17:09:13,824 [DEBUG] W-9000-cifar10_1.0 org.pytorch.serve.wlm.WorkerThread - Backend worker monitoring thread interrupted or backend worker process died., responseTimeout:120sec
java.lang.InterruptedException: null
	at java.util.concurrent.locks.AbstractQueuedSynchronizer$ConditionObject.awaitNanos(AbstractQueuedSynchronizer.java:1770) ~[?:?]
	at java.util.concurrent.LinkedBlockingDeque.pollFirst(LinkedBlockingDeque.java:515) ~[?:?]
	at java.util.concurrent.LinkedBlockingDeque.poll(LinkedBlockingDeque.java:677) ~[?:?]
	at org.pytorch.serve.wlm.Model.pollBatch(Model.java:482) ~[model-server.jar:?]
	at org.pytorch.serve.wlm.BatchAggregator.pollBatch(BatchAggregator.java:189) ~[model-server.jar:?]
	at org.pytorch.serve.wlm.BatchAggregator.getRequest(BatchAggregator.java:36) ~[model-server.jar:?]
	at org.pytorch.serve.wlm.WorkerThread.run(WorkerThread.java:195) ~[model-server.jar:?]
	at java.util.concurrent.ThreadPoolExecutor.runWorker(ThreadPoolExecutor.java:1144) ~[?:?]
	at java.util.concurrent.ThreadPoolExecutor$Worker.run(ThreadPoolExecutor.java:642) ~[?:?]
	at java.lang.Thread.run(Thread.java:1583) [?:?]
2025-04-25T17:09:13,825 [INFO ] W-9000-cifar10_1.0-stdout MODEL_LOG -   File "/home/amin/miniconda3/envs/deep-learning/lib/python3.9/site-packages/ts/torch_handler/base_handler.py", line 356, in _load_pickled_model
2025-04-25T17:09:13,825 [DEBUG] W-9000-cifar10_1.0 org.pytorch.serve.wlm.WorkerThread - W-9000-cifar10_1.0 State change WORKER_ERROR -> WORKER_STOPPED
2025-04-25T17:09:13,825 [INFO ] W-9000-cifar10_1.0-stdout MODEL_LOG -     model.load_state_dict(state_dict)
2025-04-25T17:09:13,825 [DEBUG] W-9000-cifar10_1.0 org.pytorch.serve.wlm.WorkerThread - W-9000-cifar10_1.0 State change WORKER_ERROR -> WORKER_STOPPED
2025-04-25T17:09:13,825 [WARN ] W-9000-cifar10_1.0 org.pytorch.serve.wlm.WorkerThread - Auto recovery failed again
2025-04-25T17:09:13,825 [WARN ] W-9000-cifar10_1.0 org.pytorch.serve.wlm.WorkerThread - Auto recovery failed again
2025-04-25T17:09:13,825 [INFO ] W-9000-cifar10_1.0-stdout MODEL_LOG -   File "/home/amin/miniconda3/envs/deep-learning/lib/python3.9/site-packages/torch/nn/modules/module.py", line 2189, in load_state_dict
2025-04-25T17:09:13,825 [INFO ] W-9000-cifar10_1.0-stdout MODEL_LOG -     raise RuntimeError('Error(s) in loading state_dict for {}:\n\t{}'.format(
2025-04-25T17:09:13,825 [INFO ] W-9000-cifar10_1.0 org.pytorch.serve.wlm.WorkerThread - Retry worker: 9000 in 2 seconds.
2025-04-25T17:09:13,825 [INFO ] W-9000-cifar10_1.0 org.pytorch.serve.wlm.WorkerThread - Retry worker: 9000 in 2 seconds.
2025-04-25T17:09:13,825 [INFO ] W-9000-cifar10_1.0-stdout MODEL_LOG - RuntimeError: Error(s) in loading state_dict for SimpleCNN:
2025-04-25T17:09:13,825 [INFO ] W-9000-cifar10_1.0-stdout MODEL_LOG - 	Missing key(s) in state_dict: "conv1.0.weight", "conv1.0.bias", "conv1.1.weight", "conv1.1.bias", "conv1.1.running_mean", "conv1.1.running_var", "conv1.3.weight", "conv1.3.bias", "conv1.4.weight", "conv1.4.bias", "conv1.4.running_mean", "conv1.4.running_var", "conv2.0.weight", "conv2.0.bias", "conv2.1.weight", "conv2.1.bias", "conv2.1.running_mean", "conv2.1.running_var", "conv2.3.weight", "conv2.3.bias", "conv2.4.weight", "conv2.4.bias", "conv2.4.running_mean", "conv2.4.running_var", "fc1.1.weight", "fc1.1.bias", "fc2.1.weight", "fc2.1.bias", "fc3.1.weight", "fc3.1.bias". 
2025-04-25T17:09:13,826 [INFO ] W-9000-cifar10_1.0-stdout MODEL_LOG - 	Unexpected key(s) in state_dict: "epoch", "model", "optimizer". 
2025-04-25T17:09:13,826 [INFO ] W-9000-cifar10_1.0-stdout org.pytorch.serve.wlm.WorkerLifeCycle - Stopped Scanner - W-9000-cifar10_1.0-stdout
2025-04-25T17:09:13,826 [INFO ] W-9000-cifar10_1.0-stdout org.pytorch.serve.wlm.WorkerLifeCycle - Stopped Scanner - W-9000-cifar10_1.0-stdout
2025-04-25T17:09:13,848 [INFO ] W-9000-cifar10_1.0-stderr org.pytorch.serve.wlm.WorkerLifeCycle - Stopped Scanner - W-9000-cifar10_1.0-stderr
2025-04-25T17:09:13,848 [INFO ] W-9000-cifar10_1.0-stderr org.pytorch.serve.wlm.WorkerLifeCycle - Stopped Scanner - W-9000-cifar10_1.0-stderr
2025-04-25T17:09:15,827 [DEBUG] W-9000-cifar10_1.0 org.pytorch.serve.wlm.WorkerLifeCycle - Worker cmdline: [/home/amin/miniconda3/envs/deep-learning/bin/python, /home/amin/miniconda3/envs/deep-learning/lib/python3.9/site-packages/ts/model_service_worker.py, --sock-type, unix, --sock-name, /tmp/.ts.sock.9000, --metrics-config, /home/amin/miniconda3/envs/deep-learning/lib/python3.9/site-packages/ts/configs/metrics.yaml]
2025-04-25T17:09:15,827 [DEBUG] W-9000-cifar10_1.0 org.pytorch.serve.wlm.WorkerLifeCycle - Worker cmdline: [/home/amin/miniconda3/envs/deep-learning/bin/python, /home/amin/miniconda3/envs/deep-learning/lib/python3.9/site-packages/ts/model_service_worker.py, --sock-type, unix, --sock-name, /tmp/.ts.sock.9000, --metrics-config, /home/amin/miniconda3/envs/deep-learning/lib/python3.9/site-packages/ts/configs/metrics.yaml]
2025-04-25T17:09:17,004 [INFO ] W-9000-cifar10_1.0-stdout MODEL_LOG - s_name_part0=/tmp/.ts.sock, s_name_part1=9000, pid=11144
2025-04-25T17:09:17,005 [INFO ] W-9000-cifar10_1.0-stdout MODEL_LOG - Listening on port: /tmp/.ts.sock.9000
2025-04-25T17:09:17,015 [INFO ] W-9000-cifar10_1.0-stdout MODEL_LOG - Successfully loaded /home/amin/miniconda3/envs/deep-learning/lib/python3.9/site-packages/ts/configs/metrics.yaml.
2025-04-25T17:09:17,015 [INFO ] W-9000-cifar10_1.0-stdout MODEL_LOG - [PID]11144
2025-04-25T17:09:17,015 [INFO ] W-9000-cifar10_1.0-stdout MODEL_LOG - Torch worker started.
2025-04-25T17:09:17,015 [DEBUG] W-9000-cifar10_1.0 org.pytorch.serve.wlm.WorkerThread - W-9000-cifar10_1.0 State change WORKER_STOPPED -> WORKER_STARTED
2025-04-25T17:09:17,015 [DEBUG] W-9000-cifar10_1.0 org.pytorch.serve.wlm.WorkerThread - W-9000-cifar10_1.0 State change WORKER_STOPPED -> WORKER_STARTED
2025-04-25T17:09:17,016 [INFO ] W-9000-cifar10_1.0-stdout MODEL_LOG - Python runtime: 3.9.21
2025-04-25T17:09:17,016 [INFO ] W-9000-cifar10_1.0 org.pytorch.serve.wlm.WorkerThread - Connecting to: /tmp/.ts.sock.9000
2025-04-25T17:09:17,016 [INFO ] W-9000-cifar10_1.0 org.pytorch.serve.wlm.WorkerThread - Connecting to: /tmp/.ts.sock.9000
2025-04-25T17:09:17,017 [DEBUG] W-9000-cifar10_1.0 org.pytorch.serve.wlm.WorkerThread - Flushing req.cmd LOAD repeats 1 to backend at: 1745575757017
2025-04-25T17:09:17,017 [INFO ] W-9000-cifar10_1.0-stdout MODEL_LOG - Connection accepted: /tmp/.ts.sock.9000.
2025-04-25T17:09:17,017 [DEBUG] W-9000-cifar10_1.0 org.pytorch.serve.wlm.WorkerThread - Flushing req.cmd LOAD repeats 1 to backend at: 1745575757017
2025-04-25T17:09:17,017 [INFO ] W-9000-cifar10_1.0 org.pytorch.serve.wlm.WorkerThread - Looping backend response at: 1745575757017
2025-04-25T17:09:17,017 [INFO ] W-9000-cifar10_1.0 org.pytorch.serve.wlm.WorkerThread - Looping backend response at: 1745575757017
2025-04-25T17:09:17,029 [INFO ] W-9000-cifar10_1.0-stdout MODEL_LOG - model_name: cifar10, batchSize: 1
2025-04-25T17:09:17,080 [INFO ] W-9000-cifar10_1.0-stdout MODEL_LOG - OpenVINO is not enabled
2025-04-25T17:09:17,080 [INFO ] W-9000-cifar10_1.0-stdout MODEL_LOG - proceeding without onnxruntime
2025-04-25T17:09:17,080 [INFO ] W-9000-cifar10_1.0-stdout MODEL_LOG - Torch TensorRT not enabled
2025-04-25T17:09:17,157 [INFO ] W-9000-cifar10_1.0-stdout MODEL_LOG - Failed to load model cifar10, exception Error(s) in loading state_dict for SimpleCNN:
2025-04-25T17:09:17,157 [INFO ] W-9000-cifar10_1.0-stdout MODEL_LOG - 	Missing key(s) in state_dict: "conv1.0.weight", "conv1.0.bias", "conv1.1.weight", "conv1.1.bias", "conv1.1.running_mean", "conv1.1.running_var", "conv1.3.weight", "conv1.3.bias", "conv1.4.weight", "conv1.4.bias", "conv1.4.running_mean", "conv1.4.running_var", "conv2.0.weight", "conv2.0.bias", "conv2.1.weight", "conv2.1.bias", "conv2.1.running_mean", "conv2.1.running_var", "conv2.3.weight", "conv2.3.bias", "conv2.4.weight", "conv2.4.bias", "conv2.4.running_mean", "conv2.4.running_var", "fc1.1.weight", "fc1.1.bias", "fc2.1.weight", "fc2.1.bias", "fc3.1.weight", "fc3.1.bias". 
2025-04-25T17:09:17,158 [INFO ] W-9000-cifar10_1.0-stdout MODEL_LOG - 	Unexpected key(s) in state_dict: "epoch", "model", "optimizer". 
2025-04-25T17:09:17,158 [INFO ] W-9000-cifar10_1.0-stdout MODEL_LOG - Traceback (most recent call last):
2025-04-25T17:09:17,158 [INFO ] W-9000-cifar10_1.0-stdout MODEL_LOG -   File "/home/amin/miniconda3/envs/deep-learning/lib/python3.9/site-packages/ts/model_service_worker.py", line 133, in load_model
2025-04-25T17:09:17,158 [INFO ] W-9000-cifar10_1.0 org.pytorch.serve.wlm.WorkerThread - Backend response time: 141
2025-04-25T17:09:17,158 [INFO ] W-9000-cifar10_1.0-stdout MODEL_LOG -     service = model_loader.load(
2025-04-25T17:09:17,158 [INFO ] W-9000-cifar10_1.0 org.pytorch.serve.wlm.WorkerThread - Backend response time: 141
2025-04-25T17:09:17,159 [DEBUG] W-9000-cifar10_1.0 org.pytorch.serve.wlm.WorkerThread - W-9000-cifar10_1.0 State change WORKER_STARTED -> WORKER_ERROR
2025-04-25T17:09:17,159 [INFO ] W-9000-cifar10_1.0-stdout MODEL_LOG -   File "/home/amin/miniconda3/envs/deep-learning/lib/python3.9/site-packages/ts/model_loader.py", line 143, in load
2025-04-25T17:09:17,159 [DEBUG] W-9000-cifar10_1.0 org.pytorch.serve.wlm.WorkerThread - W-9000-cifar10_1.0 State change WORKER_STARTED -> WORKER_ERROR
2025-04-25T17:09:17,159 [INFO ] W-9000-cifar10_1.0-stdout MODEL_LOG -     initialize_fn(service.context)
2025-04-25T17:09:17,159 [INFO ] W-9000-cifar10_1.0-stdout MODEL_LOG -   File "/home/amin/miniconda3/envs/deep-learning/lib/python3.9/site-packages/ts/torch_handler/base_handler.py", line 191, in initialize
2025-04-25T17:09:17,159 [INFO ] epollEventLoopGroup-5-4 org.pytorch.serve.wlm.WorkerThread - 9000 Worker disconnected. WORKER_STARTED
2025-04-25T17:09:17,159 [INFO ] W-9000-cifar10_1.0 TS_METRICS - WorkerThreadTime.Milliseconds:1.0|#Level:Host|#hostname:amin-GF63-Thin-9SCXR,timestamp:1745575757
2025-04-25T17:09:17,159 [INFO ] epollEventLoopGroup-5-4 org.pytorch.serve.wlm.WorkerThread - 9000 Worker disconnected. WORKER_STARTED
2025-04-25T17:09:17,159 [INFO ] W-9000-cifar10_1.0-stdout MODEL_LOG -     self.model = self._load_pickled_model(
2025-04-25T17:09:17,160 [DEBUG] W-9000-cifar10_1.0 org.pytorch.serve.wlm.WorkerThread - System state is : WORKER_ERROR
2025-04-25T17:09:17,160 [DEBUG] W-9000-cifar10_1.0 org.pytorch.serve.wlm.WorkerThread - System state is : WORKER_ERROR
2025-04-25T17:09:17,160 [INFO ] W-9000-cifar10_1.0-stdout MODEL_LOG -   File "/home/amin/miniconda3/envs/deep-learning/lib/python3.9/site-packages/ts/torch_handler/base_handler.py", line 356, in _load_pickled_model
2025-04-25T17:09:17,160 [INFO ] W-9000-cifar10_1.0-stdout MODEL_LOG -     model.load_state_dict(state_dict)
2025-04-25T17:09:17,160 [INFO ] W-9000-cifar10_1.0-stdout MODEL_LOG -   File "/home/amin/miniconda3/envs/deep-learning/lib/python3.9/site-packages/torch/nn/modules/module.py", line 2189, in load_state_dict
2025-04-25T17:09:17,160 [DEBUG] W-9000-cifar10_1.0 org.pytorch.serve.wlm.WorkerThread - Backend worker monitoring thread interrupted or backend worker process died., responseTimeout:120sec
java.lang.InterruptedException: null
	at java.util.concurrent.locks.AbstractQueuedSynchronizer$ConditionObject.awaitNanos(AbstractQueuedSynchronizer.java:1770) ~[?:?]
	at java.util.concurrent.LinkedBlockingDeque.pollFirst(LinkedBlockingDeque.java:515) ~[?:?]
	at java.util.concurrent.LinkedBlockingDeque.poll(LinkedBlockingDeque.java:677) ~[?:?]
	at org.pytorch.serve.wlm.Model.pollBatch(Model.java:482) ~[model-server.jar:?]
	at org.pytorch.serve.wlm.BatchAggregator.pollBatch(BatchAggregator.java:189) ~[model-server.jar:?]
	at org.pytorch.serve.wlm.BatchAggregator.getRequest(BatchAggregator.java:36) ~[model-server.jar:?]
	at org.pytorch.serve.wlm.WorkerThread.run(WorkerThread.java:195) ~[model-server.jar:?]
	at java.util.concurrent.ThreadPoolExecutor.runWorker(ThreadPoolExecutor.java:1144) ~[?:?]
	at java.util.concurrent.ThreadPoolExecutor$Worker.run(ThreadPoolExecutor.java:642) ~[?:?]
	at java.lang.Thread.run(Thread.java:1583) [?:?]
2025-04-25T17:09:17,160 [DEBUG] W-9000-cifar10_1.0 org.pytorch.serve.wlm.WorkerThread - Backend worker monitoring thread interrupted or backend worker process died., responseTimeout:120sec
java.lang.InterruptedException: null
	at java.util.concurrent.locks.AbstractQueuedSynchronizer$ConditionObject.awaitNanos(AbstractQueuedSynchronizer.java:1770) ~[?:?]
	at java.util.concurrent.LinkedBlockingDeque.pollFirst(LinkedBlockingDeque.java:515) ~[?:?]
	at java.util.concurrent.LinkedBlockingDeque.poll(LinkedBlockingDeque.java:677) ~[?:?]
	at org.pytorch.serve.wlm.Model.pollBatch(Model.java:482) ~[model-server.jar:?]
	at org.pytorch.serve.wlm.BatchAggregator.pollBatch(BatchAggregator.java:189) ~[model-server.jar:?]
	at org.pytorch.serve.wlm.BatchAggregator.getRequest(BatchAggregator.java:36) ~[model-server.jar:?]
	at org.pytorch.serve.wlm.WorkerThread.run(WorkerThread.java:195) ~[model-server.jar:?]
	at java.util.concurrent.ThreadPoolExecutor.runWorker(ThreadPoolExecutor.java:1144) ~[?:?]
	at java.util.concurrent.ThreadPoolExecutor$Worker.run(ThreadPoolExecutor.java:642) ~[?:?]
	at java.lang.Thread.run(Thread.java:1583) [?:?]
2025-04-25T17:09:17,160 [INFO ] W-9000-cifar10_1.0-stdout MODEL_LOG -     raise RuntimeError('Error(s) in loading state_dict for {}:\n\t{}'.format(
2025-04-25T17:09:17,160 [DEBUG] W-9000-cifar10_1.0 org.pytorch.serve.wlm.WorkerThread - W-9000-cifar10_1.0 State change WORKER_ERROR -> WORKER_STOPPED
2025-04-25T17:09:17,160 [INFO ] W-9000-cifar10_1.0-stdout MODEL_LOG - RuntimeError: Error(s) in loading state_dict for SimpleCNN:
2025-04-25T17:09:17,160 [DEBUG] W-9000-cifar10_1.0 org.pytorch.serve.wlm.WorkerThread - W-9000-cifar10_1.0 State change WORKER_ERROR -> WORKER_STOPPED
2025-04-25T17:09:17,160 [WARN ] W-9000-cifar10_1.0 org.pytorch.serve.wlm.WorkerThread - Auto recovery failed again
2025-04-25T17:09:17,160 [WARN ] W-9000-cifar10_1.0 org.pytorch.serve.wlm.WorkerThread - Auto recovery failed again
2025-04-25T17:09:17,161 [INFO ] W-9000-cifar10_1.0-stdout MODEL_LOG - 	Missing key(s) in state_dict: "conv1.0.weight", "conv1.0.bias", "conv1.1.weight", "conv1.1.bias", "conv1.1.running_mean", "conv1.1.running_var", "conv1.3.weight", "conv1.3.bias", "conv1.4.weight", "conv1.4.bias", "conv1.4.running_mean", "conv1.4.running_var", "conv2.0.weight", "conv2.0.bias", "conv2.1.weight", "conv2.1.bias", "conv2.1.running_mean", "conv2.1.running_var", "conv2.3.weight", "conv2.3.bias", "conv2.4.weight", "conv2.4.bias", "conv2.4.running_mean", "conv2.4.running_var", "fc1.1.weight", "fc1.1.bias", "fc2.1.weight", "fc2.1.bias", "fc3.1.weight", "fc3.1.bias". 
2025-04-25T17:09:17,161 [INFO ] W-9000-cifar10_1.0 org.pytorch.serve.wlm.WorkerThread - Retry worker: 9000 in 3 seconds.
2025-04-25T17:09:17,161 [INFO ] W-9000-cifar10_1.0 org.pytorch.serve.wlm.WorkerThread - Retry worker: 9000 in 3 seconds.
2025-04-25T17:09:17,161 [INFO ] W-9000-cifar10_1.0-stdout MODEL_LOG - 	Unexpected key(s) in state_dict: "epoch", "model", "optimizer". 
2025-04-25T17:09:17,161 [INFO ] W-9000-cifar10_1.0-stdout MODEL_LOG - Backend worker process died.
2025-04-25T17:09:17,161 [INFO ] W-9000-cifar10_1.0-stdout MODEL_LOG - Traceback (most recent call last):
2025-04-25T17:09:17,161 [INFO ] W-9000-cifar10_1.0-stdout MODEL_LOG -   File "/home/amin/miniconda3/envs/deep-learning/lib/python3.9/site-packages/ts/model_service_worker.py", line 301, in <module>
2025-04-25T17:09:17,161 [INFO ] W-9000-cifar10_1.0-stdout MODEL_LOG -     worker.run_server()
2025-04-25T17:09:17,161 [INFO ] W-9000-cifar10_1.0-stdout MODEL_LOG -   File "/home/amin/miniconda3/envs/deep-learning/lib/python3.9/site-packages/ts/model_service_worker.py", line 268, in run_server
2025-04-25T17:09:17,162 [INFO ] W-9000-cifar10_1.0-stdout MODEL_LOG -     self.handle_connection(cl_socket)
2025-04-25T17:09:17,162 [INFO ] W-9000-cifar10_1.0-stdout MODEL_LOG -   File "/home/amin/miniconda3/envs/deep-learning/lib/python3.9/site-packages/ts/model_service_worker.py", line 201, in handle_connection
2025-04-25T17:09:17,162 [INFO ] W-9000-cifar10_1.0-stdout MODEL_LOG -     raise RuntimeError("{} - {}".format(code, result))
2025-04-25T17:09:17,162 [INFO ] W-9000-cifar10_1.0-stdout MODEL_LOG - RuntimeError: 500 - Unknown exception
2025-04-25T17:09:17,162 [INFO ] W-9000-cifar10_1.0-stdout org.pytorch.serve.wlm.WorkerLifeCycle - Stopped Scanner - W-9000-cifar10_1.0-stdout
2025-04-25T17:09:17,162 [INFO ] W-9000-cifar10_1.0-stdout org.pytorch.serve.wlm.WorkerLifeCycle - Stopped Scanner - W-9000-cifar10_1.0-stdout
2025-04-25T17:09:17,186 [INFO ] W-9000-cifar10_1.0-stderr org.pytorch.serve.wlm.WorkerLifeCycle - Stopped Scanner - W-9000-cifar10_1.0-stderr
2025-04-25T17:09:17,186 [INFO ] W-9000-cifar10_1.0-stderr org.pytorch.serve.wlm.WorkerLifeCycle - Stopped Scanner - W-9000-cifar10_1.0-stderr
2025-04-25T17:09:20,161 [DEBUG] W-9000-cifar10_1.0 org.pytorch.serve.wlm.WorkerLifeCycle - Worker cmdline: [/home/amin/miniconda3/envs/deep-learning/bin/python, /home/amin/miniconda3/envs/deep-learning/lib/python3.9/site-packages/ts/model_service_worker.py, --sock-type, unix, --sock-name, /tmp/.ts.sock.9000, --metrics-config, /home/amin/miniconda3/envs/deep-learning/lib/python3.9/site-packages/ts/configs/metrics.yaml]
2025-04-25T17:09:20,161 [DEBUG] W-9000-cifar10_1.0 org.pytorch.serve.wlm.WorkerLifeCycle - Worker cmdline: [/home/amin/miniconda3/envs/deep-learning/bin/python, /home/amin/miniconda3/envs/deep-learning/lib/python3.9/site-packages/ts/model_service_worker.py, --sock-type, unix, --sock-name, /tmp/.ts.sock.9000, --metrics-config, /home/amin/miniconda3/envs/deep-learning/lib/python3.9/site-packages/ts/configs/metrics.yaml]
2025-04-25T17:09:21,360 [INFO ] W-9000-cifar10_1.0-stdout MODEL_LOG - s_name_part0=/tmp/.ts.sock, s_name_part1=9000, pid=11168
2025-04-25T17:09:21,360 [INFO ] W-9000-cifar10_1.0-stdout MODEL_LOG - Listening on port: /tmp/.ts.sock.9000
2025-04-25T17:09:21,368 [INFO ] W-9000-cifar10_1.0-stdout MODEL_LOG - Successfully loaded /home/amin/miniconda3/envs/deep-learning/lib/python3.9/site-packages/ts/configs/metrics.yaml.
2025-04-25T17:09:21,368 [INFO ] W-9000-cifar10_1.0-stdout MODEL_LOG - [PID]11168
2025-04-25T17:09:21,368 [INFO ] W-9000-cifar10_1.0-stdout MODEL_LOG - Torch worker started.
2025-04-25T17:09:21,369 [DEBUG] W-9000-cifar10_1.0 org.pytorch.serve.wlm.WorkerThread - W-9000-cifar10_1.0 State change WORKER_STOPPED -> WORKER_STARTED
2025-04-25T17:09:21,369 [DEBUG] W-9000-cifar10_1.0 org.pytorch.serve.wlm.WorkerThread - W-9000-cifar10_1.0 State change WORKER_STOPPED -> WORKER_STARTED
2025-04-25T17:09:21,369 [INFO ] W-9000-cifar10_1.0-stdout MODEL_LOG - Python runtime: 3.9.21
2025-04-25T17:09:21,369 [INFO ] W-9000-cifar10_1.0 org.pytorch.serve.wlm.WorkerThread - Connecting to: /tmp/.ts.sock.9000
2025-04-25T17:09:21,369 [INFO ] W-9000-cifar10_1.0 org.pytorch.serve.wlm.WorkerThread - Connecting to: /tmp/.ts.sock.9000
2025-04-25T17:09:21,369 [INFO ] W-9000-cifar10_1.0-stdout MODEL_LOG - Connection accepted: /tmp/.ts.sock.9000.
2025-04-25T17:09:21,370 [DEBUG] W-9000-cifar10_1.0 org.pytorch.serve.wlm.WorkerThread - Flushing req.cmd LOAD repeats 1 to backend at: 1745575761369
2025-04-25T17:09:21,370 [DEBUG] W-9000-cifar10_1.0 org.pytorch.serve.wlm.WorkerThread - Flushing req.cmd LOAD repeats 1 to backend at: 1745575761369
2025-04-25T17:09:21,370 [INFO ] W-9000-cifar10_1.0 org.pytorch.serve.wlm.WorkerThread - Looping backend response at: 1745575761370
2025-04-25T17:09:21,370 [INFO ] W-9000-cifar10_1.0 org.pytorch.serve.wlm.WorkerThread - Looping backend response at: 1745575761370
2025-04-25T17:09:21,385 [INFO ] W-9000-cifar10_1.0-stdout MODEL_LOG - model_name: cifar10, batchSize: 1
2025-04-25T17:09:21,437 [INFO ] W-9000-cifar10_1.0-stdout MODEL_LOG - OpenVINO is not enabled
2025-04-25T17:09:21,438 [INFO ] W-9000-cifar10_1.0-stdout MODEL_LOG - proceeding without onnxruntime
2025-04-25T17:09:21,438 [INFO ] W-9000-cifar10_1.0-stdout MODEL_LOG - Torch TensorRT not enabled
2025-04-25T17:09:21,528 [INFO ] W-9000-cifar10_1.0-stdout MODEL_LOG - Failed to load model cifar10, exception Error(s) in loading state_dict for SimpleCNN:
2025-04-25T17:09:21,529 [INFO ] W-9000-cifar10_1.0-stdout MODEL_LOG - 	Missing key(s) in state_dict: "conv1.0.weight", "conv1.0.bias", "conv1.1.weight", "conv1.1.bias", "conv1.1.running_mean", "conv1.1.running_var", "conv1.3.weight", "conv1.3.bias", "conv1.4.weight", "conv1.4.bias", "conv1.4.running_mean", "conv1.4.running_var", "conv2.0.weight", "conv2.0.bias", "conv2.1.weight", "conv2.1.bias", "conv2.1.running_mean", "conv2.1.running_var", "conv2.3.weight", "conv2.3.bias", "conv2.4.weight", "conv2.4.bias", "conv2.4.running_mean", "conv2.4.running_var", "fc1.1.weight", "fc1.1.bias", "fc2.1.weight", "fc2.1.bias", "fc3.1.weight", "fc3.1.bias". 
2025-04-25T17:09:21,529 [INFO ] W-9000-cifar10_1.0-stdout MODEL_LOG - 	Unexpected key(s) in state_dict: "epoch", "model", "optimizer". 
2025-04-25T17:09:21,529 [INFO ] W-9000-cifar10_1.0-stdout MODEL_LOG - Traceback (most recent call last):
2025-04-25T17:09:21,529 [INFO ] W-9000-cifar10_1.0 org.pytorch.serve.wlm.WorkerThread - Backend response time: 159
2025-04-25T17:09:21,529 [INFO ] W-9000-cifar10_1.0 org.pytorch.serve.wlm.WorkerThread - Backend response time: 159
2025-04-25T17:09:21,529 [INFO ] W-9000-cifar10_1.0-stdout MODEL_LOG -   File "/home/amin/miniconda3/envs/deep-learning/lib/python3.9/site-packages/ts/model_service_worker.py", line 133, in load_model
2025-04-25T17:09:21,529 [DEBUG] W-9000-cifar10_1.0 org.pytorch.serve.wlm.WorkerThread - W-9000-cifar10_1.0 State change WORKER_STARTED -> WORKER_ERROR
2025-04-25T17:09:21,529 [DEBUG] W-9000-cifar10_1.0 org.pytorch.serve.wlm.WorkerThread - W-9000-cifar10_1.0 State change WORKER_STARTED -> WORKER_ERROR
2025-04-25T17:09:21,529 [INFO ] W-9000-cifar10_1.0-stdout MODEL_LOG -     service = model_loader.load(
2025-04-25T17:09:21,529 [INFO ] W-9000-cifar10_1.0-stdout MODEL_LOG -   File "/home/amin/miniconda3/envs/deep-learning/lib/python3.9/site-packages/ts/model_loader.py", line 143, in load
2025-04-25T17:09:21,529 [INFO ] W-9000-cifar10_1.0 TS_METRICS - WorkerThreadTime.Milliseconds:1.0|#Level:Host|#hostname:amin-GF63-Thin-9SCXR,timestamp:1745575761
2025-04-25T17:09:21,529 [INFO ] epollEventLoopGroup-5-5 org.pytorch.serve.wlm.WorkerThread - 9000 Worker disconnected. WORKER_STARTED
2025-04-25T17:09:21,529 [INFO ] W-9000-cifar10_1.0-stdout MODEL_LOG -     initialize_fn(service.context)
2025-04-25T17:09:21,529 [INFO ] epollEventLoopGroup-5-5 org.pytorch.serve.wlm.WorkerThread - 9000 Worker disconnected. WORKER_STARTED
2025-04-25T17:09:21,529 [INFO ] W-9000-cifar10_1.0-stdout MODEL_LOG -   File "/home/amin/miniconda3/envs/deep-learning/lib/python3.9/site-packages/ts/torch_handler/base_handler.py", line 191, in initialize
2025-04-25T17:09:21,529 [DEBUG] W-9000-cifar10_1.0 org.pytorch.serve.wlm.WorkerThread - System state is : WORKER_ERROR
2025-04-25T17:09:21,529 [INFO ] W-9000-cifar10_1.0-stdout MODEL_LOG -     self.model = self._load_pickled_model(
2025-04-25T17:09:21,529 [DEBUG] W-9000-cifar10_1.0 org.pytorch.serve.wlm.WorkerThread - System state is : WORKER_ERROR
2025-04-25T17:09:21,529 [INFO ] W-9000-cifar10_1.0-stdout MODEL_LOG -   File "/home/amin/miniconda3/envs/deep-learning/lib/python3.9/site-packages/ts/torch_handler/base_handler.py", line 356, in _load_pickled_model
2025-04-25T17:09:21,529 [INFO ] W-9000-cifar10_1.0-stdout MODEL_LOG -     model.load_state_dict(state_dict)
2025-04-25T17:09:21,529 [DEBUG] W-9000-cifar10_1.0 org.pytorch.serve.wlm.WorkerThread - Backend worker monitoring thread interrupted or backend worker process died., responseTimeout:120sec
java.lang.InterruptedException: null
	at java.util.concurrent.locks.AbstractQueuedSynchronizer$ConditionObject.awaitNanos(AbstractQueuedSynchronizer.java:1770) ~[?:?]
	at java.util.concurrent.LinkedBlockingDeque.pollFirst(LinkedBlockingDeque.java:515) ~[?:?]
	at java.util.concurrent.LinkedBlockingDeque.poll(LinkedBlockingDeque.java:677) ~[?:?]
	at org.pytorch.serve.wlm.Model.pollBatch(Model.java:482) ~[model-server.jar:?]
	at org.pytorch.serve.wlm.BatchAggregator.pollBatch(BatchAggregator.java:189) ~[model-server.jar:?]
	at org.pytorch.serve.wlm.BatchAggregator.getRequest(BatchAggregator.java:36) ~[model-server.jar:?]
	at org.pytorch.serve.wlm.WorkerThread.run(WorkerThread.java:195) ~[model-server.jar:?]
	at java.util.concurrent.ThreadPoolExecutor.runWorker(ThreadPoolExecutor.java:1144) ~[?:?]
	at java.util.concurrent.ThreadPoolExecutor$Worker.run(ThreadPoolExecutor.java:642) ~[?:?]
	at java.lang.Thread.run(Thread.java:1583) [?:?]
2025-04-25T17:09:21,530 [INFO ] W-9000-cifar10_1.0-stdout MODEL_LOG -   File "/home/amin/miniconda3/envs/deep-learning/lib/python3.9/site-packages/torch/nn/modules/module.py", line 2189, in load_state_dict
2025-04-25T17:09:21,529 [DEBUG] W-9000-cifar10_1.0 org.pytorch.serve.wlm.WorkerThread - Backend worker monitoring thread interrupted or backend worker process died., responseTimeout:120sec
java.lang.InterruptedException: null
	at java.util.concurrent.locks.AbstractQueuedSynchronizer$ConditionObject.awaitNanos(AbstractQueuedSynchronizer.java:1770) ~[?:?]
	at java.util.concurrent.LinkedBlockingDeque.pollFirst(LinkedBlockingDeque.java:515) ~[?:?]
	at java.util.concurrent.LinkedBlockingDeque.poll(LinkedBlockingDeque.java:677) ~[?:?]
	at org.pytorch.serve.wlm.Model.pollBatch(Model.java:482) ~[model-server.jar:?]
	at org.pytorch.serve.wlm.BatchAggregator.pollBatch(BatchAggregator.java:189) ~[model-server.jar:?]
	at org.pytorch.serve.wlm.BatchAggregator.getRequest(BatchAggregator.java:36) ~[model-server.jar:?]
	at org.pytorch.serve.wlm.WorkerThread.run(WorkerThread.java:195) ~[model-server.jar:?]
	at java.util.concurrent.ThreadPoolExecutor.runWorker(ThreadPoolExecutor.java:1144) ~[?:?]
	at java.util.concurrent.ThreadPoolExecutor$Worker.run(ThreadPoolExecutor.java:642) ~[?:?]
	at java.lang.Thread.run(Thread.java:1583) [?:?]
2025-04-25T17:09:21,530 [INFO ] W-9000-cifar10_1.0-stdout MODEL_LOG -     raise RuntimeError('Error(s) in loading state_dict for {}:\n\t{}'.format(
2025-04-25T17:09:21,530 [DEBUG] W-9000-cifar10_1.0 org.pytorch.serve.wlm.WorkerThread - W-9000-cifar10_1.0 State change WORKER_ERROR -> WORKER_STOPPED
2025-04-25T17:09:21,530 [DEBUG] W-9000-cifar10_1.0 org.pytorch.serve.wlm.WorkerThread - W-9000-cifar10_1.0 State change WORKER_ERROR -> WORKER_STOPPED
2025-04-25T17:09:21,530 [WARN ] W-9000-cifar10_1.0 org.pytorch.serve.wlm.WorkerThread - Auto recovery failed again
2025-04-25T17:09:21,530 [INFO ] W-9000-cifar10_1.0-stdout MODEL_LOG - RuntimeError: Error(s) in loading state_dict for SimpleCNN:
2025-04-25T17:09:21,530 [WARN ] W-9000-cifar10_1.0 org.pytorch.serve.wlm.WorkerThread - Auto recovery failed again
2025-04-25T17:09:21,530 [INFO ] W-9000-cifar10_1.0 org.pytorch.serve.wlm.WorkerThread - Retry worker: 9000 in 5 seconds.
2025-04-25T17:09:21,530 [INFO ] W-9000-cifar10_1.0-stdout MODEL_LOG - 	Missing key(s) in state_dict: "conv1.0.weight", "conv1.0.bias", "conv1.1.weight", "conv1.1.bias", "conv1.1.running_mean", "conv1.1.running_var", "conv1.3.weight", "conv1.3.bias", "conv1.4.weight", "conv1.4.bias", "conv1.4.running_mean", "conv1.4.running_var", "conv2.0.weight", "conv2.0.bias", "conv2.1.weight", "conv2.1.bias", "conv2.1.running_mean", "conv2.1.running_var", "conv2.3.weight", "conv2.3.bias", "conv2.4.weight", "conv2.4.bias", "conv2.4.running_mean", "conv2.4.running_var", "fc1.1.weight", "fc1.1.bias", "fc2.1.weight", "fc2.1.bias", "fc3.1.weight", "fc3.1.bias". 
2025-04-25T17:09:21,530 [INFO ] W-9000-cifar10_1.0 org.pytorch.serve.wlm.WorkerThread - Retry worker: 9000 in 5 seconds.
2025-04-25T17:09:21,530 [INFO ] W-9000-cifar10_1.0-stdout MODEL_LOG - 	Unexpected key(s) in state_dict: "epoch", "model", "optimizer". 
2025-04-25T17:09:21,530 [INFO ] W-9000-cifar10_1.0-stdout org.pytorch.serve.wlm.WorkerLifeCycle - Stopped Scanner - W-9000-cifar10_1.0-stdout
2025-04-25T17:09:21,530 [INFO ] W-9000-cifar10_1.0-stdout org.pytorch.serve.wlm.WorkerLifeCycle - Stopped Scanner - W-9000-cifar10_1.0-stdout
2025-04-25T17:09:21,558 [INFO ] W-9000-cifar10_1.0-stderr org.pytorch.serve.wlm.WorkerLifeCycle - Stopped Scanner - W-9000-cifar10_1.0-stderr
2025-04-25T17:09:21,558 [INFO ] W-9000-cifar10_1.0-stderr org.pytorch.serve.wlm.WorkerLifeCycle - Stopped Scanner - W-9000-cifar10_1.0-stderr
2025-04-25T17:09:26,531 [DEBUG] W-9000-cifar10_1.0 org.pytorch.serve.wlm.WorkerLifeCycle - Worker cmdline: [/home/amin/miniconda3/envs/deep-learning/bin/python, /home/amin/miniconda3/envs/deep-learning/lib/python3.9/site-packages/ts/model_service_worker.py, --sock-type, unix, --sock-name, /tmp/.ts.sock.9000, --metrics-config, /home/amin/miniconda3/envs/deep-learning/lib/python3.9/site-packages/ts/configs/metrics.yaml]
2025-04-25T17:09:26,531 [DEBUG] W-9000-cifar10_1.0 org.pytorch.serve.wlm.WorkerLifeCycle - Worker cmdline: [/home/amin/miniconda3/envs/deep-learning/bin/python, /home/amin/miniconda3/envs/deep-learning/lib/python3.9/site-packages/ts/model_service_worker.py, --sock-type, unix, --sock-name, /tmp/.ts.sock.9000, --metrics-config, /home/amin/miniconda3/envs/deep-learning/lib/python3.9/site-packages/ts/configs/metrics.yaml]
2025-04-25T17:09:27,597 [INFO ] W-9000-cifar10_1.0-stdout MODEL_LOG - s_name_part0=/tmp/.ts.sock, s_name_part1=9000, pid=11185
2025-04-25T17:09:27,597 [INFO ] W-9000-cifar10_1.0-stdout MODEL_LOG - Listening on port: /tmp/.ts.sock.9000
2025-04-25T17:09:27,606 [INFO ] W-9000-cifar10_1.0-stdout MODEL_LOG - Successfully loaded /home/amin/miniconda3/envs/deep-learning/lib/python3.9/site-packages/ts/configs/metrics.yaml.
2025-04-25T17:09:27,606 [INFO ] W-9000-cifar10_1.0-stdout MODEL_LOG - [PID]11185
2025-04-25T17:09:27,606 [INFO ] W-9000-cifar10_1.0-stdout MODEL_LOG - Torch worker started.
2025-04-25T17:09:27,606 [INFO ] W-9000-cifar10_1.0-stdout MODEL_LOG - Python runtime: 3.9.21
2025-04-25T17:09:27,606 [DEBUG] W-9000-cifar10_1.0 org.pytorch.serve.wlm.WorkerThread - W-9000-cifar10_1.0 State change WORKER_STOPPED -> WORKER_STARTED
2025-04-25T17:09:27,606 [DEBUG] W-9000-cifar10_1.0 org.pytorch.serve.wlm.WorkerThread - W-9000-cifar10_1.0 State change WORKER_STOPPED -> WORKER_STARTED
2025-04-25T17:09:27,606 [INFO ] W-9000-cifar10_1.0 org.pytorch.serve.wlm.WorkerThread - Connecting to: /tmp/.ts.sock.9000
2025-04-25T17:09:27,606 [INFO ] W-9000-cifar10_1.0 org.pytorch.serve.wlm.WorkerThread - Connecting to: /tmp/.ts.sock.9000
2025-04-25T17:09:27,607 [DEBUG] W-9000-cifar10_1.0 org.pytorch.serve.wlm.WorkerThread - Flushing req.cmd LOAD repeats 1 to backend at: 1745575767607
2025-04-25T17:09:27,607 [INFO ] W-9000-cifar10_1.0-stdout MODEL_LOG - Connection accepted: /tmp/.ts.sock.9000.
2025-04-25T17:09:27,607 [DEBUG] W-9000-cifar10_1.0 org.pytorch.serve.wlm.WorkerThread - Flushing req.cmd LOAD repeats 1 to backend at: 1745575767607
2025-04-25T17:09:27,607 [INFO ] W-9000-cifar10_1.0 org.pytorch.serve.wlm.WorkerThread - Looping backend response at: 1745575767607
2025-04-25T17:09:27,607 [INFO ] W-9000-cifar10_1.0 org.pytorch.serve.wlm.WorkerThread - Looping backend response at: 1745575767607
2025-04-25T17:09:27,617 [INFO ] W-9000-cifar10_1.0-stdout MODEL_LOG - model_name: cifar10, batchSize: 1
2025-04-25T17:09:27,667 [INFO ] W-9000-cifar10_1.0-stdout MODEL_LOG - OpenVINO is not enabled
2025-04-25T17:09:27,667 [INFO ] W-9000-cifar10_1.0-stdout MODEL_LOG - proceeding without onnxruntime
2025-04-25T17:09:27,667 [INFO ] W-9000-cifar10_1.0-stdout MODEL_LOG - Torch TensorRT not enabled
2025-04-25T17:09:27,756 [INFO ] W-9000-cifar10_1.0-stdout MODEL_LOG - Failed to load model cifar10, exception Error(s) in loading state_dict for SimpleCNN:
2025-04-25T17:09:27,756 [INFO ] W-9000-cifar10_1.0-stdout MODEL_LOG - 	Missing key(s) in state_dict: "conv1.0.weight", "conv1.0.bias", "conv1.1.weight", "conv1.1.bias", "conv1.1.running_mean", "conv1.1.running_var", "conv1.3.weight", "conv1.3.bias", "conv1.4.weight", "conv1.4.bias", "conv1.4.running_mean", "conv1.4.running_var", "conv2.0.weight", "conv2.0.bias", "conv2.1.weight", "conv2.1.bias", "conv2.1.running_mean", "conv2.1.running_var", "conv2.3.weight", "conv2.3.bias", "conv2.4.weight", "conv2.4.bias", "conv2.4.running_mean", "conv2.4.running_var", "fc1.1.weight", "fc1.1.bias", "fc2.1.weight", "fc2.1.bias", "fc3.1.weight", "fc3.1.bias". 
2025-04-25T17:09:27,756 [INFO ] W-9000-cifar10_1.0-stdout MODEL_LOG - 	Unexpected key(s) in state_dict: "epoch", "model", "optimizer". 
2025-04-25T17:09:27,756 [INFO ] W-9000-cifar10_1.0-stdout MODEL_LOG - Traceback (most recent call last):
2025-04-25T17:09:27,756 [INFO ] W-9000-cifar10_1.0 org.pytorch.serve.wlm.WorkerThread - Backend response time: 149
2025-04-25T17:09:27,756 [INFO ] W-9000-cifar10_1.0-stdout MODEL_LOG -   File "/home/amin/miniconda3/envs/deep-learning/lib/python3.9/site-packages/ts/model_service_worker.py", line 133, in load_model
2025-04-25T17:09:27,756 [INFO ] W-9000-cifar10_1.0 org.pytorch.serve.wlm.WorkerThread - Backend response time: 149
2025-04-25T17:09:27,757 [INFO ] W-9000-cifar10_1.0-stdout MODEL_LOG -     service = model_loader.load(
2025-04-25T17:09:27,757 [DEBUG] W-9000-cifar10_1.0 org.pytorch.serve.wlm.WorkerThread - W-9000-cifar10_1.0 State change WORKER_STARTED -> WORKER_ERROR
2025-04-25T17:09:27,757 [DEBUG] W-9000-cifar10_1.0 org.pytorch.serve.wlm.WorkerThread - W-9000-cifar10_1.0 State change WORKER_STARTED -> WORKER_ERROR
2025-04-25T17:09:27,757 [INFO ] W-9000-cifar10_1.0-stdout MODEL_LOG -   File "/home/amin/miniconda3/envs/deep-learning/lib/python3.9/site-packages/ts/model_loader.py", line 143, in load
2025-04-25T17:09:27,757 [INFO ] W-9000-cifar10_1.0-stdout MODEL_LOG -     initialize_fn(service.context)
2025-04-25T17:09:27,757 [INFO ] W-9000-cifar10_1.0 TS_METRICS - WorkerThreadTime.Milliseconds:1.0|#Level:Host|#hostname:amin-GF63-Thin-9SCXR,timestamp:1745575767
2025-04-25T17:09:27,757 [INFO ] W-9000-cifar10_1.0-stdout MODEL_LOG -   File "/home/amin/miniconda3/envs/deep-learning/lib/python3.9/site-packages/ts/torch_handler/base_handler.py", line 191, in initialize
2025-04-25T17:09:27,757 [INFO ] epollEventLoopGroup-5-6 org.pytorch.serve.wlm.WorkerThread - 9000 Worker disconnected. WORKER_STARTED
2025-04-25T17:09:27,757 [INFO ] W-9000-cifar10_1.0-stdout MODEL_LOG -     self.model = self._load_pickled_model(
2025-04-25T17:09:27,757 [INFO ] W-9000-cifar10_1.0-stdout MODEL_LOG -   File "/home/amin/miniconda3/envs/deep-learning/lib/python3.9/site-packages/ts/torch_handler/base_handler.py", line 356, in _load_pickled_model
2025-04-25T17:09:27,757 [INFO ] epollEventLoopGroup-5-6 org.pytorch.serve.wlm.WorkerThread - 9000 Worker disconnected. WORKER_STARTED
2025-04-25T17:09:27,757 [INFO ] W-9000-cifar10_1.0-stdout MODEL_LOG -     model.load_state_dict(state_dict)
2025-04-25T17:09:27,757 [INFO ] W-9000-cifar10_1.0-stdout MODEL_LOG -   File "/home/amin/miniconda3/envs/deep-learning/lib/python3.9/site-packages/torch/nn/modules/module.py", line 2189, in load_state_dict
2025-04-25T17:09:27,757 [DEBUG] W-9000-cifar10_1.0 org.pytorch.serve.wlm.WorkerThread - System state is : WORKER_ERROR
2025-04-25T17:09:27,757 [INFO ] W-9000-cifar10_1.0-stdout MODEL_LOG -     raise RuntimeError('Error(s) in loading state_dict for {}:\n\t{}'.format(
2025-04-25T17:09:27,757 [DEBUG] W-9000-cifar10_1.0 org.pytorch.serve.wlm.WorkerThread - System state is : WORKER_ERROR
2025-04-25T17:09:27,757 [INFO ] W-9000-cifar10_1.0-stdout MODEL_LOG - RuntimeError: Error(s) in loading state_dict for SimpleCNN:
2025-04-25T17:09:27,757 [INFO ] W-9000-cifar10_1.0-stdout MODEL_LOG - 	Missing key(s) in state_dict: "conv1.0.weight", "conv1.0.bias", "conv1.1.weight", "conv1.1.bias", "conv1.1.running_mean", "conv1.1.running_var", "conv1.3.weight", "conv1.3.bias", "conv1.4.weight", "conv1.4.bias", "conv1.4.running_mean", "conv1.4.running_var", "conv2.0.weight", "conv2.0.bias", "conv2.1.weight", "conv2.1.bias", "conv2.1.running_mean", "conv2.1.running_var", "conv2.3.weight", "conv2.3.bias", "conv2.4.weight", "conv2.4.bias", "conv2.4.running_mean", "conv2.4.running_var", "fc1.1.weight", "fc1.1.bias", "fc2.1.weight", "fc2.1.bias", "fc3.1.weight", "fc3.1.bias". 
2025-04-25T17:09:27,757 [DEBUG] W-9000-cifar10_1.0 org.pytorch.serve.wlm.WorkerThread - Backend worker monitoring thread interrupted or backend worker process died., responseTimeout:120sec
java.lang.InterruptedException: null
	at java.util.concurrent.locks.AbstractQueuedSynchronizer$ConditionObject.awaitNanos(AbstractQueuedSynchronizer.java:1770) ~[?:?]
	at java.util.concurrent.LinkedBlockingDeque.pollFirst(LinkedBlockingDeque.java:515) ~[?:?]
	at java.util.concurrent.LinkedBlockingDeque.poll(LinkedBlockingDeque.java:677) ~[?:?]
	at org.pytorch.serve.wlm.Model.pollBatch(Model.java:482) ~[model-server.jar:?]
	at org.pytorch.serve.wlm.BatchAggregator.pollBatch(BatchAggregator.java:189) ~[model-server.jar:?]
	at org.pytorch.serve.wlm.BatchAggregator.getRequest(BatchAggregator.java:36) ~[model-server.jar:?]
	at org.pytorch.serve.wlm.WorkerThread.run(WorkerThread.java:195) ~[model-server.jar:?]
	at java.util.concurrent.ThreadPoolExecutor.runWorker(ThreadPoolExecutor.java:1144) ~[?:?]
	at java.util.concurrent.ThreadPoolExecutor$Worker.run(ThreadPoolExecutor.java:642) ~[?:?]
	at java.lang.Thread.run(Thread.java:1583) [?:?]
2025-04-25T17:09:27,757 [INFO ] W-9000-cifar10_1.0-stdout MODEL_LOG - 	Unexpected key(s) in state_dict: "epoch", "model", "optimizer". 
2025-04-25T17:09:27,757 [INFO ] W-9000-cifar10_1.0-stdout MODEL_LOG - Backend worker process died.
2025-04-25T17:09:27,757 [DEBUG] W-9000-cifar10_1.0 org.pytorch.serve.wlm.WorkerThread - Backend worker monitoring thread interrupted or backend worker process died., responseTimeout:120sec
java.lang.InterruptedException: null
	at java.util.concurrent.locks.AbstractQueuedSynchronizer$ConditionObject.awaitNanos(AbstractQueuedSynchronizer.java:1770) ~[?:?]
	at java.util.concurrent.LinkedBlockingDeque.pollFirst(LinkedBlockingDeque.java:515) ~[?:?]
	at java.util.concurrent.LinkedBlockingDeque.poll(LinkedBlockingDeque.java:677) ~[?:?]
	at org.pytorch.serve.wlm.Model.pollBatch(Model.java:482) ~[model-server.jar:?]
	at org.pytorch.serve.wlm.BatchAggregator.pollBatch(BatchAggregator.java:189) ~[model-server.jar:?]
	at org.pytorch.serve.wlm.BatchAggregator.getRequest(BatchAggregator.java:36) ~[model-server.jar:?]
	at org.pytorch.serve.wlm.WorkerThread.run(WorkerThread.java:195) ~[model-server.jar:?]
	at java.util.concurrent.ThreadPoolExecutor.runWorker(ThreadPoolExecutor.java:1144) ~[?:?]
	at java.util.concurrent.ThreadPoolExecutor$Worker.run(ThreadPoolExecutor.java:642) ~[?:?]
	at java.lang.Thread.run(Thread.java:1583) [?:?]
2025-04-25T17:09:27,757 [INFO ] W-9000-cifar10_1.0-stdout MODEL_LOG - Traceback (most recent call last):
2025-04-25T17:09:27,758 [DEBUG] W-9000-cifar10_1.0 org.pytorch.serve.wlm.WorkerThread - W-9000-cifar10_1.0 State change WORKER_ERROR -> WORKER_STOPPED
2025-04-25T17:09:27,758 [DEBUG] W-9000-cifar10_1.0 org.pytorch.serve.wlm.WorkerThread - W-9000-cifar10_1.0 State change WORKER_ERROR -> WORKER_STOPPED
2025-04-25T17:09:27,758 [WARN ] W-9000-cifar10_1.0 org.pytorch.serve.wlm.WorkerThread - Auto recovery failed again
2025-04-25T17:09:27,758 [INFO ] W-9000-cifar10_1.0-stdout MODEL_LOG -   File "/home/amin/miniconda3/envs/deep-learning/lib/python3.9/site-packages/ts/model_service_worker.py", line 301, in <module>
2025-04-25T17:09:27,758 [WARN ] W-9000-cifar10_1.0 org.pytorch.serve.wlm.WorkerThread - Auto recovery failed again
2025-04-25T17:09:27,758 [INFO ] W-9000-cifar10_1.0-stdout MODEL_LOG -     worker.run_server()
2025-04-25T17:09:27,758 [INFO ] W-9000-cifar10_1.0-stdout MODEL_LOG -   File "/home/amin/miniconda3/envs/deep-learning/lib/python3.9/site-packages/ts/model_service_worker.py", line 268, in run_server
2025-04-25T17:09:27,758 [INFO ] W-9000-cifar10_1.0 org.pytorch.serve.wlm.WorkerThread - Retry worker: 9000 in 8 seconds.
2025-04-25T17:09:27,758 [INFO ] W-9000-cifar10_1.0 org.pytorch.serve.wlm.WorkerThread - Retry worker: 9000 in 8 seconds.
2025-04-25T17:09:27,758 [INFO ] W-9000-cifar10_1.0-stdout MODEL_LOG -     self.handle_connection(cl_socket)
2025-04-25T17:09:27,758 [INFO ] W-9000-cifar10_1.0-stdout MODEL_LOG -   File "/home/amin/miniconda3/envs/deep-learning/lib/python3.9/site-packages/ts/model_service_worker.py", line 201, in handle_connection
2025-04-25T17:09:27,758 [INFO ] W-9000-cifar10_1.0-stdout MODEL_LOG -     raise RuntimeError("{} - {}".format(code, result))
2025-04-25T17:09:27,758 [INFO ] W-9000-cifar10_1.0-stdout MODEL_LOG - RuntimeError: 500 - Unknown exception
2025-04-25T17:09:27,758 [INFO ] W-9000-cifar10_1.0-stdout org.pytorch.serve.wlm.WorkerLifeCycle - Stopped Scanner - W-9000-cifar10_1.0-stdout
2025-04-25T17:09:27,758 [INFO ] W-9000-cifar10_1.0-stdout org.pytorch.serve.wlm.WorkerLifeCycle - Stopped Scanner - W-9000-cifar10_1.0-stdout
2025-04-25T17:09:27,784 [INFO ] W-9000-cifar10_1.0-stderr org.pytorch.serve.wlm.WorkerLifeCycle - Stopped Scanner - W-9000-cifar10_1.0-stderr
2025-04-25T17:09:27,784 [INFO ] W-9000-cifar10_1.0-stderr org.pytorch.serve.wlm.WorkerLifeCycle - Stopped Scanner - W-9000-cifar10_1.0-stderr
2025-04-25T17:09:35,759 [DEBUG] W-9000-cifar10_1.0 org.pytorch.serve.wlm.WorkerLifeCycle - Worker cmdline: [/home/amin/miniconda3/envs/deep-learning/bin/python, /home/amin/miniconda3/envs/deep-learning/lib/python3.9/site-packages/ts/model_service_worker.py, --sock-type, unix, --sock-name, /tmp/.ts.sock.9000, --metrics-config, /home/amin/miniconda3/envs/deep-learning/lib/python3.9/site-packages/ts/configs/metrics.yaml]
2025-04-25T17:09:35,759 [DEBUG] W-9000-cifar10_1.0 org.pytorch.serve.wlm.WorkerLifeCycle - Worker cmdline: [/home/amin/miniconda3/envs/deep-learning/bin/python, /home/amin/miniconda3/envs/deep-learning/lib/python3.9/site-packages/ts/model_service_worker.py, --sock-type, unix, --sock-name, /tmp/.ts.sock.9000, --metrics-config, /home/amin/miniconda3/envs/deep-learning/lib/python3.9/site-packages/ts/configs/metrics.yaml]
2025-04-25T17:09:36,664 [INFO ] epollEventLoopGroup-3-1 TS_METRICS - ts_inference_requests_total.Count:1.0|#model_name:cifar10,model_version:default|#hostname:amin-GF63-Thin-9SCXR,timestamp:1745575776
2025-04-25T17:09:36,808 [INFO ] W-9000-cifar10_1.0-stdout MODEL_LOG - s_name_part0=/tmp/.ts.sock, s_name_part1=9000, pid=11204
2025-04-25T17:09:36,809 [INFO ] W-9000-cifar10_1.0-stdout MODEL_LOG - Listening on port: /tmp/.ts.sock.9000
2025-04-25T17:09:36,817 [INFO ] W-9000-cifar10_1.0-stdout MODEL_LOG - Successfully loaded /home/amin/miniconda3/envs/deep-learning/lib/python3.9/site-packages/ts/configs/metrics.yaml.
2025-04-25T17:09:36,817 [INFO ] W-9000-cifar10_1.0-stdout MODEL_LOG - [PID]11204
2025-04-25T17:09:36,817 [INFO ] W-9000-cifar10_1.0-stdout MODEL_LOG - Torch worker started.
2025-04-25T17:09:36,817 [INFO ] W-9000-cifar10_1.0-stdout MODEL_LOG - Python runtime: 3.9.21
2025-04-25T17:09:36,817 [DEBUG] W-9000-cifar10_1.0 org.pytorch.serve.wlm.WorkerThread - W-9000-cifar10_1.0 State change WORKER_STOPPED -> WORKER_STARTED
2025-04-25T17:09:36,817 [DEBUG] W-9000-cifar10_1.0 org.pytorch.serve.wlm.WorkerThread - W-9000-cifar10_1.0 State change WORKER_STOPPED -> WORKER_STARTED
2025-04-25T17:09:36,817 [INFO ] W-9000-cifar10_1.0 org.pytorch.serve.wlm.WorkerThread - Connecting to: /tmp/.ts.sock.9000
2025-04-25T17:09:36,817 [INFO ] W-9000-cifar10_1.0 org.pytorch.serve.wlm.WorkerThread - Connecting to: /tmp/.ts.sock.9000
2025-04-25T17:09:36,818 [INFO ] W-9000-cifar10_1.0-stdout MODEL_LOG - Connection accepted: /tmp/.ts.sock.9000.
2025-04-25T17:09:36,818 [DEBUG] W-9000-cifar10_1.0 org.pytorch.serve.wlm.WorkerThread - Flushing req.cmd LOAD repeats 1 to backend at: 1745575776818
2025-04-25T17:09:36,818 [DEBUG] W-9000-cifar10_1.0 org.pytorch.serve.wlm.WorkerThread - Flushing req.cmd LOAD repeats 1 to backend at: 1745575776818
2025-04-25T17:09:36,818 [INFO ] W-9000-cifar10_1.0 org.pytorch.serve.wlm.WorkerThread - Looping backend response at: 1745575776818
2025-04-25T17:09:36,818 [INFO ] W-9000-cifar10_1.0 org.pytorch.serve.wlm.WorkerThread - Looping backend response at: 1745575776818
2025-04-25T17:09:36,831 [INFO ] W-9000-cifar10_1.0-stdout MODEL_LOG - model_name: cifar10, batchSize: 1
2025-04-25T17:09:36,880 [INFO ] W-9000-cifar10_1.0-stdout MODEL_LOG - OpenVINO is not enabled
2025-04-25T17:09:36,880 [INFO ] W-9000-cifar10_1.0-stdout MODEL_LOG - proceeding without onnxruntime
2025-04-25T17:09:36,880 [INFO ] W-9000-cifar10_1.0-stdout MODEL_LOG - Torch TensorRT not enabled
2025-04-25T17:09:36,956 [INFO ] W-9000-cifar10_1.0-stdout MODEL_LOG - Failed to load model cifar10, exception Error(s) in loading state_dict for SimpleCNN:
2025-04-25T17:09:36,957 [INFO ] W-9000-cifar10_1.0 org.pytorch.serve.wlm.WorkerThread - Backend response time: 139
2025-04-25T17:09:36,957 [INFO ] W-9000-cifar10_1.0 org.pytorch.serve.wlm.WorkerThread - Backend response time: 139
2025-04-25T17:09:36,957 [DEBUG] W-9000-cifar10_1.0 org.pytorch.serve.wlm.WorkerThread - W-9000-cifar10_1.0 State change WORKER_STARTED -> WORKER_ERROR
2025-04-25T17:09:36,957 [INFO ] W-9000-cifar10_1.0-stdout MODEL_LOG - 	Missing key(s) in state_dict: "conv1.0.weight", "conv1.0.bias", "conv1.1.weight", "conv1.1.bias", "conv1.1.running_mean", "conv1.1.running_var", "conv1.3.weight", "conv1.3.bias", "conv1.4.weight", "conv1.4.bias", "conv1.4.running_mean", "conv1.4.running_var", "conv2.0.weight", "conv2.0.bias", "conv2.1.weight", "conv2.1.bias", "conv2.1.running_mean", "conv2.1.running_var", "conv2.3.weight", "conv2.3.bias", "conv2.4.weight", "conv2.4.bias", "conv2.4.running_mean", "conv2.4.running_var", "fc1.1.weight", "fc1.1.bias", "fc2.1.weight", "fc2.1.bias", "fc3.1.weight", "fc3.1.bias". 
2025-04-25T17:09:36,957 [DEBUG] W-9000-cifar10_1.0 org.pytorch.serve.wlm.WorkerThread - W-9000-cifar10_1.0 State change WORKER_STARTED -> WORKER_ERROR
2025-04-25T17:09:36,957 [INFO ] W-9000-cifar10_1.0-stdout MODEL_LOG - 	Unexpected key(s) in state_dict: "epoch", "model", "optimizer". 
2025-04-25T17:09:36,957 [INFO ] W-9000-cifar10_1.0 TS_METRICS - WorkerThreadTime.Milliseconds:0.0|#Level:Host|#hostname:amin-GF63-Thin-9SCXR,timestamp:1745575776
2025-04-25T17:09:36,957 [INFO ] epollEventLoopGroup-5-7 org.pytorch.serve.wlm.WorkerThread - 9000 Worker disconnected. WORKER_STARTED
2025-04-25T17:09:36,957 [INFO ] W-9000-cifar10_1.0-stdout MODEL_LOG - Traceback (most recent call last):
2025-04-25T17:09:36,957 [INFO ] epollEventLoopGroup-5-7 org.pytorch.serve.wlm.WorkerThread - 9000 Worker disconnected. WORKER_STARTED
2025-04-25T17:09:36,957 [INFO ] W-9000-cifar10_1.0-stdout MODEL_LOG -   File "/home/amin/miniconda3/envs/deep-learning/lib/python3.9/site-packages/ts/model_service_worker.py", line 133, in load_model
2025-04-25T17:09:36,957 [INFO ] W-9000-cifar10_1.0-stdout MODEL_LOG -     service = model_loader.load(
2025-04-25T17:09:36,957 [INFO ] W-9000-cifar10_1.0-stdout MODEL_LOG -   File "/home/amin/miniconda3/envs/deep-learning/lib/python3.9/site-packages/ts/model_loader.py", line 143, in load
2025-04-25T17:09:36,958 [INFO ] W-9000-cifar10_1.0-stdout MODEL_LOG -     initialize_fn(service.context)
2025-04-25T17:09:36,958 [DEBUG] W-9000-cifar10_1.0 org.pytorch.serve.wlm.WorkerThread - Flushing req.cmd PREDICT repeats 1 to backend at: 1745575776957
2025-04-25T17:09:36,958 [DEBUG] W-9000-cifar10_1.0 org.pytorch.serve.wlm.WorkerThread - Flushing req.cmd PREDICT repeats 1 to backend at: 1745575776957
2025-04-25T17:09:36,958 [INFO ] W-9000-cifar10_1.0-stdout MODEL_LOG -   File "/home/amin/miniconda3/envs/deep-learning/lib/python3.9/site-packages/ts/torch_handler/base_handler.py", line 191, in initialize
2025-04-25T17:09:36,958 [INFO ] W-9000-cifar10_1.0 org.pytorch.serve.wlm.WorkerThread - Looping backend response at: 1745575776958
2025-04-25T17:09:36,958 [INFO ] W-9000-cifar10_1.0-stdout MODEL_LOG -     self.model = self._load_pickled_model(
2025-04-25T17:09:36,958 [INFO ] W-9000-cifar10_1.0 org.pytorch.serve.wlm.WorkerThread - Looping backend response at: 1745575776958
2025-04-25T17:09:36,958 [DEBUG] W-9000-cifar10_1.0 org.pytorch.serve.wlm.WorkerThread - System state is : WORKER_ERROR
2025-04-25T17:09:36,958 [DEBUG] W-9000-cifar10_1.0 org.pytorch.serve.wlm.WorkerThread - System state is : WORKER_ERROR
2025-04-25T17:09:36,958 [INFO ] W-9000-cifar10_1.0-stdout MODEL_LOG -   File "/home/amin/miniconda3/envs/deep-learning/lib/python3.9/site-packages/ts/torch_handler/base_handler.py", line 356, in _load_pickled_model
2025-04-25T17:09:36,958 [INFO ] W-9000-cifar10_1.0-stdout MODEL_LOG -     model.load_state_dict(state_dict)
2025-04-25T17:09:36,958 [INFO ] W-9000-cifar10_1.0-stdout MODEL_LOG -   File "/home/amin/miniconda3/envs/deep-learning/lib/python3.9/site-packages/torch/nn/modules/module.py", line 2189, in load_state_dict
2025-04-25T17:09:36,958 [DEBUG] W-9000-cifar10_1.0 org.pytorch.serve.wlm.WorkerThread - Backend worker monitoring thread interrupted or backend worker process died., responseTimeout:120sec
java.lang.InterruptedException: null
	at java.util.concurrent.locks.ReentrantLock$Sync.lockInterruptibly(ReentrantLock.java:159) ~[?:?]
	at java.util.concurrent.locks.ReentrantLock.lockInterruptibly(ReentrantLock.java:372) ~[?:?]
	at java.util.concurrent.ArrayBlockingQueue.poll(ArrayBlockingQueue.java:430) ~[?:?]
	at org.pytorch.serve.wlm.WorkerThread.run(WorkerThread.java:234) ~[model-server.jar:?]
	at java.util.concurrent.ThreadPoolExecutor.runWorker(ThreadPoolExecutor.java:1144) ~[?:?]
	at java.util.concurrent.ThreadPoolExecutor$Worker.run(ThreadPoolExecutor.java:642) ~[?:?]
	at java.lang.Thread.run(Thread.java:1583) [?:?]
2025-04-25T17:09:36,958 [DEBUG] W-9000-cifar10_1.0 org.pytorch.serve.wlm.WorkerThread - Backend worker monitoring thread interrupted or backend worker process died., responseTimeout:120sec
java.lang.InterruptedException: null
	at java.util.concurrent.locks.ReentrantLock$Sync.lockInterruptibly(ReentrantLock.java:159) ~[?:?]
	at java.util.concurrent.locks.ReentrantLock.lockInterruptibly(ReentrantLock.java:372) ~[?:?]
	at java.util.concurrent.ArrayBlockingQueue.poll(ArrayBlockingQueue.java:430) ~[?:?]
	at org.pytorch.serve.wlm.WorkerThread.run(WorkerThread.java:234) ~[model-server.jar:?]
	at java.util.concurrent.ThreadPoolExecutor.runWorker(ThreadPoolExecutor.java:1144) ~[?:?]
	at java.util.concurrent.ThreadPoolExecutor$Worker.run(ThreadPoolExecutor.java:642) ~[?:?]
	at java.lang.Thread.run(Thread.java:1583) [?:?]
2025-04-25T17:09:36,958 [INFO ] W-9000-cifar10_1.0-stdout MODEL_LOG -     raise RuntimeError('Error(s) in loading state_dict for {}:\n\t{}'.format(
2025-04-25T17:09:36,958 [INFO ] W-9000-cifar10_1.0-stdout MODEL_LOG - RuntimeError: Error(s) in loading state_dict for SimpleCNN:
2025-04-25T17:09:36,959 [INFO ] W-9000-cifar10_1.0-stdout MODEL_LOG - 	Missing key(s) in state_dict: "conv1.0.weight", "conv1.0.bias", "conv1.1.weight", "conv1.1.bias", "conv1.1.running_mean", "conv1.1.running_var", "conv1.3.weight", "conv1.3.bias", "conv1.4.weight", "conv1.4.bias", "conv1.4.running_mean", "conv1.4.running_var", "conv2.0.weight", "conv2.0.bias", "conv2.1.weight", "conv2.1.bias", "conv2.1.running_mean", "conv2.1.running_var", "conv2.3.weight", "conv2.3.bias", "conv2.4.weight", "conv2.4.bias", "conv2.4.running_mean", "conv2.4.running_var", "fc1.1.weight", "fc1.1.bias", "fc2.1.weight", "fc2.1.bias", "fc3.1.weight", "fc3.1.bias". 
2025-04-25T17:09:36,959 [INFO ] W-9000-cifar10_1.0-stdout MODEL_LOG - 	Unexpected key(s) in state_dict: "epoch", "model", "optimizer". 
2025-04-25T17:09:36,959 [INFO ] W-9000-cifar10_1.0-stdout MODEL_LOG - Backend worker process died.
2025-04-25T17:09:36,959 [INFO ] W-9000-cifar10_1.0-stdout MODEL_LOG - Traceback (most recent call last):
2025-04-25T17:09:36,959 [INFO ] W-9000-cifar10_1.0-stdout MODEL_LOG -   File "/home/amin/miniconda3/envs/deep-learning/lib/python3.9/site-packages/ts/model_service_worker.py", line 301, in <module>
2025-04-25T17:09:36,959 [INFO ] W-9000-cifar10_1.0-stdout MODEL_LOG -     worker.run_server()
2025-04-25T17:09:36,959 [INFO ] W-9000-cifar10_1.0-stdout MODEL_LOG -   File "/home/amin/miniconda3/envs/deep-learning/lib/python3.9/site-packages/ts/model_service_worker.py", line 268, in run_server
2025-04-25T17:09:36,960 [INFO ] W-9000-cifar10_1.0-stdout MODEL_LOG -     self.handle_connection(cl_socket)
2025-04-25T17:09:36,960 [INFO ] W-9000-cifar10_1.0-stdout MODEL_LOG -   File "/home/amin/miniconda3/envs/deep-learning/lib/python3.9/site-packages/ts/model_service_worker.py", line 201, in handle_connection
2025-04-25T17:09:36,960 [INFO ] W-9000-cifar10_1.0-stdout MODEL_LOG -     raise RuntimeError("{} - {}".format(code, result))
2025-04-25T17:09:36,960 [INFO ] W-9000-cifar10_1.0-stdout MODEL_LOG - RuntimeError: 500 - Unknown exception
2025-04-25T17:09:36,963 [INFO ] W-9000-cifar10_1.0 ACCESS_LOG - /127.0.0.1:35566 "POST /predictions/cifar10 HTTP/1.1" 500 300
2025-04-25T17:09:36,963 [INFO ] W-9000-cifar10_1.0 TS_METRICS - Requests5XX.Count:1.0|#Level:Host|#hostname:amin-GF63-Thin-9SCXR,timestamp:1745575776
2025-04-25T17:09:36,964 [DEBUG] W-9000-cifar10_1.0 org.pytorch.serve.job.RestJob - Waiting time ns: 292249263, Inference time ns: 298627971
2025-04-25T17:09:36,964 [DEBUG] W-9000-cifar10_1.0 org.pytorch.serve.job.RestJob - Waiting time ns: 292249263, Inference time ns: 298627971
2025-04-25T17:09:36,964 [DEBUG] W-9000-cifar10_1.0 org.pytorch.serve.wlm.WorkerThread - W-9000-cifar10_1.0 State change WORKER_ERROR -> WORKER_STOPPED
2025-04-25T17:09:36,964 [DEBUG] W-9000-cifar10_1.0 org.pytorch.serve.wlm.WorkerThread - W-9000-cifar10_1.0 State change WORKER_ERROR -> WORKER_STOPPED
2025-04-25T17:09:36,964 [WARN ] W-9000-cifar10_1.0 org.pytorch.serve.wlm.WorkerThread - Auto recovery failed again
2025-04-25T17:09:36,964 [WARN ] W-9000-cifar10_1.0 org.pytorch.serve.wlm.WorkerThread - Auto recovery failed again
2025-04-25T17:09:36,964 [INFO ] W-9000-cifar10_1.0 org.pytorch.serve.wlm.WorkerThread - Retry worker: 9000 in 13 seconds.
2025-04-25T17:09:36,964 [INFO ] W-9000-cifar10_1.0 org.pytorch.serve.wlm.WorkerThread - Retry worker: 9000 in 13 seconds.
2025-04-25T17:09:36,988 [INFO ] W-9000-cifar10_1.0-stdout org.pytorch.serve.wlm.WorkerLifeCycle - Stopped Scanner - W-9000-cifar10_1.0-stdout
2025-04-25T17:09:36,988 [INFO ] W-9000-cifar10_1.0-stderr org.pytorch.serve.wlm.WorkerLifeCycle - Stopped Scanner - W-9000-cifar10_1.0-stderr
2025-04-25T17:09:36,988 [INFO ] W-9000-cifar10_1.0-stdout org.pytorch.serve.wlm.WorkerLifeCycle - Stopped Scanner - W-9000-cifar10_1.0-stdout
2025-04-25T17:09:36,988 [INFO ] W-9000-cifar10_1.0-stderr org.pytorch.serve.wlm.WorkerLifeCycle - Stopped Scanner - W-9000-cifar10_1.0-stderr
2025-04-25T17:09:45,910 [INFO ] epollEventLoopGroup-3-2 TS_METRICS - ts_inference_requests_total.Count:1.0|#model_name:cifar10,model_version:default|#hostname:amin-GF63-Thin-9SCXR,timestamp:1745575785
2025-04-25T17:09:49,965 [DEBUG] W-9000-cifar10_1.0 org.pytorch.serve.wlm.WorkerLifeCycle - Worker cmdline: [/home/amin/miniconda3/envs/deep-learning/bin/python, /home/amin/miniconda3/envs/deep-learning/lib/python3.9/site-packages/ts/model_service_worker.py, --sock-type, unix, --sock-name, /tmp/.ts.sock.9000, --metrics-config, /home/amin/miniconda3/envs/deep-learning/lib/python3.9/site-packages/ts/configs/metrics.yaml]
2025-04-25T17:09:49,965 [DEBUG] W-9000-cifar10_1.0 org.pytorch.serve.wlm.WorkerLifeCycle - Worker cmdline: [/home/amin/miniconda3/envs/deep-learning/bin/python, /home/amin/miniconda3/envs/deep-learning/lib/python3.9/site-packages/ts/model_service_worker.py, --sock-type, unix, --sock-name, /tmp/.ts.sock.9000, --metrics-config, /home/amin/miniconda3/envs/deep-learning/lib/python3.9/site-packages/ts/configs/metrics.yaml]
2025-04-25T17:09:51,032 [INFO ] W-9000-cifar10_1.0-stdout MODEL_LOG - s_name_part0=/tmp/.ts.sock, s_name_part1=9000, pid=11231
2025-04-25T17:09:51,032 [INFO ] W-9000-cifar10_1.0-stdout MODEL_LOG - Listening on port: /tmp/.ts.sock.9000
2025-04-25T17:09:51,041 [INFO ] W-9000-cifar10_1.0-stdout MODEL_LOG - Successfully loaded /home/amin/miniconda3/envs/deep-learning/lib/python3.9/site-packages/ts/configs/metrics.yaml.
2025-04-25T17:09:51,041 [INFO ] W-9000-cifar10_1.0-stdout MODEL_LOG - [PID]11231
2025-04-25T17:09:51,041 [INFO ] W-9000-cifar10_1.0-stdout MODEL_LOG - Torch worker started.
2025-04-25T17:09:51,041 [DEBUG] W-9000-cifar10_1.0 org.pytorch.serve.wlm.WorkerThread - W-9000-cifar10_1.0 State change WORKER_STOPPED -> WORKER_STARTED
2025-04-25T17:09:51,041 [DEBUG] W-9000-cifar10_1.0 org.pytorch.serve.wlm.WorkerThread - W-9000-cifar10_1.0 State change WORKER_STOPPED -> WORKER_STARTED
2025-04-25T17:09:51,041 [INFO ] W-9000-cifar10_1.0-stdout MODEL_LOG - Python runtime: 3.9.21
2025-04-25T17:09:51,041 [INFO ] W-9000-cifar10_1.0 org.pytorch.serve.wlm.WorkerThread - Connecting to: /tmp/.ts.sock.9000
2025-04-25T17:09:51,041 [INFO ] W-9000-cifar10_1.0 org.pytorch.serve.wlm.WorkerThread - Connecting to: /tmp/.ts.sock.9000
2025-04-25T17:09:51,042 [DEBUG] W-9000-cifar10_1.0 org.pytorch.serve.wlm.WorkerThread - Flushing req.cmd LOAD repeats 1 to backend at: 1745575791042
2025-04-25T17:09:51,042 [DEBUG] W-9000-cifar10_1.0 org.pytorch.serve.wlm.WorkerThread - Flushing req.cmd LOAD repeats 1 to backend at: 1745575791042
2025-04-25T17:09:51,042 [INFO ] W-9000-cifar10_1.0-stdout MODEL_LOG - Connection accepted: /tmp/.ts.sock.9000.
2025-04-25T17:09:51,042 [INFO ] W-9000-cifar10_1.0 org.pytorch.serve.wlm.WorkerThread - Looping backend response at: 1745575791042
2025-04-25T17:09:51,042 [INFO ] W-9000-cifar10_1.0 org.pytorch.serve.wlm.WorkerThread - Looping backend response at: 1745575791042
2025-04-25T17:09:51,052 [INFO ] W-9000-cifar10_1.0-stdout MODEL_LOG - model_name: cifar10, batchSize: 1
2025-04-25T17:09:52,650 [INFO ] W-9000-cifar10_1.0-stdout MODEL_LOG - OpenVINO is not enabled
2025-04-25T17:09:52,650 [INFO ] W-9000-cifar10_1.0-stdout MODEL_LOG - proceeding without onnxruntime
2025-04-25T17:09:52,650 [INFO ] W-9000-cifar10_1.0-stdout MODEL_LOG - Torch TensorRT not enabled
2025-04-25T17:09:52,718 [INFO ] W-9000-cifar10_1.0-stdout MODEL_LOG - Failed to load model cifar10, exception Error(s) in loading state_dict for SimpleCNN:
2025-04-25T17:09:52,718 [INFO ] W-9000-cifar10_1.0-stdout MODEL_LOG - 	Missing key(s) in state_dict: "conv1.0.weight", "conv1.0.bias", "conv1.1.weight", "conv1.1.bias", "conv1.1.running_mean", "conv1.1.running_var", "conv1.3.weight", "conv1.3.bias", "conv1.4.weight", "conv1.4.bias", "conv1.4.running_mean", "conv1.4.running_var", "conv2.0.weight", "conv2.0.bias", "conv2.1.weight", "conv2.1.bias", "conv2.1.running_mean", "conv2.1.running_var", "conv2.3.weight", "conv2.3.bias", "conv2.4.weight", "conv2.4.bias", "conv2.4.running_mean", "conv2.4.running_var", "fc1.1.weight", "fc1.1.bias", "fc2.1.weight", "fc2.1.bias", "fc3.1.weight", "fc3.1.bias". 
2025-04-25T17:09:52,718 [INFO ] W-9000-cifar10_1.0-stdout MODEL_LOG - 	Unexpected key(s) in state_dict: "epoch", "model", "optimizer". 
2025-04-25T17:09:52,718 [INFO ] W-9000-cifar10_1.0-stdout MODEL_LOG - Traceback (most recent call last):
2025-04-25T17:09:52,718 [INFO ] W-9000-cifar10_1.0-stdout MODEL_LOG -   File "/home/amin/miniconda3/envs/deep-learning/lib/python3.9/site-packages/ts/model_service_worker.py", line 133, in load_model
2025-04-25T17:09:52,718 [INFO ] W-9000-cifar10_1.0-stdout MODEL_LOG -     service = model_loader.load(
2025-04-25T17:09:52,719 [INFO ] W-9000-cifar10_1.0-stdout MODEL_LOG -   File "/home/amin/miniconda3/envs/deep-learning/lib/python3.9/site-packages/ts/model_loader.py", line 143, in load
2025-04-25T17:09:52,719 [INFO ] W-9000-cifar10_1.0-stdout MODEL_LOG -     initialize_fn(service.context)
2025-04-25T17:09:52,719 [INFO ] W-9000-cifar10_1.0-stdout MODEL_LOG -   File "/home/amin/miniconda3/envs/deep-learning/lib/python3.9/site-packages/ts/torch_handler/base_handler.py", line 191, in initialize
2025-04-25T17:09:52,719 [INFO ] W-9000-cifar10_1.0-stdout MODEL_LOG -     self.model = self._load_pickled_model(
2025-04-25T17:09:52,719 [INFO ] W-9000-cifar10_1.0 org.pytorch.serve.wlm.WorkerThread - Backend response time: 1677
2025-04-25T17:09:52,719 [INFO ] W-9000-cifar10_1.0-stdout MODEL_LOG -   File "/home/amin/miniconda3/envs/deep-learning/lib/python3.9/site-packages/ts/torch_handler/base_handler.py", line 356, in _load_pickled_model
2025-04-25T17:09:52,719 [INFO ] W-9000-cifar10_1.0 org.pytorch.serve.wlm.WorkerThread - Backend response time: 1677
2025-04-25T17:09:52,719 [INFO ] W-9000-cifar10_1.0-stdout MODEL_LOG -     model.load_state_dict(state_dict)
2025-04-25T17:09:52,719 [DEBUG] W-9000-cifar10_1.0 org.pytorch.serve.wlm.WorkerThread - W-9000-cifar10_1.0 State change WORKER_STARTED -> WORKER_ERROR
2025-04-25T17:09:52,719 [DEBUG] W-9000-cifar10_1.0 org.pytorch.serve.wlm.WorkerThread - W-9000-cifar10_1.0 State change WORKER_STARTED -> WORKER_ERROR
2025-04-25T17:09:52,719 [INFO ] W-9000-cifar10_1.0-stdout MODEL_LOG -   File "/home/amin/miniconda3/envs/deep-learning/lib/python3.9/site-packages/torch/nn/modules/module.py", line 2189, in load_state_dict
2025-04-25T17:09:52,719 [INFO ] W-9000-cifar10_1.0-stdout MODEL_LOG -     raise RuntimeError('Error(s) in loading state_dict for {}:\n\t{}'.format(
2025-04-25T17:09:52,719 [INFO ] W-9000-cifar10_1.0 TS_METRICS - WorkerThreadTime.Milliseconds:0.0|#Level:Host|#hostname:amin-GF63-Thin-9SCXR,timestamp:1745575792
2025-04-25T17:09:52,719 [INFO ] W-9000-cifar10_1.0-stdout MODEL_LOG - RuntimeError: Error(s) in loading state_dict for SimpleCNN:
2025-04-25T17:09:52,719 [INFO ] epollEventLoopGroup-5-8 org.pytorch.serve.wlm.WorkerThread - 9000 Worker disconnected. WORKER_STARTED
2025-04-25T17:09:52,719 [DEBUG] W-9000-cifar10_1.0 org.pytorch.serve.wlm.WorkerThread - Flushing req.cmd PREDICT repeats 1 to backend at: 1745575792719
2025-04-25T17:09:52,719 [DEBUG] W-9000-cifar10_1.0 org.pytorch.serve.wlm.WorkerThread - Flushing req.cmd PREDICT repeats 1 to backend at: 1745575792719
2025-04-25T17:09:52,719 [INFO ] epollEventLoopGroup-5-8 org.pytorch.serve.wlm.WorkerThread - 9000 Worker disconnected. WORKER_STARTED
2025-04-25T17:09:52,719 [INFO ] W-9000-cifar10_1.0 org.pytorch.serve.wlm.WorkerThread - Looping backend response at: 1745575792719
2025-04-25T17:09:52,719 [INFO ] W-9000-cifar10_1.0-stdout MODEL_LOG - 	Missing key(s) in state_dict: "conv1.0.weight", "conv1.0.bias", "conv1.1.weight", "conv1.1.bias", "conv1.1.running_mean", "conv1.1.running_var", "conv1.3.weight", "conv1.3.bias", "conv1.4.weight", "conv1.4.bias", "conv1.4.running_mean", "conv1.4.running_var", "conv2.0.weight", "conv2.0.bias", "conv2.1.weight", "conv2.1.bias", "conv2.1.running_mean", "conv2.1.running_var", "conv2.3.weight", "conv2.3.bias", "conv2.4.weight", "conv2.4.bias", "conv2.4.running_mean", "conv2.4.running_var", "fc1.1.weight", "fc1.1.bias", "fc2.1.weight", "fc2.1.bias", "fc3.1.weight", "fc3.1.bias". 
2025-04-25T17:09:52,719 [INFO ] W-9000-cifar10_1.0 org.pytorch.serve.wlm.WorkerThread - Looping backend response at: 1745575792719
2025-04-25T17:09:52,719 [INFO ] W-9000-cifar10_1.0-stdout MODEL_LOG - 	Unexpected key(s) in state_dict: "epoch", "model", "optimizer". 
2025-04-25T17:09:52,719 [DEBUG] W-9000-cifar10_1.0 org.pytorch.serve.wlm.WorkerThread - System state is : WORKER_ERROR
2025-04-25T17:09:52,719 [INFO ] W-9000-cifar10_1.0-stdout MODEL_LOG - Backend worker process died.
2025-04-25T17:09:52,719 [DEBUG] W-9000-cifar10_1.0 org.pytorch.serve.wlm.WorkerThread - System state is : WORKER_ERROR
2025-04-25T17:09:52,719 [INFO ] W-9000-cifar10_1.0-stdout MODEL_LOG - Traceback (most recent call last):
2025-04-25T17:09:52,719 [INFO ] W-9000-cifar10_1.0-stdout MODEL_LOG -   File "/home/amin/miniconda3/envs/deep-learning/lib/python3.9/site-packages/ts/model_service_worker.py", line 301, in <module>
2025-04-25T17:09:52,719 [INFO ] W-9000-cifar10_1.0-stdout MODEL_LOG -     worker.run_server()
2025-04-25T17:09:52,719 [INFO ] W-9000-cifar10_1.0-stdout MODEL_LOG -   File "/home/amin/miniconda3/envs/deep-learning/lib/python3.9/site-packages/ts/model_service_worker.py", line 268, in run_server
2025-04-25T17:09:52,719 [DEBUG] W-9000-cifar10_1.0 org.pytorch.serve.wlm.WorkerThread - Backend worker monitoring thread interrupted or backend worker process died., responseTimeout:120sec
java.lang.InterruptedException: null
	at java.util.concurrent.locks.ReentrantLock$Sync.lockInterruptibly(ReentrantLock.java:159) ~[?:?]
	at java.util.concurrent.locks.ReentrantLock.lockInterruptibly(ReentrantLock.java:372) ~[?:?]
	at java.util.concurrent.ArrayBlockingQueue.poll(ArrayBlockingQueue.java:430) ~[?:?]
	at org.pytorch.serve.wlm.WorkerThread.run(WorkerThread.java:234) ~[model-server.jar:?]
	at java.util.concurrent.ThreadPoolExecutor.runWorker(ThreadPoolExecutor.java:1144) ~[?:?]
	at java.util.concurrent.ThreadPoolExecutor$Worker.run(ThreadPoolExecutor.java:642) ~[?:?]
	at java.lang.Thread.run(Thread.java:1583) [?:?]
2025-04-25T17:09:52,720 [INFO ] W-9000-cifar10_1.0-stdout MODEL_LOG -     self.handle_connection(cl_socket)
2025-04-25T17:09:52,720 [INFO ] W-9000-cifar10_1.0-stdout MODEL_LOG -   File "/home/amin/miniconda3/envs/deep-learning/lib/python3.9/site-packages/ts/model_service_worker.py", line 201, in handle_connection
2025-04-25T17:09:52,719 [DEBUG] W-9000-cifar10_1.0 org.pytorch.serve.wlm.WorkerThread - Backend worker monitoring thread interrupted or backend worker process died., responseTimeout:120sec
java.lang.InterruptedException: null
	at java.util.concurrent.locks.ReentrantLock$Sync.lockInterruptibly(ReentrantLock.java:159) ~[?:?]
	at java.util.concurrent.locks.ReentrantLock.lockInterruptibly(ReentrantLock.java:372) ~[?:?]
	at java.util.concurrent.ArrayBlockingQueue.poll(ArrayBlockingQueue.java:430) ~[?:?]
	at org.pytorch.serve.wlm.WorkerThread.run(WorkerThread.java:234) ~[model-server.jar:?]
	at java.util.concurrent.ThreadPoolExecutor.runWorker(ThreadPoolExecutor.java:1144) ~[?:?]
	at java.util.concurrent.ThreadPoolExecutor$Worker.run(ThreadPoolExecutor.java:642) ~[?:?]
	at java.lang.Thread.run(Thread.java:1583) [?:?]
2025-04-25T17:09:52,720 [INFO ] W-9000-cifar10_1.0-stdout MODEL_LOG -     raise RuntimeError("{} - {}".format(code, result))
2025-04-25T17:09:52,720 [INFO ] W-9000-cifar10_1.0-stdout MODEL_LOG - RuntimeError: 500 - Unknown exception
2025-04-25T17:09:52,720 [INFO ] W-9000-cifar10_1.0 ACCESS_LOG - /127.0.0.1:39026 "POST /predictions/cifar10 HTTP/1.1" 500 6811
2025-04-25T17:09:52,720 [INFO ] W-9000-cifar10_1.0 TS_METRICS - Requests5XX.Count:1.0|#Level:Host|#hostname:amin-GF63-Thin-9SCXR,timestamp:1745575792
2025-04-25T17:09:52,720 [DEBUG] W-9000-cifar10_1.0 org.pytorch.serve.job.RestJob - Waiting time ns: 6808509133, Inference time ns: 6809651037
2025-04-25T17:09:52,720 [DEBUG] W-9000-cifar10_1.0 org.pytorch.serve.job.RestJob - Waiting time ns: 6808509133, Inference time ns: 6809651037
2025-04-25T17:09:52,720 [DEBUG] W-9000-cifar10_1.0 org.pytorch.serve.wlm.WorkerThread - W-9000-cifar10_1.0 State change WORKER_ERROR -> WORKER_STOPPED
2025-04-25T17:09:52,720 [DEBUG] W-9000-cifar10_1.0 org.pytorch.serve.wlm.WorkerThread - W-9000-cifar10_1.0 State change WORKER_ERROR -> WORKER_STOPPED
2025-04-25T17:09:52,720 [WARN ] W-9000-cifar10_1.0 org.pytorch.serve.wlm.WorkerThread - Auto recovery failed again
2025-04-25T17:09:52,720 [WARN ] W-9000-cifar10_1.0 org.pytorch.serve.wlm.WorkerThread - Auto recovery failed again
2025-04-25T17:09:52,720 [INFO ] W-9000-cifar10_1.0 org.pytorch.serve.wlm.WorkerThread - Retry worker: 9000 in 21 seconds.
2025-04-25T17:09:52,720 [INFO ] W-9000-cifar10_1.0 org.pytorch.serve.wlm.WorkerThread - Retry worker: 9000 in 21 seconds.
2025-04-25T17:09:52,744 [INFO ] W-9000-cifar10_1.0-stdout org.pytorch.serve.wlm.WorkerLifeCycle - Stopped Scanner - W-9000-cifar10_1.0-stdout
2025-04-25T17:09:52,744 [INFO ] W-9000-cifar10_1.0-stdout org.pytorch.serve.wlm.WorkerLifeCycle - Stopped Scanner - W-9000-cifar10_1.0-stdout
2025-04-25T17:09:52,744 [INFO ] W-9000-cifar10_1.0-stderr org.pytorch.serve.wlm.WorkerLifeCycle - Stopped Scanner - W-9000-cifar10_1.0-stderr
2025-04-25T17:09:52,744 [INFO ] W-9000-cifar10_1.0-stderr org.pytorch.serve.wlm.WorkerLifeCycle - Stopped Scanner - W-9000-cifar10_1.0-stderr
2025-04-25T17:10:08,653 [WARN ] pool-3-thread-2 org.pytorch.serve.metrics.MetricCollector - Parse metrics failed: NumExpr defaulting to 8 threads.
2025-04-25T17:10:08,653 [WARN ] pool-3-thread-2 org.pytorch.serve.metrics.MetricCollector - Parse metrics failed: NumExpr defaulting to 8 threads.
2025-04-25T17:10:08,840 [INFO ] pool-3-thread-2 TS_METRICS - CPUUtilization.Percent:0.0|#Level:Host|#hostname:amin-GF63-Thin-9SCXR,timestamp:1745575808
2025-04-25T17:10:08,840 [INFO ] pool-3-thread-2 TS_METRICS - DiskAvailable.Gigabytes:0.24241256713867188|#Level:Host|#hostname:amin-GF63-Thin-9SCXR,timestamp:1745575808
2025-04-25T17:10:08,840 [INFO ] pool-3-thread-2 TS_METRICS - DiskUsage.Gigabytes:95.99065017700195|#Level:Host|#hostname:amin-GF63-Thin-9SCXR,timestamp:1745575808
2025-04-25T17:10:08,840 [INFO ] pool-3-thread-2 TS_METRICS - DiskUtilization.Percent:99.7|#Level:Host|#hostname:amin-GF63-Thin-9SCXR,timestamp:1745575808
2025-04-25T17:10:08,840 [INFO ] pool-3-thread-2 TS_METRICS - GPUMemoryUtilization.Percent:0.1220703125|#Level:Host,DeviceId:0|#hostname:amin-GF63-Thin-9SCXR,timestamp:1745575808
2025-04-25T17:10:08,841 [INFO ] pool-3-thread-2 TS_METRICS - GPUMemoryUsed.Megabytes:5.0|#Level:Host,DeviceId:0|#hostname:amin-GF63-Thin-9SCXR,timestamp:1745575808
2025-04-25T17:10:08,841 [INFO ] pool-3-thread-2 TS_METRICS - GPUUtilization.Percent:0.0|#Level:Host,DeviceId:0|#hostname:amin-GF63-Thin-9SCXR,timestamp:1745575808
2025-04-25T17:10:08,841 [INFO ] pool-3-thread-2 TS_METRICS - MemoryAvailable.Megabytes:9957.60546875|#Level:Host|#hostname:amin-GF63-Thin-9SCXR,timestamp:1745575808
2025-04-25T17:10:08,841 [INFO ] pool-3-thread-2 TS_METRICS - MemoryUsed.Megabytes:4662.78125|#Level:Host|#hostname:amin-GF63-Thin-9SCXR,timestamp:1745575808
2025-04-25T17:10:08,841 [INFO ] pool-3-thread-2 TS_METRICS - MemoryUtilization.Percent:37.1|#Level:Host|#hostname:amin-GF63-Thin-9SCXR,timestamp:1745575808
2025-04-25T17:10:13,722 [DEBUG] W-9000-cifar10_1.0 org.pytorch.serve.wlm.WorkerLifeCycle - Worker cmdline: [/home/amin/miniconda3/envs/deep-learning/bin/python, /home/amin/miniconda3/envs/deep-learning/lib/python3.9/site-packages/ts/model_service_worker.py, --sock-type, unix, --sock-name, /tmp/.ts.sock.9000, --metrics-config, /home/amin/miniconda3/envs/deep-learning/lib/python3.9/site-packages/ts/configs/metrics.yaml]
2025-04-25T17:10:13,722 [DEBUG] W-9000-cifar10_1.0 org.pytorch.serve.wlm.WorkerLifeCycle - Worker cmdline: [/home/amin/miniconda3/envs/deep-learning/bin/python, /home/amin/miniconda3/envs/deep-learning/lib/python3.9/site-packages/ts/model_service_worker.py, --sock-type, unix, --sock-name, /tmp/.ts.sock.9000, --metrics-config, /home/amin/miniconda3/envs/deep-learning/lib/python3.9/site-packages/ts/configs/metrics.yaml]
2025-04-25T17:10:14,739 [INFO ] W-9000-cifar10_1.0-stdout MODEL_LOG - s_name_part0=/tmp/.ts.sock, s_name_part1=9000, pid=11282
2025-04-25T17:10:14,739 [INFO ] W-9000-cifar10_1.0-stdout MODEL_LOG - Listening on port: /tmp/.ts.sock.9000
2025-04-25T17:10:14,747 [INFO ] W-9000-cifar10_1.0-stdout MODEL_LOG - Successfully loaded /home/amin/miniconda3/envs/deep-learning/lib/python3.9/site-packages/ts/configs/metrics.yaml.
2025-04-25T17:10:14,747 [INFO ] W-9000-cifar10_1.0-stdout MODEL_LOG - [PID]11282
2025-04-25T17:10:14,747 [INFO ] W-9000-cifar10_1.0-stdout MODEL_LOG - Torch worker started.
2025-04-25T17:10:14,747 [INFO ] W-9000-cifar10_1.0-stdout MODEL_LOG - Python runtime: 3.9.21
2025-04-25T17:10:14,747 [DEBUG] W-9000-cifar10_1.0 org.pytorch.serve.wlm.WorkerThread - W-9000-cifar10_1.0 State change WORKER_STOPPED -> WORKER_STARTED
2025-04-25T17:10:14,747 [DEBUG] W-9000-cifar10_1.0 org.pytorch.serve.wlm.WorkerThread - W-9000-cifar10_1.0 State change WORKER_STOPPED -> WORKER_STARTED
2025-04-25T17:10:14,747 [INFO ] W-9000-cifar10_1.0 org.pytorch.serve.wlm.WorkerThread - Connecting to: /tmp/.ts.sock.9000
2025-04-25T17:10:14,747 [INFO ] W-9000-cifar10_1.0 org.pytorch.serve.wlm.WorkerThread - Connecting to: /tmp/.ts.sock.9000
2025-04-25T17:10:14,748 [DEBUG] W-9000-cifar10_1.0 org.pytorch.serve.wlm.WorkerThread - Flushing req.cmd LOAD repeats 1 to backend at: 1745575814748
2025-04-25T17:10:14,748 [INFO ] W-9000-cifar10_1.0-stdout MODEL_LOG - Connection accepted: /tmp/.ts.sock.9000.
2025-04-25T17:10:14,748 [DEBUG] W-9000-cifar10_1.0 org.pytorch.serve.wlm.WorkerThread - Flushing req.cmd LOAD repeats 1 to backend at: 1745575814748
2025-04-25T17:10:14,748 [INFO ] W-9000-cifar10_1.0 org.pytorch.serve.wlm.WorkerThread - Looping backend response at: 1745575814748
2025-04-25T17:10:14,748 [INFO ] W-9000-cifar10_1.0 org.pytorch.serve.wlm.WorkerThread - Looping backend response at: 1745575814748
2025-04-25T17:10:14,758 [INFO ] W-9000-cifar10_1.0-stdout MODEL_LOG - model_name: cifar10, batchSize: 1
2025-04-25T17:10:14,806 [INFO ] W-9000-cifar10_1.0-stdout MODEL_LOG - OpenVINO is not enabled
2025-04-25T17:10:14,806 [INFO ] W-9000-cifar10_1.0-stdout MODEL_LOG - proceeding without onnxruntime
2025-04-25T17:10:14,806 [INFO ] W-9000-cifar10_1.0-stdout MODEL_LOG - Torch TensorRT not enabled
2025-04-25T17:10:14,886 [INFO ] W-9000-cifar10_1.0-stdout MODEL_LOG - Failed to load model cifar10, exception Error(s) in loading state_dict for SimpleCNN:
2025-04-25T17:10:14,887 [INFO ] W-9000-cifar10_1.0-stdout MODEL_LOG - 	Missing key(s) in state_dict: "conv1.0.weight", "conv1.0.bias", "conv1.1.weight", "conv1.1.bias", "conv1.1.running_mean", "conv1.1.running_var", "conv1.3.weight", "conv1.3.bias", "conv1.4.weight", "conv1.4.bias", "conv1.4.running_mean", "conv1.4.running_var", "conv2.0.weight", "conv2.0.bias", "conv2.1.weight", "conv2.1.bias", "conv2.1.running_mean", "conv2.1.running_var", "conv2.3.weight", "conv2.3.bias", "conv2.4.weight", "conv2.4.bias", "conv2.4.running_mean", "conv2.4.running_var", "fc1.1.weight", "fc1.1.bias", "fc2.1.weight", "fc2.1.bias", "fc3.1.weight", "fc3.1.bias". 
2025-04-25T17:10:14,887 [INFO ] W-9000-cifar10_1.0-stdout MODEL_LOG - 	Unexpected key(s) in state_dict: "epoch", "model", "optimizer". 
2025-04-25T17:10:14,887 [INFO ] W-9000-cifar10_1.0-stdout MODEL_LOG - Traceback (most recent call last):
2025-04-25T17:10:14,887 [INFO ] W-9000-cifar10_1.0 org.pytorch.serve.wlm.WorkerThread - Backend response time: 139
2025-04-25T17:10:14,887 [INFO ] W-9000-cifar10_1.0-stdout MODEL_LOG -   File "/home/amin/miniconda3/envs/deep-learning/lib/python3.9/site-packages/ts/model_service_worker.py", line 133, in load_model
2025-04-25T17:10:14,887 [INFO ] W-9000-cifar10_1.0 org.pytorch.serve.wlm.WorkerThread - Backend response time: 139
2025-04-25T17:10:14,887 [DEBUG] W-9000-cifar10_1.0 org.pytorch.serve.wlm.WorkerThread - W-9000-cifar10_1.0 State change WORKER_STARTED -> WORKER_ERROR
2025-04-25T17:10:14,887 [INFO ] W-9000-cifar10_1.0-stdout MODEL_LOG -     service = model_loader.load(
2025-04-25T17:10:14,887 [DEBUG] W-9000-cifar10_1.0 org.pytorch.serve.wlm.WorkerThread - W-9000-cifar10_1.0 State change WORKER_STARTED -> WORKER_ERROR
2025-04-25T17:10:14,887 [INFO ] W-9000-cifar10_1.0-stdout MODEL_LOG -   File "/home/amin/miniconda3/envs/deep-learning/lib/python3.9/site-packages/ts/model_loader.py", line 143, in load
2025-04-25T17:10:14,887 [INFO ] W-9000-cifar10_1.0-stdout MODEL_LOG -     initialize_fn(service.context)
2025-04-25T17:10:14,887 [INFO ] epollEventLoopGroup-5-9 org.pytorch.serve.wlm.WorkerThread - 9000 Worker disconnected. WORKER_STARTED
2025-04-25T17:10:14,887 [INFO ] W-9000-cifar10_1.0-stdout MODEL_LOG -   File "/home/amin/miniconda3/envs/deep-learning/lib/python3.9/site-packages/ts/torch_handler/base_handler.py", line 191, in initialize
2025-04-25T17:10:14,887 [INFO ] W-9000-cifar10_1.0-stdout MODEL_LOG -     self.model = self._load_pickled_model(
2025-04-25T17:10:14,887 [INFO ] epollEventLoopGroup-5-9 org.pytorch.serve.wlm.WorkerThread - 9000 Worker disconnected. WORKER_STARTED
2025-04-25T17:10:14,887 [INFO ] W-9000-cifar10_1.0-stdout MODEL_LOG -   File "/home/amin/miniconda3/envs/deep-learning/lib/python3.9/site-packages/ts/torch_handler/base_handler.py", line 356, in _load_pickled_model
2025-04-25T17:10:14,887 [INFO ] W-9000-cifar10_1.0-stdout MODEL_LOG -     model.load_state_dict(state_dict)
2025-04-25T17:10:14,887 [INFO ] W-9000-cifar10_1.0-stdout MODEL_LOG -   File "/home/amin/miniconda3/envs/deep-learning/lib/python3.9/site-packages/torch/nn/modules/module.py", line 2189, in load_state_dict
2025-04-25T17:10:14,887 [INFO ] W-9000-cifar10_1.0-stdout MODEL_LOG -     raise RuntimeError('Error(s) in loading state_dict for {}:\n\t{}'.format(
2025-04-25T17:10:14,887 [INFO ] W-9000-cifar10_1.0-stdout MODEL_LOG - RuntimeError: Error(s) in loading state_dict for SimpleCNN:
2025-04-25T17:10:14,888 [INFO ] W-9000-cifar10_1.0-stdout MODEL_LOG - 	Missing key(s) in state_dict: "conv1.0.weight", "conv1.0.bias", "conv1.1.weight", "conv1.1.bias", "conv1.1.running_mean", "conv1.1.running_var", "conv1.3.weight", "conv1.3.bias", "conv1.4.weight", "conv1.4.bias", "conv1.4.running_mean", "conv1.4.running_var", "conv2.0.weight", "conv2.0.bias", "conv2.1.weight", "conv2.1.bias", "conv2.1.running_mean", "conv2.1.running_var", "conv2.3.weight", "conv2.3.bias", "conv2.4.weight", "conv2.4.bias", "conv2.4.running_mean", "conv2.4.running_var", "fc1.1.weight", "fc1.1.bias", "fc2.1.weight", "fc2.1.bias", "fc3.1.weight", "fc3.1.bias". 
2025-04-25T17:10:14,888 [INFO ] W-9000-cifar10_1.0-stdout MODEL_LOG - 	Unexpected key(s) in state_dict: "epoch", "model", "optimizer". 
2025-04-25T17:10:14,888 [INFO ] W-9000-cifar10_1.0-stdout MODEL_LOG - Backend worker process died.
2025-04-25T17:10:14,888 [INFO ] W-9000-cifar10_1.0-stdout MODEL_LOG - Traceback (most recent call last):
2025-04-25T17:10:14,888 [INFO ] W-9000-cifar10_1.0-stdout MODEL_LOG -   File "/home/amin/miniconda3/envs/deep-learning/lib/python3.9/site-packages/ts/model_service_worker.py", line 301, in <module>
2025-04-25T17:10:14,888 [INFO ] W-9000-cifar10_1.0-stdout MODEL_LOG -     worker.run_server()
2025-04-25T17:10:14,888 [INFO ] W-9000-cifar10_1.0-stdout MODEL_LOG -   File "/home/amin/miniconda3/envs/deep-learning/lib/python3.9/site-packages/ts/model_service_worker.py", line 268, in run_server
2025-04-25T17:10:14,888 [INFO ] W-9000-cifar10_1.0-stdout MODEL_LOG -     self.handle_connection(cl_socket)
2025-04-25T17:10:14,888 [INFO ] W-9000-cifar10_1.0-stdout MODEL_LOG -   File "/home/amin/miniconda3/envs/deep-learning/lib/python3.9/site-packages/ts/model_service_worker.py", line 201, in handle_connection
2025-04-25T17:10:14,888 [INFO ] W-9000-cifar10_1.0-stdout MODEL_LOG -     raise RuntimeError("{} - {}".format(code, result))
2025-04-25T17:10:14,888 [INFO ] W-9000-cifar10_1.0-stdout MODEL_LOG - RuntimeError: 500 - Unknown exception
2025-04-25T17:10:14,887 [INFO ] W-9000-cifar10_1.0 TS_METRICS - WorkerThreadTime.Milliseconds:0.0|#Level:Host|#hostname:amin-GF63-Thin-9SCXR,timestamp:1745575814
2025-04-25T17:10:14,888 [DEBUG] W-9000-cifar10_1.0 org.pytorch.serve.wlm.WorkerThread - System state is : WORKER_ERROR
2025-04-25T17:10:14,888 [DEBUG] W-9000-cifar10_1.0 org.pytorch.serve.wlm.WorkerThread - System state is : WORKER_ERROR
2025-04-25T17:10:14,888 [DEBUG] W-9000-cifar10_1.0 org.pytorch.serve.wlm.WorkerThread - Backend worker monitoring thread interrupted or backend worker process died., responseTimeout:120sec
java.lang.InterruptedException: null
	at java.util.concurrent.locks.ReentrantLock$Sync.lockInterruptibly(ReentrantLock.java:159) ~[?:?]
	at java.util.concurrent.locks.ReentrantLock.lockInterruptibly(ReentrantLock.java:372) ~[?:?]
	at org.pytorch.serve.wlm.Model.pollBatch(Model.java:478) ~[model-server.jar:?]
	at org.pytorch.serve.wlm.BatchAggregator.pollBatch(BatchAggregator.java:189) ~[model-server.jar:?]
	at org.pytorch.serve.wlm.BatchAggregator.getRequest(BatchAggregator.java:36) ~[model-server.jar:?]
	at org.pytorch.serve.wlm.WorkerThread.run(WorkerThread.java:195) ~[model-server.jar:?]
	at java.util.concurrent.ThreadPoolExecutor.runWorker(ThreadPoolExecutor.java:1144) ~[?:?]
	at java.util.concurrent.ThreadPoolExecutor$Worker.run(ThreadPoolExecutor.java:642) ~[?:?]
	at java.lang.Thread.run(Thread.java:1583) [?:?]
2025-04-25T17:10:14,888 [DEBUG] W-9000-cifar10_1.0 org.pytorch.serve.wlm.WorkerThread - Backend worker monitoring thread interrupted or backend worker process died., responseTimeout:120sec
java.lang.InterruptedException: null
	at java.util.concurrent.locks.ReentrantLock$Sync.lockInterruptibly(ReentrantLock.java:159) ~[?:?]
	at java.util.concurrent.locks.ReentrantLock.lockInterruptibly(ReentrantLock.java:372) ~[?:?]
	at org.pytorch.serve.wlm.Model.pollBatch(Model.java:478) ~[model-server.jar:?]
	at org.pytorch.serve.wlm.BatchAggregator.pollBatch(BatchAggregator.java:189) ~[model-server.jar:?]
	at org.pytorch.serve.wlm.BatchAggregator.getRequest(BatchAggregator.java:36) ~[model-server.jar:?]
	at org.pytorch.serve.wlm.WorkerThread.run(WorkerThread.java:195) ~[model-server.jar:?]
	at java.util.concurrent.ThreadPoolExecutor.runWorker(ThreadPoolExecutor.java:1144) ~[?:?]
	at java.util.concurrent.ThreadPoolExecutor$Worker.run(ThreadPoolExecutor.java:642) ~[?:?]
	at java.lang.Thread.run(Thread.java:1583) [?:?]
2025-04-25T17:10:14,888 [DEBUG] W-9000-cifar10_1.0 org.pytorch.serve.wlm.WorkerThread - W-9000-cifar10_1.0 State change WORKER_ERROR -> WORKER_STOPPED
2025-04-25T17:10:14,888 [DEBUG] W-9000-cifar10_1.0 org.pytorch.serve.wlm.WorkerThread - W-9000-cifar10_1.0 State change WORKER_ERROR -> WORKER_STOPPED
2025-04-25T17:10:14,888 [WARN ] W-9000-cifar10_1.0 org.pytorch.serve.wlm.WorkerThread - Auto recovery failed again
2025-04-25T17:10:14,888 [WARN ] W-9000-cifar10_1.0 org.pytorch.serve.wlm.WorkerThread - Auto recovery failed again
2025-04-25T17:10:14,889 [INFO ] W-9000-cifar10_1.0 org.pytorch.serve.wlm.WorkerThread - Retry worker: 9000 in 34 seconds.
2025-04-25T17:10:14,889 [INFO ] W-9000-cifar10_1.0 org.pytorch.serve.wlm.WorkerThread - Retry worker: 9000 in 34 seconds.
2025-04-25T17:10:14,910 [INFO ] W-9000-cifar10_1.0-stdout org.pytorch.serve.wlm.WorkerLifeCycle - Stopped Scanner - W-9000-cifar10_1.0-stdout
2025-04-25T17:10:14,910 [INFO ] W-9000-cifar10_1.0-stdout org.pytorch.serve.wlm.WorkerLifeCycle - Stopped Scanner - W-9000-cifar10_1.0-stdout
2025-04-25T17:10:14,910 [INFO ] W-9000-cifar10_1.0-stderr org.pytorch.serve.wlm.WorkerLifeCycle - Stopped Scanner - W-9000-cifar10_1.0-stderr
2025-04-25T17:10:14,910 [INFO ] W-9000-cifar10_1.0-stderr org.pytorch.serve.wlm.WorkerLifeCycle - Stopped Scanner - W-9000-cifar10_1.0-stderr
2025-04-25T17:10:48,890 [DEBUG] W-9000-cifar10_1.0 org.pytorch.serve.wlm.WorkerLifeCycle - Worker cmdline: [/home/amin/miniconda3/envs/deep-learning/bin/python, /home/amin/miniconda3/envs/deep-learning/lib/python3.9/site-packages/ts/model_service_worker.py, --sock-type, unix, --sock-name, /tmp/.ts.sock.9000, --metrics-config, /home/amin/miniconda3/envs/deep-learning/lib/python3.9/site-packages/ts/configs/metrics.yaml]
2025-04-25T17:10:48,890 [DEBUG] W-9000-cifar10_1.0 org.pytorch.serve.wlm.WorkerLifeCycle - Worker cmdline: [/home/amin/miniconda3/envs/deep-learning/bin/python, /home/amin/miniconda3/envs/deep-learning/lib/python3.9/site-packages/ts/model_service_worker.py, --sock-type, unix, --sock-name, /tmp/.ts.sock.9000, --metrics-config, /home/amin/miniconda3/envs/deep-learning/lib/python3.9/site-packages/ts/configs/metrics.yaml]
2025-04-25T17:10:49,934 [INFO ] W-9000-cifar10_1.0-stdout MODEL_LOG - s_name_part0=/tmp/.ts.sock, s_name_part1=9000, pid=11304
2025-04-25T17:10:49,934 [INFO ] W-9000-cifar10_1.0-stdout MODEL_LOG - Listening on port: /tmp/.ts.sock.9000
2025-04-25T17:10:49,942 [INFO ] W-9000-cifar10_1.0-stdout MODEL_LOG - Successfully loaded /home/amin/miniconda3/envs/deep-learning/lib/python3.9/site-packages/ts/configs/metrics.yaml.
2025-04-25T17:10:49,942 [INFO ] W-9000-cifar10_1.0-stdout MODEL_LOG - [PID]11304
2025-04-25T17:10:49,942 [INFO ] W-9000-cifar10_1.0-stdout MODEL_LOG - Torch worker started.
2025-04-25T17:10:49,942 [DEBUG] W-9000-cifar10_1.0 org.pytorch.serve.wlm.WorkerThread - W-9000-cifar10_1.0 State change WORKER_STOPPED -> WORKER_STARTED
2025-04-25T17:10:49,942 [INFO ] W-9000-cifar10_1.0-stdout MODEL_LOG - Python runtime: 3.9.21
2025-04-25T17:10:49,942 [DEBUG] W-9000-cifar10_1.0 org.pytorch.serve.wlm.WorkerThread - W-9000-cifar10_1.0 State change WORKER_STOPPED -> WORKER_STARTED
2025-04-25T17:10:49,942 [INFO ] W-9000-cifar10_1.0 org.pytorch.serve.wlm.WorkerThread - Connecting to: /tmp/.ts.sock.9000
2025-04-25T17:10:49,942 [INFO ] W-9000-cifar10_1.0 org.pytorch.serve.wlm.WorkerThread - Connecting to: /tmp/.ts.sock.9000
2025-04-25T17:10:49,943 [DEBUG] W-9000-cifar10_1.0 org.pytorch.serve.wlm.WorkerThread - Flushing req.cmd LOAD repeats 1 to backend at: 1745575849943
2025-04-25T17:10:49,943 [DEBUG] W-9000-cifar10_1.0 org.pytorch.serve.wlm.WorkerThread - Flushing req.cmd LOAD repeats 1 to backend at: 1745575849943
2025-04-25T17:10:49,943 [INFO ] W-9000-cifar10_1.0-stdout MODEL_LOG - Connection accepted: /tmp/.ts.sock.9000.
2025-04-25T17:10:49,944 [INFO ] W-9000-cifar10_1.0 org.pytorch.serve.wlm.WorkerThread - Looping backend response at: 1745575849944
2025-04-25T17:10:49,944 [INFO ] W-9000-cifar10_1.0 org.pytorch.serve.wlm.WorkerThread - Looping backend response at: 1745575849944
2025-04-25T17:10:49,954 [INFO ] W-9000-cifar10_1.0-stdout MODEL_LOG - model_name: cifar10, batchSize: 1
2025-04-25T17:10:51,533 [INFO ] W-9000-cifar10_1.0-stdout MODEL_LOG - OpenVINO is not enabled
2025-04-25T17:10:51,534 [INFO ] W-9000-cifar10_1.0-stdout MODEL_LOG - proceeding without onnxruntime
2025-04-25T17:10:51,534 [INFO ] W-9000-cifar10_1.0-stdout MODEL_LOG - Torch TensorRT not enabled
2025-04-25T17:10:51,603 [INFO ] W-9000-cifar10_1.0-stdout MODEL_LOG - Failed to load model cifar10, exception Error(s) in loading state_dict for SimpleCNN:
2025-04-25T17:10:51,603 [INFO ] W-9000-cifar10_1.0-stdout MODEL_LOG - 	Missing key(s) in state_dict: "conv1.0.weight", "conv1.0.bias", "conv1.1.weight", "conv1.1.bias", "conv1.1.running_mean", "conv1.1.running_var", "conv1.3.weight", "conv1.3.bias", "conv1.4.weight", "conv1.4.bias", "conv1.4.running_mean", "conv1.4.running_var", "conv2.0.weight", "conv2.0.bias", "conv2.1.weight", "conv2.1.bias", "conv2.1.running_mean", "conv2.1.running_var", "conv2.3.weight", "conv2.3.bias", "conv2.4.weight", "conv2.4.bias", "conv2.4.running_mean", "conv2.4.running_var", "fc1.1.weight", "fc1.1.bias", "fc2.1.weight", "fc2.1.bias", "fc3.1.weight", "fc3.1.bias". 
2025-04-25T17:10:51,603 [INFO ] W-9000-cifar10_1.0-stdout MODEL_LOG - 	Unexpected key(s) in state_dict: "epoch", "model", "optimizer". 
2025-04-25T17:10:51,603 [INFO ] W-9000-cifar10_1.0-stdout MODEL_LOG - Traceback (most recent call last):
2025-04-25T17:10:51,603 [INFO ] W-9000-cifar10_1.0-stdout MODEL_LOG -   File "/home/amin/miniconda3/envs/deep-learning/lib/python3.9/site-packages/ts/model_service_worker.py", line 133, in load_model
2025-04-25T17:10:51,603 [INFO ] W-9000-cifar10_1.0-stdout MODEL_LOG -     service = model_loader.load(
2025-04-25T17:10:51,603 [INFO ] W-9000-cifar10_1.0-stdout MODEL_LOG -   File "/home/amin/miniconda3/envs/deep-learning/lib/python3.9/site-packages/ts/model_loader.py", line 143, in load
2025-04-25T17:10:51,603 [INFO ] W-9000-cifar10_1.0-stdout MODEL_LOG -     initialize_fn(service.context)
2025-04-25T17:10:51,603 [INFO ] W-9000-cifar10_1.0-stdout MODEL_LOG -   File "/home/amin/miniconda3/envs/deep-learning/lib/python3.9/site-packages/ts/torch_handler/base_handler.py", line 191, in initialize
2025-04-25T17:10:51,603 [INFO ] W-9000-cifar10_1.0-stdout MODEL_LOG -     self.model = self._load_pickled_model(
2025-04-25T17:10:51,603 [INFO ] W-9000-cifar10_1.0-stdout MODEL_LOG -   File "/home/amin/miniconda3/envs/deep-learning/lib/python3.9/site-packages/ts/torch_handler/base_handler.py", line 356, in _load_pickled_model
2025-04-25T17:10:51,603 [INFO ] W-9000-cifar10_1.0-stdout MODEL_LOG -     model.load_state_dict(state_dict)
2025-04-25T17:10:51,603 [INFO ] W-9000-cifar10_1.0-stdout MODEL_LOG -   File "/home/amin/miniconda3/envs/deep-learning/lib/python3.9/site-packages/torch/nn/modules/module.py", line 2189, in load_state_dict
2025-04-25T17:10:51,604 [INFO ] W-9000-cifar10_1.0-stdout MODEL_LOG -     raise RuntimeError('Error(s) in loading state_dict for {}:\n\t{}'.format(
2025-04-25T17:10:51,604 [INFO ] W-9000-cifar10_1.0-stdout MODEL_LOG - RuntimeError: Error(s) in loading state_dict for SimpleCNN:
2025-04-25T17:10:51,604 [INFO ] W-9000-cifar10_1.0-stdout MODEL_LOG - 	Missing key(s) in state_dict: "conv1.0.weight", "conv1.0.bias", "conv1.1.weight", "conv1.1.bias", "conv1.1.running_mean", "conv1.1.running_var", "conv1.3.weight", "conv1.3.bias", "conv1.4.weight", "conv1.4.bias", "conv1.4.running_mean", "conv1.4.running_var", "conv2.0.weight", "conv2.0.bias", "conv2.1.weight", "conv2.1.bias", "conv2.1.running_mean", "conv2.1.running_var", "conv2.3.weight", "conv2.3.bias", "conv2.4.weight", "conv2.4.bias", "conv2.4.running_mean", "conv2.4.running_var", "fc1.1.weight", "fc1.1.bias", "fc2.1.weight", "fc2.1.bias", "fc3.1.weight", "fc3.1.bias". 
2025-04-25T17:10:51,604 [INFO ] W-9000-cifar10_1.0-stdout MODEL_LOG - 	Unexpected key(s) in state_dict: "epoch", "model", "optimizer". 
2025-04-25T17:10:51,604 [INFO ] W-9000-cifar10_1.0-stdout MODEL_LOG - Backend worker process died.
2025-04-25T17:10:51,604 [INFO ] W-9000-cifar10_1.0-stdout MODEL_LOG - Traceback (most recent call last):
2025-04-25T17:10:51,604 [INFO ] W-9000-cifar10_1.0-stdout MODEL_LOG -   File "/home/amin/miniconda3/envs/deep-learning/lib/python3.9/site-packages/ts/model_service_worker.py", line 301, in <module>
2025-04-25T17:10:51,604 [INFO ] W-9000-cifar10_1.0-stdout MODEL_LOG -     worker.run_server()
2025-04-25T17:10:51,604 [INFO ] W-9000-cifar10_1.0-stdout MODEL_LOG -   File "/home/amin/miniconda3/envs/deep-learning/lib/python3.9/site-packages/ts/model_service_worker.py", line 268, in run_server
2025-04-25T17:10:51,604 [INFO ] W-9000-cifar10_1.0-stdout MODEL_LOG -     self.handle_connection(cl_socket)
2025-04-25T17:10:51,604 [INFO ] W-9000-cifar10_1.0-stdout MODEL_LOG -   File "/home/amin/miniconda3/envs/deep-learning/lib/python3.9/site-packages/ts/model_service_worker.py", line 201, in handle_connection
2025-04-25T17:10:51,604 [INFO ] W-9000-cifar10_1.0-stdout MODEL_LOG -     raise RuntimeError("{} - {}".format(code, result))
2025-04-25T17:10:51,604 [INFO ] W-9000-cifar10_1.0-stdout MODEL_LOG - RuntimeError: 500 - Unknown exception
2025-04-25T17:10:51,604 [INFO ] W-9000-cifar10_1.0 org.pytorch.serve.wlm.WorkerThread - Backend response time: 1660
2025-04-25T17:10:51,604 [INFO ] W-9000-cifar10_1.0 org.pytorch.serve.wlm.WorkerThread - Backend response time: 1660
2025-04-25T17:10:51,604 [DEBUG] W-9000-cifar10_1.0 org.pytorch.serve.wlm.WorkerThread - W-9000-cifar10_1.0 State change WORKER_STARTED -> WORKER_ERROR
2025-04-25T17:10:51,604 [DEBUG] W-9000-cifar10_1.0 org.pytorch.serve.wlm.WorkerThread - W-9000-cifar10_1.0 State change WORKER_STARTED -> WORKER_ERROR
2025-04-25T17:10:51,604 [INFO ] W-9000-cifar10_1.0 TS_METRICS - WorkerThreadTime.Milliseconds:1.0|#Level:Host|#hostname:amin-GF63-Thin-9SCXR,timestamp:1745575851
2025-04-25T17:10:51,604 [INFO ] epollEventLoopGroup-5-10 org.pytorch.serve.wlm.WorkerThread - 9000 Worker disconnected. WORKER_STARTED
2025-04-25T17:10:51,604 [INFO ] epollEventLoopGroup-5-10 org.pytorch.serve.wlm.WorkerThread - 9000 Worker disconnected. WORKER_STARTED
2025-04-25T17:10:51,605 [DEBUG] W-9000-cifar10_1.0 org.pytorch.serve.wlm.WorkerThread - System state is : WORKER_ERROR
2025-04-25T17:10:51,605 [DEBUG] W-9000-cifar10_1.0 org.pytorch.serve.wlm.WorkerThread - System state is : WORKER_ERROR
2025-04-25T17:10:51,605 [DEBUG] W-9000-cifar10_1.0 org.pytorch.serve.wlm.WorkerThread - Backend worker monitoring thread interrupted or backend worker process died., responseTimeout:120sec
java.lang.InterruptedException: null
	at java.util.concurrent.locks.AbstractQueuedSynchronizer$ConditionObject.awaitNanos(AbstractQueuedSynchronizer.java:1770) ~[?:?]
	at java.util.concurrent.LinkedBlockingDeque.pollFirst(LinkedBlockingDeque.java:515) ~[?:?]
	at java.util.concurrent.LinkedBlockingDeque.poll(LinkedBlockingDeque.java:677) ~[?:?]
	at org.pytorch.serve.wlm.Model.pollBatch(Model.java:482) ~[model-server.jar:?]
	at org.pytorch.serve.wlm.BatchAggregator.pollBatch(BatchAggregator.java:189) ~[model-server.jar:?]
	at org.pytorch.serve.wlm.BatchAggregator.getRequest(BatchAggregator.java:36) ~[model-server.jar:?]
	at org.pytorch.serve.wlm.WorkerThread.run(WorkerThread.java:195) ~[model-server.jar:?]
	at java.util.concurrent.ThreadPoolExecutor.runWorker(ThreadPoolExecutor.java:1144) ~[?:?]
	at java.util.concurrent.ThreadPoolExecutor$Worker.run(ThreadPoolExecutor.java:642) ~[?:?]
	at java.lang.Thread.run(Thread.java:1583) [?:?]
2025-04-25T17:10:51,605 [DEBUG] W-9000-cifar10_1.0 org.pytorch.serve.wlm.WorkerThread - Backend worker monitoring thread interrupted or backend worker process died., responseTimeout:120sec
java.lang.InterruptedException: null
	at java.util.concurrent.locks.AbstractQueuedSynchronizer$ConditionObject.awaitNanos(AbstractQueuedSynchronizer.java:1770) ~[?:?]
	at java.util.concurrent.LinkedBlockingDeque.pollFirst(LinkedBlockingDeque.java:515) ~[?:?]
	at java.util.concurrent.LinkedBlockingDeque.poll(LinkedBlockingDeque.java:677) ~[?:?]
	at org.pytorch.serve.wlm.Model.pollBatch(Model.java:482) ~[model-server.jar:?]
	at org.pytorch.serve.wlm.BatchAggregator.pollBatch(BatchAggregator.java:189) ~[model-server.jar:?]
	at org.pytorch.serve.wlm.BatchAggregator.getRequest(BatchAggregator.java:36) ~[model-server.jar:?]
	at org.pytorch.serve.wlm.WorkerThread.run(WorkerThread.java:195) ~[model-server.jar:?]
	at java.util.concurrent.ThreadPoolExecutor.runWorker(ThreadPoolExecutor.java:1144) ~[?:?]
	at java.util.concurrent.ThreadPoolExecutor$Worker.run(ThreadPoolExecutor.java:642) ~[?:?]
	at java.lang.Thread.run(Thread.java:1583) [?:?]
2025-04-25T17:10:51,605 [DEBUG] W-9000-cifar10_1.0 org.pytorch.serve.wlm.WorkerThread - W-9000-cifar10_1.0 State change WORKER_ERROR -> WORKER_STOPPED
2025-04-25T17:10:51,605 [DEBUG] W-9000-cifar10_1.0 org.pytorch.serve.wlm.WorkerThread - W-9000-cifar10_1.0 State change WORKER_ERROR -> WORKER_STOPPED
2025-04-25T17:10:51,605 [WARN ] W-9000-cifar10_1.0 org.pytorch.serve.wlm.WorkerThread - Auto recovery failed again
2025-04-25T17:10:51,605 [WARN ] W-9000-cifar10_1.0 org.pytorch.serve.wlm.WorkerThread - Auto recovery failed again
2025-04-25T17:10:51,605 [INFO ] W-9000-cifar10_1.0 org.pytorch.serve.wlm.WorkerThread - Retry worker: 9000 in 55 seconds.
2025-04-25T17:10:51,605 [INFO ] W-9000-cifar10_1.0 org.pytorch.serve.wlm.WorkerThread - Retry worker: 9000 in 55 seconds.
2025-04-25T17:10:51,629 [INFO ] W-9000-cifar10_1.0-stdout org.pytorch.serve.wlm.WorkerLifeCycle - Stopped Scanner - W-9000-cifar10_1.0-stdout
2025-04-25T17:10:51,629 [INFO ] W-9000-cifar10_1.0-stdout org.pytorch.serve.wlm.WorkerLifeCycle - Stopped Scanner - W-9000-cifar10_1.0-stdout
2025-04-25T17:10:51,629 [INFO ] W-9000-cifar10_1.0-stderr org.pytorch.serve.wlm.WorkerLifeCycle - Stopped Scanner - W-9000-cifar10_1.0-stderr
2025-04-25T17:10:51,629 [INFO ] W-9000-cifar10_1.0-stderr org.pytorch.serve.wlm.WorkerLifeCycle - Stopped Scanner - W-9000-cifar10_1.0-stderr
2025-04-25T17:11:46,606 [DEBUG] W-9000-cifar10_1.0 org.pytorch.serve.wlm.WorkerLifeCycle - Worker cmdline: [/home/amin/miniconda3/envs/deep-learning/bin/python, /home/amin/miniconda3/envs/deep-learning/lib/python3.9/site-packages/ts/model_service_worker.py, --sock-type, unix, --sock-name, /tmp/.ts.sock.9000, --metrics-config, /home/amin/miniconda3/envs/deep-learning/lib/python3.9/site-packages/ts/configs/metrics.yaml]
2025-04-25T17:11:46,606 [DEBUG] W-9000-cifar10_1.0 org.pytorch.serve.wlm.WorkerLifeCycle - Worker cmdline: [/home/amin/miniconda3/envs/deep-learning/bin/python, /home/amin/miniconda3/envs/deep-learning/lib/python3.9/site-packages/ts/model_service_worker.py, --sock-type, unix, --sock-name, /tmp/.ts.sock.9000, --metrics-config, /home/amin/miniconda3/envs/deep-learning/lib/python3.9/site-packages/ts/configs/metrics.yaml]
2025-04-25T17:11:47,778 [INFO ] W-9000-cifar10_1.0-stdout MODEL_LOG - s_name_part0=/tmp/.ts.sock, s_name_part1=9000, pid=11355
2025-04-25T17:11:47,778 [INFO ] W-9000-cifar10_1.0-stdout MODEL_LOG - Listening on port: /tmp/.ts.sock.9000
2025-04-25T17:11:47,788 [INFO ] W-9000-cifar10_1.0-stdout MODEL_LOG - Successfully loaded /home/amin/miniconda3/envs/deep-learning/lib/python3.9/site-packages/ts/configs/metrics.yaml.
2025-04-25T17:11:47,789 [INFO ] W-9000-cifar10_1.0-stdout MODEL_LOG - [PID]11355
2025-04-25T17:11:47,789 [INFO ] W-9000-cifar10_1.0-stdout MODEL_LOG - Torch worker started.
2025-04-25T17:11:47,789 [INFO ] W-9000-cifar10_1.0-stdout MODEL_LOG - Python runtime: 3.9.21
2025-04-25T17:11:47,789 [DEBUG] W-9000-cifar10_1.0 org.pytorch.serve.wlm.WorkerThread - W-9000-cifar10_1.0 State change WORKER_STOPPED -> WORKER_STARTED
2025-04-25T17:11:47,789 [DEBUG] W-9000-cifar10_1.0 org.pytorch.serve.wlm.WorkerThread - W-9000-cifar10_1.0 State change WORKER_STOPPED -> WORKER_STARTED
2025-04-25T17:11:47,789 [INFO ] W-9000-cifar10_1.0 org.pytorch.serve.wlm.WorkerThread - Connecting to: /tmp/.ts.sock.9000
2025-04-25T17:11:47,789 [INFO ] W-9000-cifar10_1.0 org.pytorch.serve.wlm.WorkerThread - Connecting to: /tmp/.ts.sock.9000
2025-04-25T17:11:47,790 [DEBUG] W-9000-cifar10_1.0 org.pytorch.serve.wlm.WorkerThread - Flushing req.cmd LOAD repeats 1 to backend at: 1745575907790
2025-04-25T17:11:47,790 [INFO ] W-9000-cifar10_1.0-stdout MODEL_LOG - Connection accepted: /tmp/.ts.sock.9000.
2025-04-25T17:11:47,790 [DEBUG] W-9000-cifar10_1.0 org.pytorch.serve.wlm.WorkerThread - Flushing req.cmd LOAD repeats 1 to backend at: 1745575907790
2025-04-25T17:11:47,790 [INFO ] W-9000-cifar10_1.0 org.pytorch.serve.wlm.WorkerThread - Looping backend response at: 1745575907790
2025-04-25T17:11:47,790 [INFO ] W-9000-cifar10_1.0 org.pytorch.serve.wlm.WorkerThread - Looping backend response at: 1745575907790
2025-04-25T17:11:47,801 [INFO ] W-9000-cifar10_1.0-stdout MODEL_LOG - model_name: cifar10, batchSize: 1
2025-04-25T17:11:49,384 [INFO ] W-9000-cifar10_1.0-stdout MODEL_LOG - OpenVINO is not enabled
2025-04-25T17:11:49,384 [INFO ] W-9000-cifar10_1.0-stdout MODEL_LOG - proceeding without onnxruntime
2025-04-25T17:11:49,384 [INFO ] W-9000-cifar10_1.0-stdout MODEL_LOG - Torch TensorRT not enabled
2025-04-25T17:11:49,463 [INFO ] W-9000-cifar10_1.0-stdout MODEL_LOG - Failed to load model cifar10, exception Error(s) in loading state_dict for SimpleCNN:
2025-04-25T17:11:49,463 [INFO ] W-9000-cifar10_1.0-stdout MODEL_LOG - 	Missing key(s) in state_dict: "conv1.0.weight", "conv1.0.bias", "conv1.1.weight", "conv1.1.bias", "conv1.1.running_mean", "conv1.1.running_var", "conv1.3.weight", "conv1.3.bias", "conv1.4.weight", "conv1.4.bias", "conv1.4.running_mean", "conv1.4.running_var", "conv2.0.weight", "conv2.0.bias", "conv2.1.weight", "conv2.1.bias", "conv2.1.running_mean", "conv2.1.running_var", "conv2.3.weight", "conv2.3.bias", "conv2.4.weight", "conv2.4.bias", "conv2.4.running_mean", "conv2.4.running_var", "fc1.1.weight", "fc1.1.bias", "fc2.1.weight", "fc2.1.bias", "fc3.1.weight", "fc3.1.bias". 
2025-04-25T17:11:49,463 [INFO ] W-9000-cifar10_1.0-stdout MODEL_LOG - 	Unexpected key(s) in state_dict: "epoch", "model", "optimizer". 
2025-04-25T17:11:49,463 [INFO ] W-9000-cifar10_1.0-stdout MODEL_LOG - Traceback (most recent call last):
2025-04-25T17:11:49,463 [INFO ] W-9000-cifar10_1.0-stdout MODEL_LOG -   File "/home/amin/miniconda3/envs/deep-learning/lib/python3.9/site-packages/ts/model_service_worker.py", line 133, in load_model
2025-04-25T17:11:49,463 [INFO ] W-9000-cifar10_1.0-stdout MODEL_LOG -     service = model_loader.load(
2025-04-25T17:11:49,463 [INFO ] W-9000-cifar10_1.0-stdout MODEL_LOG -   File "/home/amin/miniconda3/envs/deep-learning/lib/python3.9/site-packages/ts/model_loader.py", line 143, in load
2025-04-25T17:11:49,463 [INFO ] W-9000-cifar10_1.0-stdout MODEL_LOG -     initialize_fn(service.context)
2025-04-25T17:11:49,463 [INFO ] W-9000-cifar10_1.0-stdout MODEL_LOG -   File "/home/amin/miniconda3/envs/deep-learning/lib/python3.9/site-packages/ts/torch_handler/base_handler.py", line 191, in initialize
2025-04-25T17:11:49,463 [INFO ] W-9000-cifar10_1.0-stdout MODEL_LOG -     self.model = self._load_pickled_model(
2025-04-25T17:11:49,463 [INFO ] W-9000-cifar10_1.0-stdout MODEL_LOG -   File "/home/amin/miniconda3/envs/deep-learning/lib/python3.9/site-packages/ts/torch_handler/base_handler.py", line 356, in _load_pickled_model
2025-04-25T17:11:49,464 [INFO ] W-9000-cifar10_1.0-stdout MODEL_LOG -     model.load_state_dict(state_dict)
2025-04-25T17:11:49,464 [INFO ] W-9000-cifar10_1.0 org.pytorch.serve.wlm.WorkerThread - Backend response time: 1673
2025-04-25T17:11:49,464 [INFO ] W-9000-cifar10_1.0-stdout MODEL_LOG -   File "/home/amin/miniconda3/envs/deep-learning/lib/python3.9/site-packages/torch/nn/modules/module.py", line 2189, in load_state_dict
2025-04-25T17:11:49,464 [INFO ] W-9000-cifar10_1.0 org.pytorch.serve.wlm.WorkerThread - Backend response time: 1673
2025-04-25T17:11:49,464 [INFO ] W-9000-cifar10_1.0-stdout MODEL_LOG -     raise RuntimeError('Error(s) in loading state_dict for {}:\n\t{}'.format(
2025-04-25T17:11:49,464 [INFO ] W-9000-cifar10_1.0-stdout MODEL_LOG - RuntimeError: Error(s) in loading state_dict for SimpleCNN:
2025-04-25T17:11:49,464 [DEBUG] W-9000-cifar10_1.0 org.pytorch.serve.wlm.WorkerThread - W-9000-cifar10_1.0 State change WORKER_STARTED -> WORKER_ERROR
2025-04-25T17:11:49,464 [DEBUG] W-9000-cifar10_1.0 org.pytorch.serve.wlm.WorkerThread - W-9000-cifar10_1.0 State change WORKER_STARTED -> WORKER_ERROR
2025-04-25T17:11:49,464 [INFO ] W-9000-cifar10_1.0-stdout MODEL_LOG - 	Missing key(s) in state_dict: "conv1.0.weight", "conv1.0.bias", "conv1.1.weight", "conv1.1.bias", "conv1.1.running_mean", "conv1.1.running_var", "conv1.3.weight", "conv1.3.bias", "conv1.4.weight", "conv1.4.bias", "conv1.4.running_mean", "conv1.4.running_var", "conv2.0.weight", "conv2.0.bias", "conv2.1.weight", "conv2.1.bias", "conv2.1.running_mean", "conv2.1.running_var", "conv2.3.weight", "conv2.3.bias", "conv2.4.weight", "conv2.4.bias", "conv2.4.running_mean", "conv2.4.running_var", "fc1.1.weight", "fc1.1.bias", "fc2.1.weight", "fc2.1.bias", "fc3.1.weight", "fc3.1.bias". 
2025-04-25T17:11:49,464 [INFO ] W-9000-cifar10_1.0-stdout MODEL_LOG - 	Unexpected key(s) in state_dict: "epoch", "model", "optimizer". 
2025-04-25T17:11:49,464 [INFO ] W-9000-cifar10_1.0-stdout MODEL_LOG - Backend worker process died.
2025-04-25T17:11:49,464 [INFO ] W-9000-cifar10_1.0-stdout MODEL_LOG - Traceback (most recent call last):
2025-04-25T17:11:49,464 [INFO ] W-9000-cifar10_1.0-stdout MODEL_LOG -   File "/home/amin/miniconda3/envs/deep-learning/lib/python3.9/site-packages/ts/model_service_worker.py", line 301, in <module>
2025-04-25T17:11:49,464 [INFO ] W-9000-cifar10_1.0-stdout MODEL_LOG -     worker.run_server()
2025-04-25T17:11:49,464 [INFO ] W-9000-cifar10_1.0-stdout MODEL_LOG -   File "/home/amin/miniconda3/envs/deep-learning/lib/python3.9/site-packages/ts/model_service_worker.py", line 268, in run_server
2025-04-25T17:11:49,464 [INFO ] epollEventLoopGroup-5-11 org.pytorch.serve.wlm.WorkerThread - 9000 Worker disconnected. WORKER_ERROR
2025-04-25T17:11:49,464 [INFO ] W-9000-cifar10_1.0-stdout MODEL_LOG -     self.handle_connection(cl_socket)
2025-04-25T17:11:49,464 [INFO ] W-9000-cifar10_1.0-stdout MODEL_LOG -   File "/home/amin/miniconda3/envs/deep-learning/lib/python3.9/site-packages/ts/model_service_worker.py", line 201, in handle_connection
2025-04-25T17:11:49,464 [INFO ] epollEventLoopGroup-5-11 org.pytorch.serve.wlm.WorkerThread - 9000 Worker disconnected. WORKER_ERROR
2025-04-25T17:11:49,464 [INFO ] W-9000-cifar10_1.0-stdout MODEL_LOG -     raise RuntimeError("{} - {}".format(code, result))
2025-04-25T17:11:49,464 [INFO ] W-9000-cifar10_1.0-stdout MODEL_LOG - RuntimeError: 500 - Unknown exception
2025-04-25T17:11:49,464 [INFO ] W-9000-cifar10_1.0 TS_METRICS - WorkerThreadTime.Milliseconds:1.0|#Level:Host|#hostname:amin-GF63-Thin-9SCXR,timestamp:1745575909
2025-04-25T17:11:49,465 [DEBUG] W-9000-cifar10_1.0 org.pytorch.serve.wlm.WorkerThread - System state is : WORKER_ERROR
2025-04-25T17:11:49,465 [DEBUG] W-9000-cifar10_1.0 org.pytorch.serve.wlm.WorkerThread - System state is : WORKER_ERROR
2025-04-25T17:11:49,465 [DEBUG] W-9000-cifar10_1.0 org.pytorch.serve.wlm.WorkerThread - Backend worker monitoring thread interrupted or backend worker process died., responseTimeout:120sec
java.lang.InterruptedException: null
	at java.util.concurrent.locks.ReentrantLock$Sync.lockInterruptibly(ReentrantLock.java:159) ~[?:?]
	at java.util.concurrent.locks.ReentrantLock.lockInterruptibly(ReentrantLock.java:372) ~[?:?]
	at org.pytorch.serve.wlm.Model.pollBatch(Model.java:478) ~[model-server.jar:?]
	at org.pytorch.serve.wlm.BatchAggregator.pollBatch(BatchAggregator.java:189) ~[model-server.jar:?]
	at org.pytorch.serve.wlm.BatchAggregator.getRequest(BatchAggregator.java:36) ~[model-server.jar:?]
	at org.pytorch.serve.wlm.WorkerThread.run(WorkerThread.java:195) ~[model-server.jar:?]
	at java.util.concurrent.ThreadPoolExecutor.runWorker(ThreadPoolExecutor.java:1144) ~[?:?]
	at java.util.concurrent.ThreadPoolExecutor$Worker.run(ThreadPoolExecutor.java:642) ~[?:?]
	at java.lang.Thread.run(Thread.java:1583) [?:?]
2025-04-25T17:11:49,465 [DEBUG] W-9000-cifar10_1.0 org.pytorch.serve.wlm.WorkerThread - Backend worker monitoring thread interrupted or backend worker process died., responseTimeout:120sec
java.lang.InterruptedException: null
	at java.util.concurrent.locks.ReentrantLock$Sync.lockInterruptibly(ReentrantLock.java:159) ~[?:?]
	at java.util.concurrent.locks.ReentrantLock.lockInterruptibly(ReentrantLock.java:372) ~[?:?]
	at org.pytorch.serve.wlm.Model.pollBatch(Model.java:478) ~[model-server.jar:?]
	at org.pytorch.serve.wlm.BatchAggregator.pollBatch(BatchAggregator.java:189) ~[model-server.jar:?]
	at org.pytorch.serve.wlm.BatchAggregator.getRequest(BatchAggregator.java:36) ~[model-server.jar:?]
	at org.pytorch.serve.wlm.WorkerThread.run(WorkerThread.java:195) ~[model-server.jar:?]
	at java.util.concurrent.ThreadPoolExecutor.runWorker(ThreadPoolExecutor.java:1144) ~[?:?]
	at java.util.concurrent.ThreadPoolExecutor$Worker.run(ThreadPoolExecutor.java:642) ~[?:?]
	at java.lang.Thread.run(Thread.java:1583) [?:?]
2025-04-25T17:11:49,465 [DEBUG] W-9000-cifar10_1.0 org.pytorch.serve.wlm.WorkerThread - W-9000-cifar10_1.0 State change WORKER_ERROR -> WORKER_STOPPED
2025-04-25T17:11:49,465 [DEBUG] W-9000-cifar10_1.0 org.pytorch.serve.wlm.WorkerThread - W-9000-cifar10_1.0 State change WORKER_ERROR -> WORKER_STOPPED
2025-04-25T17:11:49,465 [WARN ] W-9000-cifar10_1.0 org.pytorch.serve.wlm.WorkerThread - Auto recovery failed again
2025-04-25T17:11:49,465 [WARN ] W-9000-cifar10_1.0 org.pytorch.serve.wlm.WorkerThread - Auto recovery failed again
2025-04-25T17:11:49,466 [INFO ] W-9000-cifar10_1.0 org.pytorch.serve.wlm.WorkerThread - Retry worker: 9000 in 89 seconds.
2025-04-25T17:11:49,466 [INFO ] W-9000-cifar10_1.0 org.pytorch.serve.wlm.WorkerThread - Retry worker: 9000 in 89 seconds.
2025-04-25T17:11:49,492 [INFO ] W-9000-cifar10_1.0-stdout org.pytorch.serve.wlm.WorkerLifeCycle - Stopped Scanner - W-9000-cifar10_1.0-stdout
2025-04-25T17:11:49,492 [INFO ] W-9000-cifar10_1.0-stdout org.pytorch.serve.wlm.WorkerLifeCycle - Stopped Scanner - W-9000-cifar10_1.0-stdout
2025-04-25T17:11:49,492 [INFO ] W-9000-cifar10_1.0-stderr org.pytorch.serve.wlm.WorkerLifeCycle - Stopped Scanner - W-9000-cifar10_1.0-stderr
2025-04-25T17:11:49,492 [INFO ] W-9000-cifar10_1.0-stderr org.pytorch.serve.wlm.WorkerLifeCycle - Stopped Scanner - W-9000-cifar10_1.0-stderr
2025-04-25T17:13:41,057 [DEBUG] main org.pytorch.serve.util.ConfigManager - xpu-smi not available or failed: Cannot run program "xpu-smi": error=2, No such file or directory
2025-04-25T17:13:41,057 [DEBUG] main org.pytorch.serve.util.ConfigManager - xpu-smi not available or failed: Cannot run program "xpu-smi": error=2, No such file or directory
2025-04-25T17:13:41,061 [WARN ] main org.pytorch.serve.util.ConfigManager - Your torchserve instance can access any URL to load models. When deploying to production, make sure to limit the set of allowed_urls in config.properties
2025-04-25T17:13:41,061 [WARN ] main org.pytorch.serve.util.ConfigManager - Your torchserve instance can access any URL to load models. When deploying to production, make sure to limit the set of allowed_urls in config.properties
2025-04-25T17:13:41,109 [INFO ] main org.pytorch.serve.util.TokenAuthorization - 
######
TorchServe now enforces token authorization by default.
This requires the correct token to be provided when calling an API.
Key file located at /home/amin/PycharmProjects/PythonProject/Cifar10Classification/key_file.json
Check token authorization documenation for information: https://github.com/pytorch/serve/blob/master/docs/token_authorization_api.md 
######

2025-04-25T17:13:41,109 [INFO ] main org.pytorch.serve.util.TokenAuthorization - 
######
TorchServe now enforces token authorization by default.
This requires the correct token to be provided when calling an API.
Key file located at /home/amin/PycharmProjects/PythonProject/Cifar10Classification/key_file.json
Check token authorization documenation for information: https://github.com/pytorch/serve/blob/master/docs/token_authorization_api.md 
######

2025-04-25T17:13:41,110 [INFO ] main org.pytorch.serve.servingsdk.impl.PluginsManager - Initializing plugins manager...
2025-04-25T17:13:41,110 [INFO ] main org.pytorch.serve.servingsdk.impl.PluginsManager - Initializing plugins manager...
2025-04-25T17:13:41,159 [INFO ] main org.pytorch.serve.metrics.configuration.MetricConfiguration - Successfully loaded metrics configuration from /home/amin/miniconda3/envs/deep-learning/lib/python3.9/site-packages/ts/configs/metrics.yaml
2025-04-25T17:13:41,159 [INFO ] main org.pytorch.serve.metrics.configuration.MetricConfiguration - Successfully loaded metrics configuration from /home/amin/miniconda3/envs/deep-learning/lib/python3.9/site-packages/ts/configs/metrics.yaml
2025-04-25T17:13:41,221 [INFO ] main org.pytorch.serve.ModelServer - 
Torchserve version: 0.12.0
TS Home: /home/amin/miniconda3/envs/deep-learning/lib/python3.9/site-packages
Current directory: /home/amin/PycharmProjects/PythonProject/Cifar10Classification
Temp directory: /tmp
Metrics config path: /home/amin/miniconda3/envs/deep-learning/lib/python3.9/site-packages/ts/configs/metrics.yaml
Number of GPUs: 1
Number of CPUs: 8
Max heap size: 3960 M
Python executable: /home/amin/miniconda3/envs/deep-learning/bin/python
Config file: config.properties
Inference address: http://127.0.0.1:8080
Management address: http://127.0.0.1:8081
Metrics address: http://127.0.0.1:8082
Model Store: /home/amin/PycharmProjects/PythonProject/Cifar10Classification/model-store
Initial Models: cifar10.mar
Log dir: /home/amin/PycharmProjects/PythonProject/Cifar10Classification/logs
Metrics dir: /home/amin/PycharmProjects/PythonProject/Cifar10Classification/logs
Netty threads: 4
Netty client threads: 0
Default workers per model: 1
Blacklist Regex: N/A
Maximum Response Size: 6553500
Maximum Request Size: 6553500
Limit Maximum Image Pixels: true
Prefer direct buffer: false
Allowed Urls: [file://.*|http(s)?://.*]
Custom python dependency for model allowed: false
Enable metrics API: true
Metrics mode: LOG
Disable system metrics: false
Workflow Store: /home/amin/PycharmProjects/PythonProject/Cifar10Classification/model-store
CPP log config: N/A
Model config: N/A
System metrics command: default
Model API enabled: false
2025-04-25T17:13:41,221 [INFO ] main org.pytorch.serve.ModelServer - 
Torchserve version: 0.12.0
TS Home: /home/amin/miniconda3/envs/deep-learning/lib/python3.9/site-packages
Current directory: /home/amin/PycharmProjects/PythonProject/Cifar10Classification
Temp directory: /tmp
Metrics config path: /home/amin/miniconda3/envs/deep-learning/lib/python3.9/site-packages/ts/configs/metrics.yaml
Number of GPUs: 1
Number of CPUs: 8
Max heap size: 3960 M
Python executable: /home/amin/miniconda3/envs/deep-learning/bin/python
Config file: config.properties
Inference address: http://127.0.0.1:8080
Management address: http://127.0.0.1:8081
Metrics address: http://127.0.0.1:8082
Model Store: /home/amin/PycharmProjects/PythonProject/Cifar10Classification/model-store
Initial Models: cifar10.mar
Log dir: /home/amin/PycharmProjects/PythonProject/Cifar10Classification/logs
Metrics dir: /home/amin/PycharmProjects/PythonProject/Cifar10Classification/logs
Netty threads: 4
Netty client threads: 0
Default workers per model: 1
Blacklist Regex: N/A
Maximum Response Size: 6553500
Maximum Request Size: 6553500
Limit Maximum Image Pixels: true
Prefer direct buffer: false
Allowed Urls: [file://.*|http(s)?://.*]
Custom python dependency for model allowed: false
Enable metrics API: true
Metrics mode: LOG
Disable system metrics: false
Workflow Store: /home/amin/PycharmProjects/PythonProject/Cifar10Classification/model-store
CPP log config: N/A
Model config: N/A
System metrics command: default
Model API enabled: false
2025-04-25T17:13:41,231 [INFO ] main org.pytorch.serve.servingsdk.impl.PluginsManager -  Loading snapshot serializer plugin...
2025-04-25T17:13:41,231 [INFO ] main org.pytorch.serve.servingsdk.impl.PluginsManager -  Loading snapshot serializer plugin...
2025-04-25T17:13:41,232 [INFO ] main org.pytorch.serve.ModelServer - Loading initial models: cifar10.mar
2025-04-25T17:13:41,232 [INFO ] main org.pytorch.serve.ModelServer - Loading initial models: cifar10.mar
2025-04-25T17:13:41,398 [DEBUG] main org.pytorch.serve.wlm.ModelVersionedRefs - Adding new version 1.0 for model cifar10
2025-04-25T17:13:41,398 [DEBUG] main org.pytorch.serve.wlm.ModelVersionedRefs - Adding new version 1.0 for model cifar10
2025-04-25T17:13:41,398 [DEBUG] main org.pytorch.serve.wlm.ModelVersionedRefs - Setting default version to 1.0 for model cifar10
2025-04-25T17:13:41,398 [DEBUG] main org.pytorch.serve.wlm.ModelVersionedRefs - Setting default version to 1.0 for model cifar10
2025-04-25T17:13:41,398 [INFO ] main org.pytorch.serve.wlm.ModelManager - Model cifar10 loaded.
2025-04-25T17:13:41,398 [INFO ] main org.pytorch.serve.wlm.ModelManager - Model cifar10 loaded.
2025-04-25T17:13:41,399 [DEBUG] main org.pytorch.serve.wlm.ModelManager - updateModel: cifar10, count: 1
2025-04-25T17:13:41,399 [DEBUG] main org.pytorch.serve.wlm.ModelManager - updateModel: cifar10, count: 1
2025-04-25T17:13:41,408 [DEBUG] W-9000-cifar10_1.0 org.pytorch.serve.wlm.WorkerLifeCycle - Worker cmdline: [/home/amin/miniconda3/envs/deep-learning/bin/python, /home/amin/miniconda3/envs/deep-learning/lib/python3.9/site-packages/ts/model_service_worker.py, --sock-type, unix, --sock-name, /tmp/.ts.sock.9000, --metrics-config, /home/amin/miniconda3/envs/deep-learning/lib/python3.9/site-packages/ts/configs/metrics.yaml]
2025-04-25T17:13:41,408 [DEBUG] W-9000-cifar10_1.0 org.pytorch.serve.wlm.WorkerLifeCycle - Worker cmdline: [/home/amin/miniconda3/envs/deep-learning/bin/python, /home/amin/miniconda3/envs/deep-learning/lib/python3.9/site-packages/ts/model_service_worker.py, --sock-type, unix, --sock-name, /tmp/.ts.sock.9000, --metrics-config, /home/amin/miniconda3/envs/deep-learning/lib/python3.9/site-packages/ts/configs/metrics.yaml]
2025-04-25T17:13:41,409 [INFO ] main org.pytorch.serve.ModelServer - Initialize Inference server with: EpollServerSocketChannel.
2025-04-25T17:13:41,409 [INFO ] main org.pytorch.serve.ModelServer - Initialize Inference server with: EpollServerSocketChannel.
2025-04-25T17:13:41,452 [INFO ] main org.pytorch.serve.ModelServer - Inference API bind to: http://127.0.0.1:8080
2025-04-25T17:13:41,452 [INFO ] main org.pytorch.serve.ModelServer - Inference API bind to: http://127.0.0.1:8080
2025-04-25T17:13:41,452 [INFO ] main org.pytorch.serve.ModelServer - Initialize Management server with: EpollServerSocketChannel.
2025-04-25T17:13:41,452 [INFO ] main org.pytorch.serve.ModelServer - Initialize Management server with: EpollServerSocketChannel.
2025-04-25T17:13:41,453 [INFO ] main org.pytorch.serve.ModelServer - Management API bind to: http://127.0.0.1:8081
2025-04-25T17:13:41,453 [INFO ] main org.pytorch.serve.ModelServer - Management API bind to: http://127.0.0.1:8081
2025-04-25T17:13:41,453 [INFO ] main org.pytorch.serve.ModelServer - Initialize Metrics server with: EpollServerSocketChannel.
2025-04-25T17:13:41,453 [INFO ] main org.pytorch.serve.ModelServer - Initialize Metrics server with: EpollServerSocketChannel.
2025-04-25T17:13:41,453 [INFO ] main org.pytorch.serve.ModelServer - Metrics API bind to: http://127.0.0.1:8082
2025-04-25T17:13:41,453 [INFO ] main org.pytorch.serve.ModelServer - Metrics API bind to: http://127.0.0.1:8082
2025-04-25T17:13:41,614 [WARN ] pool-3-thread-1 org.pytorch.serve.metrics.MetricCollector - worker pid is not available yet.
2025-04-25T17:13:41,614 [WARN ] pool-3-thread-1 org.pytorch.serve.metrics.MetricCollector - worker pid is not available yet.
2025-04-25T17:13:41,845 [WARN ] pool-3-thread-1 org.pytorch.serve.metrics.MetricCollector - Parse metrics failed: NumExpr defaulting to 8 threads.
2025-04-25T17:13:41,845 [WARN ] pool-3-thread-1 org.pytorch.serve.metrics.MetricCollector - Parse metrics failed: NumExpr defaulting to 8 threads.
2025-04-25T17:13:42,081 [INFO ] pool-3-thread-1 TS_METRICS - CPUUtilization.Percent:100.0|#Level:Host|#hostname:amin-GF63-Thin-9SCXR,timestamp:1745576022
2025-04-25T17:13:42,082 [INFO ] pool-3-thread-1 TS_METRICS - DiskAvailable.Gigabytes:0.24113845825195312|#Level:Host|#hostname:amin-GF63-Thin-9SCXR,timestamp:1745576022
2025-04-25T17:13:42,082 [INFO ] pool-3-thread-1 TS_METRICS - DiskUsage.Gigabytes:95.99192428588867|#Level:Host|#hostname:amin-GF63-Thin-9SCXR,timestamp:1745576022
2025-04-25T17:13:42,083 [INFO ] pool-3-thread-1 TS_METRICS - DiskUtilization.Percent:99.7|#Level:Host|#hostname:amin-GF63-Thin-9SCXR,timestamp:1745576022
2025-04-25T17:13:42,083 [INFO ] pool-3-thread-1 TS_METRICS - GPUMemoryUtilization.Percent:0.1220703125|#Level:Host,DeviceId:0|#hostname:amin-GF63-Thin-9SCXR,timestamp:1745576022
2025-04-25T17:13:42,083 [INFO ] pool-3-thread-1 TS_METRICS - GPUMemoryUsed.Megabytes:5.0|#Level:Host,DeviceId:0|#hostname:amin-GF63-Thin-9SCXR,timestamp:1745576022
2025-04-25T17:13:42,083 [INFO ] pool-3-thread-1 TS_METRICS - GPUUtilization.Percent:0.0|#Level:Host,DeviceId:0|#hostname:amin-GF63-Thin-9SCXR,timestamp:1745576022
2025-04-25T17:13:42,084 [INFO ] pool-3-thread-1 TS_METRICS - MemoryAvailable.Megabytes:10000.98046875|#Level:Host|#hostname:amin-GF63-Thin-9SCXR,timestamp:1745576022
2025-04-25T17:13:42,084 [INFO ] pool-3-thread-1 TS_METRICS - MemoryUsed.Megabytes:4595.55078125|#Level:Host|#hostname:amin-GF63-Thin-9SCXR,timestamp:1745576022
2025-04-25T17:13:42,084 [INFO ] pool-3-thread-1 TS_METRICS - MemoryUtilization.Percent:36.8|#Level:Host|#hostname:amin-GF63-Thin-9SCXR,timestamp:1745576022
2025-04-25T17:13:42,529 [INFO ] W-9000-cifar10_1.0-stdout MODEL_LOG - s_name_part0=/tmp/.ts.sock, s_name_part1=9000, pid=11556
2025-04-25T17:13:42,540 [INFO ] W-9000-cifar10_1.0-stdout MODEL_LOG - Listening on port: /tmp/.ts.sock.9000
2025-04-25T17:13:42,541 [INFO ] W-9000-cifar10_1.0-stdout MODEL_LOG - Successfully loaded /home/amin/miniconda3/envs/deep-learning/lib/python3.9/site-packages/ts/configs/metrics.yaml.
2025-04-25T17:13:42,541 [INFO ] W-9000-cifar10_1.0-stdout MODEL_LOG - [PID]11556
2025-04-25T17:13:42,541 [INFO ] W-9000-cifar10_1.0-stdout MODEL_LOG - Torch worker started.
2025-04-25T17:13:42,541 [INFO ] W-9000-cifar10_1.0-stdout MODEL_LOG - Python runtime: 3.9.21
2025-04-25T17:13:42,542 [DEBUG] W-9000-cifar10_1.0 org.pytorch.serve.wlm.WorkerThread - W-9000-cifar10_1.0 State change null -> WORKER_STARTED
2025-04-25T17:13:42,542 [DEBUG] W-9000-cifar10_1.0 org.pytorch.serve.wlm.WorkerThread - W-9000-cifar10_1.0 State change null -> WORKER_STARTED
2025-04-25T17:13:42,544 [INFO ] W-9000-cifar10_1.0 org.pytorch.serve.wlm.WorkerThread - Connecting to: /tmp/.ts.sock.9000
2025-04-25T17:13:42,544 [INFO ] W-9000-cifar10_1.0 org.pytorch.serve.wlm.WorkerThread - Connecting to: /tmp/.ts.sock.9000
2025-04-25T17:13:42,549 [INFO ] W-9000-cifar10_1.0-stdout MODEL_LOG - Connection accepted: /tmp/.ts.sock.9000.
2025-04-25T17:13:42,551 [DEBUG] W-9000-cifar10_1.0 org.pytorch.serve.wlm.WorkerThread - Flushing req.cmd LOAD repeats 1 to backend at: 1745576022551
2025-04-25T17:13:42,551 [DEBUG] W-9000-cifar10_1.0 org.pytorch.serve.wlm.WorkerThread - Flushing req.cmd LOAD repeats 1 to backend at: 1745576022551
2025-04-25T17:13:42,552 [INFO ] W-9000-cifar10_1.0 org.pytorch.serve.wlm.WorkerThread - Looping backend response at: 1745576022552
2025-04-25T17:13:42,552 [INFO ] W-9000-cifar10_1.0 org.pytorch.serve.wlm.WorkerThread - Looping backend response at: 1745576022552
2025-04-25T17:13:42,573 [INFO ] W-9000-cifar10_1.0-stdout MODEL_LOG - model_name: cifar10, batchSize: 1
2025-04-25T17:13:42,622 [INFO ] W-9000-cifar10_1.0-stdout MODEL_LOG - OpenVINO is not enabled
2025-04-25T17:13:42,622 [INFO ] W-9000-cifar10_1.0-stdout MODEL_LOG - proceeding without onnxruntime
2025-04-25T17:13:42,623 [INFO ] W-9000-cifar10_1.0-stdout MODEL_LOG - Torch TensorRT not enabled
2025-04-25T17:13:42,717 [INFO ] W-9000-cifar10_1.0 org.pytorch.serve.wlm.WorkerThread - Backend response time: 165
2025-04-25T17:13:42,717 [INFO ] W-9000-cifar10_1.0 org.pytorch.serve.wlm.WorkerThread - Backend response time: 165
2025-04-25T17:13:42,718 [DEBUG] W-9000-cifar10_1.0 org.pytorch.serve.wlm.WorkerThread - W-9000-cifar10_1.0 State change WORKER_STARTED -> WORKER_MODEL_LOADED
2025-04-25T17:13:42,718 [DEBUG] W-9000-cifar10_1.0 org.pytorch.serve.wlm.WorkerThread - W-9000-cifar10_1.0 State change WORKER_STARTED -> WORKER_MODEL_LOADED
2025-04-25T17:13:42,718 [INFO ] W-9000-cifar10_1.0 TS_METRICS - WorkerLoadTime.Milliseconds:1314.0|#WorkerName:W-9000-cifar10_1.0,Level:Host|#hostname:amin-GF63-Thin-9SCXR,timestamp:1745576022
2025-04-25T17:13:42,718 [INFO ] W-9000-cifar10_1.0 TS_METRICS - WorkerThreadTime.Milliseconds:2.0|#Level:Host|#hostname:amin-GF63-Thin-9SCXR,timestamp:1745576022
2025-04-25T17:13:56,411 [INFO ] epollEventLoopGroup-3-1 ACCESS_LOG - /127.0.0.1:35540 "POST /predictions/cifar10 HTTP/1.1" 400 3
2025-04-25T17:13:56,412 [INFO ] epollEventLoopGroup-3-1 TS_METRICS - Requests4XX.Count:1.0|#Level:Host|#hostname:amin-GF63-Thin-9SCXR,timestamp:1745576036
2025-04-25T17:14:25,984 [DEBUG] main org.pytorch.serve.util.ConfigManager - xpu-smi not available or failed: Cannot run program "xpu-smi": error=2, No such file or directory
2025-04-25T17:14:25,984 [DEBUG] main org.pytorch.serve.util.ConfigManager - xpu-smi not available or failed: Cannot run program "xpu-smi": error=2, No such file or directory
2025-04-25T17:14:25,987 [WARN ] main org.pytorch.serve.util.ConfigManager - Your torchserve instance can access any URL to load models. When deploying to production, make sure to limit the set of allowed_urls in config.properties
2025-04-25T17:14:25,987 [WARN ] main org.pytorch.serve.util.ConfigManager - Your torchserve instance can access any URL to load models. When deploying to production, make sure to limit the set of allowed_urls in config.properties
2025-04-25T17:14:26,005 [INFO ] main org.pytorch.serve.servingsdk.impl.PluginsManager - Initializing plugins manager...
2025-04-25T17:14:26,005 [INFO ] main org.pytorch.serve.servingsdk.impl.PluginsManager - Initializing plugins manager...
2025-04-25T17:14:26,046 [INFO ] main org.pytorch.serve.metrics.configuration.MetricConfiguration - Successfully loaded metrics configuration from /home/amin/miniconda3/envs/deep-learning/lib/python3.9/site-packages/ts/configs/metrics.yaml
2025-04-25T17:14:26,046 [INFO ] main org.pytorch.serve.metrics.configuration.MetricConfiguration - Successfully loaded metrics configuration from /home/amin/miniconda3/envs/deep-learning/lib/python3.9/site-packages/ts/configs/metrics.yaml
2025-04-25T17:14:26,101 [INFO ] main org.pytorch.serve.ModelServer - 
Torchserve version: 0.12.0
TS Home: /home/amin/miniconda3/envs/deep-learning/lib/python3.9/site-packages
Current directory: /home/amin/PycharmProjects/PythonProject/Cifar10Classification
Temp directory: /tmp
Metrics config path: /home/amin/miniconda3/envs/deep-learning/lib/python3.9/site-packages/ts/configs/metrics.yaml
Number of GPUs: 1
Number of CPUs: 8
Max heap size: 3960 M
Python executable: /home/amin/miniconda3/envs/deep-learning/bin/python
Config file: config.properties
Inference address: http://127.0.0.1:8080
Management address: http://127.0.0.1:8081
Metrics address: http://127.0.0.1:8082
Model Store: /home/amin/PycharmProjects/PythonProject/Cifar10Classification/model-store
Initial Models: cifar10.mar
Log dir: /home/amin/PycharmProjects/PythonProject/Cifar10Classification/logs
Metrics dir: /home/amin/PycharmProjects/PythonProject/Cifar10Classification/logs
Netty threads: 4
Netty client threads: 0
Default workers per model: 1
Blacklist Regex: N/A
Maximum Response Size: 6553500
Maximum Request Size: 6553500
Limit Maximum Image Pixels: true
Prefer direct buffer: false
Allowed Urls: [file://.*|http(s)?://.*]
Custom python dependency for model allowed: false
Enable metrics API: true
Metrics mode: LOG
Disable system metrics: false
Workflow Store: /home/amin/PycharmProjects/PythonProject/Cifar10Classification/model-store
CPP log config: N/A
Model config: N/A
System metrics command: default
Model API enabled: false
2025-04-25T17:14:26,101 [INFO ] main org.pytorch.serve.ModelServer - 
Torchserve version: 0.12.0
TS Home: /home/amin/miniconda3/envs/deep-learning/lib/python3.9/site-packages
Current directory: /home/amin/PycharmProjects/PythonProject/Cifar10Classification
Temp directory: /tmp
Metrics config path: /home/amin/miniconda3/envs/deep-learning/lib/python3.9/site-packages/ts/configs/metrics.yaml
Number of GPUs: 1
Number of CPUs: 8
Max heap size: 3960 M
Python executable: /home/amin/miniconda3/envs/deep-learning/bin/python
Config file: config.properties
Inference address: http://127.0.0.1:8080
Management address: http://127.0.0.1:8081
Metrics address: http://127.0.0.1:8082
Model Store: /home/amin/PycharmProjects/PythonProject/Cifar10Classification/model-store
Initial Models: cifar10.mar
Log dir: /home/amin/PycharmProjects/PythonProject/Cifar10Classification/logs
Metrics dir: /home/amin/PycharmProjects/PythonProject/Cifar10Classification/logs
Netty threads: 4
Netty client threads: 0
Default workers per model: 1
Blacklist Regex: N/A
Maximum Response Size: 6553500
Maximum Request Size: 6553500
Limit Maximum Image Pixels: true
Prefer direct buffer: false
Allowed Urls: [file://.*|http(s)?://.*]
Custom python dependency for model allowed: false
Enable metrics API: true
Metrics mode: LOG
Disable system metrics: false
Workflow Store: /home/amin/PycharmProjects/PythonProject/Cifar10Classification/model-store
CPP log config: N/A
Model config: N/A
System metrics command: default
Model API enabled: false
2025-04-25T17:14:26,108 [INFO ] main org.pytorch.serve.servingsdk.impl.PluginsManager -  Loading snapshot serializer plugin...
2025-04-25T17:14:26,108 [INFO ] main org.pytorch.serve.servingsdk.impl.PluginsManager -  Loading snapshot serializer plugin...
2025-04-25T17:14:26,122 [INFO ] main org.pytorch.serve.ModelServer - Loading initial models: cifar10.mar
2025-04-25T17:14:26,122 [INFO ] main org.pytorch.serve.ModelServer - Loading initial models: cifar10.mar
2025-04-25T17:14:26,261 [DEBUG] main org.pytorch.serve.wlm.ModelVersionedRefs - Adding new version 1.0 for model cifar10
2025-04-25T17:14:26,261 [DEBUG] main org.pytorch.serve.wlm.ModelVersionedRefs - Adding new version 1.0 for model cifar10
2025-04-25T17:14:26,261 [DEBUG] main org.pytorch.serve.wlm.ModelVersionedRefs - Setting default version to 1.0 for model cifar10
2025-04-25T17:14:26,261 [DEBUG] main org.pytorch.serve.wlm.ModelVersionedRefs - Setting default version to 1.0 for model cifar10
2025-04-25T17:14:26,262 [INFO ] main org.pytorch.serve.wlm.ModelManager - Model cifar10 loaded.
2025-04-25T17:14:26,262 [INFO ] main org.pytorch.serve.wlm.ModelManager - Model cifar10 loaded.
2025-04-25T17:14:26,262 [DEBUG] main org.pytorch.serve.wlm.ModelManager - updateModel: cifar10, count: 1
2025-04-25T17:14:26,262 [DEBUG] main org.pytorch.serve.wlm.ModelManager - updateModel: cifar10, count: 1
2025-04-25T17:14:26,271 [DEBUG] W-9000-cifar10_1.0 org.pytorch.serve.wlm.WorkerLifeCycle - Worker cmdline: [/home/amin/miniconda3/envs/deep-learning/bin/python, /home/amin/miniconda3/envs/deep-learning/lib/python3.9/site-packages/ts/model_service_worker.py, --sock-type, unix, --sock-name, /tmp/.ts.sock.9000, --metrics-config, /home/amin/miniconda3/envs/deep-learning/lib/python3.9/site-packages/ts/configs/metrics.yaml]
2025-04-25T17:14:26,271 [DEBUG] W-9000-cifar10_1.0 org.pytorch.serve.wlm.WorkerLifeCycle - Worker cmdline: [/home/amin/miniconda3/envs/deep-learning/bin/python, /home/amin/miniconda3/envs/deep-learning/lib/python3.9/site-packages/ts/model_service_worker.py, --sock-type, unix, --sock-name, /tmp/.ts.sock.9000, --metrics-config, /home/amin/miniconda3/envs/deep-learning/lib/python3.9/site-packages/ts/configs/metrics.yaml]
2025-04-25T17:14:26,272 [INFO ] main org.pytorch.serve.ModelServer - Initialize Inference server with: EpollServerSocketChannel.
2025-04-25T17:14:26,272 [INFO ] main org.pytorch.serve.ModelServer - Initialize Inference server with: EpollServerSocketChannel.
2025-04-25T17:14:26,336 [INFO ] main org.pytorch.serve.ModelServer - Inference API bind to: http://127.0.0.1:8080
2025-04-25T17:14:26,336 [INFO ] main org.pytorch.serve.ModelServer - Inference API bind to: http://127.0.0.1:8080
2025-04-25T17:14:26,337 [INFO ] main org.pytorch.serve.ModelServer - Initialize Management server with: EpollServerSocketChannel.
2025-04-25T17:14:26,337 [INFO ] main org.pytorch.serve.ModelServer - Initialize Management server with: EpollServerSocketChannel.
2025-04-25T17:14:26,338 [INFO ] main org.pytorch.serve.ModelServer - Management API bind to: http://127.0.0.1:8081
2025-04-25T17:14:26,338 [INFO ] main org.pytorch.serve.ModelServer - Management API bind to: http://127.0.0.1:8081
2025-04-25T17:14:26,338 [INFO ] main org.pytorch.serve.ModelServer - Initialize Metrics server with: EpollServerSocketChannel.
2025-04-25T17:14:26,338 [INFO ] main org.pytorch.serve.ModelServer - Initialize Metrics server with: EpollServerSocketChannel.
2025-04-25T17:14:26,339 [INFO ] main org.pytorch.serve.ModelServer - Metrics API bind to: http://127.0.0.1:8082
2025-04-25T17:14:26,339 [INFO ] main org.pytorch.serve.ModelServer - Metrics API bind to: http://127.0.0.1:8082
2025-04-25T17:14:26,497 [WARN ] pool-3-thread-1 org.pytorch.serve.metrics.MetricCollector - worker pid is not available yet.
2025-04-25T17:14:26,497 [WARN ] pool-3-thread-1 org.pytorch.serve.metrics.MetricCollector - worker pid is not available yet.
2025-04-25T17:14:26,727 [WARN ] pool-3-thread-1 org.pytorch.serve.metrics.MetricCollector - Parse metrics failed: NumExpr defaulting to 8 threads.
2025-04-25T17:14:26,727 [WARN ] pool-3-thread-1 org.pytorch.serve.metrics.MetricCollector - Parse metrics failed: NumExpr defaulting to 8 threads.
2025-04-25T17:14:26,970 [INFO ] pool-3-thread-1 TS_METRICS - CPUUtilization.Percent:50.0|#Level:Host|#hostname:amin-GF63-Thin-9SCXR,timestamp:1745576066
2025-04-25T17:14:26,970 [INFO ] pool-3-thread-1 TS_METRICS - DiskAvailable.Gigabytes:0.24106597900390625|#Level:Host|#hostname:amin-GF63-Thin-9SCXR,timestamp:1745576066
2025-04-25T17:14:26,971 [INFO ] pool-3-thread-1 TS_METRICS - DiskUsage.Gigabytes:95.99199676513672|#Level:Host|#hostname:amin-GF63-Thin-9SCXR,timestamp:1745576066
2025-04-25T17:14:26,971 [INFO ] pool-3-thread-1 TS_METRICS - DiskUtilization.Percent:99.7|#Level:Host|#hostname:amin-GF63-Thin-9SCXR,timestamp:1745576066
2025-04-25T17:14:26,971 [INFO ] pool-3-thread-1 TS_METRICS - GPUMemoryUtilization.Percent:0.1220703125|#Level:Host,DeviceId:0|#hostname:amin-GF63-Thin-9SCXR,timestamp:1745576066
2025-04-25T17:14:26,972 [INFO ] pool-3-thread-1 TS_METRICS - GPUMemoryUsed.Megabytes:5.0|#Level:Host,DeviceId:0|#hostname:amin-GF63-Thin-9SCXR,timestamp:1745576066
2025-04-25T17:14:26,972 [INFO ] pool-3-thread-1 TS_METRICS - GPUUtilization.Percent:0.0|#Level:Host,DeviceId:0|#hostname:amin-GF63-Thin-9SCXR,timestamp:1745576066
2025-04-25T17:14:26,972 [INFO ] pool-3-thread-1 TS_METRICS - MemoryAvailable.Megabytes:10016.4453125|#Level:Host|#hostname:amin-GF63-Thin-9SCXR,timestamp:1745576066
2025-04-25T17:14:26,972 [INFO ] pool-3-thread-1 TS_METRICS - MemoryUsed.Megabytes:4596.5859375|#Level:Host|#hostname:amin-GF63-Thin-9SCXR,timestamp:1745576066
2025-04-25T17:14:26,973 [INFO ] pool-3-thread-1 TS_METRICS - MemoryUtilization.Percent:36.7|#Level:Host|#hostname:amin-GF63-Thin-9SCXR,timestamp:1745576066
2025-04-25T17:14:27,456 [INFO ] W-9000-cifar10_1.0-stdout MODEL_LOG - s_name_part0=/tmp/.ts.sock, s_name_part1=9000, pid=11691
2025-04-25T17:14:27,457 [INFO ] W-9000-cifar10_1.0-stdout MODEL_LOG - Listening on port: /tmp/.ts.sock.9000
2025-04-25T17:14:27,465 [INFO ] W-9000-cifar10_1.0-stdout MODEL_LOG - Successfully loaded /home/amin/miniconda3/envs/deep-learning/lib/python3.9/site-packages/ts/configs/metrics.yaml.
2025-04-25T17:14:27,465 [INFO ] W-9000-cifar10_1.0-stdout MODEL_LOG - [PID]11691
2025-04-25T17:14:27,466 [INFO ] W-9000-cifar10_1.0-stdout MODEL_LOG - Torch worker started.
2025-04-25T17:14:27,466 [INFO ] W-9000-cifar10_1.0-stdout MODEL_LOG - Python runtime: 3.9.21
2025-04-25T17:14:27,466 [DEBUG] W-9000-cifar10_1.0 org.pytorch.serve.wlm.WorkerThread - W-9000-cifar10_1.0 State change null -> WORKER_STARTED
2025-04-25T17:14:27,466 [DEBUG] W-9000-cifar10_1.0 org.pytorch.serve.wlm.WorkerThread - W-9000-cifar10_1.0 State change null -> WORKER_STARTED
2025-04-25T17:14:27,470 [INFO ] W-9000-cifar10_1.0 org.pytorch.serve.wlm.WorkerThread - Connecting to: /tmp/.ts.sock.9000
2025-04-25T17:14:27,470 [INFO ] W-9000-cifar10_1.0 org.pytorch.serve.wlm.WorkerThread - Connecting to: /tmp/.ts.sock.9000
2025-04-25T17:14:27,475 [INFO ] W-9000-cifar10_1.0-stdout MODEL_LOG - Connection accepted: /tmp/.ts.sock.9000.
2025-04-25T17:14:27,477 [DEBUG] W-9000-cifar10_1.0 org.pytorch.serve.wlm.WorkerThread - Flushing req.cmd LOAD repeats 1 to backend at: 1745576067477
2025-04-25T17:14:27,477 [DEBUG] W-9000-cifar10_1.0 org.pytorch.serve.wlm.WorkerThread - Flushing req.cmd LOAD repeats 1 to backend at: 1745576067477
2025-04-25T17:14:27,478 [INFO ] W-9000-cifar10_1.0 org.pytorch.serve.wlm.WorkerThread - Looping backend response at: 1745576067478
2025-04-25T17:14:27,478 [INFO ] W-9000-cifar10_1.0 org.pytorch.serve.wlm.WorkerThread - Looping backend response at: 1745576067478
2025-04-25T17:14:27,498 [INFO ] W-9000-cifar10_1.0-stdout MODEL_LOG - model_name: cifar10, batchSize: 1
2025-04-25T17:14:27,546 [INFO ] W-9000-cifar10_1.0-stdout MODEL_LOG - OpenVINO is not enabled
2025-04-25T17:14:27,546 [INFO ] W-9000-cifar10_1.0-stdout MODEL_LOG - proceeding without onnxruntime
2025-04-25T17:14:27,546 [INFO ] W-9000-cifar10_1.0-stdout MODEL_LOG - Torch TensorRT not enabled
2025-04-25T17:14:27,621 [INFO ] W-9000-cifar10_1.0 org.pytorch.serve.wlm.WorkerThread - Backend response time: 143
2025-04-25T17:14:27,621 [INFO ] W-9000-cifar10_1.0 org.pytorch.serve.wlm.WorkerThread - Backend response time: 143
2025-04-25T17:14:27,621 [DEBUG] W-9000-cifar10_1.0 org.pytorch.serve.wlm.WorkerThread - W-9000-cifar10_1.0 State change WORKER_STARTED -> WORKER_MODEL_LOADED
2025-04-25T17:14:27,621 [DEBUG] W-9000-cifar10_1.0 org.pytorch.serve.wlm.WorkerThread - W-9000-cifar10_1.0 State change WORKER_STARTED -> WORKER_MODEL_LOADED
2025-04-25T17:14:27,621 [INFO ] W-9000-cifar10_1.0 TS_METRICS - WorkerLoadTime.Milliseconds:1354.0|#WorkerName:W-9000-cifar10_1.0,Level:Host|#hostname:amin-GF63-Thin-9SCXR,timestamp:1745576067
2025-04-25T17:14:27,622 [INFO ] W-9000-cifar10_1.0 TS_METRICS - WorkerThreadTime.Milliseconds:2.0|#Level:Host|#hostname:amin-GF63-Thin-9SCXR,timestamp:1745576067
2025-04-25T17:14:41,151 [INFO ] epollEventLoopGroup-3-1 TS_METRICS - ts_inference_requests_total.Count:1.0|#model_name:cifar10,model_version:default|#hostname:amin-GF63-Thin-9SCXR,timestamp:1745576081
2025-04-25T17:14:41,153 [DEBUG] W-9000-cifar10_1.0 org.pytorch.serve.wlm.WorkerThread - Flushing req.cmd PREDICT repeats 1 to backend at: 1745576081152
2025-04-25T17:14:41,153 [DEBUG] W-9000-cifar10_1.0 org.pytorch.serve.wlm.WorkerThread - Flushing req.cmd PREDICT repeats 1 to backend at: 1745576081152
2025-04-25T17:14:41,153 [INFO ] W-9000-cifar10_1.0 org.pytorch.serve.wlm.WorkerThread - Looping backend response at: 1745576081153
2025-04-25T17:14:41,153 [INFO ] W-9000-cifar10_1.0 org.pytorch.serve.wlm.WorkerThread - Looping backend response at: 1745576081153
2025-04-25T17:14:41,154 [INFO ] W-9000-cifar10_1.0-stdout MODEL_LOG - Backend received inference at: 1745576081
2025-04-25T17:14:41,166 [INFO ] W-9000-cifar10_1.0-stdout MODEL_LOG - Invoking custom service failed.
2025-04-25T17:14:41,166 [INFO ] W-9000-cifar10_1.0-stdout MODEL_LOG - Traceback (most recent call last):
2025-04-25T17:14:41,167 [INFO ] W-9000-cifar10_1.0-stdout MODEL_LOG -   File "/home/amin/miniconda3/envs/deep-learning/lib/python3.9/site-packages/ts/service.py", line 135, in predict
2025-04-25T17:14:41,167 [INFO ] W-9000-cifar10_1.0-stdout MODEL_LOG -     ret = self._entry_point(input_batch, self.context)
2025-04-25T17:14:41,167 [INFO ] W-9000-cifar10_1.0-stdout MODEL_LOG -   File "/home/amin/miniconda3/envs/deep-learning/lib/python3.9/site-packages/ts/torch_handler/base_handler.py", line 455, in handle
2025-04-25T17:14:41,167 [INFO ] W-9000-cifar10_1.0-stdout MODEL_LOG -     data_preprocess = self.preprocess(data)
2025-04-25T17:14:41,167 [INFO ] W-9000-cifar10_1.0-stdout MODEL_LOG -   File "/tmp/models/63e80ac913274fd29d39f1b3951d8c80/handler.py", line 42, in preprocess
2025-04-25T17:14:41,167 [INFO ] W-9000-cifar10_1.0-stdout MODEL_LOG -     image = cv2.imdecode(image, cv2.IMREAD_COLOR)
2025-04-25T17:14:41,167 [INFO ] W-9000-cifar10_1.0-stdout MODEL_LOG - cv2.error: OpenCV(4.11.0) :-1: error: (-5:Bad argument) in function 'imdecode'
2025-04-25T17:14:41,168 [INFO ] W-9000-cifar10_1.0-stdout MODEL_LOG - > Overload resolution failed:
2025-04-25T17:14:41,168 [INFO ] W-9000-cifar10_1.0-stdout MODEL_LOG - >  - buf is not a numpy array, neither a scalar
2025-04-25T17:14:41,168 [INFO ] W-9000-cifar10_1.0-stdout MODEL_LOG - >  - Expected Ptr<cv::UMat> for argument 'buf'
2025-04-25T17:14:41,168 [INFO ] W-9000-cifar10_1.0-stdout MODEL_LOG - 
2025-04-25T17:14:41,170 [INFO ] W-9000-cifar10_1.0 ACCESS_LOG - /127.0.0.1:44022 "POST /predictions/cifar10 HTTP/1.1" 503 20
2025-04-25T17:14:41,170 [INFO ] W-9000-cifar10_1.0 TS_METRICS - Requests5XX.Count:1.0|#Level:Host|#hostname:amin-GF63-Thin-9SCXR,timestamp:1745576081
2025-04-25T17:14:41,171 [DEBUG] W-9000-cifar10_1.0 org.pytorch.serve.job.RestJob - Waiting time ns: 108635, Inference time ns: 18375368
2025-04-25T17:14:41,171 [DEBUG] W-9000-cifar10_1.0 org.pytorch.serve.job.RestJob - Waiting time ns: 108635, Inference time ns: 18375368
2025-04-25T17:14:41,171 [INFO ] W-9000-cifar10_1.0 org.pytorch.serve.wlm.WorkerThread - Backend response time: 14
2025-04-25T17:14:41,171 [INFO ] W-9000-cifar10_1.0 org.pytorch.serve.wlm.WorkerThread - Backend response time: 14
2025-04-25T17:14:41,171 [INFO ] W-9000-cifar10_1.0 TS_METRICS - WorkerThreadTime.Milliseconds:5.0|#Level:Host|#hostname:amin-GF63-Thin-9SCXR,timestamp:1745576081
2025-04-25T17:15:26,763 [WARN ] pool-3-thread-1 org.pytorch.serve.metrics.MetricCollector - Parse metrics failed: NumExpr defaulting to 8 threads.
2025-04-25T17:15:26,763 [WARN ] pool-3-thread-1 org.pytorch.serve.metrics.MetricCollector - Parse metrics failed: NumExpr defaulting to 8 threads.
2025-04-25T17:15:26,965 [INFO ] pool-3-thread-1 TS_METRICS - CPUUtilization.Percent:0.0|#Level:Host|#hostname:amin-GF63-Thin-9SCXR,timestamp:1745576126
2025-04-25T17:15:26,965 [INFO ] pool-3-thread-1 TS_METRICS - DiskAvailable.Gigabytes:0.24096298217773438|#Level:Host|#hostname:amin-GF63-Thin-9SCXR,timestamp:1745576126
2025-04-25T17:15:26,966 [INFO ] pool-3-thread-1 TS_METRICS - DiskUsage.Gigabytes:95.99209976196289|#Level:Host|#hostname:amin-GF63-Thin-9SCXR,timestamp:1745576126
2025-04-25T17:15:26,966 [INFO ] pool-3-thread-1 TS_METRICS - DiskUtilization.Percent:99.7|#Level:Host|#hostname:amin-GF63-Thin-9SCXR,timestamp:1745576126
2025-04-25T17:15:26,966 [INFO ] pool-3-thread-1 TS_METRICS - GPUMemoryUtilization.Percent:1.9287109375|#Level:Host,DeviceId:0|#hostname:amin-GF63-Thin-9SCXR,timestamp:1745576126
2025-04-25T17:15:26,966 [INFO ] pool-3-thread-1 TS_METRICS - GPUMemoryUsed.Megabytes:79.0|#Level:Host,DeviceId:0|#hostname:amin-GF63-Thin-9SCXR,timestamp:1745576126
2025-04-25T17:15:26,966 [INFO ] pool-3-thread-1 TS_METRICS - GPUUtilization.Percent:0.0|#Level:Host,DeviceId:0|#hostname:amin-GF63-Thin-9SCXR,timestamp:1745576126
2025-04-25T17:15:26,966 [INFO ] pool-3-thread-1 TS_METRICS - MemoryAvailable.Megabytes:9746.640625|#Level:Host|#hostname:amin-GF63-Thin-9SCXR,timestamp:1745576126
2025-04-25T17:15:26,967 [INFO ] pool-3-thread-1 TS_METRICS - MemoryUsed.Megabytes:4854.87890625|#Level:Host|#hostname:amin-GF63-Thin-9SCXR,timestamp:1745576126
2025-04-25T17:15:26,967 [INFO ] pool-3-thread-1 TS_METRICS - MemoryUtilization.Percent:38.4|#Level:Host|#hostname:amin-GF63-Thin-9SCXR,timestamp:1745576126
2025-04-25T17:16:33,863 [DEBUG] main org.pytorch.serve.util.ConfigManager - xpu-smi not available or failed: Cannot run program "xpu-smi": error=2, No such file or directory
2025-04-25T17:16:33,863 [DEBUG] main org.pytorch.serve.util.ConfigManager - xpu-smi not available or failed: Cannot run program "xpu-smi": error=2, No such file or directory
2025-04-25T17:16:33,869 [WARN ] main org.pytorch.serve.util.ConfigManager - Your torchserve instance can access any URL to load models. When deploying to production, make sure to limit the set of allowed_urls in config.properties
2025-04-25T17:16:33,869 [WARN ] main org.pytorch.serve.util.ConfigManager - Your torchserve instance can access any URL to load models. When deploying to production, make sure to limit the set of allowed_urls in config.properties
2025-04-25T17:16:33,888 [INFO ] main org.pytorch.serve.servingsdk.impl.PluginsManager - Initializing plugins manager...
2025-04-25T17:16:33,888 [INFO ] main org.pytorch.serve.servingsdk.impl.PluginsManager - Initializing plugins manager...
2025-04-25T17:16:33,944 [INFO ] main org.pytorch.serve.metrics.configuration.MetricConfiguration - Successfully loaded metrics configuration from /home/amin/miniconda3/envs/deep-learning/lib/python3.9/site-packages/ts/configs/metrics.yaml
2025-04-25T17:16:33,944 [INFO ] main org.pytorch.serve.metrics.configuration.MetricConfiguration - Successfully loaded metrics configuration from /home/amin/miniconda3/envs/deep-learning/lib/python3.9/site-packages/ts/configs/metrics.yaml
2025-04-25T17:16:34,014 [INFO ] main org.pytorch.serve.ModelServer - 
Torchserve version: 0.12.0
TS Home: /home/amin/miniconda3/envs/deep-learning/lib/python3.9/site-packages
Current directory: /home/amin/PycharmProjects/PythonProject/Cifar10Classification
Temp directory: /tmp
Metrics config path: /home/amin/miniconda3/envs/deep-learning/lib/python3.9/site-packages/ts/configs/metrics.yaml
Number of GPUs: 1
Number of CPUs: 8
Max heap size: 3960 M
Python executable: /home/amin/miniconda3/envs/deep-learning/bin/python
Config file: config.properties
Inference address: http://127.0.0.1:8080
Management address: http://127.0.0.1:8081
Metrics address: http://127.0.0.1:8082
Model Store: /home/amin/PycharmProjects/PythonProject/Cifar10Classification/model-store
Initial Models: cifar10.mar
Log dir: /home/amin/PycharmProjects/PythonProject/Cifar10Classification/logs
Metrics dir: /home/amin/PycharmProjects/PythonProject/Cifar10Classification/logs
Netty threads: 4
Netty client threads: 0
Default workers per model: 1
Blacklist Regex: N/A
Maximum Response Size: 6553500
Maximum Request Size: 6553500
Limit Maximum Image Pixels: true
Prefer direct buffer: false
Allowed Urls: [file://.*|http(s)?://.*]
Custom python dependency for model allowed: false
Enable metrics API: true
Metrics mode: LOG
Disable system metrics: false
Workflow Store: /home/amin/PycharmProjects/PythonProject/Cifar10Classification/model-store
CPP log config: N/A
Model config: N/A
System metrics command: default
Model API enabled: false
2025-04-25T17:16:34,014 [INFO ] main org.pytorch.serve.ModelServer - 
Torchserve version: 0.12.0
TS Home: /home/amin/miniconda3/envs/deep-learning/lib/python3.9/site-packages
Current directory: /home/amin/PycharmProjects/PythonProject/Cifar10Classification
Temp directory: /tmp
Metrics config path: /home/amin/miniconda3/envs/deep-learning/lib/python3.9/site-packages/ts/configs/metrics.yaml
Number of GPUs: 1
Number of CPUs: 8
Max heap size: 3960 M
Python executable: /home/amin/miniconda3/envs/deep-learning/bin/python
Config file: config.properties
Inference address: http://127.0.0.1:8080
Management address: http://127.0.0.1:8081
Metrics address: http://127.0.0.1:8082
Model Store: /home/amin/PycharmProjects/PythonProject/Cifar10Classification/model-store
Initial Models: cifar10.mar
Log dir: /home/amin/PycharmProjects/PythonProject/Cifar10Classification/logs
Metrics dir: /home/amin/PycharmProjects/PythonProject/Cifar10Classification/logs
Netty threads: 4
Netty client threads: 0
Default workers per model: 1
Blacklist Regex: N/A
Maximum Response Size: 6553500
Maximum Request Size: 6553500
Limit Maximum Image Pixels: true
Prefer direct buffer: false
Allowed Urls: [file://.*|http(s)?://.*]
Custom python dependency for model allowed: false
Enable metrics API: true
Metrics mode: LOG
Disable system metrics: false
Workflow Store: /home/amin/PycharmProjects/PythonProject/Cifar10Classification/model-store
CPP log config: N/A
Model config: N/A
System metrics command: default
Model API enabled: false
2025-04-25T17:16:34,024 [INFO ] main org.pytorch.serve.servingsdk.impl.PluginsManager -  Loading snapshot serializer plugin...
2025-04-25T17:16:34,024 [INFO ] main org.pytorch.serve.servingsdk.impl.PluginsManager -  Loading snapshot serializer plugin...
2025-04-25T17:16:34,041 [INFO ] main org.pytorch.serve.ModelServer - Loading initial models: cifar10.mar
2025-04-25T17:16:34,041 [INFO ] main org.pytorch.serve.ModelServer - Loading initial models: cifar10.mar
2025-04-25T17:16:34,196 [DEBUG] main org.pytorch.serve.wlm.ModelVersionedRefs - Adding new version 1.0 for model cifar10
2025-04-25T17:16:34,196 [DEBUG] main org.pytorch.serve.wlm.ModelVersionedRefs - Adding new version 1.0 for model cifar10
2025-04-25T17:16:34,196 [DEBUG] main org.pytorch.serve.wlm.ModelVersionedRefs - Setting default version to 1.0 for model cifar10
2025-04-25T17:16:34,196 [DEBUG] main org.pytorch.serve.wlm.ModelVersionedRefs - Setting default version to 1.0 for model cifar10
2025-04-25T17:16:34,196 [INFO ] main org.pytorch.serve.wlm.ModelManager - Model cifar10 loaded.
2025-04-25T17:16:34,196 [INFO ] main org.pytorch.serve.wlm.ModelManager - Model cifar10 loaded.
2025-04-25T17:16:34,197 [DEBUG] main org.pytorch.serve.wlm.ModelManager - updateModel: cifar10, count: 1
2025-04-25T17:16:34,197 [DEBUG] main org.pytorch.serve.wlm.ModelManager - updateModel: cifar10, count: 1
2025-04-25T17:16:34,208 [DEBUG] W-9000-cifar10_1.0 org.pytorch.serve.wlm.WorkerLifeCycle - Worker cmdline: [/home/amin/miniconda3/envs/deep-learning/bin/python, /home/amin/miniconda3/envs/deep-learning/lib/python3.9/site-packages/ts/model_service_worker.py, --sock-type, unix, --sock-name, /tmp/.ts.sock.9000, --metrics-config, /home/amin/miniconda3/envs/deep-learning/lib/python3.9/site-packages/ts/configs/metrics.yaml]
2025-04-25T17:16:34,208 [DEBUG] W-9000-cifar10_1.0 org.pytorch.serve.wlm.WorkerLifeCycle - Worker cmdline: [/home/amin/miniconda3/envs/deep-learning/bin/python, /home/amin/miniconda3/envs/deep-learning/lib/python3.9/site-packages/ts/model_service_worker.py, --sock-type, unix, --sock-name, /tmp/.ts.sock.9000, --metrics-config, /home/amin/miniconda3/envs/deep-learning/lib/python3.9/site-packages/ts/configs/metrics.yaml]
2025-04-25T17:16:34,210 [INFO ] main org.pytorch.serve.ModelServer - Initialize Inference server with: EpollServerSocketChannel.
2025-04-25T17:16:34,210 [INFO ] main org.pytorch.serve.ModelServer - Initialize Inference server with: EpollServerSocketChannel.
2025-04-25T17:16:34,275 [INFO ] main org.pytorch.serve.ModelServer - Inference API bind to: http://127.0.0.1:8080
2025-04-25T17:16:34,275 [INFO ] main org.pytorch.serve.ModelServer - Inference API bind to: http://127.0.0.1:8080
2025-04-25T17:16:34,276 [INFO ] main org.pytorch.serve.ModelServer - Initialize Management server with: EpollServerSocketChannel.
2025-04-25T17:16:34,276 [INFO ] main org.pytorch.serve.ModelServer - Initialize Management server with: EpollServerSocketChannel.
2025-04-25T17:16:34,277 [INFO ] main org.pytorch.serve.ModelServer - Management API bind to: http://127.0.0.1:8081
2025-04-25T17:16:34,277 [INFO ] main org.pytorch.serve.ModelServer - Management API bind to: http://127.0.0.1:8081
2025-04-25T17:16:34,277 [INFO ] main org.pytorch.serve.ModelServer - Initialize Metrics server with: EpollServerSocketChannel.
2025-04-25T17:16:34,277 [INFO ] main org.pytorch.serve.ModelServer - Initialize Metrics server with: EpollServerSocketChannel.
2025-04-25T17:16:34,278 [INFO ] main org.pytorch.serve.ModelServer - Metrics API bind to: http://127.0.0.1:8082
2025-04-25T17:16:34,278 [INFO ] main org.pytorch.serve.ModelServer - Metrics API bind to: http://127.0.0.1:8082
2025-04-25T17:16:34,459 [WARN ] pool-3-thread-1 org.pytorch.serve.metrics.MetricCollector - worker pid is not available yet.
2025-04-25T17:16:34,459 [WARN ] pool-3-thread-1 org.pytorch.serve.metrics.MetricCollector - worker pid is not available yet.
2025-04-25T17:16:34,728 [WARN ] pool-3-thread-1 org.pytorch.serve.metrics.MetricCollector - Parse metrics failed: NumExpr defaulting to 8 threads.
2025-04-25T17:16:34,728 [WARN ] pool-3-thread-1 org.pytorch.serve.metrics.MetricCollector - Parse metrics failed: NumExpr defaulting to 8 threads.
2025-04-25T17:16:34,985 [INFO ] pool-3-thread-1 TS_METRICS - CPUUtilization.Percent:0.0|#Level:Host|#hostname:amin-GF63-Thin-9SCXR,timestamp:1745576194
2025-04-25T17:16:34,986 [INFO ] pool-3-thread-1 TS_METRICS - DiskAvailable.Gigabytes:0.24431991577148438|#Level:Host|#hostname:amin-GF63-Thin-9SCXR,timestamp:1745576194
2025-04-25T17:16:34,987 [INFO ] pool-3-thread-1 TS_METRICS - DiskUsage.Gigabytes:95.98874282836914|#Level:Host|#hostname:amin-GF63-Thin-9SCXR,timestamp:1745576194
2025-04-25T17:16:34,987 [INFO ] pool-3-thread-1 TS_METRICS - DiskUtilization.Percent:99.7|#Level:Host|#hostname:amin-GF63-Thin-9SCXR,timestamp:1745576194
2025-04-25T17:16:34,987 [INFO ] pool-3-thread-1 TS_METRICS - GPUMemoryUtilization.Percent:0.1220703125|#Level:Host,DeviceId:0|#hostname:amin-GF63-Thin-9SCXR,timestamp:1745576194
2025-04-25T17:16:34,987 [INFO ] pool-3-thread-1 TS_METRICS - GPUMemoryUsed.Megabytes:5.0|#Level:Host,DeviceId:0|#hostname:amin-GF63-Thin-9SCXR,timestamp:1745576194
2025-04-25T17:16:34,988 [INFO ] pool-3-thread-1 TS_METRICS - GPUUtilization.Percent:0.0|#Level:Host,DeviceId:0|#hostname:amin-GF63-Thin-9SCXR,timestamp:1745576194
2025-04-25T17:16:34,988 [INFO ] pool-3-thread-1 TS_METRICS - MemoryAvailable.Megabytes:10084.34765625|#Level:Host|#hostname:amin-GF63-Thin-9SCXR,timestamp:1745576194
2025-04-25T17:16:34,988 [INFO ] pool-3-thread-1 TS_METRICS - MemoryUsed.Megabytes:4523.58984375|#Level:Host|#hostname:amin-GF63-Thin-9SCXR,timestamp:1745576194
2025-04-25T17:16:34,988 [INFO ] pool-3-thread-1 TS_METRICS - MemoryUtilization.Percent:36.3|#Level:Host|#hostname:amin-GF63-Thin-9SCXR,timestamp:1745576194
2025-04-25T17:16:35,497 [INFO ] W-9000-cifar10_1.0-stdout MODEL_LOG - s_name_part0=/tmp/.ts.sock, s_name_part1=9000, pid=11995
2025-04-25T17:16:35,498 [INFO ] W-9000-cifar10_1.0-stdout MODEL_LOG - Listening on port: /tmp/.ts.sock.9000
2025-04-25T17:16:35,506 [INFO ] W-9000-cifar10_1.0-stdout MODEL_LOG - Successfully loaded /home/amin/miniconda3/envs/deep-learning/lib/python3.9/site-packages/ts/configs/metrics.yaml.
2025-04-25T17:16:35,507 [INFO ] W-9000-cifar10_1.0-stdout MODEL_LOG - [PID]11995
2025-04-25T17:16:35,507 [INFO ] W-9000-cifar10_1.0-stdout MODEL_LOG - Torch worker started.
2025-04-25T17:16:35,508 [INFO ] W-9000-cifar10_1.0-stdout MODEL_LOG - Python runtime: 3.9.21
2025-04-25T17:16:35,508 [DEBUG] W-9000-cifar10_1.0 org.pytorch.serve.wlm.WorkerThread - W-9000-cifar10_1.0 State change null -> WORKER_STARTED
2025-04-25T17:16:35,508 [DEBUG] W-9000-cifar10_1.0 org.pytorch.serve.wlm.WorkerThread - W-9000-cifar10_1.0 State change null -> WORKER_STARTED
2025-04-25T17:16:35,511 [INFO ] W-9000-cifar10_1.0 org.pytorch.serve.wlm.WorkerThread - Connecting to: /tmp/.ts.sock.9000
2025-04-25T17:16:35,511 [INFO ] W-9000-cifar10_1.0 org.pytorch.serve.wlm.WorkerThread - Connecting to: /tmp/.ts.sock.9000
2025-04-25T17:16:35,515 [INFO ] W-9000-cifar10_1.0-stdout MODEL_LOG - Connection accepted: /tmp/.ts.sock.9000.
2025-04-25T17:16:35,518 [DEBUG] W-9000-cifar10_1.0 org.pytorch.serve.wlm.WorkerThread - Flushing req.cmd LOAD repeats 1 to backend at: 1745576195518
2025-04-25T17:16:35,518 [DEBUG] W-9000-cifar10_1.0 org.pytorch.serve.wlm.WorkerThread - Flushing req.cmd LOAD repeats 1 to backend at: 1745576195518
2025-04-25T17:16:35,520 [INFO ] W-9000-cifar10_1.0 org.pytorch.serve.wlm.WorkerThread - Looping backend response at: 1745576195520
2025-04-25T17:16:35,520 [INFO ] W-9000-cifar10_1.0 org.pytorch.serve.wlm.WorkerThread - Looping backend response at: 1745576195520
2025-04-25T17:16:35,541 [INFO ] W-9000-cifar10_1.0-stdout MODEL_LOG - model_name: cifar10, batchSize: 1
2025-04-25T17:16:35,592 [INFO ] W-9000-cifar10_1.0-stdout MODEL_LOG - OpenVINO is not enabled
2025-04-25T17:16:35,593 [INFO ] W-9000-cifar10_1.0-stdout MODEL_LOG - proceeding without onnxruntime
2025-04-25T17:16:35,593 [INFO ] W-9000-cifar10_1.0-stdout MODEL_LOG - Torch TensorRT not enabled
2025-04-25T17:16:35,673 [INFO ] W-9000-cifar10_1.0 org.pytorch.serve.wlm.WorkerThread - Backend response time: 153
2025-04-25T17:16:35,673 [INFO ] W-9000-cifar10_1.0 org.pytorch.serve.wlm.WorkerThread - Backend response time: 153
2025-04-25T17:16:35,673 [DEBUG] W-9000-cifar10_1.0 org.pytorch.serve.wlm.WorkerThread - W-9000-cifar10_1.0 State change WORKER_STARTED -> WORKER_MODEL_LOADED
2025-04-25T17:16:35,673 [DEBUG] W-9000-cifar10_1.0 org.pytorch.serve.wlm.WorkerThread - W-9000-cifar10_1.0 State change WORKER_STARTED -> WORKER_MODEL_LOADED
2025-04-25T17:16:35,673 [INFO ] W-9000-cifar10_1.0 TS_METRICS - WorkerLoadTime.Milliseconds:1470.0|#WorkerName:W-9000-cifar10_1.0,Level:Host|#hostname:amin-GF63-Thin-9SCXR,timestamp:1745576195
2025-04-25T17:16:35,674 [INFO ] W-9000-cifar10_1.0 TS_METRICS - WorkerThreadTime.Milliseconds:3.0|#Level:Host|#hostname:amin-GF63-Thin-9SCXR,timestamp:1745576195
2025-04-25T17:16:41,755 [INFO ] epollEventLoopGroup-3-1 TS_METRICS - ts_inference_requests_total.Count:1.0|#model_name:cifar10,model_version:default|#hostname:amin-GF63-Thin-9SCXR,timestamp:1745576201
2025-04-25T17:16:41,756 [DEBUG] W-9000-cifar10_1.0 org.pytorch.serve.wlm.WorkerThread - Flushing req.cmd PREDICT repeats 1 to backend at: 1745576201756
2025-04-25T17:16:41,756 [DEBUG] W-9000-cifar10_1.0 org.pytorch.serve.wlm.WorkerThread - Flushing req.cmd PREDICT repeats 1 to backend at: 1745576201756
2025-04-25T17:16:41,757 [INFO ] W-9000-cifar10_1.0 org.pytorch.serve.wlm.WorkerThread - Looping backend response at: 1745576201757
2025-04-25T17:16:41,757 [INFO ] W-9000-cifar10_1.0 org.pytorch.serve.wlm.WorkerThread - Looping backend response at: 1745576201757
2025-04-25T17:16:41,758 [INFO ] W-9000-cifar10_1.0-stdout MODEL_LOG - Backend received inference at: 1745576201
2025-04-25T17:16:42,234 [INFO ] W-9000-cifar10_1.0-stdout org.pytorch.serve.wlm.WorkerLifeCycle - result=[METRICS]HandlerTime.Milliseconds:475.96|#ModelName:cifar10,Level:Model|#type:GAUGE|#hostname:amin-GF63-Thin-9SCXR,1745576202,61d39939-6b7d-4d8e-9eb1-ec16a6138d3f, pattern=[METRICS]
2025-04-25T17:16:42,234 [INFO ] W-9000-cifar10_1.0-stdout org.pytorch.serve.wlm.WorkerLifeCycle - result=[METRICS]HandlerTime.Milliseconds:475.96|#ModelName:cifar10,Level:Model|#type:GAUGE|#hostname:amin-GF63-Thin-9SCXR,1745576202,61d39939-6b7d-4d8e-9eb1-ec16a6138d3f, pattern=[METRICS]
2025-04-25T17:16:42,234 [INFO ] W-9000-cifar10_1.0 org.pytorch.serve.wlm.BatchAggregator - Sending response for jobId 61d39939-6b7d-4d8e-9eb1-ec16a6138d3f
2025-04-25T17:16:42,234 [INFO ] W-9000-cifar10_1.0 org.pytorch.serve.wlm.BatchAggregator - Sending response for jobId 61d39939-6b7d-4d8e-9eb1-ec16a6138d3f
2025-04-25T17:16:42,234 [INFO ] W-9000-cifar10_1.0-stdout MODEL_METRICS - HandlerTime.ms:475.96|#ModelName:cifar10,Level:Model|#hostname:amin-GF63-Thin-9SCXR,requestID:61d39939-6b7d-4d8e-9eb1-ec16a6138d3f,timestamp:1745576202
2025-04-25T17:16:42,235 [INFO ] W-9000-cifar10_1.0-stdout org.pytorch.serve.wlm.WorkerLifeCycle - result=[METRICS]PredictionTime.Milliseconds:476.09|#ModelName:cifar10,Level:Model|#type:GAUGE|#hostname:amin-GF63-Thin-9SCXR,1745576202,61d39939-6b7d-4d8e-9eb1-ec16a6138d3f, pattern=[METRICS]
2025-04-25T17:16:42,235 [INFO ] W-9000-cifar10_1.0-stdout org.pytorch.serve.wlm.WorkerLifeCycle - result=[METRICS]PredictionTime.Milliseconds:476.09|#ModelName:cifar10,Level:Model|#type:GAUGE|#hostname:amin-GF63-Thin-9SCXR,1745576202,61d39939-6b7d-4d8e-9eb1-ec16a6138d3f, pattern=[METRICS]
2025-04-25T17:16:42,235 [INFO ] W-9000-cifar10_1.0-stdout MODEL_METRICS - PredictionTime.ms:476.09|#ModelName:cifar10,Level:Model|#hostname:amin-GF63-Thin-9SCXR,requestID:61d39939-6b7d-4d8e-9eb1-ec16a6138d3f,timestamp:1745576202
2025-04-25T17:16:42,235 [INFO ] W-9000-cifar10_1.0 ACCESS_LOG - /127.0.0.1:48476 "POST /predictions/cifar10 HTTP/1.1" 200 482
2025-04-25T17:16:42,235 [INFO ] W-9000-cifar10_1.0 TS_METRICS - Requests2XX.Count:1.0|#Level:Host|#hostname:amin-GF63-Thin-9SCXR,timestamp:1745576202
2025-04-25T17:16:42,235 [INFO ] W-9000-cifar10_1.0 TS_METRICS - ts_inference_latency_microseconds.Microseconds:478408.803|#model_name:cifar10,model_version:default|#hostname:amin-GF63-Thin-9SCXR,timestamp:1745576202
2025-04-25T17:16:42,235 [INFO ] W-9000-cifar10_1.0 TS_METRICS - ts_queue_latency_microseconds.Microseconds:154.307|#model_name:cifar10,model_version:default|#hostname:amin-GF63-Thin-9SCXR,timestamp:1745576202
2025-04-25T17:16:42,236 [DEBUG] W-9000-cifar10_1.0 org.pytorch.serve.job.RestJob - Waiting time ns: 154307, Backend time ns: 479399761
2025-04-25T17:16:42,236 [DEBUG] W-9000-cifar10_1.0 org.pytorch.serve.job.RestJob - Waiting time ns: 154307, Backend time ns: 479399761
2025-04-25T17:16:42,236 [INFO ] W-9000-cifar10_1.0 TS_METRICS - QueueTime.Milliseconds:0.0|#Level:Host|#hostname:amin-GF63-Thin-9SCXR,timestamp:1745576202
2025-04-25T17:16:42,236 [INFO ] W-9000-cifar10_1.0 org.pytorch.serve.wlm.WorkerThread - Backend response time: 477
2025-04-25T17:16:42,236 [INFO ] W-9000-cifar10_1.0 org.pytorch.serve.wlm.WorkerThread - Backend response time: 477
2025-04-25T17:16:42,236 [INFO ] W-9000-cifar10_1.0 TS_METRICS - WorkerThreadTime.Milliseconds:3.0|#Level:Host|#hostname:amin-GF63-Thin-9SCXR,timestamp:1745576202
2025-04-25T17:16:53,843 [INFO ] epollEventLoopGroup-3-2 TS_METRICS - ts_inference_requests_total.Count:1.0|#model_name:cifar10,model_version:default|#hostname:amin-GF63-Thin-9SCXR,timestamp:1745576213
2025-04-25T17:16:53,845 [DEBUG] W-9000-cifar10_1.0 org.pytorch.serve.wlm.WorkerThread - Flushing req.cmd PREDICT repeats 1 to backend at: 1745576213845
2025-04-25T17:16:53,845 [DEBUG] W-9000-cifar10_1.0 org.pytorch.serve.wlm.WorkerThread - Flushing req.cmd PREDICT repeats 1 to backend at: 1745576213845
2025-04-25T17:16:53,845 [INFO ] W-9000-cifar10_1.0 org.pytorch.serve.wlm.WorkerThread - Looping backend response at: 1745576213845
2025-04-25T17:16:53,845 [INFO ] W-9000-cifar10_1.0 org.pytorch.serve.wlm.WorkerThread - Looping backend response at: 1745576213845
2025-04-25T17:16:53,846 [INFO ] W-9000-cifar10_1.0-stdout MODEL_LOG - Backend received inference at: 1745576213
2025-04-25T17:16:53,872 [INFO ] W-9000-cifar10_1.0-stdout org.pytorch.serve.wlm.WorkerLifeCycle - result=[METRICS]HandlerTime.Milliseconds:25.68|#ModelName:cifar10,Level:Model|#type:GAUGE|#hostname:amin-GF63-Thin-9SCXR,1745576213,4007527e-6fee-4e04-9b7d-a502bda90a76, pattern=[METRICS]
2025-04-25T17:16:53,872 [INFO ] W-9000-cifar10_1.0-stdout org.pytorch.serve.wlm.WorkerLifeCycle - result=[METRICS]HandlerTime.Milliseconds:25.68|#ModelName:cifar10,Level:Model|#type:GAUGE|#hostname:amin-GF63-Thin-9SCXR,1745576213,4007527e-6fee-4e04-9b7d-a502bda90a76, pattern=[METRICS]
2025-04-25T17:16:53,873 [INFO ] W-9000-cifar10_1.0 org.pytorch.serve.wlm.BatchAggregator - Sending response for jobId 4007527e-6fee-4e04-9b7d-a502bda90a76
2025-04-25T17:16:53,873 [INFO ] W-9000-cifar10_1.0-stdout MODEL_METRICS - HandlerTime.ms:25.68|#ModelName:cifar10,Level:Model|#hostname:amin-GF63-Thin-9SCXR,requestID:4007527e-6fee-4e04-9b7d-a502bda90a76,timestamp:1745576213
2025-04-25T17:16:53,873 [INFO ] W-9000-cifar10_1.0 org.pytorch.serve.wlm.BatchAggregator - Sending response for jobId 4007527e-6fee-4e04-9b7d-a502bda90a76
2025-04-25T17:16:53,873 [INFO ] W-9000-cifar10_1.0-stdout org.pytorch.serve.wlm.WorkerLifeCycle - result=[METRICS]PredictionTime.Milliseconds:25.81|#ModelName:cifar10,Level:Model|#type:GAUGE|#hostname:amin-GF63-Thin-9SCXR,1745576213,4007527e-6fee-4e04-9b7d-a502bda90a76, pattern=[METRICS]
2025-04-25T17:16:53,873 [INFO ] W-9000-cifar10_1.0-stdout org.pytorch.serve.wlm.WorkerLifeCycle - result=[METRICS]PredictionTime.Milliseconds:25.81|#ModelName:cifar10,Level:Model|#type:GAUGE|#hostname:amin-GF63-Thin-9SCXR,1745576213,4007527e-6fee-4e04-9b7d-a502bda90a76, pattern=[METRICS]
2025-04-25T17:16:53,873 [INFO ] W-9000-cifar10_1.0 ACCESS_LOG - /127.0.0.1:33720 "POST /predictions/cifar10 HTTP/1.1" 200 30
2025-04-25T17:16:53,873 [INFO ] W-9000-cifar10_1.0-stdout MODEL_METRICS - PredictionTime.ms:25.81|#ModelName:cifar10,Level:Model|#hostname:amin-GF63-Thin-9SCXR,requestID:4007527e-6fee-4e04-9b7d-a502bda90a76,timestamp:1745576213
2025-04-25T17:16:53,873 [INFO ] W-9000-cifar10_1.0 TS_METRICS - Requests2XX.Count:1.0|#Level:Host|#hostname:amin-GF63-Thin-9SCXR,timestamp:1745576213
2025-04-25T17:16:53,874 [INFO ] W-9000-cifar10_1.0 TS_METRICS - ts_inference_latency_microseconds.Microseconds:28430.879|#model_name:cifar10,model_version:default|#hostname:amin-GF63-Thin-9SCXR,timestamp:1745576213
2025-04-25T17:16:53,874 [INFO ] W-9000-cifar10_1.0 TS_METRICS - ts_queue_latency_microseconds.Microseconds:121.685|#model_name:cifar10,model_version:default|#hostname:amin-GF63-Thin-9SCXR,timestamp:1745576213
2025-04-25T17:16:53,874 [DEBUG] W-9000-cifar10_1.0 org.pytorch.serve.job.RestJob - Waiting time ns: 121685, Backend time ns: 29371511
2025-04-25T17:16:53,874 [DEBUG] W-9000-cifar10_1.0 org.pytorch.serve.job.RestJob - Waiting time ns: 121685, Backend time ns: 29371511
2025-04-25T17:16:53,874 [INFO ] W-9000-cifar10_1.0 TS_METRICS - QueueTime.Milliseconds:0.0|#Level:Host|#hostname:amin-GF63-Thin-9SCXR,timestamp:1745576213
2025-04-25T17:16:53,874 [INFO ] W-9000-cifar10_1.0 org.pytorch.serve.wlm.WorkerThread - Backend response time: 28
2025-04-25T17:16:53,874 [INFO ] W-9000-cifar10_1.0 org.pytorch.serve.wlm.WorkerThread - Backend response time: 28
2025-04-25T17:16:53,875 [INFO ] W-9000-cifar10_1.0 TS_METRICS - WorkerThreadTime.Milliseconds:1.0|#Level:Host|#hostname:amin-GF63-Thin-9SCXR,timestamp:1745576213
2025-04-25T17:17:34,729 [WARN ] pool-3-thread-1 org.pytorch.serve.metrics.MetricCollector - Parse metrics failed: NumExpr defaulting to 8 threads.
2025-04-25T17:17:34,729 [WARN ] pool-3-thread-1 org.pytorch.serve.metrics.MetricCollector - Parse metrics failed: NumExpr defaulting to 8 threads.
2025-04-25T17:17:34,937 [INFO ] pool-3-thread-1 TS_METRICS - CPUUtilization.Percent:0.0|#Level:Host|#hostname:amin-GF63-Thin-9SCXR,timestamp:1745576254
2025-04-25T17:17:34,937 [INFO ] pool-3-thread-1 TS_METRICS - DiskAvailable.Gigabytes:0.24393463134765625|#Level:Host|#hostname:amin-GF63-Thin-9SCXR,timestamp:1745576254
2025-04-25T17:17:34,937 [INFO ] pool-3-thread-1 TS_METRICS - DiskUsage.Gigabytes:95.98912811279297|#Level:Host|#hostname:amin-GF63-Thin-9SCXR,timestamp:1745576254
2025-04-25T17:17:34,938 [INFO ] pool-3-thread-1 TS_METRICS - DiskUtilization.Percent:99.7|#Level:Host|#hostname:amin-GF63-Thin-9SCXR,timestamp:1745576254
2025-04-25T17:17:34,938 [INFO ] pool-3-thread-1 TS_METRICS - GPUMemoryUtilization.Percent:3.1005859375|#Level:Host,DeviceId:0|#hostname:amin-GF63-Thin-9SCXR,timestamp:1745576254
2025-04-25T17:17:34,938 [INFO ] pool-3-thread-1 TS_METRICS - GPUMemoryUsed.Megabytes:127.0|#Level:Host,DeviceId:0|#hostname:amin-GF63-Thin-9SCXR,timestamp:1745576254
2025-04-25T17:17:34,938 [INFO ] pool-3-thread-1 TS_METRICS - GPUUtilization.Percent:0.0|#Level:Host,DeviceId:0|#hostname:amin-GF63-Thin-9SCXR,timestamp:1745576254
2025-04-25T17:17:34,938 [INFO ] pool-3-thread-1 TS_METRICS - MemoryAvailable.Megabytes:9665.84765625|#Level:Host|#hostname:amin-GF63-Thin-9SCXR,timestamp:1745576254
2025-04-25T17:17:34,938 [INFO ] pool-3-thread-1 TS_METRICS - MemoryUsed.Megabytes:4958.64453125|#Level:Host|#hostname:amin-GF63-Thin-9SCXR,timestamp:1745576254
2025-04-25T17:17:34,939 [INFO ] pool-3-thread-1 TS_METRICS - MemoryUtilization.Percent:39.0|#Level:Host|#hostname:amin-GF63-Thin-9SCXR,timestamp:1745576254
2025-04-25T17:17:59,889 [INFO ] epollEventLoopGroup-3-3 TS_METRICS - ts_inference_requests_total.Count:1.0|#model_name:cifar10,model_version:default|#hostname:amin-GF63-Thin-9SCXR,timestamp:1745576279
2025-04-25T17:17:59,890 [DEBUG] W-9000-cifar10_1.0 org.pytorch.serve.wlm.WorkerThread - Flushing req.cmd PREDICT repeats 1 to backend at: 1745576279890
2025-04-25T17:17:59,890 [DEBUG] W-9000-cifar10_1.0 org.pytorch.serve.wlm.WorkerThread - Flushing req.cmd PREDICT repeats 1 to backend at: 1745576279890
2025-04-25T17:17:59,890 [INFO ] W-9000-cifar10_1.0 org.pytorch.serve.wlm.WorkerThread - Looping backend response at: 1745576279890
2025-04-25T17:17:59,890 [INFO ] W-9000-cifar10_1.0 org.pytorch.serve.wlm.WorkerThread - Looping backend response at: 1745576279890
2025-04-25T17:17:59,891 [INFO ] W-9000-cifar10_1.0-stdout MODEL_LOG - Backend received inference at: 1745576279
2025-04-25T17:17:59,928 [INFO ] W-9000-cifar10_1.0-stdout org.pytorch.serve.wlm.WorkerLifeCycle - result=[METRICS]HandlerTime.Milliseconds:37.1|#ModelName:cifar10,Level:Model|#type:GAUGE|#hostname:amin-GF63-Thin-9SCXR,1745576279,0309cdb1-be8b-4f9e-876d-99f388eb1a25, pattern=[METRICS]
2025-04-25T17:17:59,928 [INFO ] W-9000-cifar10_1.0-stdout org.pytorch.serve.wlm.WorkerLifeCycle - result=[METRICS]HandlerTime.Milliseconds:37.1|#ModelName:cifar10,Level:Model|#type:GAUGE|#hostname:amin-GF63-Thin-9SCXR,1745576279,0309cdb1-be8b-4f9e-876d-99f388eb1a25, pattern=[METRICS]
2025-04-25T17:17:59,928 [INFO ] W-9000-cifar10_1.0 org.pytorch.serve.wlm.BatchAggregator - Sending response for jobId 0309cdb1-be8b-4f9e-876d-99f388eb1a25
2025-04-25T17:17:59,928 [INFO ] W-9000-cifar10_1.0 org.pytorch.serve.wlm.BatchAggregator - Sending response for jobId 0309cdb1-be8b-4f9e-876d-99f388eb1a25
2025-04-25T17:17:59,928 [INFO ] W-9000-cifar10_1.0-stdout MODEL_METRICS - HandlerTime.ms:37.1|#ModelName:cifar10,Level:Model|#hostname:amin-GF63-Thin-9SCXR,requestID:0309cdb1-be8b-4f9e-876d-99f388eb1a25,timestamp:1745576279
2025-04-25T17:17:59,928 [INFO ] W-9000-cifar10_1.0-stdout org.pytorch.serve.wlm.WorkerLifeCycle - result=[METRICS]PredictionTime.Milliseconds:37.21|#ModelName:cifar10,Level:Model|#type:GAUGE|#hostname:amin-GF63-Thin-9SCXR,1745576279,0309cdb1-be8b-4f9e-876d-99f388eb1a25, pattern=[METRICS]
2025-04-25T17:17:59,928 [INFO ] W-9000-cifar10_1.0-stdout org.pytorch.serve.wlm.WorkerLifeCycle - result=[METRICS]PredictionTime.Milliseconds:37.21|#ModelName:cifar10,Level:Model|#type:GAUGE|#hostname:amin-GF63-Thin-9SCXR,1745576279,0309cdb1-be8b-4f9e-876d-99f388eb1a25, pattern=[METRICS]
2025-04-25T17:17:59,928 [INFO ] W-9000-cifar10_1.0 ACCESS_LOG - /127.0.0.1:32768 "PUT /predictions/cifar10 HTTP/1.1" 200 39
2025-04-25T17:17:59,929 [INFO ] W-9000-cifar10_1.0-stdout MODEL_METRICS - PredictionTime.ms:37.21|#ModelName:cifar10,Level:Model|#hostname:amin-GF63-Thin-9SCXR,requestID:0309cdb1-be8b-4f9e-876d-99f388eb1a25,timestamp:1745576279
2025-04-25T17:17:59,929 [INFO ] W-9000-cifar10_1.0 TS_METRICS - Requests2XX.Count:1.0|#Level:Host|#hostname:amin-GF63-Thin-9SCXR,timestamp:1745576279
2025-04-25T17:17:59,929 [INFO ] W-9000-cifar10_1.0 TS_METRICS - ts_inference_latency_microseconds.Microseconds:38778.577|#model_name:cifar10,model_version:default|#hostname:amin-GF63-Thin-9SCXR,timestamp:1745576279
2025-04-25T17:17:59,929 [INFO ] W-9000-cifar10_1.0 TS_METRICS - ts_queue_latency_microseconds.Microseconds:55.467|#model_name:cifar10,model_version:default|#hostname:amin-GF63-Thin-9SCXR,timestamp:1745576279
2025-04-25T17:17:59,929 [DEBUG] W-9000-cifar10_1.0 org.pytorch.serve.job.RestJob - Waiting time ns: 55467, Backend time ns: 39449605
2025-04-25T17:17:59,929 [DEBUG] W-9000-cifar10_1.0 org.pytorch.serve.job.RestJob - Waiting time ns: 55467, Backend time ns: 39449605
2025-04-25T17:17:59,929 [INFO ] W-9000-cifar10_1.0 TS_METRICS - QueueTime.Milliseconds:0.0|#Level:Host|#hostname:amin-GF63-Thin-9SCXR,timestamp:1745576279
2025-04-25T17:17:59,929 [INFO ] W-9000-cifar10_1.0 org.pytorch.serve.wlm.WorkerThread - Backend response time: 38
2025-04-25T17:17:59,929 [INFO ] W-9000-cifar10_1.0 org.pytorch.serve.wlm.WorkerThread - Backend response time: 38
2025-04-25T17:17:59,929 [INFO ] W-9000-cifar10_1.0 TS_METRICS - WorkerThreadTime.Milliseconds:1.0|#Level:Host|#hostname:amin-GF63-Thin-9SCXR,timestamp:1745576279
2025-04-25T17:18:04,320 [INFO ] epollEventLoopGroup-3-4 TS_METRICS - ts_inference_requests_total.Count:1.0|#model_name:cifar10,model_version:default|#hostname:amin-GF63-Thin-9SCXR,timestamp:1745576284
2025-04-25T17:18:04,320 [DEBUG] W-9000-cifar10_1.0 org.pytorch.serve.wlm.WorkerThread - Flushing req.cmd PREDICT repeats 1 to backend at: 1745576284320
2025-04-25T17:18:04,320 [DEBUG] W-9000-cifar10_1.0 org.pytorch.serve.wlm.WorkerThread - Flushing req.cmd PREDICT repeats 1 to backend at: 1745576284320
2025-04-25T17:18:04,321 [INFO ] W-9000-cifar10_1.0 org.pytorch.serve.wlm.WorkerThread - Looping backend response at: 1745576284321
2025-04-25T17:18:04,321 [INFO ] W-9000-cifar10_1.0 org.pytorch.serve.wlm.WorkerThread - Looping backend response at: 1745576284321
2025-04-25T17:18:04,321 [INFO ] W-9000-cifar10_1.0-stdout MODEL_LOG - Backend received inference at: 1745576284
2025-04-25T17:18:04,342 [INFO ] W-9000-cifar10_1.0-stdout org.pytorch.serve.wlm.WorkerLifeCycle - result=[METRICS]HandlerTime.Milliseconds:20.38|#ModelName:cifar10,Level:Model|#type:GAUGE|#hostname:amin-GF63-Thin-9SCXR,1745576284,21a2e992-e1f9-4179-96bd-d8b354d8ebd6, pattern=[METRICS]
2025-04-25T17:18:04,342 [INFO ] W-9000-cifar10_1.0-stdout org.pytorch.serve.wlm.WorkerLifeCycle - result=[METRICS]HandlerTime.Milliseconds:20.38|#ModelName:cifar10,Level:Model|#type:GAUGE|#hostname:amin-GF63-Thin-9SCXR,1745576284,21a2e992-e1f9-4179-96bd-d8b354d8ebd6, pattern=[METRICS]
2025-04-25T17:18:04,342 [INFO ] W-9000-cifar10_1.0 org.pytorch.serve.wlm.BatchAggregator - Sending response for jobId 21a2e992-e1f9-4179-96bd-d8b354d8ebd6
2025-04-25T17:18:04,342 [INFO ] W-9000-cifar10_1.0 org.pytorch.serve.wlm.BatchAggregator - Sending response for jobId 21a2e992-e1f9-4179-96bd-d8b354d8ebd6
2025-04-25T17:18:04,342 [INFO ] W-9000-cifar10_1.0-stdout MODEL_METRICS - HandlerTime.ms:20.38|#ModelName:cifar10,Level:Model|#hostname:amin-GF63-Thin-9SCXR,requestID:21a2e992-e1f9-4179-96bd-d8b354d8ebd6,timestamp:1745576284
2025-04-25T17:18:04,342 [INFO ] W-9000-cifar10_1.0 ACCESS_LOG - /127.0.0.1:53358 "PUT /predictions/cifar10 HTTP/1.1" 200 23
2025-04-25T17:18:04,342 [INFO ] W-9000-cifar10_1.0-stdout org.pytorch.serve.wlm.WorkerLifeCycle - result=[METRICS]PredictionTime.Milliseconds:20.49|#ModelName:cifar10,Level:Model|#type:GAUGE|#hostname:amin-GF63-Thin-9SCXR,1745576284,21a2e992-e1f9-4179-96bd-d8b354d8ebd6, pattern=[METRICS]
2025-04-25T17:18:04,342 [INFO ] W-9000-cifar10_1.0-stdout org.pytorch.serve.wlm.WorkerLifeCycle - result=[METRICS]PredictionTime.Milliseconds:20.49|#ModelName:cifar10,Level:Model|#type:GAUGE|#hostname:amin-GF63-Thin-9SCXR,1745576284,21a2e992-e1f9-4179-96bd-d8b354d8ebd6, pattern=[METRICS]
2025-04-25T17:18:04,342 [INFO ] W-9000-cifar10_1.0 TS_METRICS - Requests2XX.Count:1.0|#Level:Host|#hostname:amin-GF63-Thin-9SCXR,timestamp:1745576284
2025-04-25T17:18:04,342 [INFO ] W-9000-cifar10_1.0-stdout MODEL_METRICS - PredictionTime.ms:20.49|#ModelName:cifar10,Level:Model|#hostname:amin-GF63-Thin-9SCXR,requestID:21a2e992-e1f9-4179-96bd-d8b354d8ebd6,timestamp:1745576284
2025-04-25T17:18:04,343 [INFO ] W-9000-cifar10_1.0 TS_METRICS - ts_inference_latency_microseconds.Microseconds:21840.595|#model_name:cifar10,model_version:default|#hostname:amin-GF63-Thin-9SCXR,timestamp:1745576284
2025-04-25T17:18:04,343 [INFO ] W-9000-cifar10_1.0 TS_METRICS - ts_queue_latency_microseconds.Microseconds:64.198|#model_name:cifar10,model_version:default|#hostname:amin-GF63-Thin-9SCXR,timestamp:1745576284
2025-04-25T17:18:04,343 [DEBUG] W-9000-cifar10_1.0 org.pytorch.serve.job.RestJob - Waiting time ns: 64198, Backend time ns: 22399539
2025-04-25T17:18:04,343 [DEBUG] W-9000-cifar10_1.0 org.pytorch.serve.job.RestJob - Waiting time ns: 64198, Backend time ns: 22399539
2025-04-25T17:18:04,343 [INFO ] W-9000-cifar10_1.0 TS_METRICS - QueueTime.Milliseconds:0.0|#Level:Host|#hostname:amin-GF63-Thin-9SCXR,timestamp:1745576284
2025-04-25T17:18:04,343 [INFO ] W-9000-cifar10_1.0 org.pytorch.serve.wlm.WorkerThread - Backend response time: 21
2025-04-25T17:18:04,343 [INFO ] W-9000-cifar10_1.0 org.pytorch.serve.wlm.WorkerThread - Backend response time: 21
2025-04-25T17:18:04,343 [INFO ] W-9000-cifar10_1.0 TS_METRICS - WorkerThreadTime.Milliseconds:2.0|#Level:Host|#hostname:amin-GF63-Thin-9SCXR,timestamp:1745576284
2025-04-25T17:18:24,218 [INFO ] epollEventLoopGroup-3-1 TS_METRICS - ts_inference_requests_total.Count:1.0|#model_name:cifar10,model_version:default|#hostname:amin-GF63-Thin-9SCXR,timestamp:1745576304
2025-04-25T17:18:24,219 [DEBUG] W-9000-cifar10_1.0 org.pytorch.serve.wlm.WorkerThread - Flushing req.cmd PREDICT repeats 1 to backend at: 1745576304219
2025-04-25T17:18:24,219 [DEBUG] W-9000-cifar10_1.0 org.pytorch.serve.wlm.WorkerThread - Flushing req.cmd PREDICT repeats 1 to backend at: 1745576304219
2025-04-25T17:18:24,219 [INFO ] W-9000-cifar10_1.0 org.pytorch.serve.wlm.WorkerThread - Looping backend response at: 1745576304219
2025-04-25T17:18:24,219 [INFO ] W-9000-cifar10_1.0 org.pytorch.serve.wlm.WorkerThread - Looping backend response at: 1745576304219
2025-04-25T17:18:24,220 [INFO ] W-9000-cifar10_1.0-stdout MODEL_LOG - Backend received inference at: 1745576304
2025-04-25T17:18:24,253 [INFO ] W-9000-cifar10_1.0-stdout org.pytorch.serve.wlm.WorkerLifeCycle - result=[METRICS]HandlerTime.Milliseconds:32.89|#ModelName:cifar10,Level:Model|#type:GAUGE|#hostname:amin-GF63-Thin-9SCXR,1745576304,c728c463-9b58-4c83-a61e-ab98d2e29d2c, pattern=[METRICS]
2025-04-25T17:18:24,253 [INFO ] W-9000-cifar10_1.0 org.pytorch.serve.wlm.BatchAggregator - Sending response for jobId c728c463-9b58-4c83-a61e-ab98d2e29d2c
2025-04-25T17:18:24,253 [INFO ] W-9000-cifar10_1.0-stdout org.pytorch.serve.wlm.WorkerLifeCycle - result=[METRICS]HandlerTime.Milliseconds:32.89|#ModelName:cifar10,Level:Model|#type:GAUGE|#hostname:amin-GF63-Thin-9SCXR,1745576304,c728c463-9b58-4c83-a61e-ab98d2e29d2c, pattern=[METRICS]
2025-04-25T17:18:24,253 [INFO ] W-9000-cifar10_1.0 org.pytorch.serve.wlm.BatchAggregator - Sending response for jobId c728c463-9b58-4c83-a61e-ab98d2e29d2c
2025-04-25T17:18:24,256 [INFO ] W-9000-cifar10_1.0 ACCESS_LOG - /127.0.0.1:36746 "PUT /predictions/cifar10 HTTP/1.1" 200 38
2025-04-25T17:18:24,256 [INFO ] W-9000-cifar10_1.0-stdout MODEL_METRICS - HandlerTime.ms:32.89|#ModelName:cifar10,Level:Model|#hostname:amin-GF63-Thin-9SCXR,requestID:c728c463-9b58-4c83-a61e-ab98d2e29d2c,timestamp:1745576304
2025-04-25T17:18:24,256 [INFO ] W-9000-cifar10_1.0 TS_METRICS - Requests2XX.Count:1.0|#Level:Host|#hostname:amin-GF63-Thin-9SCXR,timestamp:1745576304
2025-04-25T17:18:24,256 [INFO ] W-9000-cifar10_1.0-stdout org.pytorch.serve.wlm.WorkerLifeCycle - result=[METRICS]PredictionTime.Milliseconds:33.0|#ModelName:cifar10,Level:Model|#type:GAUGE|#hostname:amin-GF63-Thin-9SCXR,1745576304,c728c463-9b58-4c83-a61e-ab98d2e29d2c, pattern=[METRICS]
2025-04-25T17:18:24,256 [INFO ] W-9000-cifar10_1.0-stdout org.pytorch.serve.wlm.WorkerLifeCycle - result=[METRICS]PredictionTime.Milliseconds:33.0|#ModelName:cifar10,Level:Model|#type:GAUGE|#hostname:amin-GF63-Thin-9SCXR,1745576304,c728c463-9b58-4c83-a61e-ab98d2e29d2c, pattern=[METRICS]
2025-04-25T17:18:24,256 [INFO ] W-9000-cifar10_1.0 TS_METRICS - ts_inference_latency_microseconds.Microseconds:34461.58|#model_name:cifar10,model_version:default|#hostname:amin-GF63-Thin-9SCXR,timestamp:1745576304
2025-04-25T17:18:24,256 [INFO ] W-9000-cifar10_1.0-stdout MODEL_METRICS - PredictionTime.ms:33.0|#ModelName:cifar10,Level:Model|#hostname:amin-GF63-Thin-9SCXR,requestID:c728c463-9b58-4c83-a61e-ab98d2e29d2c,timestamp:1745576304
2025-04-25T17:18:24,256 [INFO ] W-9000-cifar10_1.0 TS_METRICS - ts_queue_latency_microseconds.Microseconds:58.707|#model_name:cifar10,model_version:default|#hostname:amin-GF63-Thin-9SCXR,timestamp:1745576304
2025-04-25T17:18:24,256 [DEBUG] W-9000-cifar10_1.0 org.pytorch.serve.job.RestJob - Waiting time ns: 58707, Backend time ns: 37636068
2025-04-25T17:18:24,256 [DEBUG] W-9000-cifar10_1.0 org.pytorch.serve.job.RestJob - Waiting time ns: 58707, Backend time ns: 37636068
2025-04-25T17:18:24,256 [INFO ] W-9000-cifar10_1.0 TS_METRICS - QueueTime.Milliseconds:0.0|#Level:Host|#hostname:amin-GF63-Thin-9SCXR,timestamp:1745576304
2025-04-25T17:18:24,256 [INFO ] W-9000-cifar10_1.0 org.pytorch.serve.wlm.WorkerThread - Backend response time: 34
2025-04-25T17:18:24,256 [INFO ] W-9000-cifar10_1.0 org.pytorch.serve.wlm.WorkerThread - Backend response time: 34
2025-04-25T17:18:24,257 [INFO ] W-9000-cifar10_1.0 TS_METRICS - WorkerThreadTime.Milliseconds:4.0|#Level:Host|#hostname:amin-GF63-Thin-9SCXR,timestamp:1745576304
2025-04-25T17:18:34,782 [WARN ] pool-3-thread-1 org.pytorch.serve.metrics.MetricCollector - Parse metrics failed: NumExpr defaulting to 8 threads.
2025-04-25T17:18:34,782 [WARN ] pool-3-thread-1 org.pytorch.serve.metrics.MetricCollector - Parse metrics failed: NumExpr defaulting to 8 threads.
2025-04-25T17:18:34,991 [INFO ] pool-3-thread-1 TS_METRICS - CPUUtilization.Percent:0.0|#Level:Host|#hostname:amin-GF63-Thin-9SCXR,timestamp:1745576314
2025-04-25T17:18:34,992 [INFO ] pool-3-thread-1 TS_METRICS - DiskAvailable.Gigabytes:0.2437744140625|#Level:Host|#hostname:amin-GF63-Thin-9SCXR,timestamp:1745576314
2025-04-25T17:18:34,992 [INFO ] pool-3-thread-1 TS_METRICS - DiskUsage.Gigabytes:95.98928833007812|#Level:Host|#hostname:amin-GF63-Thin-9SCXR,timestamp:1745576314
2025-04-25T17:18:34,992 [INFO ] pool-3-thread-1 TS_METRICS - DiskUtilization.Percent:99.7|#Level:Host|#hostname:amin-GF63-Thin-9SCXR,timestamp:1745576314
2025-04-25T17:18:34,992 [INFO ] pool-3-thread-1 TS_METRICS - GPUMemoryUtilization.Percent:3.1005859375|#Level:Host,DeviceId:0|#hostname:amin-GF63-Thin-9SCXR,timestamp:1745576314
2025-04-25T17:18:34,992 [INFO ] pool-3-thread-1 TS_METRICS - GPUMemoryUsed.Megabytes:127.0|#Level:Host,DeviceId:0|#hostname:amin-GF63-Thin-9SCXR,timestamp:1745576314
2025-04-25T17:18:34,992 [INFO ] pool-3-thread-1 TS_METRICS - GPUUtilization.Percent:0.0|#Level:Host,DeviceId:0|#hostname:amin-GF63-Thin-9SCXR,timestamp:1745576314
2025-04-25T17:18:34,992 [INFO ] pool-3-thread-1 TS_METRICS - MemoryAvailable.Megabytes:9637.54296875|#Level:Host|#hostname:amin-GF63-Thin-9SCXR,timestamp:1745576314
2025-04-25T17:18:34,992 [INFO ] pool-3-thread-1 TS_METRICS - MemoryUsed.Megabytes:4966.55078125|#Level:Host|#hostname:amin-GF63-Thin-9SCXR,timestamp:1745576314
2025-04-25T17:18:34,993 [INFO ] pool-3-thread-1 TS_METRICS - MemoryUtilization.Percent:39.1|#Level:Host|#hostname:amin-GF63-Thin-9SCXR,timestamp:1745576314
2025-04-25T17:19:34,703 [WARN ] pool-3-thread-1 org.pytorch.serve.metrics.MetricCollector - Parse metrics failed: NumExpr defaulting to 8 threads.
2025-04-25T17:19:34,703 [WARN ] pool-3-thread-1 org.pytorch.serve.metrics.MetricCollector - Parse metrics failed: NumExpr defaulting to 8 threads.
2025-04-25T17:19:34,891 [INFO ] pool-3-thread-1 TS_METRICS - CPUUtilization.Percent:0.0|#Level:Host|#hostname:amin-GF63-Thin-9SCXR,timestamp:1745576374
2025-04-25T17:19:34,892 [INFO ] pool-3-thread-1 TS_METRICS - DiskAvailable.Gigabytes:0.24364852905273438|#Level:Host|#hostname:amin-GF63-Thin-9SCXR,timestamp:1745576374
2025-04-25T17:19:34,892 [INFO ] pool-3-thread-1 TS_METRICS - DiskUsage.Gigabytes:95.98941421508789|#Level:Host|#hostname:amin-GF63-Thin-9SCXR,timestamp:1745576374
2025-04-25T17:19:34,892 [INFO ] pool-3-thread-1 TS_METRICS - DiskUtilization.Percent:99.7|#Level:Host|#hostname:amin-GF63-Thin-9SCXR,timestamp:1745576374
2025-04-25T17:19:34,892 [INFO ] pool-3-thread-1 TS_METRICS - GPUMemoryUtilization.Percent:3.1005859375|#Level:Host,DeviceId:0|#hostname:amin-GF63-Thin-9SCXR,timestamp:1745576374
2025-04-25T17:19:34,892 [INFO ] pool-3-thread-1 TS_METRICS - GPUMemoryUsed.Megabytes:127.0|#Level:Host,DeviceId:0|#hostname:amin-GF63-Thin-9SCXR,timestamp:1745576374
2025-04-25T17:19:34,892 [INFO ] pool-3-thread-1 TS_METRICS - GPUUtilization.Percent:0.0|#Level:Host,DeviceId:0|#hostname:amin-GF63-Thin-9SCXR,timestamp:1745576374
2025-04-25T17:19:34,892 [INFO ] pool-3-thread-1 TS_METRICS - MemoryAvailable.Megabytes:9609.85546875|#Level:Host|#hostname:amin-GF63-Thin-9SCXR,timestamp:1745576374
2025-04-25T17:19:34,893 [INFO ] pool-3-thread-1 TS_METRICS - MemoryUsed.Megabytes:4958.9765625|#Level:Host|#hostname:amin-GF63-Thin-9SCXR,timestamp:1745576374
2025-04-25T17:19:34,893 [INFO ] pool-3-thread-1 TS_METRICS - MemoryUtilization.Percent:39.3|#Level:Host|#hostname:amin-GF63-Thin-9SCXR,timestamp:1745576374
2025-04-25T17:20:34,684 [WARN ] pool-3-thread-1 org.pytorch.serve.metrics.MetricCollector - Parse metrics failed: NumExpr defaulting to 8 threads.
2025-04-25T17:20:34,684 [WARN ] pool-3-thread-1 org.pytorch.serve.metrics.MetricCollector - Parse metrics failed: NumExpr defaulting to 8 threads.
2025-04-25T17:20:34,861 [INFO ] pool-3-thread-1 TS_METRICS - CPUUtilization.Percent:0.0|#Level:Host|#hostname:amin-GF63-Thin-9SCXR,timestamp:1745576434
2025-04-25T17:20:34,861 [INFO ] pool-3-thread-1 TS_METRICS - DiskAvailable.Gigabytes:0.2439422607421875|#Level:Host|#hostname:amin-GF63-Thin-9SCXR,timestamp:1745576434
2025-04-25T17:20:34,861 [INFO ] pool-3-thread-1 TS_METRICS - DiskUsage.Gigabytes:95.98912048339844|#Level:Host|#hostname:amin-GF63-Thin-9SCXR,timestamp:1745576434
2025-04-25T17:20:34,862 [INFO ] pool-3-thread-1 TS_METRICS - DiskUtilization.Percent:99.7|#Level:Host|#hostname:amin-GF63-Thin-9SCXR,timestamp:1745576434
2025-04-25T17:20:34,862 [INFO ] pool-3-thread-1 TS_METRICS - GPUMemoryUtilization.Percent:3.1005859375|#Level:Host,DeviceId:0|#hostname:amin-GF63-Thin-9SCXR,timestamp:1745576434
2025-04-25T17:20:34,862 [INFO ] pool-3-thread-1 TS_METRICS - GPUMemoryUsed.Megabytes:127.0|#Level:Host,DeviceId:0|#hostname:amin-GF63-Thin-9SCXR,timestamp:1745576434
2025-04-25T17:20:34,862 [INFO ] pool-3-thread-1 TS_METRICS - GPUUtilization.Percent:0.0|#Level:Host,DeviceId:0|#hostname:amin-GF63-Thin-9SCXR,timestamp:1745576434
2025-04-25T17:20:34,862 [INFO ] pool-3-thread-1 TS_METRICS - MemoryAvailable.Megabytes:9488.109375|#Level:Host|#hostname:amin-GF63-Thin-9SCXR,timestamp:1745576434
2025-04-25T17:20:34,862 [INFO ] pool-3-thread-1 TS_METRICS - MemoryUsed.Megabytes:5050.38671875|#Level:Host|#hostname:amin-GF63-Thin-9SCXR,timestamp:1745576434
2025-04-25T17:20:34,862 [INFO ] pool-3-thread-1 TS_METRICS - MemoryUtilization.Percent:40.1|#Level:Host|#hostname:amin-GF63-Thin-9SCXR,timestamp:1745576434
2025-04-25T17:21:34,733 [WARN ] pool-3-thread-1 org.pytorch.serve.metrics.MetricCollector - Parse metrics failed: NumExpr defaulting to 8 threads.
2025-04-25T17:21:34,733 [WARN ] pool-3-thread-1 org.pytorch.serve.metrics.MetricCollector - Parse metrics failed: NumExpr defaulting to 8 threads.
2025-04-25T17:21:34,914 [INFO ] pool-3-thread-1 TS_METRICS - CPUUtilization.Percent:0.0|#Level:Host|#hostname:amin-GF63-Thin-9SCXR,timestamp:1745576494
2025-04-25T17:21:34,914 [INFO ] pool-3-thread-1 TS_METRICS - DiskAvailable.Gigabytes:0.24350357055664062|#Level:Host|#hostname:amin-GF63-Thin-9SCXR,timestamp:1745576494
2025-04-25T17:21:34,914 [INFO ] pool-3-thread-1 TS_METRICS - DiskUsage.Gigabytes:95.98955917358398|#Level:Host|#hostname:amin-GF63-Thin-9SCXR,timestamp:1745576494
2025-04-25T17:21:34,915 [INFO ] pool-3-thread-1 TS_METRICS - DiskUtilization.Percent:99.7|#Level:Host|#hostname:amin-GF63-Thin-9SCXR,timestamp:1745576494
2025-04-25T17:21:34,915 [INFO ] pool-3-thread-1 TS_METRICS - GPUMemoryUtilization.Percent:3.1005859375|#Level:Host,DeviceId:0|#hostname:amin-GF63-Thin-9SCXR,timestamp:1745576494
2025-04-25T17:21:34,915 [INFO ] pool-3-thread-1 TS_METRICS - GPUMemoryUsed.Megabytes:127.0|#Level:Host,DeviceId:0|#hostname:amin-GF63-Thin-9SCXR,timestamp:1745576494
2025-04-25T17:21:34,915 [INFO ] pool-3-thread-1 TS_METRICS - GPUUtilization.Percent:0.0|#Level:Host,DeviceId:0|#hostname:amin-GF63-Thin-9SCXR,timestamp:1745576494
2025-04-25T17:21:34,915 [INFO ] pool-3-thread-1 TS_METRICS - MemoryAvailable.Megabytes:9555.19140625|#Level:Host|#hostname:amin-GF63-Thin-9SCXR,timestamp:1745576494
2025-04-25T17:21:34,915 [INFO ] pool-3-thread-1 TS_METRICS - MemoryUsed.Megabytes:5041.2890625|#Level:Host|#hostname:amin-GF63-Thin-9SCXR,timestamp:1745576494
2025-04-25T17:21:34,915 [INFO ] pool-3-thread-1 TS_METRICS - MemoryUtilization.Percent:39.7|#Level:Host|#hostname:amin-GF63-Thin-9SCXR,timestamp:1745576494
2025-04-25T17:22:34,714 [WARN ] pool-3-thread-1 org.pytorch.serve.metrics.MetricCollector - Parse metrics failed: NumExpr defaulting to 8 threads.
2025-04-25T17:22:34,714 [WARN ] pool-3-thread-1 org.pytorch.serve.metrics.MetricCollector - Parse metrics failed: NumExpr defaulting to 8 threads.
2025-04-25T17:22:34,904 [INFO ] pool-3-thread-1 TS_METRICS - CPUUtilization.Percent:0.0|#Level:Host|#hostname:amin-GF63-Thin-9SCXR,timestamp:1745576554
2025-04-25T17:22:34,904 [INFO ] pool-3-thread-1 TS_METRICS - DiskAvailable.Gigabytes:0.24340438842773438|#Level:Host|#hostname:amin-GF63-Thin-9SCXR,timestamp:1745576554
2025-04-25T17:22:34,904 [INFO ] pool-3-thread-1 TS_METRICS - DiskUsage.Gigabytes:95.98965835571289|#Level:Host|#hostname:amin-GF63-Thin-9SCXR,timestamp:1745576554
2025-04-25T17:22:34,905 [INFO ] pool-3-thread-1 TS_METRICS - DiskUtilization.Percent:99.7|#Level:Host|#hostname:amin-GF63-Thin-9SCXR,timestamp:1745576554
2025-04-25T17:22:34,905 [INFO ] pool-3-thread-1 TS_METRICS - GPUMemoryUtilization.Percent:3.1005859375|#Level:Host,DeviceId:0|#hostname:amin-GF63-Thin-9SCXR,timestamp:1745576554
2025-04-25T17:22:34,905 [INFO ] pool-3-thread-1 TS_METRICS - GPUMemoryUsed.Megabytes:127.0|#Level:Host,DeviceId:0|#hostname:amin-GF63-Thin-9SCXR,timestamp:1745576554
2025-04-25T17:22:34,905 [INFO ] pool-3-thread-1 TS_METRICS - GPUUtilization.Percent:0.0|#Level:Host,DeviceId:0|#hostname:amin-GF63-Thin-9SCXR,timestamp:1745576554
2025-04-25T17:22:34,905 [INFO ] pool-3-thread-1 TS_METRICS - MemoryAvailable.Megabytes:9530.6328125|#Level:Host|#hostname:amin-GF63-Thin-9SCXR,timestamp:1745576554
2025-04-25T17:22:34,905 [INFO ] pool-3-thread-1 TS_METRICS - MemoryUsed.Megabytes:5065.3984375|#Level:Host|#hostname:amin-GF63-Thin-9SCXR,timestamp:1745576554
2025-04-25T17:22:34,905 [INFO ] pool-3-thread-1 TS_METRICS - MemoryUtilization.Percent:39.8|#Level:Host|#hostname:amin-GF63-Thin-9SCXR,timestamp:1745576554
2025-04-25T17:23:34,687 [WARN ] pool-3-thread-1 org.pytorch.serve.metrics.MetricCollector - Parse metrics failed: NumExpr defaulting to 8 threads.
2025-04-25T17:23:34,687 [WARN ] pool-3-thread-1 org.pytorch.serve.metrics.MetricCollector - Parse metrics failed: NumExpr defaulting to 8 threads.
2025-04-25T17:23:34,867 [INFO ] pool-3-thread-1 TS_METRICS - CPUUtilization.Percent:0.0|#Level:Host|#hostname:amin-GF63-Thin-9SCXR,timestamp:1745576614
2025-04-25T17:23:34,867 [INFO ] pool-3-thread-1 TS_METRICS - DiskAvailable.Gigabytes:0.24337387084960938|#Level:Host|#hostname:amin-GF63-Thin-9SCXR,timestamp:1745576614
2025-04-25T17:23:34,867 [INFO ] pool-3-thread-1 TS_METRICS - DiskUsage.Gigabytes:95.98968887329102|#Level:Host|#hostname:amin-GF63-Thin-9SCXR,timestamp:1745576614
2025-04-25T17:23:34,867 [INFO ] pool-3-thread-1 TS_METRICS - DiskUtilization.Percent:99.7|#Level:Host|#hostname:amin-GF63-Thin-9SCXR,timestamp:1745576614
2025-04-25T17:23:34,867 [INFO ] pool-3-thread-1 TS_METRICS - GPUMemoryUtilization.Percent:3.1005859375|#Level:Host,DeviceId:0|#hostname:amin-GF63-Thin-9SCXR,timestamp:1745576614
2025-04-25T17:23:34,868 [INFO ] pool-3-thread-1 TS_METRICS - GPUMemoryUsed.Megabytes:127.0|#Level:Host,DeviceId:0|#hostname:amin-GF63-Thin-9SCXR,timestamp:1745576614
2025-04-25T17:23:34,868 [INFO ] pool-3-thread-1 TS_METRICS - GPUUtilization.Percent:0.0|#Level:Host,DeviceId:0|#hostname:amin-GF63-Thin-9SCXR,timestamp:1745576614
2025-04-25T17:23:34,868 [INFO ] pool-3-thread-1 TS_METRICS - MemoryAvailable.Megabytes:9549.91015625|#Level:Host|#hostname:amin-GF63-Thin-9SCXR,timestamp:1745576614
2025-04-25T17:23:34,868 [INFO ] pool-3-thread-1 TS_METRICS - MemoryUsed.Megabytes:5047.0546875|#Level:Host|#hostname:amin-GF63-Thin-9SCXR,timestamp:1745576614
2025-04-25T17:23:34,868 [INFO ] pool-3-thread-1 TS_METRICS - MemoryUtilization.Percent:39.7|#Level:Host|#hostname:amin-GF63-Thin-9SCXR,timestamp:1745576614
2025-04-25T17:24:34,719 [WARN ] pool-3-thread-1 org.pytorch.serve.metrics.MetricCollector - Parse metrics failed: NumExpr defaulting to 8 threads.
2025-04-25T17:24:34,719 [WARN ] pool-3-thread-1 org.pytorch.serve.metrics.MetricCollector - Parse metrics failed: NumExpr defaulting to 8 threads.
2025-04-25T17:24:34,892 [INFO ] pool-3-thread-1 TS_METRICS - CPUUtilization.Percent:0.0|#Level:Host|#hostname:amin-GF63-Thin-9SCXR,timestamp:1745576674
2025-04-25T17:24:34,893 [INFO ] pool-3-thread-1 TS_METRICS - DiskAvailable.Gigabytes:0.24332427978515625|#Level:Host|#hostname:amin-GF63-Thin-9SCXR,timestamp:1745576674
2025-04-25T17:24:34,893 [INFO ] pool-3-thread-1 TS_METRICS - DiskUsage.Gigabytes:95.98973846435547|#Level:Host|#hostname:amin-GF63-Thin-9SCXR,timestamp:1745576674
2025-04-25T17:24:34,893 [INFO ] pool-3-thread-1 TS_METRICS - DiskUtilization.Percent:99.7|#Level:Host|#hostname:amin-GF63-Thin-9SCXR,timestamp:1745576674
2025-04-25T17:24:34,893 [INFO ] pool-3-thread-1 TS_METRICS - GPUMemoryUtilization.Percent:3.1005859375|#Level:Host,DeviceId:0|#hostname:amin-GF63-Thin-9SCXR,timestamp:1745576674
2025-04-25T17:24:34,893 [INFO ] pool-3-thread-1 TS_METRICS - GPUMemoryUsed.Megabytes:127.0|#Level:Host,DeviceId:0|#hostname:amin-GF63-Thin-9SCXR,timestamp:1745576674
2025-04-25T17:24:34,893 [INFO ] pool-3-thread-1 TS_METRICS - GPUUtilization.Percent:0.0|#Level:Host,DeviceId:0|#hostname:amin-GF63-Thin-9SCXR,timestamp:1745576674
2025-04-25T17:24:34,893 [INFO ] pool-3-thread-1 TS_METRICS - MemoryAvailable.Megabytes:9552.0078125|#Level:Host|#hostname:amin-GF63-Thin-9SCXR,timestamp:1745576674
2025-04-25T17:24:34,894 [INFO ] pool-3-thread-1 TS_METRICS - MemoryUsed.Megabytes:5039.32421875|#Level:Host|#hostname:amin-GF63-Thin-9SCXR,timestamp:1745576674
2025-04-25T17:24:34,894 [INFO ] pool-3-thread-1 TS_METRICS - MemoryUtilization.Percent:39.7|#Level:Host|#hostname:amin-GF63-Thin-9SCXR,timestamp:1745576674
2025-04-25T17:25:34,735 [WARN ] pool-3-thread-1 org.pytorch.serve.metrics.MetricCollector - Parse metrics failed: NumExpr defaulting to 8 threads.
2025-04-25T17:25:34,735 [WARN ] pool-3-thread-1 org.pytorch.serve.metrics.MetricCollector - Parse metrics failed: NumExpr defaulting to 8 threads.
2025-04-25T17:25:34,922 [INFO ] pool-3-thread-1 TS_METRICS - CPUUtilization.Percent:0.0|#Level:Host|#hostname:amin-GF63-Thin-9SCXR,timestamp:1745576734
2025-04-25T17:25:34,922 [INFO ] pool-3-thread-1 TS_METRICS - DiskAvailable.Gigabytes:0.2432098388671875|#Level:Host|#hostname:amin-GF63-Thin-9SCXR,timestamp:1745576734
2025-04-25T17:25:34,922 [INFO ] pool-3-thread-1 TS_METRICS - DiskUsage.Gigabytes:95.98985290527344|#Level:Host|#hostname:amin-GF63-Thin-9SCXR,timestamp:1745576734
2025-04-25T17:25:34,922 [INFO ] pool-3-thread-1 TS_METRICS - DiskUtilization.Percent:99.7|#Level:Host|#hostname:amin-GF63-Thin-9SCXR,timestamp:1745576734
2025-04-25T17:25:34,922 [INFO ] pool-3-thread-1 TS_METRICS - GPUMemoryUtilization.Percent:3.1005859375|#Level:Host,DeviceId:0|#hostname:amin-GF63-Thin-9SCXR,timestamp:1745576734
2025-04-25T17:25:34,923 [INFO ] pool-3-thread-1 TS_METRICS - GPUMemoryUsed.Megabytes:127.0|#Level:Host,DeviceId:0|#hostname:amin-GF63-Thin-9SCXR,timestamp:1745576734
2025-04-25T17:25:34,923 [INFO ] pool-3-thread-1 TS_METRICS - GPUUtilization.Percent:0.0|#Level:Host,DeviceId:0|#hostname:amin-GF63-Thin-9SCXR,timestamp:1745576734
2025-04-25T17:25:34,923 [INFO ] pool-3-thread-1 TS_METRICS - MemoryAvailable.Megabytes:9553.3046875|#Level:Host|#hostname:amin-GF63-Thin-9SCXR,timestamp:1745576734
2025-04-25T17:25:34,923 [INFO ] pool-3-thread-1 TS_METRICS - MemoryUsed.Megabytes:5103.65625|#Level:Host|#hostname:amin-GF63-Thin-9SCXR,timestamp:1745576734
2025-04-25T17:25:34,923 [INFO ] pool-3-thread-1 TS_METRICS - MemoryUtilization.Percent:39.7|#Level:Host|#hostname:amin-GF63-Thin-9SCXR,timestamp:1745576734
2025-04-25T17:26:34,681 [WARN ] pool-3-thread-1 org.pytorch.serve.metrics.MetricCollector - Parse metrics failed: NumExpr defaulting to 8 threads.
2025-04-25T17:26:34,681 [WARN ] pool-3-thread-1 org.pytorch.serve.metrics.MetricCollector - Parse metrics failed: NumExpr defaulting to 8 threads.
2025-04-25T17:26:34,856 [INFO ] pool-3-thread-1 TS_METRICS - CPUUtilization.Percent:0.0|#Level:Host|#hostname:amin-GF63-Thin-9SCXR,timestamp:1745576794
2025-04-25T17:26:34,856 [INFO ] pool-3-thread-1 TS_METRICS - DiskAvailable.Gigabytes:0.24300384521484375|#Level:Host|#hostname:amin-GF63-Thin-9SCXR,timestamp:1745576794
2025-04-25T17:26:34,857 [INFO ] pool-3-thread-1 TS_METRICS - DiskUsage.Gigabytes:95.99005889892578|#Level:Host|#hostname:amin-GF63-Thin-9SCXR,timestamp:1745576794
2025-04-25T17:26:34,857 [INFO ] pool-3-thread-1 TS_METRICS - DiskUtilization.Percent:99.7|#Level:Host|#hostname:amin-GF63-Thin-9SCXR,timestamp:1745576794
2025-04-25T17:26:34,857 [INFO ] pool-3-thread-1 TS_METRICS - GPUMemoryUtilization.Percent:3.1005859375|#Level:Host,DeviceId:0|#hostname:amin-GF63-Thin-9SCXR,timestamp:1745576794
2025-04-25T17:26:34,857 [INFO ] pool-3-thread-1 TS_METRICS - GPUMemoryUsed.Megabytes:127.0|#Level:Host,DeviceId:0|#hostname:amin-GF63-Thin-9SCXR,timestamp:1745576794
2025-04-25T17:26:34,857 [INFO ] pool-3-thread-1 TS_METRICS - GPUUtilization.Percent:0.0|#Level:Host,DeviceId:0|#hostname:amin-GF63-Thin-9SCXR,timestamp:1745576794
2025-04-25T17:26:34,857 [INFO ] pool-3-thread-1 TS_METRICS - MemoryAvailable.Megabytes:9594.65625|#Level:Host|#hostname:amin-GF63-Thin-9SCXR,timestamp:1745576794
2025-04-25T17:26:34,857 [INFO ] pool-3-thread-1 TS_METRICS - MemoryUsed.Megabytes:5055.2421875|#Level:Host|#hostname:amin-GF63-Thin-9SCXR,timestamp:1745576794
2025-04-25T17:26:34,857 [INFO ] pool-3-thread-1 TS_METRICS - MemoryUtilization.Percent:39.4|#Level:Host|#hostname:amin-GF63-Thin-9SCXR,timestamp:1745576794
2025-04-25T17:27:34,715 [WARN ] pool-3-thread-1 org.pytorch.serve.metrics.MetricCollector - Parse metrics failed: NumExpr defaulting to 8 threads.
2025-04-25T17:27:34,715 [WARN ] pool-3-thread-1 org.pytorch.serve.metrics.MetricCollector - Parse metrics failed: NumExpr defaulting to 8 threads.
2025-04-25T17:27:34,933 [INFO ] pool-3-thread-1 TS_METRICS - CPUUtilization.Percent:0.0|#Level:Host|#hostname:amin-GF63-Thin-9SCXR,timestamp:1745576854
2025-04-25T17:27:34,933 [INFO ] pool-3-thread-1 TS_METRICS - DiskAvailable.Gigabytes:0.24283218383789062|#Level:Host|#hostname:amin-GF63-Thin-9SCXR,timestamp:1745576854
2025-04-25T17:27:34,933 [INFO ] pool-3-thread-1 TS_METRICS - DiskUsage.Gigabytes:95.99023056030273|#Level:Host|#hostname:amin-GF63-Thin-9SCXR,timestamp:1745576854
2025-04-25T17:27:34,933 [INFO ] pool-3-thread-1 TS_METRICS - DiskUtilization.Percent:99.7|#Level:Host|#hostname:amin-GF63-Thin-9SCXR,timestamp:1745576854
2025-04-25T17:27:34,933 [INFO ] pool-3-thread-1 TS_METRICS - GPUMemoryUtilization.Percent:3.1005859375|#Level:Host,DeviceId:0|#hostname:amin-GF63-Thin-9SCXR,timestamp:1745576854
2025-04-25T17:27:34,933 [INFO ] pool-3-thread-1 TS_METRICS - GPUMemoryUsed.Megabytes:127.0|#Level:Host,DeviceId:0|#hostname:amin-GF63-Thin-9SCXR,timestamp:1745576854
2025-04-25T17:27:34,934 [INFO ] pool-3-thread-1 TS_METRICS - GPUUtilization.Percent:0.0|#Level:Host,DeviceId:0|#hostname:amin-GF63-Thin-9SCXR,timestamp:1745576854
2025-04-25T17:27:34,934 [INFO ] pool-3-thread-1 TS_METRICS - MemoryAvailable.Megabytes:9456.703125|#Level:Host|#hostname:amin-GF63-Thin-9SCXR,timestamp:1745576854
2025-04-25T17:27:34,934 [INFO ] pool-3-thread-1 TS_METRICS - MemoryUsed.Megabytes:5113.5859375|#Level:Host|#hostname:amin-GF63-Thin-9SCXR,timestamp:1745576854
2025-04-25T17:27:34,934 [INFO ] pool-3-thread-1 TS_METRICS - MemoryUtilization.Percent:40.3|#Level:Host|#hostname:amin-GF63-Thin-9SCXR,timestamp:1745576854
2025-04-25T17:28:34,703 [WARN ] pool-3-thread-1 org.pytorch.serve.metrics.MetricCollector - Parse metrics failed: NumExpr defaulting to 8 threads.
2025-04-25T17:28:34,703 [WARN ] pool-3-thread-1 org.pytorch.serve.metrics.MetricCollector - Parse metrics failed: NumExpr defaulting to 8 threads.
2025-04-25T17:28:34,882 [INFO ] pool-3-thread-1 TS_METRICS - CPUUtilization.Percent:0.0|#Level:Host|#hostname:amin-GF63-Thin-9SCXR,timestamp:1745576914
2025-04-25T17:28:34,882 [INFO ] pool-3-thread-1 TS_METRICS - DiskAvailable.Gigabytes:0.242706298828125|#Level:Host|#hostname:amin-GF63-Thin-9SCXR,timestamp:1745576914
2025-04-25T17:28:34,883 [INFO ] pool-3-thread-1 TS_METRICS - DiskUsage.Gigabytes:95.9903564453125|#Level:Host|#hostname:amin-GF63-Thin-9SCXR,timestamp:1745576914
2025-04-25T17:28:34,883 [INFO ] pool-3-thread-1 TS_METRICS - DiskUtilization.Percent:99.7|#Level:Host|#hostname:amin-GF63-Thin-9SCXR,timestamp:1745576914
2025-04-25T17:28:34,883 [INFO ] pool-3-thread-1 TS_METRICS - GPUMemoryUtilization.Percent:3.1005859375|#Level:Host,DeviceId:0|#hostname:amin-GF63-Thin-9SCXR,timestamp:1745576914
2025-04-25T17:28:34,883 [INFO ] pool-3-thread-1 TS_METRICS - GPUMemoryUsed.Megabytes:127.0|#Level:Host,DeviceId:0|#hostname:amin-GF63-Thin-9SCXR,timestamp:1745576914
2025-04-25T17:28:34,883 [INFO ] pool-3-thread-1 TS_METRICS - GPUUtilization.Percent:0.0|#Level:Host,DeviceId:0|#hostname:amin-GF63-Thin-9SCXR,timestamp:1745576914
2025-04-25T17:28:34,883 [INFO ] pool-3-thread-1 TS_METRICS - MemoryAvailable.Megabytes:9549.5078125|#Level:Host|#hostname:amin-GF63-Thin-9SCXR,timestamp:1745576914
2025-04-25T17:28:34,883 [INFO ] pool-3-thread-1 TS_METRICS - MemoryUsed.Megabytes:5054.296875|#Level:Host|#hostname:amin-GF63-Thin-9SCXR,timestamp:1745576914
2025-04-25T17:28:34,883 [INFO ] pool-3-thread-1 TS_METRICS - MemoryUtilization.Percent:39.7|#Level:Host|#hostname:amin-GF63-Thin-9SCXR,timestamp:1745576914
2025-04-25T17:29:34,723 [WARN ] pool-3-thread-1 org.pytorch.serve.metrics.MetricCollector - Parse metrics failed: NumExpr defaulting to 8 threads.
2025-04-25T17:29:34,723 [WARN ] pool-3-thread-1 org.pytorch.serve.metrics.MetricCollector - Parse metrics failed: NumExpr defaulting to 8 threads.
2025-04-25T17:29:34,899 [INFO ] pool-3-thread-1 TS_METRICS - CPUUtilization.Percent:0.0|#Level:Host|#hostname:amin-GF63-Thin-9SCXR,timestamp:1745576974
2025-04-25T17:29:34,899 [INFO ] pool-3-thread-1 TS_METRICS - DiskAvailable.Gigabytes:0.24253463745117188|#Level:Host|#hostname:amin-GF63-Thin-9SCXR,timestamp:1745576974
2025-04-25T17:29:34,899 [INFO ] pool-3-thread-1 TS_METRICS - DiskUsage.Gigabytes:95.99052810668945|#Level:Host|#hostname:amin-GF63-Thin-9SCXR,timestamp:1745576974
2025-04-25T17:29:34,899 [INFO ] pool-3-thread-1 TS_METRICS - DiskUtilization.Percent:99.7|#Level:Host|#hostname:amin-GF63-Thin-9SCXR,timestamp:1745576974
2025-04-25T17:29:34,899 [INFO ] pool-3-thread-1 TS_METRICS - GPUMemoryUtilization.Percent:3.1005859375|#Level:Host,DeviceId:0|#hostname:amin-GF63-Thin-9SCXR,timestamp:1745576974
2025-04-25T17:29:34,900 [INFO ] pool-3-thread-1 TS_METRICS - GPUMemoryUsed.Megabytes:127.0|#Level:Host,DeviceId:0|#hostname:amin-GF63-Thin-9SCXR,timestamp:1745576974
2025-04-25T17:29:34,900 [INFO ] pool-3-thread-1 TS_METRICS - GPUUtilization.Percent:0.0|#Level:Host,DeviceId:0|#hostname:amin-GF63-Thin-9SCXR,timestamp:1745576974
2025-04-25T17:29:34,900 [INFO ] pool-3-thread-1 TS_METRICS - MemoryAvailable.Megabytes:9521.24609375|#Level:Host|#hostname:amin-GF63-Thin-9SCXR,timestamp:1745576974
2025-04-25T17:29:34,900 [INFO ] pool-3-thread-1 TS_METRICS - MemoryUsed.Megabytes:5132.08203125|#Level:Host|#hostname:amin-GF63-Thin-9SCXR,timestamp:1745576974
2025-04-25T17:29:34,900 [INFO ] pool-3-thread-1 TS_METRICS - MemoryUtilization.Percent:39.9|#Level:Host|#hostname:amin-GF63-Thin-9SCXR,timestamp:1745576974
2025-04-25T17:30:34,691 [WARN ] pool-3-thread-1 org.pytorch.serve.metrics.MetricCollector - Parse metrics failed: NumExpr defaulting to 8 threads.
2025-04-25T17:30:34,691 [WARN ] pool-3-thread-1 org.pytorch.serve.metrics.MetricCollector - Parse metrics failed: NumExpr defaulting to 8 threads.
2025-04-25T17:30:34,874 [INFO ] pool-3-thread-1 TS_METRICS - CPUUtilization.Percent:0.0|#Level:Host|#hostname:amin-GF63-Thin-9SCXR,timestamp:1745577034
2025-04-25T17:30:34,874 [INFO ] pool-3-thread-1 TS_METRICS - DiskAvailable.Gigabytes:0.24242782592773438|#Level:Host|#hostname:amin-GF63-Thin-9SCXR,timestamp:1745577034
2025-04-25T17:30:34,874 [INFO ] pool-3-thread-1 TS_METRICS - DiskUsage.Gigabytes:95.99063491821289|#Level:Host|#hostname:amin-GF63-Thin-9SCXR,timestamp:1745577034
2025-04-25T17:30:34,874 [INFO ] pool-3-thread-1 TS_METRICS - DiskUtilization.Percent:99.7|#Level:Host|#hostname:amin-GF63-Thin-9SCXR,timestamp:1745577034
2025-04-25T17:30:34,874 [INFO ] pool-3-thread-1 TS_METRICS - GPUMemoryUtilization.Percent:3.1005859375|#Level:Host,DeviceId:0|#hostname:amin-GF63-Thin-9SCXR,timestamp:1745577034
2025-04-25T17:30:34,874 [INFO ] pool-3-thread-1 TS_METRICS - GPUMemoryUsed.Megabytes:127.0|#Level:Host,DeviceId:0|#hostname:amin-GF63-Thin-9SCXR,timestamp:1745577034
2025-04-25T17:30:34,874 [INFO ] pool-3-thread-1 TS_METRICS - GPUUtilization.Percent:0.0|#Level:Host,DeviceId:0|#hostname:amin-GF63-Thin-9SCXR,timestamp:1745577034
2025-04-25T17:30:34,874 [INFO ] pool-3-thread-1 TS_METRICS - MemoryAvailable.Megabytes:9562.82421875|#Level:Host|#hostname:amin-GF63-Thin-9SCXR,timestamp:1745577034
2025-04-25T17:30:34,874 [INFO ] pool-3-thread-1 TS_METRICS - MemoryUsed.Megabytes:5089.92578125|#Level:Host|#hostname:amin-GF63-Thin-9SCXR,timestamp:1745577034
2025-04-25T17:30:34,875 [INFO ] pool-3-thread-1 TS_METRICS - MemoryUtilization.Percent:39.6|#Level:Host|#hostname:amin-GF63-Thin-9SCXR,timestamp:1745577034
2025-04-25T17:31:34,697 [WARN ] pool-3-thread-1 org.pytorch.serve.metrics.MetricCollector - Parse metrics failed: NumExpr defaulting to 8 threads.
2025-04-25T17:31:34,697 [WARN ] pool-3-thread-1 org.pytorch.serve.metrics.MetricCollector - Parse metrics failed: NumExpr defaulting to 8 threads.
2025-04-25T17:31:34,891 [INFO ] pool-3-thread-1 TS_METRICS - CPUUtilization.Percent:50.0|#Level:Host|#hostname:amin-GF63-Thin-9SCXR,timestamp:1745577094
2025-04-25T17:31:34,891 [INFO ] pool-3-thread-1 TS_METRICS - DiskAvailable.Gigabytes:0.24207687377929688|#Level:Host|#hostname:amin-GF63-Thin-9SCXR,timestamp:1745577094
2025-04-25T17:31:34,892 [INFO ] pool-3-thread-1 TS_METRICS - DiskUsage.Gigabytes:95.99098587036133|#Level:Host|#hostname:amin-GF63-Thin-9SCXR,timestamp:1745577094
2025-04-25T17:31:34,892 [INFO ] pool-3-thread-1 TS_METRICS - DiskUtilization.Percent:99.7|#Level:Host|#hostname:amin-GF63-Thin-9SCXR,timestamp:1745577094
2025-04-25T17:31:34,892 [INFO ] pool-3-thread-1 TS_METRICS - GPUMemoryUtilization.Percent:3.1005859375|#Level:Host,DeviceId:0|#hostname:amin-GF63-Thin-9SCXR,timestamp:1745577094
2025-04-25T17:31:34,892 [INFO ] pool-3-thread-1 TS_METRICS - GPUMemoryUsed.Megabytes:127.0|#Level:Host,DeviceId:0|#hostname:amin-GF63-Thin-9SCXR,timestamp:1745577094
2025-04-25T17:31:34,892 [INFO ] pool-3-thread-1 TS_METRICS - GPUUtilization.Percent:0.0|#Level:Host,DeviceId:0|#hostname:amin-GF63-Thin-9SCXR,timestamp:1745577094
2025-04-25T17:31:34,892 [INFO ] pool-3-thread-1 TS_METRICS - MemoryAvailable.Megabytes:9465.55078125|#Level:Host|#hostname:amin-GF63-Thin-9SCXR,timestamp:1745577094
2025-04-25T17:31:34,892 [INFO ] pool-3-thread-1 TS_METRICS - MemoryUsed.Megabytes:5196.9453125|#Level:Host|#hostname:amin-GF63-Thin-9SCXR,timestamp:1745577094
2025-04-25T17:31:34,892 [INFO ] pool-3-thread-1 TS_METRICS - MemoryUtilization.Percent:40.2|#Level:Host|#hostname:amin-GF63-Thin-9SCXR,timestamp:1745577094
2025-04-25T17:32:34,719 [WARN ] pool-3-thread-1 org.pytorch.serve.metrics.MetricCollector - Parse metrics failed: NumExpr defaulting to 8 threads.
2025-04-25T17:32:34,719 [WARN ] pool-3-thread-1 org.pytorch.serve.metrics.MetricCollector - Parse metrics failed: NumExpr defaulting to 8 threads.
2025-04-25T17:32:34,896 [INFO ] pool-3-thread-1 TS_METRICS - CPUUtilization.Percent:0.0|#Level:Host|#hostname:amin-GF63-Thin-9SCXR,timestamp:1745577154
2025-04-25T17:32:34,896 [INFO ] pool-3-thread-1 TS_METRICS - DiskAvailable.Gigabytes:0.24200820922851562|#Level:Host|#hostname:amin-GF63-Thin-9SCXR,timestamp:1745577154
2025-04-25T17:32:34,907 [INFO ] pool-3-thread-1 TS_METRICS - DiskUsage.Gigabytes:95.99105453491211|#Level:Host|#hostname:amin-GF63-Thin-9SCXR,timestamp:1745577154
2025-04-25T17:32:34,907 [INFO ] pool-3-thread-1 TS_METRICS - DiskUtilization.Percent:99.7|#Level:Host|#hostname:amin-GF63-Thin-9SCXR,timestamp:1745577154
2025-04-25T17:32:34,907 [INFO ] pool-3-thread-1 TS_METRICS - GPUMemoryUtilization.Percent:3.1005859375|#Level:Host,DeviceId:0|#hostname:amin-GF63-Thin-9SCXR,timestamp:1745577154
2025-04-25T17:32:34,907 [INFO ] pool-3-thread-1 TS_METRICS - GPUMemoryUsed.Megabytes:127.0|#Level:Host,DeviceId:0|#hostname:amin-GF63-Thin-9SCXR,timestamp:1745577154
2025-04-25T17:32:34,907 [INFO ] pool-3-thread-1 TS_METRICS - GPUUtilization.Percent:0.0|#Level:Host,DeviceId:0|#hostname:amin-GF63-Thin-9SCXR,timestamp:1745577154
2025-04-25T17:32:34,907 [INFO ] pool-3-thread-1 TS_METRICS - MemoryAvailable.Megabytes:9516.14453125|#Level:Host|#hostname:amin-GF63-Thin-9SCXR,timestamp:1745577154
2025-04-25T17:32:34,908 [INFO ] pool-3-thread-1 TS_METRICS - MemoryUsed.Megabytes:5126.078125|#Level:Host|#hostname:amin-GF63-Thin-9SCXR,timestamp:1745577154
2025-04-25T17:32:34,908 [INFO ] pool-3-thread-1 TS_METRICS - MemoryUtilization.Percent:39.9|#Level:Host|#hostname:amin-GF63-Thin-9SCXR,timestamp:1745577154
2025-04-25T17:57:31,203 [DEBUG] main org.pytorch.serve.util.ConfigManager - xpu-smi not available or failed: Cannot run program "xpu-smi": error=2, No such file or directory
2025-04-25T17:57:31,203 [DEBUG] main org.pytorch.serve.util.ConfigManager - xpu-smi not available or failed: Cannot run program "xpu-smi": error=2, No such file or directory
2025-04-25T17:57:31,206 [WARN ] main org.pytorch.serve.util.ConfigManager - Your torchserve instance can access any URL to load models. When deploying to production, make sure to limit the set of allowed_urls in config.properties
2025-04-25T17:57:31,206 [WARN ] main org.pytorch.serve.util.ConfigManager - Your torchserve instance can access any URL to load models. When deploying to production, make sure to limit the set of allowed_urls in config.properties
2025-04-25T17:57:31,222 [INFO ] main org.pytorch.serve.servingsdk.impl.PluginsManager - Initializing plugins manager...
2025-04-25T17:57:31,222 [INFO ] main org.pytorch.serve.servingsdk.impl.PluginsManager - Initializing plugins manager...
2025-04-25T17:57:31,261 [INFO ] main org.pytorch.serve.metrics.configuration.MetricConfiguration - Successfully loaded metrics configuration from /home/amin/miniconda3/envs/deep-learning/lib/python3.9/site-packages/ts/configs/metrics.yaml
2025-04-25T17:57:31,261 [INFO ] main org.pytorch.serve.metrics.configuration.MetricConfiguration - Successfully loaded metrics configuration from /home/amin/miniconda3/envs/deep-learning/lib/python3.9/site-packages/ts/configs/metrics.yaml
2025-04-25T17:57:31,316 [INFO ] main org.pytorch.serve.ModelServer - 
Torchserve version: 0.12.0
TS Home: /home/amin/miniconda3/envs/deep-learning/lib/python3.9/site-packages
Current directory: /home/amin/PycharmProjects/PythonProject/Cifar10Classification
Temp directory: /tmp
Metrics config path: /home/amin/miniconda3/envs/deep-learning/lib/python3.9/site-packages/ts/configs/metrics.yaml
Number of GPUs: 1
Number of CPUs: 8
Max heap size: 3960 M
Python executable: /home/amin/miniconda3/envs/deep-learning/bin/python
Config file: config.properties
Inference address: http://127.0.0.1:8080
Management address: http://127.0.0.1:8081
Metrics address: http://127.0.0.1:8082
Model Store: /home/amin/PycharmProjects/PythonProject/Cifar10Classification/model-store
Initial Models: cifar10.mar
Log dir: /home/amin/PycharmProjects/PythonProject/Cifar10Classification/logs
Metrics dir: /home/amin/PycharmProjects/PythonProject/Cifar10Classification/logs
Netty threads: 4
Netty client threads: 0
Default workers per model: 1
Blacklist Regex: N/A
Maximum Response Size: 6553500
Maximum Request Size: 6553500
Limit Maximum Image Pixels: true
Prefer direct buffer: false
Allowed Urls: [file://.*|http(s)?://.*]
Custom python dependency for model allowed: false
Enable metrics API: true
Metrics mode: LOG
Disable system metrics: false
Workflow Store: /home/amin/PycharmProjects/PythonProject/Cifar10Classification/model-store
CPP log config: N/A
Model config: N/A
System metrics command: default
Model API enabled: false
2025-04-25T17:57:31,316 [INFO ] main org.pytorch.serve.ModelServer - 
Torchserve version: 0.12.0
TS Home: /home/amin/miniconda3/envs/deep-learning/lib/python3.9/site-packages
Current directory: /home/amin/PycharmProjects/PythonProject/Cifar10Classification
Temp directory: /tmp
Metrics config path: /home/amin/miniconda3/envs/deep-learning/lib/python3.9/site-packages/ts/configs/metrics.yaml
Number of GPUs: 1
Number of CPUs: 8
Max heap size: 3960 M
Python executable: /home/amin/miniconda3/envs/deep-learning/bin/python
Config file: config.properties
Inference address: http://127.0.0.1:8080
Management address: http://127.0.0.1:8081
Metrics address: http://127.0.0.1:8082
Model Store: /home/amin/PycharmProjects/PythonProject/Cifar10Classification/model-store
Initial Models: cifar10.mar
Log dir: /home/amin/PycharmProjects/PythonProject/Cifar10Classification/logs
Metrics dir: /home/amin/PycharmProjects/PythonProject/Cifar10Classification/logs
Netty threads: 4
Netty client threads: 0
Default workers per model: 1
Blacklist Regex: N/A
Maximum Response Size: 6553500
Maximum Request Size: 6553500
Limit Maximum Image Pixels: true
Prefer direct buffer: false
Allowed Urls: [file://.*|http(s)?://.*]
Custom python dependency for model allowed: false
Enable metrics API: true
Metrics mode: LOG
Disable system metrics: false
Workflow Store: /home/amin/PycharmProjects/PythonProject/Cifar10Classification/model-store
CPP log config: N/A
Model config: N/A
System metrics command: default
Model API enabled: false
2025-04-25T17:57:31,322 [INFO ] main org.pytorch.serve.servingsdk.impl.PluginsManager -  Loading snapshot serializer plugin...
2025-04-25T17:57:31,322 [INFO ] main org.pytorch.serve.servingsdk.impl.PluginsManager -  Loading snapshot serializer plugin...
2025-04-25T17:57:31,336 [INFO ] main org.pytorch.serve.ModelServer - Loading initial models: cifar10.mar
2025-04-25T17:57:31,336 [INFO ] main org.pytorch.serve.ModelServer - Loading initial models: cifar10.mar
2025-04-25T17:57:31,477 [DEBUG] main org.pytorch.serve.wlm.ModelVersionedRefs - Adding new version 1.0 for model cifar10
2025-04-25T17:57:31,477 [DEBUG] main org.pytorch.serve.wlm.ModelVersionedRefs - Adding new version 1.0 for model cifar10
2025-04-25T17:57:31,477 [DEBUG] main org.pytorch.serve.wlm.ModelVersionedRefs - Setting default version to 1.0 for model cifar10
2025-04-25T17:57:31,477 [DEBUG] main org.pytorch.serve.wlm.ModelVersionedRefs - Setting default version to 1.0 for model cifar10
2025-04-25T17:57:31,477 [INFO ] main org.pytorch.serve.wlm.ModelManager - Model cifar10 loaded.
2025-04-25T17:57:31,477 [INFO ] main org.pytorch.serve.wlm.ModelManager - Model cifar10 loaded.
2025-04-25T17:57:31,477 [DEBUG] main org.pytorch.serve.wlm.ModelManager - updateModel: cifar10, count: 1
2025-04-25T17:57:31,477 [DEBUG] main org.pytorch.serve.wlm.ModelManager - updateModel: cifar10, count: 1
2025-04-25T17:57:31,484 [DEBUG] W-9000-cifar10_1.0 org.pytorch.serve.wlm.WorkerLifeCycle - Worker cmdline: [/home/amin/miniconda3/envs/deep-learning/bin/python, /home/amin/miniconda3/envs/deep-learning/lib/python3.9/site-packages/ts/model_service_worker.py, --sock-type, unix, --sock-name, /tmp/.ts.sock.9000, --metrics-config, /home/amin/miniconda3/envs/deep-learning/lib/python3.9/site-packages/ts/configs/metrics.yaml]
2025-04-25T17:57:31,484 [DEBUG] W-9000-cifar10_1.0 org.pytorch.serve.wlm.WorkerLifeCycle - Worker cmdline: [/home/amin/miniconda3/envs/deep-learning/bin/python, /home/amin/miniconda3/envs/deep-learning/lib/python3.9/site-packages/ts/model_service_worker.py, --sock-type, unix, --sock-name, /tmp/.ts.sock.9000, --metrics-config, /home/amin/miniconda3/envs/deep-learning/lib/python3.9/site-packages/ts/configs/metrics.yaml]
2025-04-25T17:57:31,484 [INFO ] main org.pytorch.serve.ModelServer - Initialize Inference server with: EpollServerSocketChannel.
2025-04-25T17:57:31,484 [INFO ] main org.pytorch.serve.ModelServer - Initialize Inference server with: EpollServerSocketChannel.
2025-04-25T17:57:31,538 [INFO ] main org.pytorch.serve.ModelServer - Inference API bind to: http://127.0.0.1:8080
2025-04-25T17:57:31,538 [INFO ] main org.pytorch.serve.ModelServer - Inference API bind to: http://127.0.0.1:8080
2025-04-25T17:57:31,538 [INFO ] main org.pytorch.serve.ModelServer - Initialize Management server with: EpollServerSocketChannel.
2025-04-25T17:57:31,538 [INFO ] main org.pytorch.serve.ModelServer - Initialize Management server with: EpollServerSocketChannel.
2025-04-25T17:57:31,539 [INFO ] main org.pytorch.serve.ModelServer - Management API bind to: http://127.0.0.1:8081
2025-04-25T17:57:31,539 [INFO ] main org.pytorch.serve.ModelServer - Management API bind to: http://127.0.0.1:8081
2025-04-25T17:57:31,539 [INFO ] main org.pytorch.serve.ModelServer - Initialize Metrics server with: EpollServerSocketChannel.
2025-04-25T17:57:31,539 [INFO ] main org.pytorch.serve.ModelServer - Initialize Metrics server with: EpollServerSocketChannel.
2025-04-25T17:57:31,540 [INFO ] main org.pytorch.serve.ModelServer - Metrics API bind to: http://127.0.0.1:8082
2025-04-25T17:57:31,540 [INFO ] main org.pytorch.serve.ModelServer - Metrics API bind to: http://127.0.0.1:8082
2025-04-25T17:57:31,719 [WARN ] pool-3-thread-1 org.pytorch.serve.metrics.MetricCollector - worker pid is not available yet.
2025-04-25T17:57:31,719 [WARN ] pool-3-thread-1 org.pytorch.serve.metrics.MetricCollector - worker pid is not available yet.
2025-04-25T17:57:31,990 [WARN ] pool-3-thread-1 org.pytorch.serve.metrics.MetricCollector - Parse metrics failed: NumExpr defaulting to 8 threads.
2025-04-25T17:57:31,990 [WARN ] pool-3-thread-1 org.pytorch.serve.metrics.MetricCollector - Parse metrics failed: NumExpr defaulting to 8 threads.
2025-04-25T17:57:32,229 [INFO ] pool-3-thread-1 TS_METRICS - CPUUtilization.Percent:0.0|#Level:Host|#hostname:amin-GF63-Thin-9SCXR,timestamp:1745578652
2025-04-25T17:57:32,230 [INFO ] pool-3-thread-1 TS_METRICS - DiskAvailable.Gigabytes:0.23856353759765625|#Level:Host|#hostname:amin-GF63-Thin-9SCXR,timestamp:1745578652
2025-04-25T17:57:32,230 [INFO ] pool-3-thread-1 TS_METRICS - DiskUsage.Gigabytes:95.99449920654297|#Level:Host|#hostname:amin-GF63-Thin-9SCXR,timestamp:1745578652
2025-04-25T17:57:32,230 [INFO ] pool-3-thread-1 TS_METRICS - DiskUtilization.Percent:99.8|#Level:Host|#hostname:amin-GF63-Thin-9SCXR,timestamp:1745578652
2025-04-25T17:57:32,231 [INFO ] pool-3-thread-1 TS_METRICS - GPUMemoryUtilization.Percent:0.1220703125|#Level:Host,DeviceId:0|#hostname:amin-GF63-Thin-9SCXR,timestamp:1745578652
2025-04-25T17:57:32,231 [INFO ] pool-3-thread-1 TS_METRICS - GPUMemoryUsed.Megabytes:5.0|#Level:Host,DeviceId:0|#hostname:amin-GF63-Thin-9SCXR,timestamp:1745578652
2025-04-25T17:57:32,231 [INFO ] pool-3-thread-1 TS_METRICS - GPUUtilization.Percent:0.0|#Level:Host,DeviceId:0|#hostname:amin-GF63-Thin-9SCXR,timestamp:1745578652
2025-04-25T17:57:32,231 [INFO ] pool-3-thread-1 TS_METRICS - MemoryAvailable.Megabytes:9942.60546875|#Level:Host|#hostname:amin-GF63-Thin-9SCXR,timestamp:1745578652
2025-04-25T17:57:32,231 [INFO ] pool-3-thread-1 TS_METRICS - MemoryUsed.Megabytes:4677.8984375|#Level:Host|#hostname:amin-GF63-Thin-9SCXR,timestamp:1745578652
2025-04-25T17:57:32,232 [INFO ] pool-3-thread-1 TS_METRICS - MemoryUtilization.Percent:37.2|#Level:Host|#hostname:amin-GF63-Thin-9SCXR,timestamp:1745578652
2025-04-25T17:57:32,704 [INFO ] W-9000-cifar10_1.0-stdout MODEL_LOG - s_name_part0=/tmp/.ts.sock, s_name_part1=9000, pid=13832
2025-04-25T17:57:32,715 [INFO ] W-9000-cifar10_1.0-stdout MODEL_LOG - Listening on port: /tmp/.ts.sock.9000
2025-04-25T17:57:32,716 [INFO ] W-9000-cifar10_1.0-stdout MODEL_LOG - Successfully loaded /home/amin/miniconda3/envs/deep-learning/lib/python3.9/site-packages/ts/configs/metrics.yaml.
2025-04-25T17:57:32,717 [INFO ] W-9000-cifar10_1.0-stdout MODEL_LOG - [PID]13832
2025-04-25T17:57:32,718 [INFO ] W-9000-cifar10_1.0-stdout MODEL_LOG - Torch worker started.
2025-04-25T17:57:32,718 [INFO ] W-9000-cifar10_1.0-stdout MODEL_LOG - Python runtime: 3.9.21
2025-04-25T17:57:32,719 [DEBUG] W-9000-cifar10_1.0 org.pytorch.serve.wlm.WorkerThread - W-9000-cifar10_1.0 State change null -> WORKER_STARTED
2025-04-25T17:57:32,719 [DEBUG] W-9000-cifar10_1.0 org.pytorch.serve.wlm.WorkerThread - W-9000-cifar10_1.0 State change null -> WORKER_STARTED
2025-04-25T17:57:32,726 [INFO ] W-9000-cifar10_1.0 org.pytorch.serve.wlm.WorkerThread - Connecting to: /tmp/.ts.sock.9000
2025-04-25T17:57:32,726 [INFO ] W-9000-cifar10_1.0 org.pytorch.serve.wlm.WorkerThread - Connecting to: /tmp/.ts.sock.9000
2025-04-25T17:57:32,734 [INFO ] W-9000-cifar10_1.0-stdout MODEL_LOG - Connection accepted: /tmp/.ts.sock.9000.
2025-04-25T17:57:32,737 [DEBUG] W-9000-cifar10_1.0 org.pytorch.serve.wlm.WorkerThread - Flushing req.cmd LOAD repeats 1 to backend at: 1745578652737
2025-04-25T17:57:32,737 [DEBUG] W-9000-cifar10_1.0 org.pytorch.serve.wlm.WorkerThread - Flushing req.cmd LOAD repeats 1 to backend at: 1745578652737
2025-04-25T17:57:32,738 [INFO ] W-9000-cifar10_1.0 org.pytorch.serve.wlm.WorkerThread - Looping backend response at: 1745578652738
2025-04-25T17:57:32,738 [INFO ] W-9000-cifar10_1.0 org.pytorch.serve.wlm.WorkerThread - Looping backend response at: 1745578652738
2025-04-25T17:57:32,758 [INFO ] W-9000-cifar10_1.0-stdout MODEL_LOG - model_name: cifar10, batchSize: 1
2025-04-25T17:57:33,908 [INFO ] W-9000-cifar10_1.0-stdout MODEL_LOG - OpenVINO is not enabled
2025-04-25T17:57:33,909 [INFO ] W-9000-cifar10_1.0-stdout MODEL_LOG - proceeding without onnxruntime
2025-04-25T17:57:33,909 [INFO ] W-9000-cifar10_1.0-stdout MODEL_LOG - Torch TensorRT not enabled
2025-04-25T17:57:34,015 [INFO ] W-9000-cifar10_1.0 org.pytorch.serve.wlm.WorkerThread - Backend response time: 1277
2025-04-25T17:57:34,015 [INFO ] W-9000-cifar10_1.0 org.pytorch.serve.wlm.WorkerThread - Backend response time: 1277
2025-04-25T17:57:34,015 [DEBUG] W-9000-cifar10_1.0 org.pytorch.serve.wlm.WorkerThread - W-9000-cifar10_1.0 State change WORKER_STARTED -> WORKER_MODEL_LOADED
2025-04-25T17:57:34,015 [DEBUG] W-9000-cifar10_1.0 org.pytorch.serve.wlm.WorkerThread - W-9000-cifar10_1.0 State change WORKER_STARTED -> WORKER_MODEL_LOADED
2025-04-25T17:57:34,015 [INFO ] W-9000-cifar10_1.0 TS_METRICS - WorkerLoadTime.Milliseconds:2534.0|#WorkerName:W-9000-cifar10_1.0,Level:Host|#hostname:amin-GF63-Thin-9SCXR,timestamp:1745578654
2025-04-25T17:57:34,015 [INFO ] W-9000-cifar10_1.0 TS_METRICS - WorkerThreadTime.Milliseconds:1.0|#Level:Host|#hostname:amin-GF63-Thin-9SCXR,timestamp:1745578654
2025-04-25T17:57:37,962 [INFO ] epollEventLoopGroup-3-1 TS_METRICS - ts_inference_requests_total.Count:1.0|#model_name:cifar10,model_version:default|#hostname:amin-GF63-Thin-9SCXR,timestamp:1745578657
2025-04-25T17:57:37,963 [DEBUG] W-9000-cifar10_1.0 org.pytorch.serve.wlm.WorkerThread - Flushing req.cmd PREDICT repeats 1 to backend at: 1745578657963
2025-04-25T17:57:37,963 [DEBUG] W-9000-cifar10_1.0 org.pytorch.serve.wlm.WorkerThread - Flushing req.cmd PREDICT repeats 1 to backend at: 1745578657963
2025-04-25T17:57:37,963 [INFO ] W-9000-cifar10_1.0 org.pytorch.serve.wlm.WorkerThread - Looping backend response at: 1745578657963
2025-04-25T17:57:37,963 [INFO ] W-9000-cifar10_1.0 org.pytorch.serve.wlm.WorkerThread - Looping backend response at: 1745578657963
2025-04-25T17:57:37,965 [INFO ] W-9000-cifar10_1.0-stdout MODEL_LOG - Backend received inference at: 1745578657
2025-04-25T17:57:37,965 [INFO ] W-9000-cifar10_1.0-stdout MODEL_LOG - Invoking custom service failed.
2025-04-25T17:57:37,965 [INFO ] W-9000-cifar10_1.0-stdout MODEL_LOG - Traceback (most recent call last):
2025-04-25T17:57:37,965 [INFO ] W-9000-cifar10_1.0-stdout MODEL_LOG -   File "/home/amin/miniconda3/envs/deep-learning/lib/python3.9/site-packages/ts/service.py", line 135, in predict
2025-04-25T17:57:37,965 [INFO ] W-9000-cifar10_1.0-stdout MODEL_LOG -     ret = self._entry_point(input_batch, self.context)
2025-04-25T17:57:37,966 [INFO ] W-9000-cifar10_1.0-stdout MODEL_LOG -   File "/home/amin/miniconda3/envs/deep-learning/lib/python3.9/site-packages/ts/torch_handler/base_handler.py", line 455, in handle
2025-04-25T17:57:37,966 [INFO ] W-9000-cifar10_1.0-stdout MODEL_LOG -     data_preprocess = self.preprocess(data)
2025-04-25T17:57:37,966 [INFO ] W-9000-cifar10_1.0-stdout MODEL_LOG -   File "/tmp/models/5dc43ae9942e40b785658ce5345ab476/cifar_handler.py", line 29, in preprocess
2025-04-25T17:57:37,966 [INFO ] W-9000-cifar10_1.0-stdout MODEL_LOG -     np_img = np.frombuffer(image, np.uint8)
2025-04-25T17:57:37,966 [INFO ] W-9000-cifar10_1.0-stdout MODEL_LOG - NameError: name 'np' is not defined
2025-04-25T17:57:37,969 [INFO ] W-9000-cifar10_1.0 ACCESS_LOG - /127.0.0.1:39132 "POST /predictions/cifar10 HTTP/1.1" 503 9
2025-04-25T17:57:37,969 [INFO ] W-9000-cifar10_1.0 TS_METRICS - Requests5XX.Count:1.0|#Level:Host|#hostname:amin-GF63-Thin-9SCXR,timestamp:1745578657
2025-04-25T17:57:37,970 [DEBUG] W-9000-cifar10_1.0 org.pytorch.serve.job.RestJob - Waiting time ns: 166705, Inference time ns: 6773814
2025-04-25T17:57:37,970 [DEBUG] W-9000-cifar10_1.0 org.pytorch.serve.job.RestJob - Waiting time ns: 166705, Inference time ns: 6773814
2025-04-25T17:57:37,970 [INFO ] W-9000-cifar10_1.0 org.pytorch.serve.wlm.WorkerThread - Backend response time: 3
2025-04-25T17:57:37,970 [INFO ] W-9000-cifar10_1.0 org.pytorch.serve.wlm.WorkerThread - Backend response time: 3
2025-04-25T17:57:37,970 [INFO ] W-9000-cifar10_1.0 TS_METRICS - WorkerThreadTime.Milliseconds:4.0|#Level:Host|#hostname:amin-GF63-Thin-9SCXR,timestamp:1745578657
2025-04-25T17:57:44,187 [INFO ] epollEventLoopGroup-3-2 TS_METRICS - ts_inference_requests_total.Count:1.0|#model_name:cifar10,model_version:default|#hostname:amin-GF63-Thin-9SCXR,timestamp:1745578664
2025-04-25T17:57:44,187 [DEBUG] W-9000-cifar10_1.0 org.pytorch.serve.wlm.WorkerThread - Flushing req.cmd PREDICT repeats 1 to backend at: 1745578664187
2025-04-25T17:57:44,187 [DEBUG] W-9000-cifar10_1.0 org.pytorch.serve.wlm.WorkerThread - Flushing req.cmd PREDICT repeats 1 to backend at: 1745578664187
2025-04-25T17:57:44,187 [INFO ] W-9000-cifar10_1.0 org.pytorch.serve.wlm.WorkerThread - Looping backend response at: 1745578664187
2025-04-25T17:57:44,187 [INFO ] W-9000-cifar10_1.0 org.pytorch.serve.wlm.WorkerThread - Looping backend response at: 1745578664187
2025-04-25T17:57:44,188 [INFO ] W-9000-cifar10_1.0-stdout MODEL_LOG - Backend received inference at: 1745578664
2025-04-25T17:57:44,188 [INFO ] W-9000-cifar10_1.0-stdout MODEL_LOG - Invoking custom service failed.
2025-04-25T17:57:44,189 [INFO ] W-9000-cifar10_1.0-stdout MODEL_LOG - Traceback (most recent call last):
2025-04-25T17:57:44,189 [INFO ] W-9000-cifar10_1.0 ACCESS_LOG - /127.0.0.1:48848 "POST /predictions/cifar10 HTTP/1.1" 503 3
2025-04-25T17:57:44,189 [INFO ] W-9000-cifar10_1.0-stdout MODEL_LOG -   File "/home/amin/miniconda3/envs/deep-learning/lib/python3.9/site-packages/ts/service.py", line 135, in predict
2025-04-25T17:57:44,189 [INFO ] W-9000-cifar10_1.0 TS_METRICS - Requests5XX.Count:1.0|#Level:Host|#hostname:amin-GF63-Thin-9SCXR,timestamp:1745578664
2025-04-25T17:57:44,189 [INFO ] W-9000-cifar10_1.0-stdout MODEL_LOG -     ret = self._entry_point(input_batch, self.context)
2025-04-25T17:57:44,189 [DEBUG] W-9000-cifar10_1.0 org.pytorch.serve.job.RestJob - Waiting time ns: 86100, Inference time ns: 1814908
2025-04-25T17:57:44,189 [DEBUG] W-9000-cifar10_1.0 org.pytorch.serve.job.RestJob - Waiting time ns: 86100, Inference time ns: 1814908
2025-04-25T17:57:44,189 [INFO ] W-9000-cifar10_1.0-stdout MODEL_LOG -   File "/home/amin/miniconda3/envs/deep-learning/lib/python3.9/site-packages/ts/torch_handler/base_handler.py", line 455, in handle
2025-04-25T17:57:44,189 [INFO ] W-9000-cifar10_1.0 org.pytorch.serve.wlm.WorkerThread - Backend response time: 0
2025-04-25T17:57:44,189 [INFO ] W-9000-cifar10_1.0 org.pytorch.serve.wlm.WorkerThread - Backend response time: 0
2025-04-25T17:57:44,189 [INFO ] W-9000-cifar10_1.0-stdout MODEL_LOG -     data_preprocess = self.preprocess(data)
2025-04-25T17:57:44,189 [INFO ] W-9000-cifar10_1.0 TS_METRICS - WorkerThreadTime.Milliseconds:2.0|#Level:Host|#hostname:amin-GF63-Thin-9SCXR,timestamp:1745578664
2025-04-25T17:57:44,189 [INFO ] W-9000-cifar10_1.0-stdout MODEL_LOG -   File "/tmp/models/5dc43ae9942e40b785658ce5345ab476/cifar_handler.py", line 29, in preprocess
2025-04-25T17:57:44,189 [INFO ] W-9000-cifar10_1.0-stdout MODEL_LOG -     np_img = np.frombuffer(image, np.uint8)
2025-04-25T17:57:44,190 [INFO ] W-9000-cifar10_1.0-stdout MODEL_LOG - NameError: name 'np' is not defined
2025-04-25T17:58:31,944 [WARN ] pool-3-thread-1 org.pytorch.serve.metrics.MetricCollector - Parse metrics failed: NumExpr defaulting to 8 threads.
2025-04-25T17:58:31,944 [WARN ] pool-3-thread-1 org.pytorch.serve.metrics.MetricCollector - Parse metrics failed: NumExpr defaulting to 8 threads.
2025-04-25T17:58:32,150 [INFO ] pool-3-thread-1 TS_METRICS - CPUUtilization.Percent:0.0|#Level:Host|#hostname:amin-GF63-Thin-9SCXR,timestamp:1745578712
2025-04-25T17:58:32,150 [INFO ] pool-3-thread-1 TS_METRICS - DiskAvailable.Gigabytes:0.2385101318359375|#Level:Host|#hostname:amin-GF63-Thin-9SCXR,timestamp:1745578712
2025-04-25T17:58:32,150 [INFO ] pool-3-thread-1 TS_METRICS - DiskUsage.Gigabytes:95.99455261230469|#Level:Host|#hostname:amin-GF63-Thin-9SCXR,timestamp:1745578712
2025-04-25T17:58:32,151 [INFO ] pool-3-thread-1 TS_METRICS - DiskUtilization.Percent:99.8|#Level:Host|#hostname:amin-GF63-Thin-9SCXR,timestamp:1745578712
2025-04-25T17:58:32,151 [INFO ] pool-3-thread-1 TS_METRICS - GPUMemoryUtilization.Percent:1.9287109375|#Level:Host,DeviceId:0|#hostname:amin-GF63-Thin-9SCXR,timestamp:1745578712
2025-04-25T17:58:32,151 [INFO ] pool-3-thread-1 TS_METRICS - GPUMemoryUsed.Megabytes:79.0|#Level:Host,DeviceId:0|#hostname:amin-GF63-Thin-9SCXR,timestamp:1745578712
2025-04-25T17:58:32,151 [INFO ] pool-3-thread-1 TS_METRICS - GPUUtilization.Percent:0.0|#Level:Host,DeviceId:0|#hostname:amin-GF63-Thin-9SCXR,timestamp:1745578712
2025-04-25T17:58:32,151 [INFO ] pool-3-thread-1 TS_METRICS - MemoryAvailable.Megabytes:9613.5859375|#Level:Host|#hostname:amin-GF63-Thin-9SCXR,timestamp:1745578712
2025-04-25T17:58:32,151 [INFO ] pool-3-thread-1 TS_METRICS - MemoryUsed.Megabytes:4992.3203125|#Level:Host|#hostname:amin-GF63-Thin-9SCXR,timestamp:1745578712
2025-04-25T17:58:32,151 [INFO ] pool-3-thread-1 TS_METRICS - MemoryUtilization.Percent:39.3|#Level:Host|#hostname:amin-GF63-Thin-9SCXR,timestamp:1745578712
2025-04-25T17:58:37,140 [INFO ] epollEventLoopGroup-3-3 TS_METRICS - ts_inference_requests_total.Count:1.0|#model_name:cifar10,model_version:default|#hostname:amin-GF63-Thin-9SCXR,timestamp:1745578717
2025-04-25T17:58:37,141 [DEBUG] W-9000-cifar10_1.0 org.pytorch.serve.wlm.WorkerThread - Flushing req.cmd PREDICT repeats 1 to backend at: 1745578717141
2025-04-25T17:58:37,141 [DEBUG] W-9000-cifar10_1.0 org.pytorch.serve.wlm.WorkerThread - Flushing req.cmd PREDICT repeats 1 to backend at: 1745578717141
2025-04-25T17:58:37,141 [INFO ] W-9000-cifar10_1.0 org.pytorch.serve.wlm.WorkerThread - Looping backend response at: 1745578717141
2025-04-25T17:58:37,141 [INFO ] W-9000-cifar10_1.0 org.pytorch.serve.wlm.WorkerThread - Looping backend response at: 1745578717141
2025-04-25T17:58:37,142 [INFO ] W-9000-cifar10_1.0-stdout MODEL_LOG - Backend received inference at: 1745578717
2025-04-25T17:58:37,142 [INFO ] W-9000-cifar10_1.0-stdout MODEL_LOG - Invoking custom service failed.
2025-04-25T17:58:37,142 [INFO ] W-9000-cifar10_1.0-stdout MODEL_LOG - Traceback (most recent call last):
2025-04-25T17:58:37,142 [INFO ] W-9000-cifar10_1.0-stdout MODEL_LOG -   File "/home/amin/miniconda3/envs/deep-learning/lib/python3.9/site-packages/ts/service.py", line 135, in predict
2025-04-25T17:58:37,142 [INFO ] W-9000-cifar10_1.0 ACCESS_LOG - /127.0.0.1:43250 "POST /predictions/cifar10 HTTP/1.1" 503 2
2025-04-25T17:58:37,142 [INFO ] W-9000-cifar10_1.0-stdout MODEL_LOG -     ret = self._entry_point(input_batch, self.context)
2025-04-25T17:58:37,142 [INFO ] W-9000-cifar10_1.0 TS_METRICS - Requests5XX.Count:1.0|#Level:Host|#hostname:amin-GF63-Thin-9SCXR,timestamp:1745578717
2025-04-25T17:58:37,143 [DEBUG] W-9000-cifar10_1.0 org.pytorch.serve.job.RestJob - Waiting time ns: 79763, Inference time ns: 1806754
2025-04-25T17:58:37,143 [INFO ] W-9000-cifar10_1.0-stdout MODEL_LOG -   File "/home/amin/miniconda3/envs/deep-learning/lib/python3.9/site-packages/ts/torch_handler/base_handler.py", line 455, in handle
2025-04-25T17:58:37,143 [DEBUG] W-9000-cifar10_1.0 org.pytorch.serve.job.RestJob - Waiting time ns: 79763, Inference time ns: 1806754
2025-04-25T17:58:37,143 [INFO ] W-9000-cifar10_1.0 org.pytorch.serve.wlm.WorkerThread - Backend response time: 1
2025-04-25T17:58:37,143 [INFO ] W-9000-cifar10_1.0-stdout MODEL_LOG -     data_preprocess = self.preprocess(data)
2025-04-25T17:58:37,143 [INFO ] W-9000-cifar10_1.0 org.pytorch.serve.wlm.WorkerThread - Backend response time: 1
2025-04-25T17:58:37,143 [INFO ] W-9000-cifar10_1.0 TS_METRICS - WorkerThreadTime.Milliseconds:1.0|#Level:Host|#hostname:amin-GF63-Thin-9SCXR,timestamp:1745578717
2025-04-25T17:58:37,143 [INFO ] W-9000-cifar10_1.0-stdout MODEL_LOG -   File "/tmp/models/5dc43ae9942e40b785658ce5345ab476/cifar_handler.py", line 29, in preprocess
2025-04-25T17:58:37,143 [INFO ] W-9000-cifar10_1.0-stdout MODEL_LOG -     np_img = np.frombuffer(image, np.uint8)
2025-04-25T17:58:37,143 [INFO ] W-9000-cifar10_1.0-stdout MODEL_LOG - NameError: name 'np' is not defined
2025-04-25T17:58:39,840 [INFO ] epollEventLoopGroup-3-4 TS_METRICS - ts_inference_requests_total.Count:1.0|#model_name:cifar10,model_version:default|#hostname:amin-GF63-Thin-9SCXR,timestamp:1745578719
2025-04-25T17:58:39,841 [DEBUG] W-9000-cifar10_1.0 org.pytorch.serve.wlm.WorkerThread - Flushing req.cmd PREDICT repeats 1 to backend at: 1745578719841
2025-04-25T17:58:39,841 [DEBUG] W-9000-cifar10_1.0 org.pytorch.serve.wlm.WorkerThread - Flushing req.cmd PREDICT repeats 1 to backend at: 1745578719841
2025-04-25T17:58:39,841 [INFO ] W-9000-cifar10_1.0 org.pytorch.serve.wlm.WorkerThread - Looping backend response at: 1745578719841
2025-04-25T17:58:39,841 [INFO ] W-9000-cifar10_1.0 org.pytorch.serve.wlm.WorkerThread - Looping backend response at: 1745578719841
2025-04-25T17:58:39,842 [INFO ] W-9000-cifar10_1.0-stdout MODEL_LOG - Backend received inference at: 1745578719
2025-04-25T17:58:39,842 [INFO ] W-9000-cifar10_1.0-stdout MODEL_LOG - Invoking custom service failed.
2025-04-25T17:58:39,842 [INFO ] W-9000-cifar10_1.0-stdout MODEL_LOG - Traceback (most recent call last):
2025-04-25T17:58:39,842 [INFO ] W-9000-cifar10_1.0 ACCESS_LOG - /127.0.0.1:43252 "POST /predictions/cifar10 HTTP/1.1" 503 2
2025-04-25T17:58:39,842 [INFO ] W-9000-cifar10_1.0-stdout MODEL_LOG -   File "/home/amin/miniconda3/envs/deep-learning/lib/python3.9/site-packages/ts/service.py", line 135, in predict
2025-04-25T17:58:39,842 [INFO ] W-9000-cifar10_1.0 TS_METRICS - Requests5XX.Count:1.0|#Level:Host|#hostname:amin-GF63-Thin-9SCXR,timestamp:1745578719
2025-04-25T17:58:39,842 [INFO ] W-9000-cifar10_1.0-stdout MODEL_LOG -     ret = self._entry_point(input_batch, self.context)
2025-04-25T17:58:39,843 [DEBUG] W-9000-cifar10_1.0 org.pytorch.serve.job.RestJob - Waiting time ns: 74463, Inference time ns: 1869812
2025-04-25T17:58:39,843 [DEBUG] W-9000-cifar10_1.0 org.pytorch.serve.job.RestJob - Waiting time ns: 74463, Inference time ns: 1869812
2025-04-25T17:58:39,843 [INFO ] W-9000-cifar10_1.0-stdout MODEL_LOG -   File "/home/amin/miniconda3/envs/deep-learning/lib/python3.9/site-packages/ts/torch_handler/base_handler.py", line 455, in handle
2025-04-25T17:58:39,843 [INFO ] W-9000-cifar10_1.0 org.pytorch.serve.wlm.WorkerThread - Backend response time: 1
2025-04-25T17:58:39,843 [INFO ] W-9000-cifar10_1.0 org.pytorch.serve.wlm.WorkerThread - Backend response time: 1
2025-04-25T17:58:39,843 [INFO ] W-9000-cifar10_1.0-stdout MODEL_LOG -     data_preprocess = self.preprocess(data)
2025-04-25T17:58:39,843 [INFO ] W-9000-cifar10_1.0 TS_METRICS - WorkerThreadTime.Milliseconds:1.0|#Level:Host|#hostname:amin-GF63-Thin-9SCXR,timestamp:1745578719
2025-04-25T17:58:39,843 [INFO ] W-9000-cifar10_1.0-stdout MODEL_LOG -   File "/tmp/models/5dc43ae9942e40b785658ce5345ab476/cifar_handler.py", line 29, in preprocess
2025-04-25T17:58:39,843 [INFO ] W-9000-cifar10_1.0-stdout MODEL_LOG -     np_img = np.frombuffer(image, np.uint8)
2025-04-25T17:58:39,843 [INFO ] W-9000-cifar10_1.0-stdout MODEL_LOG - NameError: name 'np' is not defined
2025-04-25T17:58:45,499 [INFO ] epollEventLoopGroup-3-1 TS_METRICS - ts_inference_requests_total.Count:1.0|#model_name:cifar10,model_version:default|#hostname:amin-GF63-Thin-9SCXR,timestamp:1745578725
2025-04-25T17:58:45,500 [DEBUG] W-9000-cifar10_1.0 org.pytorch.serve.wlm.WorkerThread - Flushing req.cmd PREDICT repeats 1 to backend at: 1745578725500
2025-04-25T17:58:45,500 [DEBUG] W-9000-cifar10_1.0 org.pytorch.serve.wlm.WorkerThread - Flushing req.cmd PREDICT repeats 1 to backend at: 1745578725500
2025-04-25T17:58:45,501 [INFO ] W-9000-cifar10_1.0 org.pytorch.serve.wlm.WorkerThread - Looping backend response at: 1745578725500
2025-04-25T17:58:45,501 [INFO ] W-9000-cifar10_1.0 org.pytorch.serve.wlm.WorkerThread - Looping backend response at: 1745578725500
2025-04-25T17:58:45,503 [INFO ] W-9000-cifar10_1.0-stdout MODEL_LOG - Backend received inference at: 1745578725
2025-04-25T17:58:45,503 [INFO ] W-9000-cifar10_1.0-stdout MODEL_LOG - Invoking custom service failed.
2025-04-25T17:58:45,504 [INFO ] W-9000-cifar10_1.0-stdout MODEL_LOG - Traceback (most recent call last):
2025-04-25T17:58:45,504 [INFO ] W-9000-cifar10_1.0 ACCESS_LOG - /127.0.0.1:34768 "POST /predictions/cifar10 HTTP/1.1" 503 6
2025-04-25T17:58:45,505 [INFO ] W-9000-cifar10_1.0-stdout MODEL_LOG -   File "/home/amin/miniconda3/envs/deep-learning/lib/python3.9/site-packages/ts/service.py", line 135, in predict
2025-04-25T17:58:45,505 [INFO ] W-9000-cifar10_1.0 TS_METRICS - Requests5XX.Count:1.0|#Level:Host|#hostname:amin-GF63-Thin-9SCXR,timestamp:1745578725
2025-04-25T17:58:45,505 [INFO ] W-9000-cifar10_1.0-stdout MODEL_LOG -     ret = self._entry_point(input_batch, self.context)
2025-04-25T17:58:45,506 [DEBUG] W-9000-cifar10_1.0 org.pytorch.serve.job.RestJob - Waiting time ns: 191164, Inference time ns: 6278692
2025-04-25T17:58:45,506 [INFO ] W-9000-cifar10_1.0-stdout MODEL_LOG -   File "/home/amin/miniconda3/envs/deep-learning/lib/python3.9/site-packages/ts/torch_handler/base_handler.py", line 455, in handle
2025-04-25T17:58:45,506 [DEBUG] W-9000-cifar10_1.0 org.pytorch.serve.job.RestJob - Waiting time ns: 191164, Inference time ns: 6278692
2025-04-25T17:58:45,507 [INFO ] W-9000-cifar10_1.0 org.pytorch.serve.wlm.WorkerThread - Backend response time: 3
2025-04-25T17:58:45,518 [INFO ] W-9000-cifar10_1.0-stdout MODEL_LOG -     data_preprocess = self.preprocess(data)
2025-04-25T17:58:45,507 [INFO ] W-9000-cifar10_1.0 org.pytorch.serve.wlm.WorkerThread - Backend response time: 3
2025-04-25T17:58:45,519 [INFO ] W-9000-cifar10_1.0-stdout MODEL_LOG -   File "/tmp/models/5dc43ae9942e40b785658ce5345ab476/cifar_handler.py", line 29, in preprocess
2025-04-25T17:58:45,519 [INFO ] W-9000-cifar10_1.0 TS_METRICS - WorkerThreadTime.Milliseconds:16.0|#Level:Host|#hostname:amin-GF63-Thin-9SCXR,timestamp:1745578725
2025-04-25T17:58:45,519 [INFO ] W-9000-cifar10_1.0-stdout MODEL_LOG -     np_img = np.frombuffer(image, np.uint8)
2025-04-25T17:58:45,519 [INFO ] W-9000-cifar10_1.0-stdout MODEL_LOG - NameError: name 'np' is not defined
2025-04-25T17:59:34,472 [DEBUG] main org.pytorch.serve.util.ConfigManager - xpu-smi not available or failed: Cannot run program "xpu-smi": error=2, No such file or directory
2025-04-25T17:59:34,472 [DEBUG] main org.pytorch.serve.util.ConfigManager - xpu-smi not available or failed: Cannot run program "xpu-smi": error=2, No such file or directory
2025-04-25T17:59:34,476 [WARN ] main org.pytorch.serve.util.ConfigManager - Your torchserve instance can access any URL to load models. When deploying to production, make sure to limit the set of allowed_urls in config.properties
2025-04-25T17:59:34,476 [WARN ] main org.pytorch.serve.util.ConfigManager - Your torchserve instance can access any URL to load models. When deploying to production, make sure to limit the set of allowed_urls in config.properties
2025-04-25T17:59:34,494 [INFO ] main org.pytorch.serve.servingsdk.impl.PluginsManager - Initializing plugins manager...
2025-04-25T17:59:34,494 [INFO ] main org.pytorch.serve.servingsdk.impl.PluginsManager - Initializing plugins manager...
2025-04-25T17:59:34,541 [INFO ] main org.pytorch.serve.metrics.configuration.MetricConfiguration - Successfully loaded metrics configuration from /home/amin/miniconda3/envs/deep-learning/lib/python3.9/site-packages/ts/configs/metrics.yaml
2025-04-25T17:59:34,541 [INFO ] main org.pytorch.serve.metrics.configuration.MetricConfiguration - Successfully loaded metrics configuration from /home/amin/miniconda3/envs/deep-learning/lib/python3.9/site-packages/ts/configs/metrics.yaml
2025-04-25T17:59:34,605 [INFO ] main org.pytorch.serve.ModelServer - 
Torchserve version: 0.12.0
TS Home: /home/amin/miniconda3/envs/deep-learning/lib/python3.9/site-packages
Current directory: /home/amin/PycharmProjects/PythonProject/Cifar10Classification
Temp directory: /tmp
Metrics config path: /home/amin/miniconda3/envs/deep-learning/lib/python3.9/site-packages/ts/configs/metrics.yaml
Number of GPUs: 1
Number of CPUs: 8
Max heap size: 3960 M
Python executable: /home/amin/miniconda3/envs/deep-learning/bin/python
Config file: config.properties
Inference address: http://127.0.0.1:8080
Management address: http://127.0.0.1:8081
Metrics address: http://127.0.0.1:8082
Model Store: /home/amin/PycharmProjects/PythonProject/Cifar10Classification/model-store
Initial Models: cifar10.mar
Log dir: /home/amin/PycharmProjects/PythonProject/Cifar10Classification/logs
Metrics dir: /home/amin/PycharmProjects/PythonProject/Cifar10Classification/logs
Netty threads: 4
Netty client threads: 0
Default workers per model: 1
Blacklist Regex: N/A
Maximum Response Size: 6553500
Maximum Request Size: 6553500
Limit Maximum Image Pixels: true
Prefer direct buffer: false
Allowed Urls: [file://.*|http(s)?://.*]
Custom python dependency for model allowed: false
Enable metrics API: true
Metrics mode: LOG
Disable system metrics: false
Workflow Store: /home/amin/PycharmProjects/PythonProject/Cifar10Classification/model-store
CPP log config: N/A
Model config: N/A
System metrics command: default
Model API enabled: false
2025-04-25T17:59:34,605 [INFO ] main org.pytorch.serve.ModelServer - 
Torchserve version: 0.12.0
TS Home: /home/amin/miniconda3/envs/deep-learning/lib/python3.9/site-packages
Current directory: /home/amin/PycharmProjects/PythonProject/Cifar10Classification
Temp directory: /tmp
Metrics config path: /home/amin/miniconda3/envs/deep-learning/lib/python3.9/site-packages/ts/configs/metrics.yaml
Number of GPUs: 1
Number of CPUs: 8
Max heap size: 3960 M
Python executable: /home/amin/miniconda3/envs/deep-learning/bin/python
Config file: config.properties
Inference address: http://127.0.0.1:8080
Management address: http://127.0.0.1:8081
Metrics address: http://127.0.0.1:8082
Model Store: /home/amin/PycharmProjects/PythonProject/Cifar10Classification/model-store
Initial Models: cifar10.mar
Log dir: /home/amin/PycharmProjects/PythonProject/Cifar10Classification/logs
Metrics dir: /home/amin/PycharmProjects/PythonProject/Cifar10Classification/logs
Netty threads: 4
Netty client threads: 0
Default workers per model: 1
Blacklist Regex: N/A
Maximum Response Size: 6553500
Maximum Request Size: 6553500
Limit Maximum Image Pixels: true
Prefer direct buffer: false
Allowed Urls: [file://.*|http(s)?://.*]
Custom python dependency for model allowed: false
Enable metrics API: true
Metrics mode: LOG
Disable system metrics: false
Workflow Store: /home/amin/PycharmProjects/PythonProject/Cifar10Classification/model-store
CPP log config: N/A
Model config: N/A
System metrics command: default
Model API enabled: false
2025-04-25T17:59:34,612 [INFO ] main org.pytorch.serve.servingsdk.impl.PluginsManager -  Loading snapshot serializer plugin...
2025-04-25T17:59:34,612 [INFO ] main org.pytorch.serve.servingsdk.impl.PluginsManager -  Loading snapshot serializer plugin...
2025-04-25T17:59:34,626 [INFO ] main org.pytorch.serve.ModelServer - Loading initial models: cifar10.mar
2025-04-25T17:59:34,626 [INFO ] main org.pytorch.serve.ModelServer - Loading initial models: cifar10.mar
2025-04-25T17:59:34,763 [DEBUG] main org.pytorch.serve.wlm.ModelVersionedRefs - Adding new version 1.0 for model cifar10
2025-04-25T17:59:34,763 [DEBUG] main org.pytorch.serve.wlm.ModelVersionedRefs - Adding new version 1.0 for model cifar10
2025-04-25T17:59:34,763 [DEBUG] main org.pytorch.serve.wlm.ModelVersionedRefs - Setting default version to 1.0 for model cifar10
2025-04-25T17:59:34,763 [DEBUG] main org.pytorch.serve.wlm.ModelVersionedRefs - Setting default version to 1.0 for model cifar10
2025-04-25T17:59:34,763 [INFO ] main org.pytorch.serve.wlm.ModelManager - Model cifar10 loaded.
2025-04-25T17:59:34,763 [INFO ] main org.pytorch.serve.wlm.ModelManager - Model cifar10 loaded.
2025-04-25T17:59:34,763 [DEBUG] main org.pytorch.serve.wlm.ModelManager - updateModel: cifar10, count: 1
2025-04-25T17:59:34,763 [DEBUG] main org.pytorch.serve.wlm.ModelManager - updateModel: cifar10, count: 1
2025-04-25T17:59:34,772 [DEBUG] W-9000-cifar10_1.0 org.pytorch.serve.wlm.WorkerLifeCycle - Worker cmdline: [/home/amin/miniconda3/envs/deep-learning/bin/python, /home/amin/miniconda3/envs/deep-learning/lib/python3.9/site-packages/ts/model_service_worker.py, --sock-type, unix, --sock-name, /tmp/.ts.sock.9000, --metrics-config, /home/amin/miniconda3/envs/deep-learning/lib/python3.9/site-packages/ts/configs/metrics.yaml]
2025-04-25T17:59:34,772 [DEBUG] W-9000-cifar10_1.0 org.pytorch.serve.wlm.WorkerLifeCycle - Worker cmdline: [/home/amin/miniconda3/envs/deep-learning/bin/python, /home/amin/miniconda3/envs/deep-learning/lib/python3.9/site-packages/ts/model_service_worker.py, --sock-type, unix, --sock-name, /tmp/.ts.sock.9000, --metrics-config, /home/amin/miniconda3/envs/deep-learning/lib/python3.9/site-packages/ts/configs/metrics.yaml]
2025-04-25T17:59:34,773 [INFO ] main org.pytorch.serve.ModelServer - Initialize Inference server with: EpollServerSocketChannel.
2025-04-25T17:59:34,773 [INFO ] main org.pytorch.serve.ModelServer - Initialize Inference server with: EpollServerSocketChannel.
2025-04-25T17:59:34,820 [INFO ] main org.pytorch.serve.ModelServer - Inference API bind to: http://127.0.0.1:8080
2025-04-25T17:59:34,820 [INFO ] main org.pytorch.serve.ModelServer - Inference API bind to: http://127.0.0.1:8080
2025-04-25T17:59:34,820 [INFO ] main org.pytorch.serve.ModelServer - Initialize Management server with: EpollServerSocketChannel.
2025-04-25T17:59:34,820 [INFO ] main org.pytorch.serve.ModelServer - Initialize Management server with: EpollServerSocketChannel.
2025-04-25T17:59:34,821 [INFO ] main org.pytorch.serve.ModelServer - Management API bind to: http://127.0.0.1:8081
2025-04-25T17:59:34,821 [INFO ] main org.pytorch.serve.ModelServer - Management API bind to: http://127.0.0.1:8081
2025-04-25T17:59:34,821 [INFO ] main org.pytorch.serve.ModelServer - Initialize Metrics server with: EpollServerSocketChannel.
2025-04-25T17:59:34,821 [INFO ] main org.pytorch.serve.ModelServer - Initialize Metrics server with: EpollServerSocketChannel.
2025-04-25T17:59:34,822 [INFO ] main org.pytorch.serve.ModelServer - Metrics API bind to: http://127.0.0.1:8082
2025-04-25T17:59:34,822 [INFO ] main org.pytorch.serve.ModelServer - Metrics API bind to: http://127.0.0.1:8082
2025-04-25T17:59:34,979 [WARN ] pool-3-thread-1 org.pytorch.serve.metrics.MetricCollector - worker pid is not available yet.
2025-04-25T17:59:34,979 [WARN ] pool-3-thread-1 org.pytorch.serve.metrics.MetricCollector - worker pid is not available yet.
2025-04-25T17:59:35,209 [WARN ] pool-3-thread-1 org.pytorch.serve.metrics.MetricCollector - Parse metrics failed: NumExpr defaulting to 8 threads.
2025-04-25T17:59:35,209 [WARN ] pool-3-thread-1 org.pytorch.serve.metrics.MetricCollector - Parse metrics failed: NumExpr defaulting to 8 threads.
2025-04-25T17:59:35,439 [INFO ] pool-3-thread-1 TS_METRICS - CPUUtilization.Percent:0.0|#Level:Host|#hostname:amin-GF63-Thin-9SCXR,timestamp:1745578775
2025-04-25T17:59:35,439 [INFO ] pool-3-thread-1 TS_METRICS - DiskAvailable.Gigabytes:0.240814208984375|#Level:Host|#hostname:amin-GF63-Thin-9SCXR,timestamp:1745578775
2025-04-25T17:59:35,440 [INFO ] pool-3-thread-1 TS_METRICS - DiskUsage.Gigabytes:95.99224853515625|#Level:Host|#hostname:amin-GF63-Thin-9SCXR,timestamp:1745578775
2025-04-25T17:59:35,440 [INFO ] pool-3-thread-1 TS_METRICS - DiskUtilization.Percent:99.7|#Level:Host|#hostname:amin-GF63-Thin-9SCXR,timestamp:1745578775
2025-04-25T17:59:35,440 [INFO ] pool-3-thread-1 TS_METRICS - GPUMemoryUtilization.Percent:0.1220703125|#Level:Host,DeviceId:0|#hostname:amin-GF63-Thin-9SCXR,timestamp:1745578775
2025-04-25T17:59:35,440 [INFO ] pool-3-thread-1 TS_METRICS - GPUMemoryUsed.Megabytes:5.0|#Level:Host,DeviceId:0|#hostname:amin-GF63-Thin-9SCXR,timestamp:1745578775
2025-04-25T17:59:35,440 [INFO ] pool-3-thread-1 TS_METRICS - GPUUtilization.Percent:0.0|#Level:Host,DeviceId:0|#hostname:amin-GF63-Thin-9SCXR,timestamp:1745578775
2025-04-25T17:59:35,441 [INFO ] pool-3-thread-1 TS_METRICS - MemoryAvailable.Megabytes:9868.75390625|#Level:Host|#hostname:amin-GF63-Thin-9SCXR,timestamp:1745578775
2025-04-25T17:59:35,441 [INFO ] pool-3-thread-1 TS_METRICS - MemoryUsed.Megabytes:4745.53125|#Level:Host|#hostname:amin-GF63-Thin-9SCXR,timestamp:1745578775
2025-04-25T17:59:35,441 [INFO ] pool-3-thread-1 TS_METRICS - MemoryUtilization.Percent:37.7|#Level:Host|#hostname:amin-GF63-Thin-9SCXR,timestamp:1745578775
2025-04-25T17:59:35,882 [INFO ] W-9000-cifar10_1.0-stdout MODEL_LOG - s_name_part0=/tmp/.ts.sock, s_name_part1=9000, pid=14065
2025-04-25T17:59:35,883 [INFO ] W-9000-cifar10_1.0-stdout MODEL_LOG - Listening on port: /tmp/.ts.sock.9000
2025-04-25T17:59:35,891 [INFO ] W-9000-cifar10_1.0-stdout MODEL_LOG - Successfully loaded /home/amin/miniconda3/envs/deep-learning/lib/python3.9/site-packages/ts/configs/metrics.yaml.
2025-04-25T17:59:35,892 [INFO ] W-9000-cifar10_1.0-stdout MODEL_LOG - [PID]14065
2025-04-25T17:59:35,892 [INFO ] W-9000-cifar10_1.0-stdout MODEL_LOG - Torch worker started.
2025-04-25T17:59:35,892 [INFO ] W-9000-cifar10_1.0-stdout MODEL_LOG - Python runtime: 3.9.21
2025-04-25T17:59:35,892 [DEBUG] W-9000-cifar10_1.0 org.pytorch.serve.wlm.WorkerThread - W-9000-cifar10_1.0 State change null -> WORKER_STARTED
2025-04-25T17:59:35,892 [DEBUG] W-9000-cifar10_1.0 org.pytorch.serve.wlm.WorkerThread - W-9000-cifar10_1.0 State change null -> WORKER_STARTED
2025-04-25T17:59:35,895 [INFO ] W-9000-cifar10_1.0 org.pytorch.serve.wlm.WorkerThread - Connecting to: /tmp/.ts.sock.9000
2025-04-25T17:59:35,895 [INFO ] W-9000-cifar10_1.0 org.pytorch.serve.wlm.WorkerThread - Connecting to: /tmp/.ts.sock.9000
2025-04-25T17:59:35,900 [INFO ] W-9000-cifar10_1.0-stdout MODEL_LOG - Connection accepted: /tmp/.ts.sock.9000.
2025-04-25T17:59:35,902 [DEBUG] W-9000-cifar10_1.0 org.pytorch.serve.wlm.WorkerThread - Flushing req.cmd LOAD repeats 1 to backend at: 1745578775902
2025-04-25T17:59:35,902 [DEBUG] W-9000-cifar10_1.0 org.pytorch.serve.wlm.WorkerThread - Flushing req.cmd LOAD repeats 1 to backend at: 1745578775902
2025-04-25T17:59:35,903 [INFO ] W-9000-cifar10_1.0 org.pytorch.serve.wlm.WorkerThread - Looping backend response at: 1745578775903
2025-04-25T17:59:35,903 [INFO ] W-9000-cifar10_1.0 org.pytorch.serve.wlm.WorkerThread - Looping backend response at: 1745578775903
2025-04-25T17:59:35,923 [INFO ] W-9000-cifar10_1.0-stdout MODEL_LOG - model_name: cifar10, batchSize: 1
2025-04-25T17:59:36,528 [INFO ] W-9000-cifar10_1.0-stdout MODEL_LOG - OpenVINO is not enabled
2025-04-25T17:59:36,528 [INFO ] W-9000-cifar10_1.0-stdout MODEL_LOG - proceeding without onnxruntime
2025-04-25T17:59:36,529 [INFO ] W-9000-cifar10_1.0-stdout MODEL_LOG - Torch TensorRT not enabled
2025-04-25T17:59:36,627 [INFO ] W-9000-cifar10_1.0 org.pytorch.serve.wlm.WorkerThread - Backend response time: 724
2025-04-25T17:59:36,627 [INFO ] W-9000-cifar10_1.0 org.pytorch.serve.wlm.WorkerThread - Backend response time: 724
2025-04-25T17:59:36,627 [DEBUG] W-9000-cifar10_1.0 org.pytorch.serve.wlm.WorkerThread - W-9000-cifar10_1.0 State change WORKER_STARTED -> WORKER_MODEL_LOADED
2025-04-25T17:59:36,627 [DEBUG] W-9000-cifar10_1.0 org.pytorch.serve.wlm.WorkerThread - W-9000-cifar10_1.0 State change WORKER_STARTED -> WORKER_MODEL_LOADED
2025-04-25T17:59:36,627 [INFO ] W-9000-cifar10_1.0 TS_METRICS - WorkerLoadTime.Milliseconds:1859.0|#WorkerName:W-9000-cifar10_1.0,Level:Host|#hostname:amin-GF63-Thin-9SCXR,timestamp:1745578776
2025-04-25T17:59:36,627 [INFO ] W-9000-cifar10_1.0 TS_METRICS - WorkerThreadTime.Milliseconds:1.0|#Level:Host|#hostname:amin-GF63-Thin-9SCXR,timestamp:1745578776
2025-04-25T17:59:42,897 [INFO ] epollEventLoopGroup-3-1 TS_METRICS - ts_inference_requests_total.Count:1.0|#model_name:cifar10,model_version:default|#hostname:amin-GF63-Thin-9SCXR,timestamp:1745578782
2025-04-25T17:59:42,899 [DEBUG] W-9000-cifar10_1.0 org.pytorch.serve.wlm.WorkerThread - Flushing req.cmd PREDICT repeats 1 to backend at: 1745578782899
2025-04-25T17:59:42,899 [DEBUG] W-9000-cifar10_1.0 org.pytorch.serve.wlm.WorkerThread - Flushing req.cmd PREDICT repeats 1 to backend at: 1745578782899
2025-04-25T17:59:42,899 [INFO ] W-9000-cifar10_1.0 org.pytorch.serve.wlm.WorkerThread - Looping backend response at: 1745578782899
2025-04-25T17:59:42,899 [INFO ] W-9000-cifar10_1.0 org.pytorch.serve.wlm.WorkerThread - Looping backend response at: 1745578782899
2025-04-25T17:59:42,900 [INFO ] W-9000-cifar10_1.0-stdout MODEL_LOG - Backend received inference at: 1745578782
2025-04-25T17:59:43,076 [INFO ] W-9000-cifar10_1.0-stdout MODEL_LOG - Invoking custom service failed.
2025-04-25T17:59:43,077 [INFO ] W-9000-cifar10_1.0-stdout MODEL_LOG - Traceback (most recent call last):
2025-04-25T17:59:43,077 [INFO ] W-9000-cifar10_1.0-stdout MODEL_LOG -   File "/home/amin/miniconda3/envs/deep-learning/lib/python3.9/site-packages/ts/service.py", line 135, in predict
2025-04-25T17:59:43,077 [INFO ] W-9000-cifar10_1.0-stdout MODEL_LOG -     ret = self._entry_point(input_batch, self.context)
2025-04-25T17:59:43,077 [INFO ] W-9000-cifar10_1.0-stdout MODEL_LOG -   File "/home/amin/miniconda3/envs/deep-learning/lib/python3.9/site-packages/ts/torch_handler/base_handler.py", line 459, in handle
2025-04-25T17:59:43,077 [INFO ] W-9000-cifar10_1.0-stdout MODEL_LOG -     output = self.postprocess(output)
2025-04-25T17:59:43,077 [INFO ] W-9000-cifar10_1.0-stdout MODEL_LOG -   File "/tmp/models/fcbbfb88bec94cc7ba526fa3e29d5ff2/cifar_handler.py", line 38, in postprocess
2025-04-25T17:59:43,077 [INFO ] W-9000-cifar10_1.0-stdout MODEL_LOG -     probs = torch.nn.functional.softmax(inference_output[0], dim=1)
2025-04-25T17:59:43,078 [INFO ] W-9000-cifar10_1.0-stdout MODEL_LOG -   File "/home/amin/miniconda3/envs/deep-learning/lib/python3.9/site-packages/torch/nn/functional.py", line 1885, in softmax
2025-04-25T17:59:43,078 [INFO ] W-9000-cifar10_1.0-stdout MODEL_LOG -     ret = input.softmax(dim)
2025-04-25T17:59:43,078 [INFO ] W-9000-cifar10_1.0-stdout MODEL_LOG - IndexError: Dimension out of range (expected to be in range of [-1, 0], but got 1)
2025-04-25T17:59:43,081 [INFO ] W-9000-cifar10_1.0 ACCESS_LOG - /127.0.0.1:54584 "POST /predictions/cifar10 HTTP/1.1" 503 186
2025-04-25T17:59:43,081 [INFO ] W-9000-cifar10_1.0 TS_METRICS - Requests5XX.Count:1.0|#Level:Host|#hostname:amin-GF63-Thin-9SCXR,timestamp:1745578783
2025-04-25T17:59:43,082 [DEBUG] W-9000-cifar10_1.0 org.pytorch.serve.job.RestJob - Waiting time ns: 137752, Inference time ns: 183381207
2025-04-25T17:59:43,082 [DEBUG] W-9000-cifar10_1.0 org.pytorch.serve.job.RestJob - Waiting time ns: 137752, Inference time ns: 183381207
2025-04-25T17:59:43,082 [INFO ] W-9000-cifar10_1.0 org.pytorch.serve.wlm.WorkerThread - Backend response time: 178
2025-04-25T17:59:43,082 [INFO ] W-9000-cifar10_1.0 org.pytorch.serve.wlm.WorkerThread - Backend response time: 178
2025-04-25T17:59:43,083 [INFO ] W-9000-cifar10_1.0 TS_METRICS - WorkerThreadTime.Milliseconds:5.0|#Level:Host|#hostname:amin-GF63-Thin-9SCXR,timestamp:1745578783
2025-04-25T18:00:35,223 [WARN ] pool-3-thread-1 org.pytorch.serve.metrics.MetricCollector - Parse metrics failed: NumExpr defaulting to 8 threads.
2025-04-25T18:00:35,223 [WARN ] pool-3-thread-1 org.pytorch.serve.metrics.MetricCollector - Parse metrics failed: NumExpr defaulting to 8 threads.
2025-04-25T18:00:35,407 [INFO ] pool-3-thread-1 TS_METRICS - CPUUtilization.Percent:50.0|#Level:Host|#hostname:amin-GF63-Thin-9SCXR,timestamp:1745578835
2025-04-25T18:00:35,407 [INFO ] pool-3-thread-1 TS_METRICS - DiskAvailable.Gigabytes:0.24074935913085938|#Level:Host|#hostname:amin-GF63-Thin-9SCXR,timestamp:1745578835
2025-04-25T18:00:35,408 [INFO ] pool-3-thread-1 TS_METRICS - DiskUsage.Gigabytes:95.99231338500977|#Level:Host|#hostname:amin-GF63-Thin-9SCXR,timestamp:1745578835
2025-04-25T18:00:35,408 [INFO ] pool-3-thread-1 TS_METRICS - DiskUtilization.Percent:99.7|#Level:Host|#hostname:amin-GF63-Thin-9SCXR,timestamp:1745578835
2025-04-25T18:00:35,408 [INFO ] pool-3-thread-1 TS_METRICS - GPUMemoryUtilization.Percent:2.6123046875|#Level:Host,DeviceId:0|#hostname:amin-GF63-Thin-9SCXR,timestamp:1745578835
2025-04-25T18:00:35,408 [INFO ] pool-3-thread-1 TS_METRICS - GPUMemoryUsed.Megabytes:107.0|#Level:Host,DeviceId:0|#hostname:amin-GF63-Thin-9SCXR,timestamp:1745578835
2025-04-25T18:00:35,408 [INFO ] pool-3-thread-1 TS_METRICS - GPUUtilization.Percent:0.0|#Level:Host,DeviceId:0|#hostname:amin-GF63-Thin-9SCXR,timestamp:1745578835
2025-04-25T18:00:35,408 [INFO ] pool-3-thread-1 TS_METRICS - MemoryAvailable.Megabytes:9551.3046875|#Level:Host|#hostname:amin-GF63-Thin-9SCXR,timestamp:1745578835
2025-04-25T18:00:35,409 [INFO ] pool-3-thread-1 TS_METRICS - MemoryUsed.Megabytes:5065.234375|#Level:Host|#hostname:amin-GF63-Thin-9SCXR,timestamp:1745578835
2025-04-25T18:00:35,409 [INFO ] pool-3-thread-1 TS_METRICS - MemoryUtilization.Percent:39.7|#Level:Host|#hostname:amin-GF63-Thin-9SCXR,timestamp:1745578835
2025-04-25T18:01:14,050 [DEBUG] main org.pytorch.serve.util.ConfigManager - xpu-smi not available or failed: Cannot run program "xpu-smi": error=2, No such file or directory
2025-04-25T18:01:14,050 [DEBUG] main org.pytorch.serve.util.ConfigManager - xpu-smi not available or failed: Cannot run program "xpu-smi": error=2, No such file or directory
2025-04-25T18:01:14,054 [WARN ] main org.pytorch.serve.util.ConfigManager - Your torchserve instance can access any URL to load models. When deploying to production, make sure to limit the set of allowed_urls in config.properties
2025-04-25T18:01:14,054 [WARN ] main org.pytorch.serve.util.ConfigManager - Your torchserve instance can access any URL to load models. When deploying to production, make sure to limit the set of allowed_urls in config.properties
2025-04-25T18:01:14,073 [INFO ] main org.pytorch.serve.servingsdk.impl.PluginsManager - Initializing plugins manager...
2025-04-25T18:01:14,073 [INFO ] main org.pytorch.serve.servingsdk.impl.PluginsManager - Initializing plugins manager...
2025-04-25T18:01:14,116 [INFO ] main org.pytorch.serve.metrics.configuration.MetricConfiguration - Successfully loaded metrics configuration from /home/amin/miniconda3/envs/deep-learning/lib/python3.9/site-packages/ts/configs/metrics.yaml
2025-04-25T18:01:14,116 [INFO ] main org.pytorch.serve.metrics.configuration.MetricConfiguration - Successfully loaded metrics configuration from /home/amin/miniconda3/envs/deep-learning/lib/python3.9/site-packages/ts/configs/metrics.yaml
2025-04-25T18:01:14,174 [INFO ] main org.pytorch.serve.ModelServer - 
Torchserve version: 0.12.0
TS Home: /home/amin/miniconda3/envs/deep-learning/lib/python3.9/site-packages
Current directory: /home/amin/PycharmProjects/PythonProject/Cifar10Classification
Temp directory: /tmp
Metrics config path: /home/amin/miniconda3/envs/deep-learning/lib/python3.9/site-packages/ts/configs/metrics.yaml
Number of GPUs: 1
Number of CPUs: 8
Max heap size: 3960 M
Python executable: /home/amin/miniconda3/envs/deep-learning/bin/python
Config file: config.properties
Inference address: http://127.0.0.1:8080
Management address: http://127.0.0.1:8081
Metrics address: http://127.0.0.1:8082
Model Store: /home/amin/PycharmProjects/PythonProject/Cifar10Classification/model-store
Initial Models: cifar10.mar
Log dir: /home/amin/PycharmProjects/PythonProject/Cifar10Classification/logs
Metrics dir: /home/amin/PycharmProjects/PythonProject/Cifar10Classification/logs
Netty threads: 4
Netty client threads: 0
Default workers per model: 1
Blacklist Regex: N/A
Maximum Response Size: 6553500
Maximum Request Size: 6553500
Limit Maximum Image Pixels: true
Prefer direct buffer: false
Allowed Urls: [file://.*|http(s)?://.*]
Custom python dependency for model allowed: false
Enable metrics API: true
Metrics mode: LOG
Disable system metrics: false
Workflow Store: /home/amin/PycharmProjects/PythonProject/Cifar10Classification/model-store
CPP log config: N/A
Model config: N/A
System metrics command: default
Model API enabled: false
2025-04-25T18:01:14,174 [INFO ] main org.pytorch.serve.ModelServer - 
Torchserve version: 0.12.0
TS Home: /home/amin/miniconda3/envs/deep-learning/lib/python3.9/site-packages
Current directory: /home/amin/PycharmProjects/PythonProject/Cifar10Classification
Temp directory: /tmp
Metrics config path: /home/amin/miniconda3/envs/deep-learning/lib/python3.9/site-packages/ts/configs/metrics.yaml
Number of GPUs: 1
Number of CPUs: 8
Max heap size: 3960 M
Python executable: /home/amin/miniconda3/envs/deep-learning/bin/python
Config file: config.properties
Inference address: http://127.0.0.1:8080
Management address: http://127.0.0.1:8081
Metrics address: http://127.0.0.1:8082
Model Store: /home/amin/PycharmProjects/PythonProject/Cifar10Classification/model-store
Initial Models: cifar10.mar
Log dir: /home/amin/PycharmProjects/PythonProject/Cifar10Classification/logs
Metrics dir: /home/amin/PycharmProjects/PythonProject/Cifar10Classification/logs
Netty threads: 4
Netty client threads: 0
Default workers per model: 1
Blacklist Regex: N/A
Maximum Response Size: 6553500
Maximum Request Size: 6553500
Limit Maximum Image Pixels: true
Prefer direct buffer: false
Allowed Urls: [file://.*|http(s)?://.*]
Custom python dependency for model allowed: false
Enable metrics API: true
Metrics mode: LOG
Disable system metrics: false
Workflow Store: /home/amin/PycharmProjects/PythonProject/Cifar10Classification/model-store
CPP log config: N/A
Model config: N/A
System metrics command: default
Model API enabled: false
2025-04-25T18:01:14,181 [INFO ] main org.pytorch.serve.servingsdk.impl.PluginsManager -  Loading snapshot serializer plugin...
2025-04-25T18:01:14,181 [INFO ] main org.pytorch.serve.servingsdk.impl.PluginsManager -  Loading snapshot serializer plugin...
2025-04-25T18:01:14,195 [INFO ] main org.pytorch.serve.ModelServer - Loading initial models: cifar10.mar
2025-04-25T18:01:14,195 [INFO ] main org.pytorch.serve.ModelServer - Loading initial models: cifar10.mar
2025-04-25T18:01:14,330 [DEBUG] main org.pytorch.serve.wlm.ModelVersionedRefs - Adding new version 1.0 for model cifar10
2025-04-25T18:01:14,330 [DEBUG] main org.pytorch.serve.wlm.ModelVersionedRefs - Adding new version 1.0 for model cifar10
2025-04-25T18:01:14,330 [DEBUG] main org.pytorch.serve.wlm.ModelVersionedRefs - Setting default version to 1.0 for model cifar10
2025-04-25T18:01:14,330 [DEBUG] main org.pytorch.serve.wlm.ModelVersionedRefs - Setting default version to 1.0 for model cifar10
2025-04-25T18:01:14,330 [INFO ] main org.pytorch.serve.wlm.ModelManager - Model cifar10 loaded.
2025-04-25T18:01:14,330 [INFO ] main org.pytorch.serve.wlm.ModelManager - Model cifar10 loaded.
2025-04-25T18:01:14,330 [DEBUG] main org.pytorch.serve.wlm.ModelManager - updateModel: cifar10, count: 1
2025-04-25T18:01:14,330 [DEBUG] main org.pytorch.serve.wlm.ModelManager - updateModel: cifar10, count: 1
2025-04-25T18:01:14,340 [INFO ] main org.pytorch.serve.ModelServer - Initialize Inference server with: EpollServerSocketChannel.
2025-04-25T18:01:14,340 [DEBUG] W-9000-cifar10_1.0 org.pytorch.serve.wlm.WorkerLifeCycle - Worker cmdline: [/home/amin/miniconda3/envs/deep-learning/bin/python, /home/amin/miniconda3/envs/deep-learning/lib/python3.9/site-packages/ts/model_service_worker.py, --sock-type, unix, --sock-name, /tmp/.ts.sock.9000, --metrics-config, /home/amin/miniconda3/envs/deep-learning/lib/python3.9/site-packages/ts/configs/metrics.yaml]
2025-04-25T18:01:14,340 [INFO ] main org.pytorch.serve.ModelServer - Initialize Inference server with: EpollServerSocketChannel.
2025-04-25T18:01:14,340 [DEBUG] W-9000-cifar10_1.0 org.pytorch.serve.wlm.WorkerLifeCycle - Worker cmdline: [/home/amin/miniconda3/envs/deep-learning/bin/python, /home/amin/miniconda3/envs/deep-learning/lib/python3.9/site-packages/ts/model_service_worker.py, --sock-type, unix, --sock-name, /tmp/.ts.sock.9000, --metrics-config, /home/amin/miniconda3/envs/deep-learning/lib/python3.9/site-packages/ts/configs/metrics.yaml]
2025-04-25T18:01:14,401 [INFO ] main org.pytorch.serve.ModelServer - Inference API bind to: http://127.0.0.1:8080
2025-04-25T18:01:14,401 [INFO ] main org.pytorch.serve.ModelServer - Inference API bind to: http://127.0.0.1:8080
2025-04-25T18:01:14,401 [INFO ] main org.pytorch.serve.ModelServer - Initialize Management server with: EpollServerSocketChannel.
2025-04-25T18:01:14,401 [INFO ] main org.pytorch.serve.ModelServer - Initialize Management server with: EpollServerSocketChannel.
2025-04-25T18:01:14,402 [INFO ] main org.pytorch.serve.ModelServer - Management API bind to: http://127.0.0.1:8081
2025-04-25T18:01:14,402 [INFO ] main org.pytorch.serve.ModelServer - Management API bind to: http://127.0.0.1:8081
2025-04-25T18:01:14,402 [INFO ] main org.pytorch.serve.ModelServer - Initialize Metrics server with: EpollServerSocketChannel.
2025-04-25T18:01:14,402 [INFO ] main org.pytorch.serve.ModelServer - Initialize Metrics server with: EpollServerSocketChannel.
2025-04-25T18:01:14,403 [INFO ] main org.pytorch.serve.ModelServer - Metrics API bind to: http://127.0.0.1:8082
2025-04-25T18:01:14,403 [INFO ] main org.pytorch.serve.ModelServer - Metrics API bind to: http://127.0.0.1:8082
2025-04-25T18:01:14,557 [WARN ] pool-3-thread-1 org.pytorch.serve.metrics.MetricCollector - worker pid is not available yet.
2025-04-25T18:01:14,557 [WARN ] pool-3-thread-1 org.pytorch.serve.metrics.MetricCollector - worker pid is not available yet.
2025-04-25T18:01:14,824 [WARN ] pool-3-thread-1 org.pytorch.serve.metrics.MetricCollector - Parse metrics failed: NumExpr defaulting to 8 threads.
2025-04-25T18:01:14,824 [WARN ] pool-3-thread-1 org.pytorch.serve.metrics.MetricCollector - Parse metrics failed: NumExpr defaulting to 8 threads.
2025-04-25T18:01:15,044 [INFO ] pool-3-thread-1 TS_METRICS - CPUUtilization.Percent:50.0|#Level:Host|#hostname:amin-GF63-Thin-9SCXR,timestamp:1745578875
2025-04-25T18:01:15,045 [INFO ] pool-3-thread-1 TS_METRICS - DiskAvailable.Gigabytes:0.240509033203125|#Level:Host|#hostname:amin-GF63-Thin-9SCXR,timestamp:1745578875
2025-04-25T18:01:15,045 [INFO ] pool-3-thread-1 TS_METRICS - DiskUsage.Gigabytes:95.9925537109375|#Level:Host|#hostname:amin-GF63-Thin-9SCXR,timestamp:1745578875
2025-04-25T18:01:15,045 [INFO ] pool-3-thread-1 TS_METRICS - DiskUtilization.Percent:99.8|#Level:Host|#hostname:amin-GF63-Thin-9SCXR,timestamp:1745578875
2025-04-25T18:01:15,045 [INFO ] pool-3-thread-1 TS_METRICS - GPUMemoryUtilization.Percent:0.1220703125|#Level:Host,DeviceId:0|#hostname:amin-GF63-Thin-9SCXR,timestamp:1745578875
2025-04-25T18:01:15,045 [INFO ] pool-3-thread-1 TS_METRICS - GPUMemoryUsed.Megabytes:5.0|#Level:Host,DeviceId:0|#hostname:amin-GF63-Thin-9SCXR,timestamp:1745578875
2025-04-25T18:01:15,046 [INFO ] pool-3-thread-1 TS_METRICS - GPUUtilization.Percent:0.0|#Level:Host,DeviceId:0|#hostname:amin-GF63-Thin-9SCXR,timestamp:1745578875
2025-04-25T18:01:15,046 [INFO ] pool-3-thread-1 TS_METRICS - MemoryAvailable.Megabytes:9879.875|#Level:Host|#hostname:amin-GF63-Thin-9SCXR,timestamp:1745578875
2025-04-25T18:01:15,046 [INFO ] pool-3-thread-1 TS_METRICS - MemoryUsed.Megabytes:4743.625|#Level:Host|#hostname:amin-GF63-Thin-9SCXR,timestamp:1745578875
2025-04-25T18:01:15,046 [INFO ] pool-3-thread-1 TS_METRICS - MemoryUtilization.Percent:37.6|#Level:Host|#hostname:amin-GF63-Thin-9SCXR,timestamp:1745578875
2025-04-25T18:01:15,466 [INFO ] W-9000-cifar10_1.0-stdout MODEL_LOG - s_name_part0=/tmp/.ts.sock, s_name_part1=9000, pid=14350
2025-04-25T18:01:15,467 [INFO ] W-9000-cifar10_1.0-stdout MODEL_LOG - Listening on port: /tmp/.ts.sock.9000
2025-04-25T18:01:15,475 [INFO ] W-9000-cifar10_1.0-stdout MODEL_LOG - Successfully loaded /home/amin/miniconda3/envs/deep-learning/lib/python3.9/site-packages/ts/configs/metrics.yaml.
2025-04-25T18:01:15,475 [INFO ] W-9000-cifar10_1.0-stdout MODEL_LOG - [PID]14350
2025-04-25T18:01:15,476 [INFO ] W-9000-cifar10_1.0-stdout MODEL_LOG - Torch worker started.
2025-04-25T18:01:15,476 [INFO ] W-9000-cifar10_1.0-stdout MODEL_LOG - Python runtime: 3.9.21
2025-04-25T18:01:15,476 [DEBUG] W-9000-cifar10_1.0 org.pytorch.serve.wlm.WorkerThread - W-9000-cifar10_1.0 State change null -> WORKER_STARTED
2025-04-25T18:01:15,476 [DEBUG] W-9000-cifar10_1.0 org.pytorch.serve.wlm.WorkerThread - W-9000-cifar10_1.0 State change null -> WORKER_STARTED
2025-04-25T18:01:15,479 [INFO ] W-9000-cifar10_1.0 org.pytorch.serve.wlm.WorkerThread - Connecting to: /tmp/.ts.sock.9000
2025-04-25T18:01:15,479 [INFO ] W-9000-cifar10_1.0 org.pytorch.serve.wlm.WorkerThread - Connecting to: /tmp/.ts.sock.9000
2025-04-25T18:01:15,484 [INFO ] W-9000-cifar10_1.0-stdout MODEL_LOG - Connection accepted: /tmp/.ts.sock.9000.
2025-04-25T18:01:15,486 [DEBUG] W-9000-cifar10_1.0 org.pytorch.serve.wlm.WorkerThread - Flushing req.cmd LOAD repeats 1 to backend at: 1745578875486
2025-04-25T18:01:15,486 [DEBUG] W-9000-cifar10_1.0 org.pytorch.serve.wlm.WorkerThread - Flushing req.cmd LOAD repeats 1 to backend at: 1745578875486
2025-04-25T18:01:15,487 [INFO ] W-9000-cifar10_1.0 org.pytorch.serve.wlm.WorkerThread - Looping backend response at: 1745578875487
2025-04-25T18:01:15,487 [INFO ] W-9000-cifar10_1.0 org.pytorch.serve.wlm.WorkerThread - Looping backend response at: 1745578875487
2025-04-25T18:01:15,507 [INFO ] W-9000-cifar10_1.0-stdout MODEL_LOG - model_name: cifar10, batchSize: 1
2025-04-25T18:01:15,555 [INFO ] W-9000-cifar10_1.0-stdout MODEL_LOG - OpenVINO is not enabled
2025-04-25T18:01:15,556 [INFO ] W-9000-cifar10_1.0-stdout MODEL_LOG - proceeding without onnxruntime
2025-04-25T18:01:15,556 [INFO ] W-9000-cifar10_1.0-stdout MODEL_LOG - Torch TensorRT not enabled
2025-04-25T18:01:15,628 [INFO ] W-9000-cifar10_1.0 org.pytorch.serve.wlm.WorkerThread - Backend response time: 141
2025-04-25T18:01:15,628 [INFO ] W-9000-cifar10_1.0 org.pytorch.serve.wlm.WorkerThread - Backend response time: 141
2025-04-25T18:01:15,628 [DEBUG] W-9000-cifar10_1.0 org.pytorch.serve.wlm.WorkerThread - W-9000-cifar10_1.0 State change WORKER_STARTED -> WORKER_MODEL_LOADED
2025-04-25T18:01:15,628 [DEBUG] W-9000-cifar10_1.0 org.pytorch.serve.wlm.WorkerThread - W-9000-cifar10_1.0 State change WORKER_STARTED -> WORKER_MODEL_LOADED
2025-04-25T18:01:15,629 [INFO ] W-9000-cifar10_1.0 TS_METRICS - WorkerLoadTime.Milliseconds:1293.0|#WorkerName:W-9000-cifar10_1.0,Level:Host|#hostname:amin-GF63-Thin-9SCXR,timestamp:1745578875
2025-04-25T18:01:15,629 [INFO ] W-9000-cifar10_1.0 TS_METRICS - WorkerThreadTime.Milliseconds:2.0|#Level:Host|#hostname:amin-GF63-Thin-9SCXR,timestamp:1745578875
2025-04-25T18:01:29,485 [INFO ] epollEventLoopGroup-3-1 TS_METRICS - ts_inference_requests_total.Count:1.0|#model_name:cifar10,model_version:default|#hostname:amin-GF63-Thin-9SCXR,timestamp:1745578889
2025-04-25T18:01:29,486 [DEBUG] W-9000-cifar10_1.0 org.pytorch.serve.wlm.WorkerThread - Flushing req.cmd PREDICT repeats 1 to backend at: 1745578889486
2025-04-25T18:01:29,486 [DEBUG] W-9000-cifar10_1.0 org.pytorch.serve.wlm.WorkerThread - Flushing req.cmd PREDICT repeats 1 to backend at: 1745578889486
2025-04-25T18:01:29,486 [INFO ] W-9000-cifar10_1.0 org.pytorch.serve.wlm.WorkerThread - Looping backend response at: 1745578889486
2025-04-25T18:01:29,486 [INFO ] W-9000-cifar10_1.0 org.pytorch.serve.wlm.WorkerThread - Looping backend response at: 1745578889486
2025-04-25T18:01:29,487 [INFO ] W-9000-cifar10_1.0-stdout MODEL_LOG - Backend received inference at: 1745578889
2025-04-25T18:01:29,646 [INFO ] W-9000-cifar10_1.0-stdout org.pytorch.serve.wlm.WorkerLifeCycle - result=[METRICS]HandlerTime.Milliseconds:157.77|#ModelName:cifar10,Level:Model|#type:GAUGE|#hostname:amin-GF63-Thin-9SCXR,1745578889,b29c7c4f-3cd4-4947-9af4-52c50a99667b, pattern=[METRICS]
2025-04-25T18:01:29,646 [INFO ] W-9000-cifar10_1.0-stdout org.pytorch.serve.wlm.WorkerLifeCycle - result=[METRICS]HandlerTime.Milliseconds:157.77|#ModelName:cifar10,Level:Model|#type:GAUGE|#hostname:amin-GF63-Thin-9SCXR,1745578889,b29c7c4f-3cd4-4947-9af4-52c50a99667b, pattern=[METRICS]
2025-04-25T18:01:29,646 [INFO ] W-9000-cifar10_1.0 org.pytorch.serve.wlm.BatchAggregator - Sending response for jobId b29c7c4f-3cd4-4947-9af4-52c50a99667b
2025-04-25T18:01:29,646 [INFO ] W-9000-cifar10_1.0-stdout MODEL_METRICS - HandlerTime.ms:157.77|#ModelName:cifar10,Level:Model|#hostname:amin-GF63-Thin-9SCXR,requestID:b29c7c4f-3cd4-4947-9af4-52c50a99667b,timestamp:1745578889
2025-04-25T18:01:29,646 [INFO ] W-9000-cifar10_1.0 org.pytorch.serve.wlm.BatchAggregator - Sending response for jobId b29c7c4f-3cd4-4947-9af4-52c50a99667b
2025-04-25T18:01:29,646 [INFO ] W-9000-cifar10_1.0-stdout org.pytorch.serve.wlm.WorkerLifeCycle - result=[METRICS]PredictionTime.Milliseconds:157.92|#ModelName:cifar10,Level:Model|#type:GAUGE|#hostname:amin-GF63-Thin-9SCXR,1745578889,b29c7c4f-3cd4-4947-9af4-52c50a99667b, pattern=[METRICS]
2025-04-25T18:01:29,646 [INFO ] W-9000-cifar10_1.0-stdout org.pytorch.serve.wlm.WorkerLifeCycle - result=[METRICS]PredictionTime.Milliseconds:157.92|#ModelName:cifar10,Level:Model|#type:GAUGE|#hostname:amin-GF63-Thin-9SCXR,1745578889,b29c7c4f-3cd4-4947-9af4-52c50a99667b, pattern=[METRICS]
2025-04-25T18:01:29,646 [INFO ] W-9000-cifar10_1.0-stdout MODEL_METRICS - PredictionTime.ms:157.92|#ModelName:cifar10,Level:Model|#hostname:amin-GF63-Thin-9SCXR,requestID:b29c7c4f-3cd4-4947-9af4-52c50a99667b,timestamp:1745578889
2025-04-25T18:01:29,647 [INFO ] W-9000-cifar10_1.0 ACCESS_LOG - /127.0.0.1:55244 "POST /predictions/cifar10 HTTP/1.1" 200 164
2025-04-25T18:01:29,647 [INFO ] W-9000-cifar10_1.0 TS_METRICS - Requests2XX.Count:1.0|#Level:Host|#hostname:amin-GF63-Thin-9SCXR,timestamp:1745578889
2025-04-25T18:01:29,647 [INFO ] W-9000-cifar10_1.0 TS_METRICS - ts_inference_latency_microseconds.Microseconds:160541.798|#model_name:cifar10,model_version:default|#hostname:amin-GF63-Thin-9SCXR,timestamp:1745578889
2025-04-25T18:01:29,647 [INFO ] W-9000-cifar10_1.0 TS_METRICS - ts_queue_latency_microseconds.Microseconds:110.404|#model_name:cifar10,model_version:default|#hostname:amin-GF63-Thin-9SCXR,timestamp:1745578889
2025-04-25T18:01:29,647 [DEBUG] W-9000-cifar10_1.0 org.pytorch.serve.job.RestJob - Waiting time ns: 110404, Backend time ns: 161559018
2025-04-25T18:01:29,647 [DEBUG] W-9000-cifar10_1.0 org.pytorch.serve.job.RestJob - Waiting time ns: 110404, Backend time ns: 161559018
2025-04-25T18:01:29,647 [INFO ] W-9000-cifar10_1.0 TS_METRICS - QueueTime.Milliseconds:0.0|#Level:Host|#hostname:amin-GF63-Thin-9SCXR,timestamp:1745578889
2025-04-25T18:01:29,648 [INFO ] W-9000-cifar10_1.0 org.pytorch.serve.wlm.WorkerThread - Backend response time: 160
2025-04-25T18:01:29,648 [INFO ] W-9000-cifar10_1.0 org.pytorch.serve.wlm.WorkerThread - Backend response time: 160
2025-04-25T18:01:29,648 [INFO ] W-9000-cifar10_1.0 TS_METRICS - WorkerThreadTime.Milliseconds:2.0|#Level:Host|#hostname:amin-GF63-Thin-9SCXR,timestamp:1745578889
2025-04-25T18:02:14,802 [WARN ] pool-3-thread-1 org.pytorch.serve.metrics.MetricCollector - Parse metrics failed: NumExpr defaulting to 8 threads.
2025-04-25T18:02:14,802 [WARN ] pool-3-thread-1 org.pytorch.serve.metrics.MetricCollector - Parse metrics failed: NumExpr defaulting to 8 threads.
2025-04-25T18:02:14,987 [INFO ] pool-3-thread-1 TS_METRICS - CPUUtilization.Percent:50.0|#Level:Host|#hostname:amin-GF63-Thin-9SCXR,timestamp:1745578934
2025-04-25T18:02:14,988 [INFO ] pool-3-thread-1 TS_METRICS - DiskAvailable.Gigabytes:0.24113082885742188|#Level:Host|#hostname:amin-GF63-Thin-9SCXR,timestamp:1745578934
2025-04-25T18:02:14,988 [INFO ] pool-3-thread-1 TS_METRICS - DiskUsage.Gigabytes:95.9919319152832|#Level:Host|#hostname:amin-GF63-Thin-9SCXR,timestamp:1745578934
2025-04-25T18:02:14,988 [INFO ] pool-3-thread-1 TS_METRICS - DiskUtilization.Percent:99.7|#Level:Host|#hostname:amin-GF63-Thin-9SCXR,timestamp:1745578934
2025-04-25T18:02:14,988 [INFO ] pool-3-thread-1 TS_METRICS - GPUMemoryUtilization.Percent:3.1005859375|#Level:Host,DeviceId:0|#hostname:amin-GF63-Thin-9SCXR,timestamp:1745578934
2025-04-25T18:02:14,988 [INFO ] pool-3-thread-1 TS_METRICS - GPUMemoryUsed.Megabytes:127.0|#Level:Host,DeviceId:0|#hostname:amin-GF63-Thin-9SCXR,timestamp:1745578934
2025-04-25T18:02:14,989 [INFO ] pool-3-thread-1 TS_METRICS - GPUUtilization.Percent:0.0|#Level:Host,DeviceId:0|#hostname:amin-GF63-Thin-9SCXR,timestamp:1745578934
2025-04-25T18:02:14,989 [INFO ] pool-3-thread-1 TS_METRICS - MemoryAvailable.Megabytes:9540.37890625|#Level:Host|#hostname:amin-GF63-Thin-9SCXR,timestamp:1745578934
2025-04-25T18:02:14,989 [INFO ] pool-3-thread-1 TS_METRICS - MemoryUsed.Megabytes:5039.625|#Level:Host|#hostname:amin-GF63-Thin-9SCXR,timestamp:1745578934
2025-04-25T18:02:14,989 [INFO ] pool-3-thread-1 TS_METRICS - MemoryUtilization.Percent:39.8|#Level:Host|#hostname:amin-GF63-Thin-9SCXR,timestamp:1745578934
2025-04-25T18:03:14,782 [WARN ] pool-3-thread-1 org.pytorch.serve.metrics.MetricCollector - Parse metrics failed: NumExpr defaulting to 8 threads.
2025-04-25T18:03:14,782 [WARN ] pool-3-thread-1 org.pytorch.serve.metrics.MetricCollector - Parse metrics failed: NumExpr defaulting to 8 threads.
2025-04-25T18:03:14,991 [INFO ] pool-3-thread-1 TS_METRICS - CPUUtilization.Percent:0.0|#Level:Host|#hostname:amin-GF63-Thin-9SCXR,timestamp:1745578994
2025-04-25T18:03:14,991 [INFO ] pool-3-thread-1 TS_METRICS - DiskAvailable.Gigabytes:0.24112701416015625|#Level:Host|#hostname:amin-GF63-Thin-9SCXR,timestamp:1745578994
2025-04-25T18:03:14,991 [INFO ] pool-3-thread-1 TS_METRICS - DiskUsage.Gigabytes:95.99193572998047|#Level:Host|#hostname:amin-GF63-Thin-9SCXR,timestamp:1745578994
2025-04-25T18:03:14,992 [INFO ] pool-3-thread-1 TS_METRICS - DiskUtilization.Percent:99.7|#Level:Host|#hostname:amin-GF63-Thin-9SCXR,timestamp:1745578994
2025-04-25T18:03:14,992 [INFO ] pool-3-thread-1 TS_METRICS - GPUMemoryUtilization.Percent:3.1005859375|#Level:Host,DeviceId:0|#hostname:amin-GF63-Thin-9SCXR,timestamp:1745578994
2025-04-25T18:03:14,992 [INFO ] pool-3-thread-1 TS_METRICS - GPUMemoryUsed.Megabytes:127.0|#Level:Host,DeviceId:0|#hostname:amin-GF63-Thin-9SCXR,timestamp:1745578994
2025-04-25T18:03:14,992 [INFO ] pool-3-thread-1 TS_METRICS - GPUUtilization.Percent:0.0|#Level:Host,DeviceId:0|#hostname:amin-GF63-Thin-9SCXR,timestamp:1745578994
2025-04-25T18:03:14,992 [INFO ] pool-3-thread-1 TS_METRICS - MemoryAvailable.Megabytes:9553.66796875|#Level:Host|#hostname:amin-GF63-Thin-9SCXR,timestamp:1745578994
2025-04-25T18:03:14,992 [INFO ] pool-3-thread-1 TS_METRICS - MemoryUsed.Megabytes:5046.1328125|#Level:Host|#hostname:amin-GF63-Thin-9SCXR,timestamp:1745578994
2025-04-25T18:03:14,993 [INFO ] pool-3-thread-1 TS_METRICS - MemoryUtilization.Percent:39.7|#Level:Host|#hostname:amin-GF63-Thin-9SCXR,timestamp:1745578994
2025-04-25T18:04:14,801 [WARN ] pool-3-thread-1 org.pytorch.serve.metrics.MetricCollector - Parse metrics failed: NumExpr defaulting to 8 threads.
2025-04-25T18:04:14,801 [WARN ] pool-3-thread-1 org.pytorch.serve.metrics.MetricCollector - Parse metrics failed: NumExpr defaulting to 8 threads.
2025-04-25T18:04:14,990 [INFO ] pool-3-thread-1 TS_METRICS - CPUUtilization.Percent:0.0|#Level:Host|#hostname:amin-GF63-Thin-9SCXR,timestamp:1745579054
2025-04-25T18:04:14,990 [INFO ] pool-3-thread-1 TS_METRICS - DiskAvailable.Gigabytes:0.2410888671875|#Level:Host|#hostname:amin-GF63-Thin-9SCXR,timestamp:1745579054
2025-04-25T18:04:14,990 [INFO ] pool-3-thread-1 TS_METRICS - DiskUsage.Gigabytes:95.99197387695312|#Level:Host|#hostname:amin-GF63-Thin-9SCXR,timestamp:1745579054
2025-04-25T18:04:14,990 [INFO ] pool-3-thread-1 TS_METRICS - DiskUtilization.Percent:99.7|#Level:Host|#hostname:amin-GF63-Thin-9SCXR,timestamp:1745579054
2025-04-25T18:04:14,991 [INFO ] pool-3-thread-1 TS_METRICS - GPUMemoryUtilization.Percent:3.1005859375|#Level:Host,DeviceId:0|#hostname:amin-GF63-Thin-9SCXR,timestamp:1745579054
2025-04-25T18:04:14,991 [INFO ] pool-3-thread-1 TS_METRICS - GPUMemoryUsed.Megabytes:127.0|#Level:Host,DeviceId:0|#hostname:amin-GF63-Thin-9SCXR,timestamp:1745579054
2025-04-25T18:04:14,991 [INFO ] pool-3-thread-1 TS_METRICS - GPUUtilization.Percent:0.0|#Level:Host,DeviceId:0|#hostname:amin-GF63-Thin-9SCXR,timestamp:1745579054
2025-04-25T18:04:14,991 [INFO ] pool-3-thread-1 TS_METRICS - MemoryAvailable.Megabytes:9413.85546875|#Level:Host|#hostname:amin-GF63-Thin-9SCXR,timestamp:1745579054
2025-04-25T18:04:14,991 [INFO ] pool-3-thread-1 TS_METRICS - MemoryUsed.Megabytes:5253.9296875|#Level:Host|#hostname:amin-GF63-Thin-9SCXR,timestamp:1745579054
2025-04-25T18:04:14,991 [INFO ] pool-3-thread-1 TS_METRICS - MemoryUtilization.Percent:40.6|#Level:Host|#hostname:amin-GF63-Thin-9SCXR,timestamp:1745579054
2025-04-25T18:05:14,780 [WARN ] pool-3-thread-1 org.pytorch.serve.metrics.MetricCollector - Parse metrics failed: NumExpr defaulting to 8 threads.
2025-04-25T18:05:14,780 [WARN ] pool-3-thread-1 org.pytorch.serve.metrics.MetricCollector - Parse metrics failed: NumExpr defaulting to 8 threads.
2025-04-25T18:05:14,953 [INFO ] pool-3-thread-1 TS_METRICS - CPUUtilization.Percent:0.0|#Level:Host|#hostname:amin-GF63-Thin-9SCXR,timestamp:1745579114
2025-04-25T18:05:14,953 [INFO ] pool-3-thread-1 TS_METRICS - DiskAvailable.Gigabytes:0.24047470092773438|#Level:Host|#hostname:amin-GF63-Thin-9SCXR,timestamp:1745579114
2025-04-25T18:05:14,953 [INFO ] pool-3-thread-1 TS_METRICS - DiskUsage.Gigabytes:95.99258804321289|#Level:Host|#hostname:amin-GF63-Thin-9SCXR,timestamp:1745579114
2025-04-25T18:05:14,953 [INFO ] pool-3-thread-1 TS_METRICS - DiskUtilization.Percent:99.8|#Level:Host|#hostname:amin-GF63-Thin-9SCXR,timestamp:1745579114
2025-04-25T18:05:14,954 [INFO ] pool-3-thread-1 TS_METRICS - GPUMemoryUtilization.Percent:3.1005859375|#Level:Host,DeviceId:0|#hostname:amin-GF63-Thin-9SCXR,timestamp:1745579114
2025-04-25T18:05:14,954 [INFO ] pool-3-thread-1 TS_METRICS - GPUMemoryUsed.Megabytes:127.0|#Level:Host,DeviceId:0|#hostname:amin-GF63-Thin-9SCXR,timestamp:1745579114
2025-04-25T18:05:14,954 [INFO ] pool-3-thread-1 TS_METRICS - GPUUtilization.Percent:0.0|#Level:Host,DeviceId:0|#hostname:amin-GF63-Thin-9SCXR,timestamp:1745579114
2025-04-25T18:05:14,954 [INFO ] pool-3-thread-1 TS_METRICS - MemoryAvailable.Megabytes:9580.2421875|#Level:Host|#hostname:amin-GF63-Thin-9SCXR,timestamp:1745579114
2025-04-25T18:05:14,954 [INFO ] pool-3-thread-1 TS_METRICS - MemoryUsed.Megabytes:5170.625|#Level:Host|#hostname:amin-GF63-Thin-9SCXR,timestamp:1745579114
2025-04-25T18:05:14,954 [INFO ] pool-3-thread-1 TS_METRICS - MemoryUtilization.Percent:39.5|#Level:Host|#hostname:amin-GF63-Thin-9SCXR,timestamp:1745579114
2025-04-25T18:06:14,801 [WARN ] pool-3-thread-1 org.pytorch.serve.metrics.MetricCollector - Parse metrics failed: NumExpr defaulting to 8 threads.
2025-04-25T18:06:14,801 [WARN ] pool-3-thread-1 org.pytorch.serve.metrics.MetricCollector - Parse metrics failed: NumExpr defaulting to 8 threads.
2025-04-25T18:06:15,041 [INFO ] pool-3-thread-1 TS_METRICS - CPUUtilization.Percent:0.0|#Level:Host|#hostname:amin-GF63-Thin-9SCXR,timestamp:1745579175
2025-04-25T18:06:15,041 [INFO ] pool-3-thread-1 TS_METRICS - DiskAvailable.Gigabytes:0.24056625366210938|#Level:Host|#hostname:amin-GF63-Thin-9SCXR,timestamp:1745579175
2025-04-25T18:06:15,041 [INFO ] pool-3-thread-1 TS_METRICS - DiskUsage.Gigabytes:95.99249649047852|#Level:Host|#hostname:amin-GF63-Thin-9SCXR,timestamp:1745579175
2025-04-25T18:06:15,041 [INFO ] pool-3-thread-1 TS_METRICS - DiskUtilization.Percent:99.8|#Level:Host|#hostname:amin-GF63-Thin-9SCXR,timestamp:1745579175
2025-04-25T18:06:15,041 [INFO ] pool-3-thread-1 TS_METRICS - GPUMemoryUtilization.Percent:3.1005859375|#Level:Host,DeviceId:0|#hostname:amin-GF63-Thin-9SCXR,timestamp:1745579175
2025-04-25T18:06:15,042 [INFO ] pool-3-thread-1 TS_METRICS - GPUMemoryUsed.Megabytes:127.0|#Level:Host,DeviceId:0|#hostname:amin-GF63-Thin-9SCXR,timestamp:1745579175
2025-04-25T18:06:15,042 [INFO ] pool-3-thread-1 TS_METRICS - GPUUtilization.Percent:0.0|#Level:Host,DeviceId:0|#hostname:amin-GF63-Thin-9SCXR,timestamp:1745579175
2025-04-25T18:06:15,042 [INFO ] pool-3-thread-1 TS_METRICS - MemoryAvailable.Megabytes:9612.65625|#Level:Host|#hostname:amin-GF63-Thin-9SCXR,timestamp:1745579175
2025-04-25T18:06:15,042 [INFO ] pool-3-thread-1 TS_METRICS - MemoryUsed.Megabytes:5080.6875|#Level:Host|#hostname:amin-GF63-Thin-9SCXR,timestamp:1745579175
2025-04-25T18:06:15,042 [INFO ] pool-3-thread-1 TS_METRICS - MemoryUtilization.Percent:39.3|#Level:Host|#hostname:amin-GF63-Thin-9SCXR,timestamp:1745579175
2025-04-25T18:07:14,934 [WARN ] pool-3-thread-1 org.pytorch.serve.metrics.MetricCollector - Parse metrics failed: NumExpr defaulting to 8 threads.
2025-04-25T18:07:14,934 [WARN ] pool-3-thread-1 org.pytorch.serve.metrics.MetricCollector - Parse metrics failed: NumExpr defaulting to 8 threads.
2025-04-25T18:07:15,140 [INFO ] pool-3-thread-1 TS_METRICS - CPUUtilization.Percent:0.0|#Level:Host|#hostname:amin-GF63-Thin-9SCXR,timestamp:1745579235
2025-04-25T18:07:15,141 [INFO ] pool-3-thread-1 TS_METRICS - DiskAvailable.Gigabytes:0.24053573608398438|#Level:Host|#hostname:amin-GF63-Thin-9SCXR,timestamp:1745579235
2025-04-25T18:07:15,141 [INFO ] pool-3-thread-1 TS_METRICS - DiskUsage.Gigabytes:95.99252700805664|#Level:Host|#hostname:amin-GF63-Thin-9SCXR,timestamp:1745579235
2025-04-25T18:07:15,141 [INFO ] pool-3-thread-1 TS_METRICS - DiskUtilization.Percent:99.8|#Level:Host|#hostname:amin-GF63-Thin-9SCXR,timestamp:1745579235
2025-04-25T18:07:15,141 [INFO ] pool-3-thread-1 TS_METRICS - GPUMemoryUtilization.Percent:3.1005859375|#Level:Host,DeviceId:0|#hostname:amin-GF63-Thin-9SCXR,timestamp:1745579235
2025-04-25T18:07:15,142 [INFO ] pool-3-thread-1 TS_METRICS - GPUMemoryUsed.Megabytes:127.0|#Level:Host,DeviceId:0|#hostname:amin-GF63-Thin-9SCXR,timestamp:1745579235
2025-04-25T18:07:15,142 [INFO ] pool-3-thread-1 TS_METRICS - GPUUtilization.Percent:0.0|#Level:Host,DeviceId:0|#hostname:amin-GF63-Thin-9SCXR,timestamp:1745579235
2025-04-25T18:07:15,142 [INFO ] pool-3-thread-1 TS_METRICS - MemoryAvailable.Megabytes:9336.5625|#Level:Host|#hostname:amin-GF63-Thin-9SCXR,timestamp:1745579235
2025-04-25T18:07:15,142 [INFO ] pool-3-thread-1 TS_METRICS - MemoryUsed.Megabytes:5330.27734375|#Level:Host|#hostname:amin-GF63-Thin-9SCXR,timestamp:1745579235
2025-04-25T18:07:15,142 [INFO ] pool-3-thread-1 TS_METRICS - MemoryUtilization.Percent:41.0|#Level:Host|#hostname:amin-GF63-Thin-9SCXR,timestamp:1745579235
2025-04-25T18:08:14,855 [WARN ] pool-3-thread-1 org.pytorch.serve.metrics.MetricCollector - Parse metrics failed: NumExpr defaulting to 8 threads.
2025-04-25T18:08:14,855 [WARN ] pool-3-thread-1 org.pytorch.serve.metrics.MetricCollector - Parse metrics failed: NumExpr defaulting to 8 threads.
2025-04-25T18:08:15,052 [INFO ] pool-3-thread-1 TS_METRICS - CPUUtilization.Percent:0.0|#Level:Host|#hostname:amin-GF63-Thin-9SCXR,timestamp:1745579295
2025-04-25T18:08:15,052 [INFO ] pool-3-thread-1 TS_METRICS - DiskAvailable.Gigabytes:0.24010467529296875|#Level:Host|#hostname:amin-GF63-Thin-9SCXR,timestamp:1745579295
2025-04-25T18:08:15,052 [INFO ] pool-3-thread-1 TS_METRICS - DiskUsage.Gigabytes:95.99295806884766|#Level:Host|#hostname:amin-GF63-Thin-9SCXR,timestamp:1745579295
2025-04-25T18:08:15,052 [INFO ] pool-3-thread-1 TS_METRICS - DiskUtilization.Percent:99.8|#Level:Host|#hostname:amin-GF63-Thin-9SCXR,timestamp:1745579295
2025-04-25T18:08:15,053 [INFO ] pool-3-thread-1 TS_METRICS - GPUMemoryUtilization.Percent:3.1005859375|#Level:Host,DeviceId:0|#hostname:amin-GF63-Thin-9SCXR,timestamp:1745579295
2025-04-25T18:08:15,053 [INFO ] pool-3-thread-1 TS_METRICS - GPUMemoryUsed.Megabytes:127.0|#Level:Host,DeviceId:0|#hostname:amin-GF63-Thin-9SCXR,timestamp:1745579295
2025-04-25T18:08:15,053 [INFO ] pool-3-thread-1 TS_METRICS - GPUUtilization.Percent:0.0|#Level:Host,DeviceId:0|#hostname:amin-GF63-Thin-9SCXR,timestamp:1745579295
2025-04-25T18:08:15,053 [INFO ] pool-3-thread-1 TS_METRICS - MemoryAvailable.Megabytes:9364.00390625|#Level:Host|#hostname:amin-GF63-Thin-9SCXR,timestamp:1745579295
2025-04-25T18:08:15,053 [INFO ] pool-3-thread-1 TS_METRICS - MemoryUsed.Megabytes:5293.9296875|#Level:Host|#hostname:amin-GF63-Thin-9SCXR,timestamp:1745579295
2025-04-25T18:08:15,053 [INFO ] pool-3-thread-1 TS_METRICS - MemoryUtilization.Percent:40.9|#Level:Host|#hostname:amin-GF63-Thin-9SCXR,timestamp:1745579295
2025-04-25T18:09:14,817 [WARN ] pool-3-thread-1 org.pytorch.serve.metrics.MetricCollector - Parse metrics failed: NumExpr defaulting to 8 threads.
2025-04-25T18:09:14,817 [WARN ] pool-3-thread-1 org.pytorch.serve.metrics.MetricCollector - Parse metrics failed: NumExpr defaulting to 8 threads.
2025-04-25T18:09:15,027 [INFO ] pool-3-thread-1 TS_METRICS - CPUUtilization.Percent:0.0|#Level:Host|#hostname:amin-GF63-Thin-9SCXR,timestamp:1745579355
2025-04-25T18:09:15,027 [INFO ] pool-3-thread-1 TS_METRICS - DiskAvailable.Gigabytes:0.23999404907226562|#Level:Host|#hostname:amin-GF63-Thin-9SCXR,timestamp:1745579355
2025-04-25T18:09:15,027 [INFO ] pool-3-thread-1 TS_METRICS - DiskUsage.Gigabytes:95.99306869506836|#Level:Host|#hostname:amin-GF63-Thin-9SCXR,timestamp:1745579355
2025-04-25T18:09:15,028 [INFO ] pool-3-thread-1 TS_METRICS - DiskUtilization.Percent:99.8|#Level:Host|#hostname:amin-GF63-Thin-9SCXR,timestamp:1745579355
2025-04-25T18:09:15,028 [INFO ] pool-3-thread-1 TS_METRICS - GPUMemoryUtilization.Percent:3.1005859375|#Level:Host,DeviceId:0|#hostname:amin-GF63-Thin-9SCXR,timestamp:1745579355
2025-04-25T18:09:15,028 [INFO ] pool-3-thread-1 TS_METRICS - GPUMemoryUsed.Megabytes:127.0|#Level:Host,DeviceId:0|#hostname:amin-GF63-Thin-9SCXR,timestamp:1745579355
2025-04-25T18:09:15,028 [INFO ] pool-3-thread-1 TS_METRICS - GPUUtilization.Percent:0.0|#Level:Host,DeviceId:0|#hostname:amin-GF63-Thin-9SCXR,timestamp:1745579355
2025-04-25T18:09:15,028 [INFO ] pool-3-thread-1 TS_METRICS - MemoryAvailable.Megabytes:9401.203125|#Level:Host|#hostname:amin-GF63-Thin-9SCXR,timestamp:1745579355
2025-04-25T18:09:15,028 [INFO ] pool-3-thread-1 TS_METRICS - MemoryUsed.Megabytes:5289.08984375|#Level:Host|#hostname:amin-GF63-Thin-9SCXR,timestamp:1745579355
2025-04-25T18:09:15,028 [INFO ] pool-3-thread-1 TS_METRICS - MemoryUtilization.Percent:40.6|#Level:Host|#hostname:amin-GF63-Thin-9SCXR,timestamp:1745579355
2025-04-25T18:10:14,843 [WARN ] pool-3-thread-1 org.pytorch.serve.metrics.MetricCollector - Parse metrics failed: NumExpr defaulting to 8 threads.
2025-04-25T18:10:14,843 [WARN ] pool-3-thread-1 org.pytorch.serve.metrics.MetricCollector - Parse metrics failed: NumExpr defaulting to 8 threads.
2025-04-25T18:10:15,045 [INFO ] pool-3-thread-1 TS_METRICS - CPUUtilization.Percent:0.0|#Level:Host|#hostname:amin-GF63-Thin-9SCXR,timestamp:1745579415
2025-04-25T18:10:15,046 [INFO ] pool-3-thread-1 TS_METRICS - DiskAvailable.Gigabytes:0.23987960815429688|#Level:Host|#hostname:amin-GF63-Thin-9SCXR,timestamp:1745579415
2025-04-25T18:10:15,046 [INFO ] pool-3-thread-1 TS_METRICS - DiskUsage.Gigabytes:95.99318313598633|#Level:Host|#hostname:amin-GF63-Thin-9SCXR,timestamp:1745579415
2025-04-25T18:10:15,046 [INFO ] pool-3-thread-1 TS_METRICS - DiskUtilization.Percent:99.8|#Level:Host|#hostname:amin-GF63-Thin-9SCXR,timestamp:1745579415
2025-04-25T18:10:15,047 [INFO ] pool-3-thread-1 TS_METRICS - GPUMemoryUtilization.Percent:3.1005859375|#Level:Host,DeviceId:0|#hostname:amin-GF63-Thin-9SCXR,timestamp:1745579415
2025-04-25T18:10:15,047 [INFO ] pool-3-thread-1 TS_METRICS - GPUMemoryUsed.Megabytes:127.0|#Level:Host,DeviceId:0|#hostname:amin-GF63-Thin-9SCXR,timestamp:1745579415
2025-04-25T18:10:15,047 [INFO ] pool-3-thread-1 TS_METRICS - GPUUtilization.Percent:0.0|#Level:Host,DeviceId:0|#hostname:amin-GF63-Thin-9SCXR,timestamp:1745579415
2025-04-25T18:10:15,047 [INFO ] pool-3-thread-1 TS_METRICS - MemoryAvailable.Megabytes:9440.96484375|#Level:Host|#hostname:amin-GF63-Thin-9SCXR,timestamp:1745579415
2025-04-25T18:10:15,047 [INFO ] pool-3-thread-1 TS_METRICS - MemoryUsed.Megabytes:5253.40234375|#Level:Host|#hostname:amin-GF63-Thin-9SCXR,timestamp:1745579415
2025-04-25T18:10:15,048 [INFO ] pool-3-thread-1 TS_METRICS - MemoryUtilization.Percent:40.4|#Level:Host|#hostname:amin-GF63-Thin-9SCXR,timestamp:1745579415
2025-04-25T18:11:14,815 [WARN ] pool-3-thread-1 org.pytorch.serve.metrics.MetricCollector - Parse metrics failed: NumExpr defaulting to 8 threads.
2025-04-25T18:11:14,815 [WARN ] pool-3-thread-1 org.pytorch.serve.metrics.MetricCollector - Parse metrics failed: NumExpr defaulting to 8 threads.
2025-04-25T18:11:15,007 [INFO ] pool-3-thread-1 TS_METRICS - CPUUtilization.Percent:0.0|#Level:Host|#hostname:amin-GF63-Thin-9SCXR,timestamp:1745579475
2025-04-25T18:11:15,007 [INFO ] pool-3-thread-1 TS_METRICS - DiskAvailable.Gigabytes:0.23943710327148438|#Level:Host|#hostname:amin-GF63-Thin-9SCXR,timestamp:1745579475
2025-04-25T18:11:15,007 [INFO ] pool-3-thread-1 TS_METRICS - DiskUsage.Gigabytes:95.99362564086914|#Level:Host|#hostname:amin-GF63-Thin-9SCXR,timestamp:1745579475
2025-04-25T18:11:15,007 [INFO ] pool-3-thread-1 TS_METRICS - DiskUtilization.Percent:99.8|#Level:Host|#hostname:amin-GF63-Thin-9SCXR,timestamp:1745579475
2025-04-25T18:11:15,007 [INFO ] pool-3-thread-1 TS_METRICS - GPUMemoryUtilization.Percent:3.1005859375|#Level:Host,DeviceId:0|#hostname:amin-GF63-Thin-9SCXR,timestamp:1745579475
2025-04-25T18:11:15,008 [INFO ] pool-3-thread-1 TS_METRICS - GPUMemoryUsed.Megabytes:127.0|#Level:Host,DeviceId:0|#hostname:amin-GF63-Thin-9SCXR,timestamp:1745579475
2025-04-25T18:11:15,008 [INFO ] pool-3-thread-1 TS_METRICS - GPUUtilization.Percent:0.0|#Level:Host,DeviceId:0|#hostname:amin-GF63-Thin-9SCXR,timestamp:1745579475
2025-04-25T18:11:15,008 [INFO ] pool-3-thread-1 TS_METRICS - MemoryAvailable.Megabytes:9367.78125|#Level:Host|#hostname:amin-GF63-Thin-9SCXR,timestamp:1745579475
2025-04-25T18:11:15,008 [INFO ] pool-3-thread-1 TS_METRICS - MemoryUsed.Megabytes:5316.99609375|#Level:Host|#hostname:amin-GF63-Thin-9SCXR,timestamp:1745579475
2025-04-25T18:11:15,009 [INFO ] pool-3-thread-1 TS_METRICS - MemoryUtilization.Percent:40.8|#Level:Host|#hostname:amin-GF63-Thin-9SCXR,timestamp:1745579475
2025-04-25T18:12:14,874 [WARN ] pool-3-thread-1 org.pytorch.serve.metrics.MetricCollector - Parse metrics failed: NumExpr defaulting to 8 threads.
2025-04-25T18:12:14,874 [WARN ] pool-3-thread-1 org.pytorch.serve.metrics.MetricCollector - Parse metrics failed: NumExpr defaulting to 8 threads.
2025-04-25T18:12:15,102 [INFO ] pool-3-thread-1 TS_METRICS - CPUUtilization.Percent:0.0|#Level:Host|#hostname:amin-GF63-Thin-9SCXR,timestamp:1745579535
2025-04-25T18:12:15,103 [INFO ] pool-3-thread-1 TS_METRICS - DiskAvailable.Gigabytes:0.23919677734375|#Level:Host|#hostname:amin-GF63-Thin-9SCXR,timestamp:1745579535
2025-04-25T18:12:15,103 [INFO ] pool-3-thread-1 TS_METRICS - DiskUsage.Gigabytes:95.99386596679688|#Level:Host|#hostname:amin-GF63-Thin-9SCXR,timestamp:1745579535
2025-04-25T18:12:15,104 [INFO ] pool-3-thread-1 TS_METRICS - DiskUtilization.Percent:99.8|#Level:Host|#hostname:amin-GF63-Thin-9SCXR,timestamp:1745579535
2025-04-25T18:12:15,104 [INFO ] pool-3-thread-1 TS_METRICS - GPUMemoryUtilization.Percent:3.1005859375|#Level:Host,DeviceId:0|#hostname:amin-GF63-Thin-9SCXR,timestamp:1745579535
2025-04-25T18:12:15,104 [INFO ] pool-3-thread-1 TS_METRICS - GPUMemoryUsed.Megabytes:127.0|#Level:Host,DeviceId:0|#hostname:amin-GF63-Thin-9SCXR,timestamp:1745579535
2025-04-25T18:12:15,104 [INFO ] pool-3-thread-1 TS_METRICS - GPUUtilization.Percent:0.0|#Level:Host,DeviceId:0|#hostname:amin-GF63-Thin-9SCXR,timestamp:1745579535
2025-04-25T18:12:15,104 [INFO ] pool-3-thread-1 TS_METRICS - MemoryAvailable.Megabytes:9444.55078125|#Level:Host|#hostname:amin-GF63-Thin-9SCXR,timestamp:1745579535
2025-04-25T18:12:15,104 [INFO ] pool-3-thread-1 TS_METRICS - MemoryUsed.Megabytes:5252.26953125|#Level:Host|#hostname:amin-GF63-Thin-9SCXR,timestamp:1745579535
2025-04-25T18:12:15,104 [INFO ] pool-3-thread-1 TS_METRICS - MemoryUtilization.Percent:40.4|#Level:Host|#hostname:amin-GF63-Thin-9SCXR,timestamp:1745579535
2025-04-25T18:13:14,846 [WARN ] pool-3-thread-1 org.pytorch.serve.metrics.MetricCollector - Parse metrics failed: NumExpr defaulting to 8 threads.
2025-04-25T18:13:14,846 [WARN ] pool-3-thread-1 org.pytorch.serve.metrics.MetricCollector - Parse metrics failed: NumExpr defaulting to 8 threads.
2025-04-25T18:13:15,047 [INFO ] pool-3-thread-1 TS_METRICS - CPUUtilization.Percent:0.0|#Level:Host|#hostname:amin-GF63-Thin-9SCXR,timestamp:1745579595
2025-04-25T18:13:15,047 [INFO ] pool-3-thread-1 TS_METRICS - DiskAvailable.Gigabytes:0.2387542724609375|#Level:Host|#hostname:amin-GF63-Thin-9SCXR,timestamp:1745579595
2025-04-25T18:13:15,047 [INFO ] pool-3-thread-1 TS_METRICS - DiskUsage.Gigabytes:95.99430847167969|#Level:Host|#hostname:amin-GF63-Thin-9SCXR,timestamp:1745579595
2025-04-25T18:13:15,048 [INFO ] pool-3-thread-1 TS_METRICS - DiskUtilization.Percent:99.8|#Level:Host|#hostname:amin-GF63-Thin-9SCXR,timestamp:1745579595
2025-04-25T18:13:15,048 [INFO ] pool-3-thread-1 TS_METRICS - GPUMemoryUtilization.Percent:3.1005859375|#Level:Host,DeviceId:0|#hostname:amin-GF63-Thin-9SCXR,timestamp:1745579595
2025-04-25T18:13:15,048 [INFO ] pool-3-thread-1 TS_METRICS - GPUMemoryUsed.Megabytes:127.0|#Level:Host,DeviceId:0|#hostname:amin-GF63-Thin-9SCXR,timestamp:1745579595
2025-04-25T18:13:15,048 [INFO ] pool-3-thread-1 TS_METRICS - GPUUtilization.Percent:0.0|#Level:Host,DeviceId:0|#hostname:amin-GF63-Thin-9SCXR,timestamp:1745579595
2025-04-25T18:13:15,048 [INFO ] pool-3-thread-1 TS_METRICS - MemoryAvailable.Megabytes:9384.65234375|#Level:Host|#hostname:amin-GF63-Thin-9SCXR,timestamp:1745579595
2025-04-25T18:13:15,048 [INFO ] pool-3-thread-1 TS_METRICS - MemoryUsed.Megabytes:5302.015625|#Level:Host|#hostname:amin-GF63-Thin-9SCXR,timestamp:1745579595
2025-04-25T18:13:15,048 [INFO ] pool-3-thread-1 TS_METRICS - MemoryUtilization.Percent:40.7|#Level:Host|#hostname:amin-GF63-Thin-9SCXR,timestamp:1745579595
2025-04-25T18:14:15,096 [WARN ] pool-3-thread-1 org.pytorch.serve.metrics.MetricCollector - Parse metrics failed: NumExpr defaulting to 8 threads.
2025-04-25T18:14:15,096 [WARN ] pool-3-thread-1 org.pytorch.serve.metrics.MetricCollector - Parse metrics failed: NumExpr defaulting to 8 threads.
2025-04-25T18:14:15,328 [INFO ] pool-3-thread-1 TS_METRICS - CPUUtilization.Percent:50.0|#Level:Host|#hostname:amin-GF63-Thin-9SCXR,timestamp:1745579655
2025-04-25T18:14:15,329 [INFO ] pool-3-thread-1 TS_METRICS - DiskAvailable.Gigabytes:0.23836898803710938|#Level:Host|#hostname:amin-GF63-Thin-9SCXR,timestamp:1745579655
2025-04-25T18:14:15,329 [INFO ] pool-3-thread-1 TS_METRICS - DiskUsage.Gigabytes:95.99469375610352|#Level:Host|#hostname:amin-GF63-Thin-9SCXR,timestamp:1745579655
2025-04-25T18:14:15,330 [INFO ] pool-3-thread-1 TS_METRICS - DiskUtilization.Percent:99.8|#Level:Host|#hostname:amin-GF63-Thin-9SCXR,timestamp:1745579655
2025-04-25T18:14:15,330 [INFO ] pool-3-thread-1 TS_METRICS - GPUMemoryUtilization.Percent:3.1005859375|#Level:Host,DeviceId:0|#hostname:amin-GF63-Thin-9SCXR,timestamp:1745579655
2025-04-25T18:14:15,330 [INFO ] pool-3-thread-1 TS_METRICS - GPUMemoryUsed.Megabytes:127.0|#Level:Host,DeviceId:0|#hostname:amin-GF63-Thin-9SCXR,timestamp:1745579655
2025-04-25T18:14:15,331 [INFO ] pool-3-thread-1 TS_METRICS - GPUUtilization.Percent:0.0|#Level:Host,DeviceId:0|#hostname:amin-GF63-Thin-9SCXR,timestamp:1745579655
2025-04-25T18:14:15,331 [INFO ] pool-3-thread-1 TS_METRICS - MemoryAvailable.Megabytes:9339.546875|#Level:Host|#hostname:amin-GF63-Thin-9SCXR,timestamp:1745579655
2025-04-25T18:14:15,331 [INFO ] pool-3-thread-1 TS_METRICS - MemoryUsed.Megabytes:5349.984375|#Level:Host|#hostname:amin-GF63-Thin-9SCXR,timestamp:1745579655
2025-04-25T18:14:15,331 [INFO ] pool-3-thread-1 TS_METRICS - MemoryUtilization.Percent:41.0|#Level:Host|#hostname:amin-GF63-Thin-9SCXR,timestamp:1745579655
2025-04-25T18:15:15,133 [WARN ] pool-3-thread-1 org.pytorch.serve.metrics.MetricCollector - Parse metrics failed: NumExpr defaulting to 8 threads.
2025-04-25T18:15:15,133 [WARN ] pool-3-thread-1 org.pytorch.serve.metrics.MetricCollector - Parse metrics failed: NumExpr defaulting to 8 threads.
2025-04-25T18:15:15,377 [INFO ] pool-3-thread-1 TS_METRICS - CPUUtilization.Percent:20.0|#Level:Host|#hostname:amin-GF63-Thin-9SCXR,timestamp:1745579715
2025-04-25T18:15:15,377 [INFO ] pool-3-thread-1 TS_METRICS - DiskAvailable.Gigabytes:0.23850250244140625|#Level:Host|#hostname:amin-GF63-Thin-9SCXR,timestamp:1745579715
2025-04-25T18:15:15,378 [INFO ] pool-3-thread-1 TS_METRICS - DiskUsage.Gigabytes:95.99456024169922|#Level:Host|#hostname:amin-GF63-Thin-9SCXR,timestamp:1745579715
2025-04-25T18:15:15,378 [INFO ] pool-3-thread-1 TS_METRICS - DiskUtilization.Percent:99.8|#Level:Host|#hostname:amin-GF63-Thin-9SCXR,timestamp:1745579715
2025-04-25T18:15:15,378 [INFO ] pool-3-thread-1 TS_METRICS - GPUMemoryUtilization.Percent:3.1005859375|#Level:Host,DeviceId:0|#hostname:amin-GF63-Thin-9SCXR,timestamp:1745579715
2025-04-25T18:15:15,378 [INFO ] pool-3-thread-1 TS_METRICS - GPUMemoryUsed.Megabytes:127.0|#Level:Host,DeviceId:0|#hostname:amin-GF63-Thin-9SCXR,timestamp:1745579715
2025-04-25T18:15:15,378 [INFO ] pool-3-thread-1 TS_METRICS - GPUUtilization.Percent:0.0|#Level:Host,DeviceId:0|#hostname:amin-GF63-Thin-9SCXR,timestamp:1745579715
2025-04-25T18:15:15,378 [INFO ] pool-3-thread-1 TS_METRICS - MemoryAvailable.Megabytes:9489.953125|#Level:Host|#hostname:amin-GF63-Thin-9SCXR,timestamp:1745579715
2025-04-25T18:15:15,378 [INFO ] pool-3-thread-1 TS_METRICS - MemoryUsed.Megabytes:5188.05078125|#Level:Host|#hostname:amin-GF63-Thin-9SCXR,timestamp:1745579715
2025-04-25T18:15:15,379 [INFO ] pool-3-thread-1 TS_METRICS - MemoryUtilization.Percent:40.1|#Level:Host|#hostname:amin-GF63-Thin-9SCXR,timestamp:1745579715
2025-04-25T18:16:15,050 [WARN ] pool-3-thread-1 org.pytorch.serve.metrics.MetricCollector - Parse metrics failed: NumExpr defaulting to 8 threads.
2025-04-25T18:16:15,050 [WARN ] pool-3-thread-1 org.pytorch.serve.metrics.MetricCollector - Parse metrics failed: NumExpr defaulting to 8 threads.
2025-04-25T18:16:15,248 [INFO ] pool-3-thread-1 TS_METRICS - CPUUtilization.Percent:0.0|#Level:Host|#hostname:amin-GF63-Thin-9SCXR,timestamp:1745579775
2025-04-25T18:16:15,249 [INFO ] pool-3-thread-1 TS_METRICS - DiskAvailable.Gigabytes:0.23833465576171875|#Level:Host|#hostname:amin-GF63-Thin-9SCXR,timestamp:1745579775
2025-04-25T18:16:15,249 [INFO ] pool-3-thread-1 TS_METRICS - DiskUsage.Gigabytes:95.9947280883789|#Level:Host|#hostname:amin-GF63-Thin-9SCXR,timestamp:1745579775
2025-04-25T18:16:15,249 [INFO ] pool-3-thread-1 TS_METRICS - DiskUtilization.Percent:99.8|#Level:Host|#hostname:amin-GF63-Thin-9SCXR,timestamp:1745579775
2025-04-25T18:16:15,249 [INFO ] pool-3-thread-1 TS_METRICS - GPUMemoryUtilization.Percent:3.1005859375|#Level:Host,DeviceId:0|#hostname:amin-GF63-Thin-9SCXR,timestamp:1745579775
2025-04-25T18:16:15,249 [INFO ] pool-3-thread-1 TS_METRICS - GPUMemoryUsed.Megabytes:127.0|#Level:Host,DeviceId:0|#hostname:amin-GF63-Thin-9SCXR,timestamp:1745579775
2025-04-25T18:16:15,249 [INFO ] pool-3-thread-1 TS_METRICS - GPUUtilization.Percent:0.0|#Level:Host,DeviceId:0|#hostname:amin-GF63-Thin-9SCXR,timestamp:1745579775
2025-04-25T18:16:15,249 [INFO ] pool-3-thread-1 TS_METRICS - MemoryAvailable.Megabytes:9407.95703125|#Level:Host|#hostname:amin-GF63-Thin-9SCXR,timestamp:1745579775
2025-04-25T18:16:15,249 [INFO ] pool-3-thread-1 TS_METRICS - MemoryUsed.Megabytes:5283.515625|#Level:Host|#hostname:amin-GF63-Thin-9SCXR,timestamp:1745579775
2025-04-25T18:16:15,249 [INFO ] pool-3-thread-1 TS_METRICS - MemoryUtilization.Percent:40.6|#Level:Host|#hostname:amin-GF63-Thin-9SCXR,timestamp:1745579775
2025-04-25T18:17:15,074 [WARN ] pool-3-thread-1 org.pytorch.serve.metrics.MetricCollector - Parse metrics failed: NumExpr defaulting to 8 threads.
2025-04-25T18:17:15,074 [WARN ] pool-3-thread-1 org.pytorch.serve.metrics.MetricCollector - Parse metrics failed: NumExpr defaulting to 8 threads.
2025-04-25T18:17:15,300 [INFO ] pool-3-thread-1 TS_METRICS - CPUUtilization.Percent:62.5|#Level:Host|#hostname:amin-GF63-Thin-9SCXR,timestamp:1745579835
2025-04-25T18:17:15,300 [INFO ] pool-3-thread-1 TS_METRICS - DiskAvailable.Gigabytes:0.23820877075195312|#Level:Host|#hostname:amin-GF63-Thin-9SCXR,timestamp:1745579835
2025-04-25T18:17:15,301 [INFO ] pool-3-thread-1 TS_METRICS - DiskUsage.Gigabytes:95.99485397338867|#Level:Host|#hostname:amin-GF63-Thin-9SCXR,timestamp:1745579835
2025-04-25T18:17:15,301 [INFO ] pool-3-thread-1 TS_METRICS - DiskUtilization.Percent:99.8|#Level:Host|#hostname:amin-GF63-Thin-9SCXR,timestamp:1745579835
2025-04-25T18:17:15,301 [INFO ] pool-3-thread-1 TS_METRICS - GPUMemoryUtilization.Percent:3.1005859375|#Level:Host,DeviceId:0|#hostname:amin-GF63-Thin-9SCXR,timestamp:1745579835
2025-04-25T18:17:15,301 [INFO ] pool-3-thread-1 TS_METRICS - GPUMemoryUsed.Megabytes:127.0|#Level:Host,DeviceId:0|#hostname:amin-GF63-Thin-9SCXR,timestamp:1745579835
2025-04-25T18:17:15,301 [INFO ] pool-3-thread-1 TS_METRICS - GPUUtilization.Percent:0.0|#Level:Host,DeviceId:0|#hostname:amin-GF63-Thin-9SCXR,timestamp:1745579835
2025-04-25T18:17:15,302 [INFO ] pool-3-thread-1 TS_METRICS - MemoryAvailable.Megabytes:9419.0390625|#Level:Host|#hostname:amin-GF63-Thin-9SCXR,timestamp:1745579835
2025-04-25T18:17:15,302 [INFO ] pool-3-thread-1 TS_METRICS - MemoryUsed.Megabytes:5267.8984375|#Level:Host|#hostname:amin-GF63-Thin-9SCXR,timestamp:1745579835
2025-04-25T18:17:15,302 [INFO ] pool-3-thread-1 TS_METRICS - MemoryUtilization.Percent:40.5|#Level:Host|#hostname:amin-GF63-Thin-9SCXR,timestamp:1745579835
2025-04-25T18:18:14,931 [WARN ] pool-3-thread-1 org.pytorch.serve.metrics.MetricCollector - Parse metrics failed: NumExpr defaulting to 8 threads.
2025-04-25T18:18:14,931 [WARN ] pool-3-thread-1 org.pytorch.serve.metrics.MetricCollector - Parse metrics failed: NumExpr defaulting to 8 threads.
2025-04-25T18:18:15,130 [INFO ] pool-3-thread-1 TS_METRICS - CPUUtilization.Percent:0.0|#Level:Host|#hostname:amin-GF63-Thin-9SCXR,timestamp:1745579895
2025-04-25T18:18:15,131 [INFO ] pool-3-thread-1 TS_METRICS - DiskAvailable.Gigabytes:0.23821258544921875|#Level:Host|#hostname:amin-GF63-Thin-9SCXR,timestamp:1745579895
2025-04-25T18:18:15,131 [INFO ] pool-3-thread-1 TS_METRICS - DiskUsage.Gigabytes:95.9948501586914|#Level:Host|#hostname:amin-GF63-Thin-9SCXR,timestamp:1745579895
2025-04-25T18:18:15,131 [INFO ] pool-3-thread-1 TS_METRICS - DiskUtilization.Percent:99.8|#Level:Host|#hostname:amin-GF63-Thin-9SCXR,timestamp:1745579895
2025-04-25T18:18:15,131 [INFO ] pool-3-thread-1 TS_METRICS - GPUMemoryUtilization.Percent:3.1005859375|#Level:Host,DeviceId:0|#hostname:amin-GF63-Thin-9SCXR,timestamp:1745579895
2025-04-25T18:18:15,132 [INFO ] pool-3-thread-1 TS_METRICS - GPUMemoryUsed.Megabytes:127.0|#Level:Host,DeviceId:0|#hostname:amin-GF63-Thin-9SCXR,timestamp:1745579895
2025-04-25T18:18:15,132 [INFO ] pool-3-thread-1 TS_METRICS - GPUUtilization.Percent:0.0|#Level:Host,DeviceId:0|#hostname:amin-GF63-Thin-9SCXR,timestamp:1745579895
2025-04-25T18:18:15,132 [INFO ] pool-3-thread-1 TS_METRICS - MemoryAvailable.Megabytes:9366.515625|#Level:Host|#hostname:amin-GF63-Thin-9SCXR,timestamp:1745579895
2025-04-25T18:18:15,132 [INFO ] pool-3-thread-1 TS_METRICS - MemoryUsed.Megabytes:5332.5|#Level:Host|#hostname:amin-GF63-Thin-9SCXR,timestamp:1745579895
2025-04-25T18:18:15,132 [INFO ] pool-3-thread-1 TS_METRICS - MemoryUtilization.Percent:40.8|#Level:Host|#hostname:amin-GF63-Thin-9SCXR,timestamp:1745579895
2025-04-25T18:19:14,917 [WARN ] pool-3-thread-1 org.pytorch.serve.metrics.MetricCollector - Parse metrics failed: NumExpr defaulting to 8 threads.
2025-04-25T18:19:14,917 [WARN ] pool-3-thread-1 org.pytorch.serve.metrics.MetricCollector - Parse metrics failed: NumExpr defaulting to 8 threads.
2025-04-25T18:19:15,112 [INFO ] pool-3-thread-1 TS_METRICS - CPUUtilization.Percent:0.0|#Level:Host|#hostname:amin-GF63-Thin-9SCXR,timestamp:1745579955
2025-04-25T18:19:15,112 [INFO ] pool-3-thread-1 TS_METRICS - DiskAvailable.Gigabytes:0.23805618286132812|#Level:Host|#hostname:amin-GF63-Thin-9SCXR,timestamp:1745579955
2025-04-25T18:19:15,113 [INFO ] pool-3-thread-1 TS_METRICS - DiskUsage.Gigabytes:95.9950065612793|#Level:Host|#hostname:amin-GF63-Thin-9SCXR,timestamp:1745579955
2025-04-25T18:19:15,113 [INFO ] pool-3-thread-1 TS_METRICS - DiskUtilization.Percent:99.8|#Level:Host|#hostname:amin-GF63-Thin-9SCXR,timestamp:1745579955
2025-04-25T18:19:15,113 [INFO ] pool-3-thread-1 TS_METRICS - GPUMemoryUtilization.Percent:3.1005859375|#Level:Host,DeviceId:0|#hostname:amin-GF63-Thin-9SCXR,timestamp:1745579955
2025-04-25T18:19:15,113 [INFO ] pool-3-thread-1 TS_METRICS - GPUMemoryUsed.Megabytes:127.0|#Level:Host,DeviceId:0|#hostname:amin-GF63-Thin-9SCXR,timestamp:1745579955
2025-04-25T18:19:15,113 [INFO ] pool-3-thread-1 TS_METRICS - GPUUtilization.Percent:0.0|#Level:Host,DeviceId:0|#hostname:amin-GF63-Thin-9SCXR,timestamp:1745579955
2025-04-25T18:19:15,113 [INFO ] pool-3-thread-1 TS_METRICS - MemoryAvailable.Megabytes:9251.73046875|#Level:Host|#hostname:amin-GF63-Thin-9SCXR,timestamp:1745579955
2025-04-25T18:19:15,113 [INFO ] pool-3-thread-1 TS_METRICS - MemoryUsed.Megabytes:5447.60546875|#Level:Host|#hostname:amin-GF63-Thin-9SCXR,timestamp:1745579955
2025-04-25T18:19:15,113 [INFO ] pool-3-thread-1 TS_METRICS - MemoryUtilization.Percent:41.6|#Level:Host|#hostname:amin-GF63-Thin-9SCXR,timestamp:1745579955
2025-04-25T18:20:15,081 [WARN ] pool-3-thread-1 org.pytorch.serve.metrics.MetricCollector - Parse metrics failed: NumExpr defaulting to 8 threads.
2025-04-25T18:20:15,081 [WARN ] pool-3-thread-1 org.pytorch.serve.metrics.MetricCollector - Parse metrics failed: NumExpr defaulting to 8 threads.
2025-04-25T18:20:15,281 [INFO ] pool-3-thread-1 TS_METRICS - CPUUtilization.Percent:33.3|#Level:Host|#hostname:amin-GF63-Thin-9SCXR,timestamp:1745580015
2025-04-25T18:20:15,282 [INFO ] pool-3-thread-1 TS_METRICS - DiskAvailable.Gigabytes:0.2377471923828125|#Level:Host|#hostname:amin-GF63-Thin-9SCXR,timestamp:1745580015
2025-04-25T18:20:15,282 [INFO ] pool-3-thread-1 TS_METRICS - DiskUsage.Gigabytes:95.99531555175781|#Level:Host|#hostname:amin-GF63-Thin-9SCXR,timestamp:1745580015
2025-04-25T18:20:15,282 [INFO ] pool-3-thread-1 TS_METRICS - DiskUtilization.Percent:99.8|#Level:Host|#hostname:amin-GF63-Thin-9SCXR,timestamp:1745580015
2025-04-25T18:20:15,282 [INFO ] pool-3-thread-1 TS_METRICS - GPUMemoryUtilization.Percent:3.1005859375|#Level:Host,DeviceId:0|#hostname:amin-GF63-Thin-9SCXR,timestamp:1745580015
2025-04-25T18:20:15,282 [INFO ] pool-3-thread-1 TS_METRICS - GPUMemoryUsed.Megabytes:127.0|#Level:Host,DeviceId:0|#hostname:amin-GF63-Thin-9SCXR,timestamp:1745580015
2025-04-25T18:20:15,282 [INFO ] pool-3-thread-1 TS_METRICS - GPUUtilization.Percent:0.0|#Level:Host,DeviceId:0|#hostname:amin-GF63-Thin-9SCXR,timestamp:1745580015
2025-04-25T18:20:15,283 [INFO ] pool-3-thread-1 TS_METRICS - MemoryAvailable.Megabytes:9247.40625|#Level:Host|#hostname:amin-GF63-Thin-9SCXR,timestamp:1745580015
2025-04-25T18:20:15,283 [INFO ] pool-3-thread-1 TS_METRICS - MemoryUsed.Megabytes:5452.03125|#Level:Host|#hostname:amin-GF63-Thin-9SCXR,timestamp:1745580015
2025-04-25T18:20:15,283 [INFO ] pool-3-thread-1 TS_METRICS - MemoryUtilization.Percent:41.6|#Level:Host|#hostname:amin-GF63-Thin-9SCXR,timestamp:1745580015
2025-04-25T18:21:14,828 [WARN ] pool-3-thread-1 org.pytorch.serve.metrics.MetricCollector - Parse metrics failed: NumExpr defaulting to 8 threads.
2025-04-25T18:21:14,828 [WARN ] pool-3-thread-1 org.pytorch.serve.metrics.MetricCollector - Parse metrics failed: NumExpr defaulting to 8 threads.
2025-04-25T18:21:15,024 [INFO ] pool-3-thread-1 TS_METRICS - CPUUtilization.Percent:0.0|#Level:Host|#hostname:amin-GF63-Thin-9SCXR,timestamp:1745580075
2025-04-25T18:21:15,025 [INFO ] pool-3-thread-1 TS_METRICS - DiskAvailable.Gigabytes:0.23740768432617188|#Level:Host|#hostname:amin-GF63-Thin-9SCXR,timestamp:1745580075
2025-04-25T18:21:15,025 [INFO ] pool-3-thread-1 TS_METRICS - DiskUsage.Gigabytes:95.99565505981445|#Level:Host|#hostname:amin-GF63-Thin-9SCXR,timestamp:1745580075
2025-04-25T18:21:15,025 [INFO ] pool-3-thread-1 TS_METRICS - DiskUtilization.Percent:99.8|#Level:Host|#hostname:amin-GF63-Thin-9SCXR,timestamp:1745580075
2025-04-25T18:21:15,026 [INFO ] pool-3-thread-1 TS_METRICS - GPUMemoryUtilization.Percent:3.1005859375|#Level:Host,DeviceId:0|#hostname:amin-GF63-Thin-9SCXR,timestamp:1745580075
2025-04-25T18:21:15,026 [INFO ] pool-3-thread-1 TS_METRICS - GPUMemoryUsed.Megabytes:127.0|#Level:Host,DeviceId:0|#hostname:amin-GF63-Thin-9SCXR,timestamp:1745580075
2025-04-25T18:21:15,026 [INFO ] pool-3-thread-1 TS_METRICS - GPUUtilization.Percent:0.0|#Level:Host,DeviceId:0|#hostname:amin-GF63-Thin-9SCXR,timestamp:1745580075
2025-04-25T18:21:15,026 [INFO ] pool-3-thread-1 TS_METRICS - MemoryAvailable.Megabytes:9293.21875|#Level:Host|#hostname:amin-GF63-Thin-9SCXR,timestamp:1745580075
2025-04-25T18:21:15,026 [INFO ] pool-3-thread-1 TS_METRICS - MemoryUsed.Megabytes:5406.12890625|#Level:Host|#hostname:amin-GF63-Thin-9SCXR,timestamp:1745580075
2025-04-25T18:21:15,026 [INFO ] pool-3-thread-1 TS_METRICS - MemoryUtilization.Percent:41.3|#Level:Host|#hostname:amin-GF63-Thin-9SCXR,timestamp:1745580075
2025-04-25T18:22:15,148 [WARN ] pool-3-thread-1 org.pytorch.serve.metrics.MetricCollector - Parse metrics failed: NumExpr defaulting to 8 threads.
2025-04-25T18:22:15,148 [WARN ] pool-3-thread-1 org.pytorch.serve.metrics.MetricCollector - Parse metrics failed: NumExpr defaulting to 8 threads.
2025-04-25T18:22:15,393 [INFO ] pool-3-thread-1 TS_METRICS - CPUUtilization.Percent:42.9|#Level:Host|#hostname:amin-GF63-Thin-9SCXR,timestamp:1745580135
2025-04-25T18:22:15,394 [INFO ] pool-3-thread-1 TS_METRICS - DiskAvailable.Gigabytes:0.23698043823242188|#Level:Host|#hostname:amin-GF63-Thin-9SCXR,timestamp:1745580135
2025-04-25T18:22:15,394 [INFO ] pool-3-thread-1 TS_METRICS - DiskUsage.Gigabytes:95.9960823059082|#Level:Host|#hostname:amin-GF63-Thin-9SCXR,timestamp:1745580135
2025-04-25T18:22:15,394 [INFO ] pool-3-thread-1 TS_METRICS - DiskUtilization.Percent:99.8|#Level:Host|#hostname:amin-GF63-Thin-9SCXR,timestamp:1745580135
2025-04-25T18:22:15,394 [INFO ] pool-3-thread-1 TS_METRICS - GPUMemoryUtilization.Percent:3.1005859375|#Level:Host,DeviceId:0|#hostname:amin-GF63-Thin-9SCXR,timestamp:1745580135
2025-04-25T18:22:15,394 [INFO ] pool-3-thread-1 TS_METRICS - GPUMemoryUsed.Megabytes:127.0|#Level:Host,DeviceId:0|#hostname:amin-GF63-Thin-9SCXR,timestamp:1745580135
2025-04-25T18:22:15,394 [INFO ] pool-3-thread-1 TS_METRICS - GPUUtilization.Percent:0.0|#Level:Host,DeviceId:0|#hostname:amin-GF63-Thin-9SCXR,timestamp:1745580135
2025-04-25T18:22:15,394 [INFO ] pool-3-thread-1 TS_METRICS - MemoryAvailable.Megabytes:9265.81640625|#Level:Host|#hostname:amin-GF63-Thin-9SCXR,timestamp:1745580135
2025-04-25T18:22:15,395 [INFO ] pool-3-thread-1 TS_METRICS - MemoryUsed.Megabytes:5430.203125|#Level:Host|#hostname:amin-GF63-Thin-9SCXR,timestamp:1745580135
2025-04-25T18:22:15,395 [INFO ] pool-3-thread-1 TS_METRICS - MemoryUtilization.Percent:41.5|#Level:Host|#hostname:amin-GF63-Thin-9SCXR,timestamp:1745580135
2025-04-25T18:23:14,917 [WARN ] pool-3-thread-1 org.pytorch.serve.metrics.MetricCollector - Parse metrics failed: NumExpr defaulting to 8 threads.
2025-04-25T18:23:14,917 [WARN ] pool-3-thread-1 org.pytorch.serve.metrics.MetricCollector - Parse metrics failed: NumExpr defaulting to 8 threads.
2025-04-25T18:23:15,110 [INFO ] pool-3-thread-1 TS_METRICS - CPUUtilization.Percent:50.0|#Level:Host|#hostname:amin-GF63-Thin-9SCXR,timestamp:1745580195
2025-04-25T18:23:15,110 [INFO ] pool-3-thread-1 TS_METRICS - DiskAvailable.Gigabytes:0.23663711547851562|#Level:Host|#hostname:amin-GF63-Thin-9SCXR,timestamp:1745580195
2025-04-25T18:23:15,111 [INFO ] pool-3-thread-1 TS_METRICS - DiskUsage.Gigabytes:95.99642562866211|#Level:Host|#hostname:amin-GF63-Thin-9SCXR,timestamp:1745580195
2025-04-25T18:23:15,111 [INFO ] pool-3-thread-1 TS_METRICS - DiskUtilization.Percent:99.8|#Level:Host|#hostname:amin-GF63-Thin-9SCXR,timestamp:1745580195
2025-04-25T18:23:15,111 [INFO ] pool-3-thread-1 TS_METRICS - GPUMemoryUtilization.Percent:3.1005859375|#Level:Host,DeviceId:0|#hostname:amin-GF63-Thin-9SCXR,timestamp:1745580195
2025-04-25T18:23:15,111 [INFO ] pool-3-thread-1 TS_METRICS - GPUMemoryUsed.Megabytes:127.0|#Level:Host,DeviceId:0|#hostname:amin-GF63-Thin-9SCXR,timestamp:1745580195
2025-04-25T18:23:15,111 [INFO ] pool-3-thread-1 TS_METRICS - GPUUtilization.Percent:0.0|#Level:Host,DeviceId:0|#hostname:amin-GF63-Thin-9SCXR,timestamp:1745580195
2025-04-25T18:23:15,111 [INFO ] pool-3-thread-1 TS_METRICS - MemoryAvailable.Megabytes:9207.92578125|#Level:Host|#hostname:amin-GF63-Thin-9SCXR,timestamp:1745580195
2025-04-25T18:23:15,111 [INFO ] pool-3-thread-1 TS_METRICS - MemoryUsed.Megabytes:5491.265625|#Level:Host|#hostname:amin-GF63-Thin-9SCXR,timestamp:1745580195
2025-04-25T18:23:15,111 [INFO ] pool-3-thread-1 TS_METRICS - MemoryUtilization.Percent:41.9|#Level:Host|#hostname:amin-GF63-Thin-9SCXR,timestamp:1745580195
2025-04-25T18:24:14,907 [WARN ] pool-3-thread-1 org.pytorch.serve.metrics.MetricCollector - Parse metrics failed: NumExpr defaulting to 8 threads.
2025-04-25T18:24:14,907 [WARN ] pool-3-thread-1 org.pytorch.serve.metrics.MetricCollector - Parse metrics failed: NumExpr defaulting to 8 threads.
2025-04-25T18:24:15,084 [INFO ] pool-3-thread-1 TS_METRICS - CPUUtilization.Percent:0.0|#Level:Host|#hostname:amin-GF63-Thin-9SCXR,timestamp:1745580255
2025-04-25T18:24:15,084 [INFO ] pool-3-thread-1 TS_METRICS - DiskAvailable.Gigabytes:0.23468399047851562|#Level:Host|#hostname:amin-GF63-Thin-9SCXR,timestamp:1745580255
2025-04-25T18:24:15,084 [INFO ] pool-3-thread-1 TS_METRICS - DiskUsage.Gigabytes:95.99837875366211|#Level:Host|#hostname:amin-GF63-Thin-9SCXR,timestamp:1745580255
2025-04-25T18:24:15,084 [INFO ] pool-3-thread-1 TS_METRICS - DiskUtilization.Percent:99.8|#Level:Host|#hostname:amin-GF63-Thin-9SCXR,timestamp:1745580255
2025-04-25T18:24:15,085 [INFO ] pool-3-thread-1 TS_METRICS - GPUMemoryUtilization.Percent:3.1005859375|#Level:Host,DeviceId:0|#hostname:amin-GF63-Thin-9SCXR,timestamp:1745580255
2025-04-25T18:24:15,085 [INFO ] pool-3-thread-1 TS_METRICS - GPUMemoryUsed.Megabytes:127.0|#Level:Host,DeviceId:0|#hostname:amin-GF63-Thin-9SCXR,timestamp:1745580255
2025-04-25T18:24:15,085 [INFO ] pool-3-thread-1 TS_METRICS - GPUUtilization.Percent:0.0|#Level:Host,DeviceId:0|#hostname:amin-GF63-Thin-9SCXR,timestamp:1745580255
2025-04-25T18:24:15,085 [INFO ] pool-3-thread-1 TS_METRICS - MemoryAvailable.Megabytes:9229.23046875|#Level:Host|#hostname:amin-GF63-Thin-9SCXR,timestamp:1745580255
2025-04-25T18:24:15,085 [INFO ] pool-3-thread-1 TS_METRICS - MemoryUsed.Megabytes:5453.78515625|#Level:Host|#hostname:amin-GF63-Thin-9SCXR,timestamp:1745580255
2025-04-25T18:24:15,085 [INFO ] pool-3-thread-1 TS_METRICS - MemoryUtilization.Percent:41.7|#Level:Host|#hostname:amin-GF63-Thin-9SCXR,timestamp:1745580255
2025-04-25T18:25:15,086 [WARN ] pool-3-thread-1 org.pytorch.serve.metrics.MetricCollector - Parse metrics failed: NumExpr defaulting to 8 threads.
2025-04-25T18:25:15,086 [WARN ] pool-3-thread-1 org.pytorch.serve.metrics.MetricCollector - Parse metrics failed: NumExpr defaulting to 8 threads.
2025-04-25T18:25:15,296 [INFO ] pool-3-thread-1 TS_METRICS - CPUUtilization.Percent:20.0|#Level:Host|#hostname:amin-GF63-Thin-9SCXR,timestamp:1745580315
2025-04-25T18:25:15,296 [INFO ] pool-3-thread-1 TS_METRICS - DiskAvailable.Gigabytes:0.2335662841796875|#Level:Host|#hostname:amin-GF63-Thin-9SCXR,timestamp:1745580315
2025-04-25T18:25:15,296 [INFO ] pool-3-thread-1 TS_METRICS - DiskUsage.Gigabytes:95.99949645996094|#Level:Host|#hostname:amin-GF63-Thin-9SCXR,timestamp:1745580315
2025-04-25T18:25:15,296 [INFO ] pool-3-thread-1 TS_METRICS - DiskUtilization.Percent:99.8|#Level:Host|#hostname:amin-GF63-Thin-9SCXR,timestamp:1745580315
2025-04-25T18:25:15,296 [INFO ] pool-3-thread-1 TS_METRICS - GPUMemoryUtilization.Percent:3.1005859375|#Level:Host,DeviceId:0|#hostname:amin-GF63-Thin-9SCXR,timestamp:1745580315
2025-04-25T18:25:15,296 [INFO ] pool-3-thread-1 TS_METRICS - GPUMemoryUsed.Megabytes:127.0|#Level:Host,DeviceId:0|#hostname:amin-GF63-Thin-9SCXR,timestamp:1745580315
2025-04-25T18:25:15,297 [INFO ] pool-3-thread-1 TS_METRICS - GPUUtilization.Percent:0.0|#Level:Host,DeviceId:0|#hostname:amin-GF63-Thin-9SCXR,timestamp:1745580315
2025-04-25T18:25:15,297 [INFO ] pool-3-thread-1 TS_METRICS - MemoryAvailable.Megabytes:9164.30078125|#Level:Host|#hostname:amin-GF63-Thin-9SCXR,timestamp:1745580315
2025-04-25T18:25:15,297 [INFO ] pool-3-thread-1 TS_METRICS - MemoryUsed.Megabytes:5518.47265625|#Level:Host|#hostname:amin-GF63-Thin-9SCXR,timestamp:1745580315
2025-04-25T18:25:15,297 [INFO ] pool-3-thread-1 TS_METRICS - MemoryUtilization.Percent:42.1|#Level:Host|#hostname:amin-GF63-Thin-9SCXR,timestamp:1745580315
2025-04-25T18:26:14,869 [WARN ] pool-3-thread-1 org.pytorch.serve.metrics.MetricCollector - Parse metrics failed: NumExpr defaulting to 8 threads.
2025-04-25T18:26:14,869 [WARN ] pool-3-thread-1 org.pytorch.serve.metrics.MetricCollector - Parse metrics failed: NumExpr defaulting to 8 threads.
2025-04-25T18:26:15,067 [INFO ] pool-3-thread-1 TS_METRICS - CPUUtilization.Percent:0.0|#Level:Host|#hostname:amin-GF63-Thin-9SCXR,timestamp:1745580375
2025-04-25T18:26:15,067 [INFO ] pool-3-thread-1 TS_METRICS - DiskAvailable.Gigabytes:0.23218917846679688|#Level:Host|#hostname:amin-GF63-Thin-9SCXR,timestamp:1745580375
2025-04-25T18:26:15,067 [INFO ] pool-3-thread-1 TS_METRICS - DiskUsage.Gigabytes:96.00087356567383|#Level:Host|#hostname:amin-GF63-Thin-9SCXR,timestamp:1745580375
2025-04-25T18:26:15,067 [INFO ] pool-3-thread-1 TS_METRICS - DiskUtilization.Percent:99.8|#Level:Host|#hostname:amin-GF63-Thin-9SCXR,timestamp:1745580375
2025-04-25T18:26:15,068 [INFO ] pool-3-thread-1 TS_METRICS - GPUMemoryUtilization.Percent:3.1005859375|#Level:Host,DeviceId:0|#hostname:amin-GF63-Thin-9SCXR,timestamp:1745580375
2025-04-25T18:26:15,068 [INFO ] pool-3-thread-1 TS_METRICS - GPUMemoryUsed.Megabytes:127.0|#Level:Host,DeviceId:0|#hostname:amin-GF63-Thin-9SCXR,timestamp:1745580375
2025-04-25T18:26:15,068 [INFO ] pool-3-thread-1 TS_METRICS - GPUUtilization.Percent:0.0|#Level:Host,DeviceId:0|#hostname:amin-GF63-Thin-9SCXR,timestamp:1745580375
2025-04-25T18:26:15,068 [INFO ] pool-3-thread-1 TS_METRICS - MemoryAvailable.Megabytes:9194.75390625|#Level:Host|#hostname:amin-GF63-Thin-9SCXR,timestamp:1745580375
2025-04-25T18:26:15,068 [INFO ] pool-3-thread-1 TS_METRICS - MemoryUsed.Megabytes:5468.44921875|#Level:Host|#hostname:amin-GF63-Thin-9SCXR,timestamp:1745580375
2025-04-25T18:26:15,068 [INFO ] pool-3-thread-1 TS_METRICS - MemoryUtilization.Percent:41.9|#Level:Host|#hostname:amin-GF63-Thin-9SCXR,timestamp:1745580375
2025-04-25T18:27:14,930 [WARN ] pool-3-thread-1 org.pytorch.serve.metrics.MetricCollector - Parse metrics failed: NumExpr defaulting to 8 threads.
2025-04-25T18:27:14,930 [WARN ] pool-3-thread-1 org.pytorch.serve.metrics.MetricCollector - Parse metrics failed: NumExpr defaulting to 8 threads.
2025-04-25T18:27:15,117 [INFO ] pool-3-thread-1 TS_METRICS - CPUUtilization.Percent:0.0|#Level:Host|#hostname:amin-GF63-Thin-9SCXR,timestamp:1745580435
2025-04-25T18:27:15,117 [INFO ] pool-3-thread-1 TS_METRICS - DiskAvailable.Gigabytes:0.23926544189453125|#Level:Host|#hostname:amin-GF63-Thin-9SCXR,timestamp:1745580435
2025-04-25T18:27:15,117 [INFO ] pool-3-thread-1 TS_METRICS - DiskUsage.Gigabytes:95.9937973022461|#Level:Host|#hostname:amin-GF63-Thin-9SCXR,timestamp:1745580435
2025-04-25T18:27:15,117 [INFO ] pool-3-thread-1 TS_METRICS - DiskUtilization.Percent:99.8|#Level:Host|#hostname:amin-GF63-Thin-9SCXR,timestamp:1745580435
2025-04-25T18:27:15,118 [INFO ] pool-3-thread-1 TS_METRICS - GPUMemoryUtilization.Percent:3.1005859375|#Level:Host,DeviceId:0|#hostname:amin-GF63-Thin-9SCXR,timestamp:1745580435
2025-04-25T18:27:15,118 [INFO ] pool-3-thread-1 TS_METRICS - GPUMemoryUsed.Megabytes:127.0|#Level:Host,DeviceId:0|#hostname:amin-GF63-Thin-9SCXR,timestamp:1745580435
2025-04-25T18:27:15,118 [INFO ] pool-3-thread-1 TS_METRICS - GPUUtilization.Percent:0.0|#Level:Host,DeviceId:0|#hostname:amin-GF63-Thin-9SCXR,timestamp:1745580435
2025-04-25T18:27:15,118 [INFO ] pool-3-thread-1 TS_METRICS - MemoryAvailable.Megabytes:9254.8671875|#Level:Host|#hostname:amin-GF63-Thin-9SCXR,timestamp:1745580435
2025-04-25T18:27:15,118 [INFO ] pool-3-thread-1 TS_METRICS - MemoryUsed.Megabytes:5334.36328125|#Level:Host|#hostname:amin-GF63-Thin-9SCXR,timestamp:1745580435
2025-04-25T18:27:15,118 [INFO ] pool-3-thread-1 TS_METRICS - MemoryUtilization.Percent:41.6|#Level:Host|#hostname:amin-GF63-Thin-9SCXR,timestamp:1745580435
2025-04-25T18:28:14,912 [WARN ] pool-3-thread-1 org.pytorch.serve.metrics.MetricCollector - Parse metrics failed: NumExpr defaulting to 8 threads.
2025-04-25T18:28:14,912 [WARN ] pool-3-thread-1 org.pytorch.serve.metrics.MetricCollector - Parse metrics failed: NumExpr defaulting to 8 threads.
2025-04-25T18:28:15,099 [INFO ] pool-3-thread-1 TS_METRICS - CPUUtilization.Percent:0.0|#Level:Host|#hostname:amin-GF63-Thin-9SCXR,timestamp:1745580495
2025-04-25T18:28:15,099 [INFO ] pool-3-thread-1 TS_METRICS - DiskAvailable.Gigabytes:0.23931503295898438|#Level:Host|#hostname:amin-GF63-Thin-9SCXR,timestamp:1745580495
2025-04-25T18:28:15,099 [INFO ] pool-3-thread-1 TS_METRICS - DiskUsage.Gigabytes:95.99374771118164|#Level:Host|#hostname:amin-GF63-Thin-9SCXR,timestamp:1745580495
2025-04-25T18:28:15,099 [INFO ] pool-3-thread-1 TS_METRICS - DiskUtilization.Percent:99.8|#Level:Host|#hostname:amin-GF63-Thin-9SCXR,timestamp:1745580495
2025-04-25T18:28:15,099 [INFO ] pool-3-thread-1 TS_METRICS - GPUMemoryUtilization.Percent:3.1005859375|#Level:Host,DeviceId:0|#hostname:amin-GF63-Thin-9SCXR,timestamp:1745580495
2025-04-25T18:28:15,099 [INFO ] pool-3-thread-1 TS_METRICS - GPUMemoryUsed.Megabytes:127.0|#Level:Host,DeviceId:0|#hostname:amin-GF63-Thin-9SCXR,timestamp:1745580495
2025-04-25T18:28:15,099 [INFO ] pool-3-thread-1 TS_METRICS - GPUUtilization.Percent:0.0|#Level:Host,DeviceId:0|#hostname:amin-GF63-Thin-9SCXR,timestamp:1745580495
2025-04-25T18:28:15,099 [INFO ] pool-3-thread-1 TS_METRICS - MemoryAvailable.Megabytes:9360.2734375|#Level:Host|#hostname:amin-GF63-Thin-9SCXR,timestamp:1745580495
2025-04-25T18:28:15,099 [INFO ] pool-3-thread-1 TS_METRICS - MemoryUsed.Megabytes:5274.75390625|#Level:Host|#hostname:amin-GF63-Thin-9SCXR,timestamp:1745580495
2025-04-25T18:28:15,099 [INFO ] pool-3-thread-1 TS_METRICS - MemoryUtilization.Percent:40.9|#Level:Host|#hostname:amin-GF63-Thin-9SCXR,timestamp:1745580495
2025-04-25T18:29:14,927 [WARN ] pool-3-thread-1 org.pytorch.serve.metrics.MetricCollector - Parse metrics failed: NumExpr defaulting to 8 threads.
2025-04-25T18:29:14,927 [WARN ] pool-3-thread-1 org.pytorch.serve.metrics.MetricCollector - Parse metrics failed: NumExpr defaulting to 8 threads.
2025-04-25T18:29:15,114 [INFO ] pool-3-thread-1 TS_METRICS - CPUUtilization.Percent:50.0|#Level:Host|#hostname:amin-GF63-Thin-9SCXR,timestamp:1745580555
2025-04-25T18:29:15,114 [INFO ] pool-3-thread-1 TS_METRICS - DiskAvailable.Gigabytes:0.23933029174804688|#Level:Host|#hostname:amin-GF63-Thin-9SCXR,timestamp:1745580555
2025-04-25T18:29:15,114 [INFO ] pool-3-thread-1 TS_METRICS - DiskUsage.Gigabytes:95.99373245239258|#Level:Host|#hostname:amin-GF63-Thin-9SCXR,timestamp:1745580555
2025-04-25T18:29:15,114 [INFO ] pool-3-thread-1 TS_METRICS - DiskUtilization.Percent:99.8|#Level:Host|#hostname:amin-GF63-Thin-9SCXR,timestamp:1745580555
2025-04-25T18:29:15,115 [INFO ] pool-3-thread-1 TS_METRICS - GPUMemoryUtilization.Percent:3.1005859375|#Level:Host,DeviceId:0|#hostname:amin-GF63-Thin-9SCXR,timestamp:1745580555
2025-04-25T18:29:15,115 [INFO ] pool-3-thread-1 TS_METRICS - GPUMemoryUsed.Megabytes:127.0|#Level:Host,DeviceId:0|#hostname:amin-GF63-Thin-9SCXR,timestamp:1745580555
2025-04-25T18:29:15,115 [INFO ] pool-3-thread-1 TS_METRICS - GPUUtilization.Percent:0.0|#Level:Host,DeviceId:0|#hostname:amin-GF63-Thin-9SCXR,timestamp:1745580555
2025-04-25T18:29:15,115 [INFO ] pool-3-thread-1 TS_METRICS - MemoryAvailable.Megabytes:9362.578125|#Level:Host|#hostname:amin-GF63-Thin-9SCXR,timestamp:1745580555
2025-04-25T18:29:15,115 [INFO ] pool-3-thread-1 TS_METRICS - MemoryUsed.Megabytes:5278.69140625|#Level:Host|#hostname:amin-GF63-Thin-9SCXR,timestamp:1745580555
2025-04-25T18:29:15,115 [INFO ] pool-3-thread-1 TS_METRICS - MemoryUtilization.Percent:40.9|#Level:Host|#hostname:amin-GF63-Thin-9SCXR,timestamp:1745580555
2025-04-25T18:30:14,882 [WARN ] pool-3-thread-1 org.pytorch.serve.metrics.MetricCollector - Parse metrics failed: NumExpr defaulting to 8 threads.
2025-04-25T18:30:14,882 [WARN ] pool-3-thread-1 org.pytorch.serve.metrics.MetricCollector - Parse metrics failed: NumExpr defaulting to 8 threads.
2025-04-25T18:30:15,075 [INFO ] pool-3-thread-1 TS_METRICS - CPUUtilization.Percent:50.0|#Level:Host|#hostname:amin-GF63-Thin-9SCXR,timestamp:1745580615
2025-04-25T18:30:15,076 [INFO ] pool-3-thread-1 TS_METRICS - DiskAvailable.Gigabytes:0.23929977416992188|#Level:Host|#hostname:amin-GF63-Thin-9SCXR,timestamp:1745580615
2025-04-25T18:30:15,076 [INFO ] pool-3-thread-1 TS_METRICS - DiskUsage.Gigabytes:95.9937629699707|#Level:Host|#hostname:amin-GF63-Thin-9SCXR,timestamp:1745580615
2025-04-25T18:30:15,076 [INFO ] pool-3-thread-1 TS_METRICS - DiskUtilization.Percent:99.8|#Level:Host|#hostname:amin-GF63-Thin-9SCXR,timestamp:1745580615
2025-04-25T18:30:15,076 [INFO ] pool-3-thread-1 TS_METRICS - GPUMemoryUtilization.Percent:3.1005859375|#Level:Host,DeviceId:0|#hostname:amin-GF63-Thin-9SCXR,timestamp:1745580615
2025-04-25T18:30:15,076 [INFO ] pool-3-thread-1 TS_METRICS - GPUMemoryUsed.Megabytes:127.0|#Level:Host,DeviceId:0|#hostname:amin-GF63-Thin-9SCXR,timestamp:1745580615
2025-04-25T18:30:15,076 [INFO ] pool-3-thread-1 TS_METRICS - GPUUtilization.Percent:0.0|#Level:Host,DeviceId:0|#hostname:amin-GF63-Thin-9SCXR,timestamp:1745580615
2025-04-25T18:30:15,076 [INFO ] pool-3-thread-1 TS_METRICS - MemoryAvailable.Megabytes:9320.72265625|#Level:Host|#hostname:amin-GF63-Thin-9SCXR,timestamp:1745580615
2025-04-25T18:30:15,076 [INFO ] pool-3-thread-1 TS_METRICS - MemoryUsed.Megabytes:5310.0|#Level:Host|#hostname:amin-GF63-Thin-9SCXR,timestamp:1745580615
2025-04-25T18:30:15,076 [INFO ] pool-3-thread-1 TS_METRICS - MemoryUtilization.Percent:41.1|#Level:Host|#hostname:amin-GF63-Thin-9SCXR,timestamp:1745580615
2025-04-25T18:31:14,899 [WARN ] pool-3-thread-1 org.pytorch.serve.metrics.MetricCollector - Parse metrics failed: NumExpr defaulting to 8 threads.
2025-04-25T18:31:14,899 [WARN ] pool-3-thread-1 org.pytorch.serve.metrics.MetricCollector - Parse metrics failed: NumExpr defaulting to 8 threads.
2025-04-25T18:31:15,079 [INFO ] pool-3-thread-1 TS_METRICS - CPUUtilization.Percent:0.0|#Level:Host|#hostname:amin-GF63-Thin-9SCXR,timestamp:1745580675
2025-04-25T18:31:15,079 [INFO ] pool-3-thread-1 TS_METRICS - DiskAvailable.Gigabytes:0.23905563354492188|#Level:Host|#hostname:amin-GF63-Thin-9SCXR,timestamp:1745580675
2025-04-25T18:31:15,079 [INFO ] pool-3-thread-1 TS_METRICS - DiskUsage.Gigabytes:95.9940071105957|#Level:Host|#hostname:amin-GF63-Thin-9SCXR,timestamp:1745580675
2025-04-25T18:31:15,079 [INFO ] pool-3-thread-1 TS_METRICS - DiskUtilization.Percent:99.8|#Level:Host|#hostname:amin-GF63-Thin-9SCXR,timestamp:1745580675
2025-04-25T18:31:15,079 [INFO ] pool-3-thread-1 TS_METRICS - GPUMemoryUtilization.Percent:3.1005859375|#Level:Host,DeviceId:0|#hostname:amin-GF63-Thin-9SCXR,timestamp:1745580675
2025-04-25T18:31:15,080 [INFO ] pool-3-thread-1 TS_METRICS - GPUMemoryUsed.Megabytes:127.0|#Level:Host,DeviceId:0|#hostname:amin-GF63-Thin-9SCXR,timestamp:1745580675
2025-04-25T18:31:15,080 [INFO ] pool-3-thread-1 TS_METRICS - GPUUtilization.Percent:0.0|#Level:Host,DeviceId:0|#hostname:amin-GF63-Thin-9SCXR,timestamp:1745580675
2025-04-25T18:31:15,080 [INFO ] pool-3-thread-1 TS_METRICS - MemoryAvailable.Megabytes:9407.6953125|#Level:Host|#hostname:amin-GF63-Thin-9SCXR,timestamp:1745580675
2025-04-25T18:31:15,080 [INFO ] pool-3-thread-1 TS_METRICS - MemoryUsed.Megabytes:5258.4765625|#Level:Host|#hostname:amin-GF63-Thin-9SCXR,timestamp:1745580675
2025-04-25T18:31:15,080 [INFO ] pool-3-thread-1 TS_METRICS - MemoryUtilization.Percent:40.6|#Level:Host|#hostname:amin-GF63-Thin-9SCXR,timestamp:1745580675
2025-04-25T18:32:14,905 [WARN ] pool-3-thread-1 org.pytorch.serve.metrics.MetricCollector - Parse metrics failed: NumExpr defaulting to 8 threads.
2025-04-25T18:32:14,905 [WARN ] pool-3-thread-1 org.pytorch.serve.metrics.MetricCollector - Parse metrics failed: NumExpr defaulting to 8 threads.
2025-04-25T18:32:15,086 [INFO ] pool-3-thread-1 TS_METRICS - CPUUtilization.Percent:0.0|#Level:Host|#hostname:amin-GF63-Thin-9SCXR,timestamp:1745580735
2025-04-25T18:32:15,087 [INFO ] pool-3-thread-1 TS_METRICS - DiskAvailable.Gigabytes:0.23907852172851562|#Level:Host|#hostname:amin-GF63-Thin-9SCXR,timestamp:1745580735
2025-04-25T18:32:15,087 [INFO ] pool-3-thread-1 TS_METRICS - DiskUsage.Gigabytes:95.99398422241211|#Level:Host|#hostname:amin-GF63-Thin-9SCXR,timestamp:1745580735
2025-04-25T18:32:15,087 [INFO ] pool-3-thread-1 TS_METRICS - DiskUtilization.Percent:99.8|#Level:Host|#hostname:amin-GF63-Thin-9SCXR,timestamp:1745580735
2025-04-25T18:32:15,087 [INFO ] pool-3-thread-1 TS_METRICS - GPUMemoryUtilization.Percent:3.1005859375|#Level:Host,DeviceId:0|#hostname:amin-GF63-Thin-9SCXR,timestamp:1745580735
2025-04-25T18:32:15,087 [INFO ] pool-3-thread-1 TS_METRICS - GPUMemoryUsed.Megabytes:127.0|#Level:Host,DeviceId:0|#hostname:amin-GF63-Thin-9SCXR,timestamp:1745580735
2025-04-25T18:32:15,087 [INFO ] pool-3-thread-1 TS_METRICS - GPUUtilization.Percent:0.0|#Level:Host,DeviceId:0|#hostname:amin-GF63-Thin-9SCXR,timestamp:1745580735
2025-04-25T18:32:15,087 [INFO ] pool-3-thread-1 TS_METRICS - MemoryAvailable.Megabytes:9469.6015625|#Level:Host|#hostname:amin-GF63-Thin-9SCXR,timestamp:1745580735
2025-04-25T18:32:15,087 [INFO ] pool-3-thread-1 TS_METRICS - MemoryUsed.Megabytes:5182.42578125|#Level:Host|#hostname:amin-GF63-Thin-9SCXR,timestamp:1745580735
2025-04-25T18:32:15,087 [INFO ] pool-3-thread-1 TS_METRICS - MemoryUtilization.Percent:40.2|#Level:Host|#hostname:amin-GF63-Thin-9SCXR,timestamp:1745580735
2025-04-25T18:33:14,908 [WARN ] pool-3-thread-1 org.pytorch.serve.metrics.MetricCollector - Parse metrics failed: NumExpr defaulting to 8 threads.
2025-04-25T18:33:14,908 [WARN ] pool-3-thread-1 org.pytorch.serve.metrics.MetricCollector - Parse metrics failed: NumExpr defaulting to 8 threads.
2025-04-25T18:33:15,088 [INFO ] pool-3-thread-1 TS_METRICS - CPUUtilization.Percent:0.0|#Level:Host|#hostname:amin-GF63-Thin-9SCXR,timestamp:1745580795
2025-04-25T18:33:15,088 [INFO ] pool-3-thread-1 TS_METRICS - DiskAvailable.Gigabytes:0.2390899658203125|#Level:Host|#hostname:amin-GF63-Thin-9SCXR,timestamp:1745580795
2025-04-25T18:33:15,089 [INFO ] pool-3-thread-1 TS_METRICS - DiskUsage.Gigabytes:95.99397277832031|#Level:Host|#hostname:amin-GF63-Thin-9SCXR,timestamp:1745580795
2025-04-25T18:33:15,089 [INFO ] pool-3-thread-1 TS_METRICS - DiskUtilization.Percent:99.8|#Level:Host|#hostname:amin-GF63-Thin-9SCXR,timestamp:1745580795
2025-04-25T18:33:15,089 [INFO ] pool-3-thread-1 TS_METRICS - GPUMemoryUtilization.Percent:3.1005859375|#Level:Host,DeviceId:0|#hostname:amin-GF63-Thin-9SCXR,timestamp:1745580795
2025-04-25T18:33:15,089 [INFO ] pool-3-thread-1 TS_METRICS - GPUMemoryUsed.Megabytes:127.0|#Level:Host,DeviceId:0|#hostname:amin-GF63-Thin-9SCXR,timestamp:1745580795
2025-04-25T18:33:15,089 [INFO ] pool-3-thread-1 TS_METRICS - GPUUtilization.Percent:0.0|#Level:Host,DeviceId:0|#hostname:amin-GF63-Thin-9SCXR,timestamp:1745580795
2025-04-25T18:33:15,089 [INFO ] pool-3-thread-1 TS_METRICS - MemoryAvailable.Megabytes:9425.70703125|#Level:Host|#hostname:amin-GF63-Thin-9SCXR,timestamp:1745580795
2025-04-25T18:33:15,089 [INFO ] pool-3-thread-1 TS_METRICS - MemoryUsed.Megabytes:5231.21484375|#Level:Host|#hostname:amin-GF63-Thin-9SCXR,timestamp:1745580795
2025-04-25T18:33:15,089 [INFO ] pool-3-thread-1 TS_METRICS - MemoryUtilization.Percent:40.5|#Level:Host|#hostname:amin-GF63-Thin-9SCXR,timestamp:1745580795
2025-04-25T18:34:14,902 [WARN ] pool-3-thread-1 org.pytorch.serve.metrics.MetricCollector - Parse metrics failed: NumExpr defaulting to 8 threads.
2025-04-25T18:34:14,902 [WARN ] pool-3-thread-1 org.pytorch.serve.metrics.MetricCollector - Parse metrics failed: NumExpr defaulting to 8 threads.
2025-04-25T18:34:15,083 [INFO ] pool-3-thread-1 TS_METRICS - CPUUtilization.Percent:50.0|#Level:Host|#hostname:amin-GF63-Thin-9SCXR,timestamp:1745580855
2025-04-25T18:34:15,083 [INFO ] pool-3-thread-1 TS_METRICS - DiskAvailable.Gigabytes:0.23913955688476562|#Level:Host|#hostname:amin-GF63-Thin-9SCXR,timestamp:1745580855
2025-04-25T18:34:15,084 [INFO ] pool-3-thread-1 TS_METRICS - DiskUsage.Gigabytes:95.99392318725586|#Level:Host|#hostname:amin-GF63-Thin-9SCXR,timestamp:1745580855
2025-04-25T18:34:15,084 [INFO ] pool-3-thread-1 TS_METRICS - DiskUtilization.Percent:99.8|#Level:Host|#hostname:amin-GF63-Thin-9SCXR,timestamp:1745580855
2025-04-25T18:34:15,084 [INFO ] pool-3-thread-1 TS_METRICS - GPUMemoryUtilization.Percent:3.1005859375|#Level:Host,DeviceId:0|#hostname:amin-GF63-Thin-9SCXR,timestamp:1745580855
2025-04-25T18:34:15,084 [INFO ] pool-3-thread-1 TS_METRICS - GPUMemoryUsed.Megabytes:127.0|#Level:Host,DeviceId:0|#hostname:amin-GF63-Thin-9SCXR,timestamp:1745580855
2025-04-25T18:34:15,084 [INFO ] pool-3-thread-1 TS_METRICS - GPUUtilization.Percent:0.0|#Level:Host,DeviceId:0|#hostname:amin-GF63-Thin-9SCXR,timestamp:1745580855
2025-04-25T18:34:15,084 [INFO ] pool-3-thread-1 TS_METRICS - MemoryAvailable.Megabytes:9348.359375|#Level:Host|#hostname:amin-GF63-Thin-9SCXR,timestamp:1745580855
2025-04-25T18:34:15,084 [INFO ] pool-3-thread-1 TS_METRICS - MemoryUsed.Megabytes:5278.40234375|#Level:Host|#hostname:amin-GF63-Thin-9SCXR,timestamp:1745580855
2025-04-25T18:34:15,084 [INFO ] pool-3-thread-1 TS_METRICS - MemoryUtilization.Percent:41.0|#Level:Host|#hostname:amin-GF63-Thin-9SCXR,timestamp:1745580855
2025-04-25T18:35:14,896 [WARN ] pool-3-thread-1 org.pytorch.serve.metrics.MetricCollector - Parse metrics failed: NumExpr defaulting to 8 threads.
2025-04-25T18:35:14,896 [WARN ] pool-3-thread-1 org.pytorch.serve.metrics.MetricCollector - Parse metrics failed: NumExpr defaulting to 8 threads.
2025-04-25T18:35:15,070 [INFO ] pool-3-thread-1 TS_METRICS - CPUUtilization.Percent:33.3|#Level:Host|#hostname:amin-GF63-Thin-9SCXR,timestamp:1745580915
2025-04-25T18:35:15,070 [INFO ] pool-3-thread-1 TS_METRICS - DiskAvailable.Gigabytes:0.23909759521484375|#Level:Host|#hostname:amin-GF63-Thin-9SCXR,timestamp:1745580915
2025-04-25T18:35:15,070 [INFO ] pool-3-thread-1 TS_METRICS - DiskUsage.Gigabytes:95.99396514892578|#Level:Host|#hostname:amin-GF63-Thin-9SCXR,timestamp:1745580915
2025-04-25T18:35:15,070 [INFO ] pool-3-thread-1 TS_METRICS - DiskUtilization.Percent:99.8|#Level:Host|#hostname:amin-GF63-Thin-9SCXR,timestamp:1745580915
2025-04-25T18:35:15,070 [INFO ] pool-3-thread-1 TS_METRICS - GPUMemoryUtilization.Percent:3.1005859375|#Level:Host,DeviceId:0|#hostname:amin-GF63-Thin-9SCXR,timestamp:1745580915
2025-04-25T18:35:15,070 [INFO ] pool-3-thread-1 TS_METRICS - GPUMemoryUsed.Megabytes:127.0|#Level:Host,DeviceId:0|#hostname:amin-GF63-Thin-9SCXR,timestamp:1745580915
2025-04-25T18:35:15,071 [INFO ] pool-3-thread-1 TS_METRICS - GPUUtilization.Percent:0.0|#Level:Host,DeviceId:0|#hostname:amin-GF63-Thin-9SCXR,timestamp:1745580915
2025-04-25T18:35:15,071 [INFO ] pool-3-thread-1 TS_METRICS - MemoryAvailable.Megabytes:8688.78125|#Level:Host|#hostname:amin-GF63-Thin-9SCXR,timestamp:1745580915
2025-04-25T18:35:15,071 [INFO ] pool-3-thread-1 TS_METRICS - MemoryUsed.Megabytes:5667.32421875|#Level:Host|#hostname:amin-GF63-Thin-9SCXR,timestamp:1745580915
2025-04-25T18:35:15,071 [INFO ] pool-3-thread-1 TS_METRICS - MemoryUtilization.Percent:45.1|#Level:Host|#hostname:amin-GF63-Thin-9SCXR,timestamp:1745580915
2025-04-25T18:36:14,934 [WARN ] pool-3-thread-1 org.pytorch.serve.metrics.MetricCollector - Parse metrics failed: NumExpr defaulting to 8 threads.
2025-04-25T18:36:14,934 [WARN ] pool-3-thread-1 org.pytorch.serve.metrics.MetricCollector - Parse metrics failed: NumExpr defaulting to 8 threads.
2025-04-25T18:36:15,128 [INFO ] pool-3-thread-1 TS_METRICS - CPUUtilization.Percent:50.0|#Level:Host|#hostname:amin-GF63-Thin-9SCXR,timestamp:1745580975
2025-04-25T18:36:15,128 [INFO ] pool-3-thread-1 TS_METRICS - DiskAvailable.Gigabytes:0.23817062377929688|#Level:Host|#hostname:amin-GF63-Thin-9SCXR,timestamp:1745580975
2025-04-25T18:36:15,128 [INFO ] pool-3-thread-1 TS_METRICS - DiskUsage.Gigabytes:95.99489212036133|#Level:Host|#hostname:amin-GF63-Thin-9SCXR,timestamp:1745580975
2025-04-25T18:36:15,129 [INFO ] pool-3-thread-1 TS_METRICS - DiskUtilization.Percent:99.8|#Level:Host|#hostname:amin-GF63-Thin-9SCXR,timestamp:1745580975
2025-04-25T18:36:15,129 [INFO ] pool-3-thread-1 TS_METRICS - GPUMemoryUtilization.Percent:3.1005859375|#Level:Host,DeviceId:0|#hostname:amin-GF63-Thin-9SCXR,timestamp:1745580975
2025-04-25T18:36:15,129 [INFO ] pool-3-thread-1 TS_METRICS - GPUMemoryUsed.Megabytes:127.0|#Level:Host,DeviceId:0|#hostname:amin-GF63-Thin-9SCXR,timestamp:1745580975
2025-04-25T18:36:15,129 [INFO ] pool-3-thread-1 TS_METRICS - GPUUtilization.Percent:0.0|#Level:Host,DeviceId:0|#hostname:amin-GF63-Thin-9SCXR,timestamp:1745580975
2025-04-25T18:36:15,129 [INFO ] pool-3-thread-1 TS_METRICS - MemoryAvailable.Megabytes:8929.0078125|#Level:Host|#hostname:amin-GF63-Thin-9SCXR,timestamp:1745580975
2025-04-25T18:36:15,129 [INFO ] pool-3-thread-1 TS_METRICS - MemoryUsed.Megabytes:5600.9140625|#Level:Host|#hostname:amin-GF63-Thin-9SCXR,timestamp:1745580975
2025-04-25T18:36:15,129 [INFO ] pool-3-thread-1 TS_METRICS - MemoryUtilization.Percent:43.6|#Level:Host|#hostname:amin-GF63-Thin-9SCXR,timestamp:1745580975
2025-04-25T18:37:14,902 [WARN ] pool-3-thread-1 org.pytorch.serve.metrics.MetricCollector - Parse metrics failed: NumExpr defaulting to 8 threads.
2025-04-25T18:37:14,902 [WARN ] pool-3-thread-1 org.pytorch.serve.metrics.MetricCollector - Parse metrics failed: NumExpr defaulting to 8 threads.
2025-04-25T18:37:15,076 [INFO ] pool-3-thread-1 TS_METRICS - CPUUtilization.Percent:33.3|#Level:Host|#hostname:amin-GF63-Thin-9SCXR,timestamp:1745581035
2025-04-25T18:37:15,076 [INFO ] pool-3-thread-1 TS_METRICS - DiskAvailable.Gigabytes:0.23769760131835938|#Level:Host|#hostname:amin-GF63-Thin-9SCXR,timestamp:1745581035
2025-04-25T18:37:15,077 [INFO ] pool-3-thread-1 TS_METRICS - DiskUsage.Gigabytes:95.99536514282227|#Level:Host|#hostname:amin-GF63-Thin-9SCXR,timestamp:1745581035
2025-04-25T18:37:15,077 [INFO ] pool-3-thread-1 TS_METRICS - DiskUtilization.Percent:99.8|#Level:Host|#hostname:amin-GF63-Thin-9SCXR,timestamp:1745581035
2025-04-25T18:37:15,077 [INFO ] pool-3-thread-1 TS_METRICS - GPUMemoryUtilization.Percent:3.1005859375|#Level:Host,DeviceId:0|#hostname:amin-GF63-Thin-9SCXR,timestamp:1745581035
2025-04-25T18:37:15,077 [INFO ] pool-3-thread-1 TS_METRICS - GPUMemoryUsed.Megabytes:127.0|#Level:Host,DeviceId:0|#hostname:amin-GF63-Thin-9SCXR,timestamp:1745581035
2025-04-25T18:37:15,077 [INFO ] pool-3-thread-1 TS_METRICS - GPUUtilization.Percent:0.0|#Level:Host,DeviceId:0|#hostname:amin-GF63-Thin-9SCXR,timestamp:1745581035
2025-04-25T18:37:15,077 [INFO ] pool-3-thread-1 TS_METRICS - MemoryAvailable.Megabytes:8506.03125|#Level:Host|#hostname:amin-GF63-Thin-9SCXR,timestamp:1745581035
2025-04-25T18:37:15,077 [INFO ] pool-3-thread-1 TS_METRICS - MemoryUsed.Megabytes:6114.8046875|#Level:Host|#hostname:amin-GF63-Thin-9SCXR,timestamp:1745581035
2025-04-25T18:37:15,077 [INFO ] pool-3-thread-1 TS_METRICS - MemoryUtilization.Percent:46.3|#Level:Host|#hostname:amin-GF63-Thin-9SCXR,timestamp:1745581035
2025-04-25T18:38:14,917 [WARN ] pool-3-thread-1 org.pytorch.serve.metrics.MetricCollector - Parse metrics failed: NumExpr defaulting to 8 threads.
2025-04-25T18:38:14,917 [WARN ] pool-3-thread-1 org.pytorch.serve.metrics.MetricCollector - Parse metrics failed: NumExpr defaulting to 8 threads.
2025-04-25T18:38:15,096 [INFO ] pool-3-thread-1 TS_METRICS - CPUUtilization.Percent:0.0|#Level:Host|#hostname:amin-GF63-Thin-9SCXR,timestamp:1745581095
2025-04-25T18:38:15,096 [INFO ] pool-3-thread-1 TS_METRICS - DiskAvailable.Gigabytes:0.23787307739257812|#Level:Host|#hostname:amin-GF63-Thin-9SCXR,timestamp:1745581095
2025-04-25T18:38:15,096 [INFO ] pool-3-thread-1 TS_METRICS - DiskUsage.Gigabytes:95.99518966674805|#Level:Host|#hostname:amin-GF63-Thin-9SCXR,timestamp:1745581095
2025-04-25T18:38:15,096 [INFO ] pool-3-thread-1 TS_METRICS - DiskUtilization.Percent:99.8|#Level:Host|#hostname:amin-GF63-Thin-9SCXR,timestamp:1745581095
2025-04-25T18:38:15,096 [INFO ] pool-3-thread-1 TS_METRICS - GPUMemoryUtilization.Percent:3.1005859375|#Level:Host,DeviceId:0|#hostname:amin-GF63-Thin-9SCXR,timestamp:1745581095
2025-04-25T18:38:15,096 [INFO ] pool-3-thread-1 TS_METRICS - GPUMemoryUsed.Megabytes:127.0|#Level:Host,DeviceId:0|#hostname:amin-GF63-Thin-9SCXR,timestamp:1745581095
2025-04-25T18:38:15,097 [INFO ] pool-3-thread-1 TS_METRICS - GPUUtilization.Percent:0.0|#Level:Host,DeviceId:0|#hostname:amin-GF63-Thin-9SCXR,timestamp:1745581095
2025-04-25T18:38:15,097 [INFO ] pool-3-thread-1 TS_METRICS - MemoryAvailable.Megabytes:8779.6171875|#Level:Host|#hostname:amin-GF63-Thin-9SCXR,timestamp:1745581095
2025-04-25T18:38:15,097 [INFO ] pool-3-thread-1 TS_METRICS - MemoryUsed.Megabytes:5841.375|#Level:Host|#hostname:amin-GF63-Thin-9SCXR,timestamp:1745581095
2025-04-25T18:38:15,097 [INFO ] pool-3-thread-1 TS_METRICS - MemoryUtilization.Percent:44.6|#Level:Host|#hostname:amin-GF63-Thin-9SCXR,timestamp:1745581095
2025-04-25T18:39:14,846 [WARN ] pool-3-thread-1 org.pytorch.serve.metrics.MetricCollector - Parse metrics failed: NumExpr defaulting to 8 threads.
2025-04-25T18:39:14,846 [WARN ] pool-3-thread-1 org.pytorch.serve.metrics.MetricCollector - Parse metrics failed: NumExpr defaulting to 8 threads.
2025-04-25T18:39:15,036 [INFO ] pool-3-thread-1 TS_METRICS - CPUUtilization.Percent:0.0|#Level:Host|#hostname:amin-GF63-Thin-9SCXR,timestamp:1745581155
2025-04-25T18:39:15,037 [INFO ] pool-3-thread-1 TS_METRICS - DiskAvailable.Gigabytes:0.2377777099609375|#Level:Host|#hostname:amin-GF63-Thin-9SCXR,timestamp:1745581155
2025-04-25T18:39:15,037 [INFO ] pool-3-thread-1 TS_METRICS - DiskUsage.Gigabytes:95.99528503417969|#Level:Host|#hostname:amin-GF63-Thin-9SCXR,timestamp:1745581155
2025-04-25T18:39:15,037 [INFO ] pool-3-thread-1 TS_METRICS - DiskUtilization.Percent:99.8|#Level:Host|#hostname:amin-GF63-Thin-9SCXR,timestamp:1745581155
2025-04-25T18:39:15,037 [INFO ] pool-3-thread-1 TS_METRICS - GPUMemoryUtilization.Percent:3.1005859375|#Level:Host,DeviceId:0|#hostname:amin-GF63-Thin-9SCXR,timestamp:1745581155
2025-04-25T18:39:15,037 [INFO ] pool-3-thread-1 TS_METRICS - GPUMemoryUsed.Megabytes:127.0|#Level:Host,DeviceId:0|#hostname:amin-GF63-Thin-9SCXR,timestamp:1745581155
2025-04-25T18:39:15,037 [INFO ] pool-3-thread-1 TS_METRICS - GPUUtilization.Percent:0.0|#Level:Host,DeviceId:0|#hostname:amin-GF63-Thin-9SCXR,timestamp:1745581155
2025-04-25T18:39:15,037 [INFO ] pool-3-thread-1 TS_METRICS - MemoryAvailable.Megabytes:8580.26953125|#Level:Host|#hostname:amin-GF63-Thin-9SCXR,timestamp:1745581155
2025-04-25T18:39:15,037 [INFO ] pool-3-thread-1 TS_METRICS - MemoryUsed.Megabytes:6006.65625|#Level:Host|#hostname:amin-GF63-Thin-9SCXR,timestamp:1745581155
2025-04-25T18:39:15,037 [INFO ] pool-3-thread-1 TS_METRICS - MemoryUtilization.Percent:45.8|#Level:Host|#hostname:amin-GF63-Thin-9SCXR,timestamp:1745581155
2025-04-25T18:40:14,814 [WARN ] pool-3-thread-1 org.pytorch.serve.metrics.MetricCollector - Parse metrics failed: NumExpr defaulting to 8 threads.
2025-04-25T18:40:14,814 [WARN ] pool-3-thread-1 org.pytorch.serve.metrics.MetricCollector - Parse metrics failed: NumExpr defaulting to 8 threads.
2025-04-25T18:40:14,998 [INFO ] pool-3-thread-1 TS_METRICS - CPUUtilization.Percent:0.0|#Level:Host|#hostname:amin-GF63-Thin-9SCXR,timestamp:1745581214
2025-04-25T18:40:14,998 [INFO ] pool-3-thread-1 TS_METRICS - DiskAvailable.Gigabytes:0.23761367797851562|#Level:Host|#hostname:amin-GF63-Thin-9SCXR,timestamp:1745581214
2025-04-25T18:40:14,998 [INFO ] pool-3-thread-1 TS_METRICS - DiskUsage.Gigabytes:95.99544906616211|#Level:Host|#hostname:amin-GF63-Thin-9SCXR,timestamp:1745581214
2025-04-25T18:40:14,998 [INFO ] pool-3-thread-1 TS_METRICS - DiskUtilization.Percent:99.8|#Level:Host|#hostname:amin-GF63-Thin-9SCXR,timestamp:1745581214
2025-04-25T18:40:14,998 [INFO ] pool-3-thread-1 TS_METRICS - GPUMemoryUtilization.Percent:3.1005859375|#Level:Host,DeviceId:0|#hostname:amin-GF63-Thin-9SCXR,timestamp:1745581214
2025-04-25T18:40:14,999 [INFO ] pool-3-thread-1 TS_METRICS - GPUMemoryUsed.Megabytes:127.0|#Level:Host,DeviceId:0|#hostname:amin-GF63-Thin-9SCXR,timestamp:1745581214
2025-04-25T18:40:14,999 [INFO ] pool-3-thread-1 TS_METRICS - GPUUtilization.Percent:0.0|#Level:Host,DeviceId:0|#hostname:amin-GF63-Thin-9SCXR,timestamp:1745581214
2025-04-25T18:40:14,999 [INFO ] pool-3-thread-1 TS_METRICS - MemoryAvailable.Megabytes:8751.88671875|#Level:Host|#hostname:amin-GF63-Thin-9SCXR,timestamp:1745581214
2025-04-25T18:40:14,999 [INFO ] pool-3-thread-1 TS_METRICS - MemoryUsed.Megabytes:5861.98046875|#Level:Host|#hostname:amin-GF63-Thin-9SCXR,timestamp:1745581214
2025-04-25T18:40:14,999 [INFO ] pool-3-thread-1 TS_METRICS - MemoryUtilization.Percent:44.7|#Level:Host|#hostname:amin-GF63-Thin-9SCXR,timestamp:1745581214
2025-04-25T18:41:14,899 [WARN ] pool-3-thread-1 org.pytorch.serve.metrics.MetricCollector - Parse metrics failed: NumExpr defaulting to 8 threads.
2025-04-25T18:41:14,899 [WARN ] pool-3-thread-1 org.pytorch.serve.metrics.MetricCollector - Parse metrics failed: NumExpr defaulting to 8 threads.
2025-04-25T18:41:15,082 [INFO ] pool-3-thread-1 TS_METRICS - CPUUtilization.Percent:50.0|#Level:Host|#hostname:amin-GF63-Thin-9SCXR,timestamp:1745581275
2025-04-25T18:41:15,082 [INFO ] pool-3-thread-1 TS_METRICS - DiskAvailable.Gigabytes:0.23741531372070312|#Level:Host|#hostname:amin-GF63-Thin-9SCXR,timestamp:1745581275
2025-04-25T18:41:15,082 [INFO ] pool-3-thread-1 TS_METRICS - DiskUsage.Gigabytes:95.99564743041992|#Level:Host|#hostname:amin-GF63-Thin-9SCXR,timestamp:1745581275
2025-04-25T18:41:15,083 [INFO ] pool-3-thread-1 TS_METRICS - DiskUtilization.Percent:99.8|#Level:Host|#hostname:amin-GF63-Thin-9SCXR,timestamp:1745581275
2025-04-25T18:41:15,083 [INFO ] pool-3-thread-1 TS_METRICS - GPUMemoryUtilization.Percent:3.1005859375|#Level:Host,DeviceId:0|#hostname:amin-GF63-Thin-9SCXR,timestamp:1745581275
2025-04-25T18:41:15,083 [INFO ] pool-3-thread-1 TS_METRICS - GPUMemoryUsed.Megabytes:127.0|#Level:Host,DeviceId:0|#hostname:amin-GF63-Thin-9SCXR,timestamp:1745581275
2025-04-25T18:41:15,083 [INFO ] pool-3-thread-1 TS_METRICS - GPUUtilization.Percent:0.0|#Level:Host,DeviceId:0|#hostname:amin-GF63-Thin-9SCXR,timestamp:1745581275
2025-04-25T18:41:15,083 [INFO ] pool-3-thread-1 TS_METRICS - MemoryAvailable.Megabytes:8722.12109375|#Level:Host|#hostname:amin-GF63-Thin-9SCXR,timestamp:1745581275
2025-04-25T18:41:15,083 [INFO ] pool-3-thread-1 TS_METRICS - MemoryUsed.Megabytes:5888.49609375|#Level:Host|#hostname:amin-GF63-Thin-9SCXR,timestamp:1745581275
2025-04-25T18:41:15,083 [INFO ] pool-3-thread-1 TS_METRICS - MemoryUtilization.Percent:44.9|#Level:Host|#hostname:amin-GF63-Thin-9SCXR,timestamp:1745581275
2025-04-25T18:42:14,905 [WARN ] pool-3-thread-1 org.pytorch.serve.metrics.MetricCollector - Parse metrics failed: NumExpr defaulting to 8 threads.
2025-04-25T18:42:14,905 [WARN ] pool-3-thread-1 org.pytorch.serve.metrics.MetricCollector - Parse metrics failed: NumExpr defaulting to 8 threads.
2025-04-25T18:42:15,088 [INFO ] pool-3-thread-1 TS_METRICS - CPUUtilization.Percent:0.0|#Level:Host|#hostname:amin-GF63-Thin-9SCXR,timestamp:1745581335
2025-04-25T18:42:15,088 [INFO ] pool-3-thread-1 TS_METRICS - DiskAvailable.Gigabytes:0.237457275390625|#Level:Host|#hostname:amin-GF63-Thin-9SCXR,timestamp:1745581335
2025-04-25T18:42:15,088 [INFO ] pool-3-thread-1 TS_METRICS - DiskUsage.Gigabytes:95.99560546875|#Level:Host|#hostname:amin-GF63-Thin-9SCXR,timestamp:1745581335
2025-04-25T18:42:15,088 [INFO ] pool-3-thread-1 TS_METRICS - DiskUtilization.Percent:99.8|#Level:Host|#hostname:amin-GF63-Thin-9SCXR,timestamp:1745581335
2025-04-25T18:42:15,088 [INFO ] pool-3-thread-1 TS_METRICS - GPUMemoryUtilization.Percent:3.1005859375|#Level:Host,DeviceId:0|#hostname:amin-GF63-Thin-9SCXR,timestamp:1745581335
2025-04-25T18:42:15,088 [INFO ] pool-3-thread-1 TS_METRICS - GPUMemoryUsed.Megabytes:127.0|#Level:Host,DeviceId:0|#hostname:amin-GF63-Thin-9SCXR,timestamp:1745581335
2025-04-25T18:42:15,088 [INFO ] pool-3-thread-1 TS_METRICS - GPUUtilization.Percent:0.0|#Level:Host,DeviceId:0|#hostname:amin-GF63-Thin-9SCXR,timestamp:1745581335
2025-04-25T18:42:15,089 [INFO ] pool-3-thread-1 TS_METRICS - MemoryAvailable.Megabytes:8779.28515625|#Level:Host|#hostname:amin-GF63-Thin-9SCXR,timestamp:1745581335
2025-04-25T18:42:15,089 [INFO ] pool-3-thread-1 TS_METRICS - MemoryUsed.Megabytes:5838.5859375|#Level:Host|#hostname:amin-GF63-Thin-9SCXR,timestamp:1745581335
2025-04-25T18:42:15,089 [INFO ] pool-3-thread-1 TS_METRICS - MemoryUtilization.Percent:44.6|#Level:Host|#hostname:amin-GF63-Thin-9SCXR,timestamp:1745581335
2025-04-25T18:43:14,829 [WARN ] pool-3-thread-1 org.pytorch.serve.metrics.MetricCollector - Parse metrics failed: NumExpr defaulting to 8 threads.
2025-04-25T18:43:14,829 [WARN ] pool-3-thread-1 org.pytorch.serve.metrics.MetricCollector - Parse metrics failed: NumExpr defaulting to 8 threads.
2025-04-25T18:43:15,017 [INFO ] pool-3-thread-1 TS_METRICS - CPUUtilization.Percent:0.0|#Level:Host|#hostname:amin-GF63-Thin-9SCXR,timestamp:1745581395
2025-04-25T18:43:15,018 [INFO ] pool-3-thread-1 TS_METRICS - DiskAvailable.Gigabytes:0.2374267578125|#Level:Host|#hostname:amin-GF63-Thin-9SCXR,timestamp:1745581395
2025-04-25T18:43:15,018 [INFO ] pool-3-thread-1 TS_METRICS - DiskUsage.Gigabytes:95.99563598632812|#Level:Host|#hostname:amin-GF63-Thin-9SCXR,timestamp:1745581395
2025-04-25T18:43:15,018 [INFO ] pool-3-thread-1 TS_METRICS - DiskUtilization.Percent:99.8|#Level:Host|#hostname:amin-GF63-Thin-9SCXR,timestamp:1745581395
2025-04-25T18:43:15,018 [INFO ] pool-3-thread-1 TS_METRICS - GPUMemoryUtilization.Percent:3.1005859375|#Level:Host,DeviceId:0|#hostname:amin-GF63-Thin-9SCXR,timestamp:1745581395
2025-04-25T18:43:15,018 [INFO ] pool-3-thread-1 TS_METRICS - GPUMemoryUsed.Megabytes:127.0|#Level:Host,DeviceId:0|#hostname:amin-GF63-Thin-9SCXR,timestamp:1745581395
2025-04-25T18:43:15,018 [INFO ] pool-3-thread-1 TS_METRICS - GPUUtilization.Percent:0.0|#Level:Host,DeviceId:0|#hostname:amin-GF63-Thin-9SCXR,timestamp:1745581395
2025-04-25T18:43:15,018 [INFO ] pool-3-thread-1 TS_METRICS - MemoryAvailable.Megabytes:8544.91796875|#Level:Host|#hostname:amin-GF63-Thin-9SCXR,timestamp:1745581395
2025-04-25T18:43:15,018 [INFO ] pool-3-thread-1 TS_METRICS - MemoryUsed.Megabytes:6078.03125|#Level:Host|#hostname:amin-GF63-Thin-9SCXR,timestamp:1745581395
2025-04-25T18:43:15,018 [INFO ] pool-3-thread-1 TS_METRICS - MemoryUtilization.Percent:46.0|#Level:Host|#hostname:amin-GF63-Thin-9SCXR,timestamp:1745581395
2025-04-25T18:44:14,940 [WARN ] pool-3-thread-1 org.pytorch.serve.metrics.MetricCollector - Parse metrics failed: NumExpr defaulting to 8 threads.
2025-04-25T18:44:14,940 [WARN ] pool-3-thread-1 org.pytorch.serve.metrics.MetricCollector - Parse metrics failed: NumExpr defaulting to 8 threads.
2025-04-25T18:44:15,125 [INFO ] pool-3-thread-1 TS_METRICS - CPUUtilization.Percent:0.0|#Level:Host|#hostname:amin-GF63-Thin-9SCXR,timestamp:1745581455
2025-04-25T18:44:15,126 [INFO ] pool-3-thread-1 TS_METRICS - DiskAvailable.Gigabytes:0.2370758056640625|#Level:Host|#hostname:amin-GF63-Thin-9SCXR,timestamp:1745581455
2025-04-25T18:44:15,126 [INFO ] pool-3-thread-1 TS_METRICS - DiskUsage.Gigabytes:95.99598693847656|#Level:Host|#hostname:amin-GF63-Thin-9SCXR,timestamp:1745581455
2025-04-25T18:44:15,126 [INFO ] pool-3-thread-1 TS_METRICS - DiskUtilization.Percent:99.8|#Level:Host|#hostname:amin-GF63-Thin-9SCXR,timestamp:1745581455
2025-04-25T18:44:15,126 [INFO ] pool-3-thread-1 TS_METRICS - GPUMemoryUtilization.Percent:3.1005859375|#Level:Host,DeviceId:0|#hostname:amin-GF63-Thin-9SCXR,timestamp:1745581455
2025-04-25T18:44:15,126 [INFO ] pool-3-thread-1 TS_METRICS - GPUMemoryUsed.Megabytes:127.0|#Level:Host,DeviceId:0|#hostname:amin-GF63-Thin-9SCXR,timestamp:1745581455
2025-04-25T18:44:15,126 [INFO ] pool-3-thread-1 TS_METRICS - GPUUtilization.Percent:0.0|#Level:Host,DeviceId:0|#hostname:amin-GF63-Thin-9SCXR,timestamp:1745581455
2025-04-25T18:44:15,126 [INFO ] pool-3-thread-1 TS_METRICS - MemoryAvailable.Megabytes:8870.41015625|#Level:Host|#hostname:amin-GF63-Thin-9SCXR,timestamp:1745581455
2025-04-25T18:44:15,126 [INFO ] pool-3-thread-1 TS_METRICS - MemoryUsed.Megabytes:5747.01953125|#Level:Host|#hostname:amin-GF63-Thin-9SCXR,timestamp:1745581455
2025-04-25T18:44:15,126 [INFO ] pool-3-thread-1 TS_METRICS - MemoryUtilization.Percent:44.0|#Level:Host|#hostname:amin-GF63-Thin-9SCXR,timestamp:1745581455
2025-04-25T18:45:14,904 [WARN ] pool-3-thread-1 org.pytorch.serve.metrics.MetricCollector - Parse metrics failed: NumExpr defaulting to 8 threads.
2025-04-25T18:45:14,904 [WARN ] pool-3-thread-1 org.pytorch.serve.metrics.MetricCollector - Parse metrics failed: NumExpr defaulting to 8 threads.
2025-04-25T18:45:15,083 [INFO ] pool-3-thread-1 TS_METRICS - CPUUtilization.Percent:0.0|#Level:Host|#hostname:amin-GF63-Thin-9SCXR,timestamp:1745581515
2025-04-25T18:45:15,083 [INFO ] pool-3-thread-1 TS_METRICS - DiskAvailable.Gigabytes:0.23707962036132812|#Level:Host|#hostname:amin-GF63-Thin-9SCXR,timestamp:1745581515
2025-04-25T18:45:15,084 [INFO ] pool-3-thread-1 TS_METRICS - DiskUsage.Gigabytes:95.9959831237793|#Level:Host|#hostname:amin-GF63-Thin-9SCXR,timestamp:1745581515
2025-04-25T18:45:15,084 [INFO ] pool-3-thread-1 TS_METRICS - DiskUtilization.Percent:99.8|#Level:Host|#hostname:amin-GF63-Thin-9SCXR,timestamp:1745581515
2025-04-25T18:45:15,084 [INFO ] pool-3-thread-1 TS_METRICS - GPUMemoryUtilization.Percent:3.1005859375|#Level:Host,DeviceId:0|#hostname:amin-GF63-Thin-9SCXR,timestamp:1745581515
2025-04-25T18:45:15,084 [INFO ] pool-3-thread-1 TS_METRICS - GPUMemoryUsed.Megabytes:127.0|#Level:Host,DeviceId:0|#hostname:amin-GF63-Thin-9SCXR,timestamp:1745581515
2025-04-25T18:45:15,084 [INFO ] pool-3-thread-1 TS_METRICS - GPUUtilization.Percent:0.0|#Level:Host,DeviceId:0|#hostname:amin-GF63-Thin-9SCXR,timestamp:1745581515
2025-04-25T18:45:15,084 [INFO ] pool-3-thread-1 TS_METRICS - MemoryAvailable.Megabytes:8808.328125|#Level:Host|#hostname:amin-GF63-Thin-9SCXR,timestamp:1745581515
2025-04-25T18:45:15,084 [INFO ] pool-3-thread-1 TS_METRICS - MemoryUsed.Megabytes:5809.03125|#Level:Host|#hostname:amin-GF63-Thin-9SCXR,timestamp:1745581515
2025-04-25T18:45:15,084 [INFO ] pool-3-thread-1 TS_METRICS - MemoryUtilization.Percent:44.4|#Level:Host|#hostname:amin-GF63-Thin-9SCXR,timestamp:1745581515
2025-04-25T18:46:14,904 [WARN ] pool-3-thread-1 org.pytorch.serve.metrics.MetricCollector - Parse metrics failed: NumExpr defaulting to 8 threads.
2025-04-25T18:46:14,904 [WARN ] pool-3-thread-1 org.pytorch.serve.metrics.MetricCollector - Parse metrics failed: NumExpr defaulting to 8 threads.
2025-04-25T18:46:15,085 [INFO ] pool-3-thread-1 TS_METRICS - CPUUtilization.Percent:0.0|#Level:Host|#hostname:amin-GF63-Thin-9SCXR,timestamp:1745581575
2025-04-25T18:46:15,085 [INFO ] pool-3-thread-1 TS_METRICS - DiskAvailable.Gigabytes:0.23702239990234375|#Level:Host|#hostname:amin-GF63-Thin-9SCXR,timestamp:1745581575
2025-04-25T18:46:15,085 [INFO ] pool-3-thread-1 TS_METRICS - DiskUsage.Gigabytes:95.99604034423828|#Level:Host|#hostname:amin-GF63-Thin-9SCXR,timestamp:1745581575
2025-04-25T18:46:15,085 [INFO ] pool-3-thread-1 TS_METRICS - DiskUtilization.Percent:99.8|#Level:Host|#hostname:amin-GF63-Thin-9SCXR,timestamp:1745581575
2025-04-25T18:46:15,085 [INFO ] pool-3-thread-1 TS_METRICS - GPUMemoryUtilization.Percent:3.1005859375|#Level:Host,DeviceId:0|#hostname:amin-GF63-Thin-9SCXR,timestamp:1745581575
2025-04-25T18:46:15,085 [INFO ] pool-3-thread-1 TS_METRICS - GPUMemoryUsed.Megabytes:127.0|#Level:Host,DeviceId:0|#hostname:amin-GF63-Thin-9SCXR,timestamp:1745581575
2025-04-25T18:46:15,085 [INFO ] pool-3-thread-1 TS_METRICS - GPUUtilization.Percent:0.0|#Level:Host,DeviceId:0|#hostname:amin-GF63-Thin-9SCXR,timestamp:1745581575
2025-04-25T18:46:15,085 [INFO ] pool-3-thread-1 TS_METRICS - MemoryAvailable.Megabytes:8769.25|#Level:Host|#hostname:amin-GF63-Thin-9SCXR,timestamp:1745581575
2025-04-25T18:46:15,085 [INFO ] pool-3-thread-1 TS_METRICS - MemoryUsed.Megabytes:5847.984375|#Level:Host|#hostname:amin-GF63-Thin-9SCXR,timestamp:1745581575
2025-04-25T18:46:15,085 [INFO ] pool-3-thread-1 TS_METRICS - MemoryUtilization.Percent:44.6|#Level:Host|#hostname:amin-GF63-Thin-9SCXR,timestamp:1745581575
2025-04-25T18:47:14,914 [WARN ] pool-3-thread-1 org.pytorch.serve.metrics.MetricCollector - Parse metrics failed: NumExpr defaulting to 8 threads.
2025-04-25T18:47:14,914 [WARN ] pool-3-thread-1 org.pytorch.serve.metrics.MetricCollector - Parse metrics failed: NumExpr defaulting to 8 threads.
2025-04-25T18:47:15,108 [INFO ] pool-3-thread-1 TS_METRICS - CPUUtilization.Percent:50.0|#Level:Host|#hostname:amin-GF63-Thin-9SCXR,timestamp:1745581635
2025-04-25T18:47:15,109 [INFO ] pool-3-thread-1 TS_METRICS - DiskAvailable.Gigabytes:0.23696517944335938|#Level:Host|#hostname:amin-GF63-Thin-9SCXR,timestamp:1745581635
2025-04-25T18:47:15,109 [INFO ] pool-3-thread-1 TS_METRICS - DiskUsage.Gigabytes:95.99609756469727|#Level:Host|#hostname:amin-GF63-Thin-9SCXR,timestamp:1745581635
2025-04-25T18:47:15,109 [INFO ] pool-3-thread-1 TS_METRICS - DiskUtilization.Percent:99.8|#Level:Host|#hostname:amin-GF63-Thin-9SCXR,timestamp:1745581635
2025-04-25T18:47:15,109 [INFO ] pool-3-thread-1 TS_METRICS - GPUMemoryUtilization.Percent:3.1005859375|#Level:Host,DeviceId:0|#hostname:amin-GF63-Thin-9SCXR,timestamp:1745581635
2025-04-25T18:47:15,110 [INFO ] pool-3-thread-1 TS_METRICS - GPUMemoryUsed.Megabytes:127.0|#Level:Host,DeviceId:0|#hostname:amin-GF63-Thin-9SCXR,timestamp:1745581635
2025-04-25T18:47:15,110 [INFO ] pool-3-thread-1 TS_METRICS - GPUUtilization.Percent:0.0|#Level:Host,DeviceId:0|#hostname:amin-GF63-Thin-9SCXR,timestamp:1745581635
2025-04-25T18:47:15,110 [INFO ] pool-3-thread-1 TS_METRICS - MemoryAvailable.Megabytes:8796.75390625|#Level:Host|#hostname:amin-GF63-Thin-9SCXR,timestamp:1745581635
2025-04-25T18:47:15,110 [INFO ] pool-3-thread-1 TS_METRICS - MemoryUsed.Megabytes:5817.5390625|#Level:Host|#hostname:amin-GF63-Thin-9SCXR,timestamp:1745581635
2025-04-25T18:47:15,110 [INFO ] pool-3-thread-1 TS_METRICS - MemoryUtilization.Percent:44.4|#Level:Host|#hostname:amin-GF63-Thin-9SCXR,timestamp:1745581635
2025-04-25T18:48:14,830 [WARN ] pool-3-thread-1 org.pytorch.serve.metrics.MetricCollector - Parse metrics failed: NumExpr defaulting to 8 threads.
2025-04-25T18:48:14,830 [WARN ] pool-3-thread-1 org.pytorch.serve.metrics.MetricCollector - Parse metrics failed: NumExpr defaulting to 8 threads.
2025-04-25T18:48:15,023 [INFO ] pool-3-thread-1 TS_METRICS - CPUUtilization.Percent:0.0|#Level:Host|#hostname:amin-GF63-Thin-9SCXR,timestamp:1745581695
2025-04-25T18:48:15,023 [INFO ] pool-3-thread-1 TS_METRICS - DiskAvailable.Gigabytes:0.23683929443359375|#Level:Host|#hostname:amin-GF63-Thin-9SCXR,timestamp:1745581695
2025-04-25T18:48:15,023 [INFO ] pool-3-thread-1 TS_METRICS - DiskUsage.Gigabytes:95.99622344970703|#Level:Host|#hostname:amin-GF63-Thin-9SCXR,timestamp:1745581695
2025-04-25T18:48:15,023 [INFO ] pool-3-thread-1 TS_METRICS - DiskUtilization.Percent:99.8|#Level:Host|#hostname:amin-GF63-Thin-9SCXR,timestamp:1745581695
2025-04-25T18:48:15,023 [INFO ] pool-3-thread-1 TS_METRICS - GPUMemoryUtilization.Percent:3.1005859375|#Level:Host,DeviceId:0|#hostname:amin-GF63-Thin-9SCXR,timestamp:1745581695
2025-04-25T18:48:15,023 [INFO ] pool-3-thread-1 TS_METRICS - GPUMemoryUsed.Megabytes:127.0|#Level:Host,DeviceId:0|#hostname:amin-GF63-Thin-9SCXR,timestamp:1745581695
2025-04-25T18:48:15,023 [INFO ] pool-3-thread-1 TS_METRICS - GPUUtilization.Percent:0.0|#Level:Host,DeviceId:0|#hostname:amin-GF63-Thin-9SCXR,timestamp:1745581695
2025-04-25T18:48:15,023 [INFO ] pool-3-thread-1 TS_METRICS - MemoryAvailable.Megabytes:8553.52734375|#Level:Host|#hostname:amin-GF63-Thin-9SCXR,timestamp:1745581695
2025-04-25T18:48:15,023 [INFO ] pool-3-thread-1 TS_METRICS - MemoryUsed.Megabytes:6070.3125|#Level:Host|#hostname:amin-GF63-Thin-9SCXR,timestamp:1745581695
2025-04-25T18:48:15,023 [INFO ] pool-3-thread-1 TS_METRICS - MemoryUtilization.Percent:46.0|#Level:Host|#hostname:amin-GF63-Thin-9SCXR,timestamp:1745581695
2025-04-25T18:49:14,909 [WARN ] pool-3-thread-1 org.pytorch.serve.metrics.MetricCollector - Parse metrics failed: NumExpr defaulting to 8 threads.
2025-04-25T18:49:14,909 [WARN ] pool-3-thread-1 org.pytorch.serve.metrics.MetricCollector - Parse metrics failed: NumExpr defaulting to 8 threads.
2025-04-25T18:49:15,094 [INFO ] pool-3-thread-1 TS_METRICS - CPUUtilization.Percent:0.0|#Level:Host|#hostname:amin-GF63-Thin-9SCXR,timestamp:1745581755
2025-04-25T18:49:15,095 [INFO ] pool-3-thread-1 TS_METRICS - DiskAvailable.Gigabytes:0.23679351806640625|#Level:Host|#hostname:amin-GF63-Thin-9SCXR,timestamp:1745581755
2025-04-25T18:49:15,095 [INFO ] pool-3-thread-1 TS_METRICS - DiskUsage.Gigabytes:95.99626922607422|#Level:Host|#hostname:amin-GF63-Thin-9SCXR,timestamp:1745581755
2025-04-25T18:49:15,095 [INFO ] pool-3-thread-1 TS_METRICS - DiskUtilization.Percent:99.8|#Level:Host|#hostname:amin-GF63-Thin-9SCXR,timestamp:1745581755
2025-04-25T18:49:15,095 [INFO ] pool-3-thread-1 TS_METRICS - GPUMemoryUtilization.Percent:3.1005859375|#Level:Host,DeviceId:0|#hostname:amin-GF63-Thin-9SCXR,timestamp:1745581755
2025-04-25T18:49:15,095 [INFO ] pool-3-thread-1 TS_METRICS - GPUMemoryUsed.Megabytes:127.0|#Level:Host,DeviceId:0|#hostname:amin-GF63-Thin-9SCXR,timestamp:1745581755
2025-04-25T18:49:15,095 [INFO ] pool-3-thread-1 TS_METRICS - GPUUtilization.Percent:0.0|#Level:Host,DeviceId:0|#hostname:amin-GF63-Thin-9SCXR,timestamp:1745581755
2025-04-25T18:49:15,095 [INFO ] pool-3-thread-1 TS_METRICS - MemoryAvailable.Megabytes:8666.671875|#Level:Host|#hostname:amin-GF63-Thin-9SCXR,timestamp:1745581755
2025-04-25T18:49:15,095 [INFO ] pool-3-thread-1 TS_METRICS - MemoryUsed.Megabytes:5901.46484375|#Level:Host|#hostname:amin-GF63-Thin-9SCXR,timestamp:1745581755
2025-04-25T18:49:15,095 [INFO ] pool-3-thread-1 TS_METRICS - MemoryUtilization.Percent:45.3|#Level:Host|#hostname:amin-GF63-Thin-9SCXR,timestamp:1745581755
2025-04-25T18:50:14,909 [WARN ] pool-3-thread-2 org.pytorch.serve.metrics.MetricCollector - Parse metrics failed: NumExpr defaulting to 8 threads.
2025-04-25T18:50:14,909 [WARN ] pool-3-thread-2 org.pytorch.serve.metrics.MetricCollector - Parse metrics failed: NumExpr defaulting to 8 threads.
2025-04-25T18:50:15,087 [INFO ] pool-3-thread-2 TS_METRICS - CPUUtilization.Percent:0.0|#Level:Host|#hostname:amin-GF63-Thin-9SCXR,timestamp:1745581815
2025-04-25T18:50:15,087 [INFO ] pool-3-thread-2 TS_METRICS - DiskAvailable.Gigabytes:0.23674392700195312|#Level:Host|#hostname:amin-GF63-Thin-9SCXR,timestamp:1745581815
2025-04-25T18:50:15,087 [INFO ] pool-3-thread-2 TS_METRICS - DiskUsage.Gigabytes:95.99631881713867|#Level:Host|#hostname:amin-GF63-Thin-9SCXR,timestamp:1745581815
2025-04-25T18:50:15,087 [INFO ] pool-3-thread-2 TS_METRICS - DiskUtilization.Percent:99.8|#Level:Host|#hostname:amin-GF63-Thin-9SCXR,timestamp:1745581815
2025-04-25T18:50:15,087 [INFO ] pool-3-thread-2 TS_METRICS - GPUMemoryUtilization.Percent:3.1005859375|#Level:Host,DeviceId:0|#hostname:amin-GF63-Thin-9SCXR,timestamp:1745581815
2025-04-25T18:50:15,087 [INFO ] pool-3-thread-2 TS_METRICS - GPUMemoryUsed.Megabytes:127.0|#Level:Host,DeviceId:0|#hostname:amin-GF63-Thin-9SCXR,timestamp:1745581815
2025-04-25T18:50:15,088 [INFO ] pool-3-thread-2 TS_METRICS - GPUUtilization.Percent:0.0|#Level:Host,DeviceId:0|#hostname:amin-GF63-Thin-9SCXR,timestamp:1745581815
2025-04-25T18:50:15,088 [INFO ] pool-3-thread-2 TS_METRICS - MemoryAvailable.Megabytes:8725.7421875|#Level:Host|#hostname:amin-GF63-Thin-9SCXR,timestamp:1745581815
2025-04-25T18:50:15,088 [INFO ] pool-3-thread-2 TS_METRICS - MemoryUsed.Megabytes:5880.44140625|#Level:Host|#hostname:amin-GF63-Thin-9SCXR,timestamp:1745581815
2025-04-25T18:50:15,088 [INFO ] pool-3-thread-2 TS_METRICS - MemoryUtilization.Percent:44.9|#Level:Host|#hostname:amin-GF63-Thin-9SCXR,timestamp:1745581815
2025-04-25T18:51:14,918 [WARN ] pool-3-thread-2 org.pytorch.serve.metrics.MetricCollector - Parse metrics failed: NumExpr defaulting to 8 threads.
2025-04-25T18:51:14,918 [WARN ] pool-3-thread-2 org.pytorch.serve.metrics.MetricCollector - Parse metrics failed: NumExpr defaulting to 8 threads.
2025-04-25T18:51:15,097 [INFO ] pool-3-thread-2 TS_METRICS - CPUUtilization.Percent:0.0|#Level:Host|#hostname:amin-GF63-Thin-9SCXR,timestamp:1745581875
2025-04-25T18:51:15,097 [INFO ] pool-3-thread-2 TS_METRICS - DiskAvailable.Gigabytes:0.23647308349609375|#Level:Host|#hostname:amin-GF63-Thin-9SCXR,timestamp:1745581875
2025-04-25T18:51:15,097 [INFO ] pool-3-thread-2 TS_METRICS - DiskUsage.Gigabytes:95.99658966064453|#Level:Host|#hostname:amin-GF63-Thin-9SCXR,timestamp:1745581875
2025-04-25T18:51:15,097 [INFO ] pool-3-thread-2 TS_METRICS - DiskUtilization.Percent:99.8|#Level:Host|#hostname:amin-GF63-Thin-9SCXR,timestamp:1745581875
2025-04-25T18:51:15,097 [INFO ] pool-3-thread-2 TS_METRICS - GPUMemoryUtilization.Percent:3.1005859375|#Level:Host,DeviceId:0|#hostname:amin-GF63-Thin-9SCXR,timestamp:1745581875
2025-04-25T18:51:15,097 [INFO ] pool-3-thread-2 TS_METRICS - GPUMemoryUsed.Megabytes:127.0|#Level:Host,DeviceId:0|#hostname:amin-GF63-Thin-9SCXR,timestamp:1745581875
2025-04-25T18:51:15,097 [INFO ] pool-3-thread-2 TS_METRICS - GPUUtilization.Percent:0.0|#Level:Host,DeviceId:0|#hostname:amin-GF63-Thin-9SCXR,timestamp:1745581875
2025-04-25T18:51:15,097 [INFO ] pool-3-thread-2 TS_METRICS - MemoryAvailable.Megabytes:8595.28125|#Level:Host|#hostname:amin-GF63-Thin-9SCXR,timestamp:1745581875
2025-04-25T18:51:15,097 [INFO ] pool-3-thread-2 TS_METRICS - MemoryUsed.Megabytes:5973.41015625|#Level:Host|#hostname:amin-GF63-Thin-9SCXR,timestamp:1745581875
2025-04-25T18:51:15,097 [INFO ] pool-3-thread-2 TS_METRICS - MemoryUtilization.Percent:45.7|#Level:Host|#hostname:amin-GF63-Thin-9SCXR,timestamp:1745581875
2025-04-25T18:52:14,904 [WARN ] pool-3-thread-2 org.pytorch.serve.metrics.MetricCollector - Parse metrics failed: NumExpr defaulting to 8 threads.
2025-04-25T18:52:14,904 [WARN ] pool-3-thread-2 org.pytorch.serve.metrics.MetricCollector - Parse metrics failed: NumExpr defaulting to 8 threads.
2025-04-25T18:52:15,083 [INFO ] pool-3-thread-2 TS_METRICS - CPUUtilization.Percent:0.0|#Level:Host|#hostname:amin-GF63-Thin-9SCXR,timestamp:1745581935
2025-04-25T18:52:15,084 [INFO ] pool-3-thread-2 TS_METRICS - DiskAvailable.Gigabytes:0.23898696899414062|#Level:Host|#hostname:amin-GF63-Thin-9SCXR,timestamp:1745581935
2025-04-25T18:52:15,084 [INFO ] pool-3-thread-2 TS_METRICS - DiskUsage.Gigabytes:95.99407577514648|#Level:Host|#hostname:amin-GF63-Thin-9SCXR,timestamp:1745581935
2025-04-25T18:52:15,084 [INFO ] pool-3-thread-2 TS_METRICS - DiskUtilization.Percent:99.8|#Level:Host|#hostname:amin-GF63-Thin-9SCXR,timestamp:1745581935
2025-04-25T18:52:15,084 [INFO ] pool-3-thread-2 TS_METRICS - GPUMemoryUtilization.Percent:3.1005859375|#Level:Host,DeviceId:0|#hostname:amin-GF63-Thin-9SCXR,timestamp:1745581935
2025-04-25T18:52:15,084 [INFO ] pool-3-thread-2 TS_METRICS - GPUMemoryUsed.Megabytes:127.0|#Level:Host,DeviceId:0|#hostname:amin-GF63-Thin-9SCXR,timestamp:1745581935
2025-04-25T18:52:15,084 [INFO ] pool-3-thread-2 TS_METRICS - GPUUtilization.Percent:0.0|#Level:Host,DeviceId:0|#hostname:amin-GF63-Thin-9SCXR,timestamp:1745581935
2025-04-25T18:52:15,084 [INFO ] pool-3-thread-2 TS_METRICS - MemoryAvailable.Megabytes:8682.21875|#Level:Host|#hostname:amin-GF63-Thin-9SCXR,timestamp:1745581935
2025-04-25T18:52:15,084 [INFO ] pool-3-thread-2 TS_METRICS - MemoryUsed.Megabytes:5928.69921875|#Level:Host|#hostname:amin-GF63-Thin-9SCXR,timestamp:1745581935
2025-04-25T18:52:15,084 [INFO ] pool-3-thread-2 TS_METRICS - MemoryUtilization.Percent:45.2|#Level:Host|#hostname:amin-GF63-Thin-9SCXR,timestamp:1745581935
2025-04-25T18:53:14,835 [WARN ] pool-3-thread-2 org.pytorch.serve.metrics.MetricCollector - Parse metrics failed: NumExpr defaulting to 8 threads.
2025-04-25T18:53:14,835 [WARN ] pool-3-thread-2 org.pytorch.serve.metrics.MetricCollector - Parse metrics failed: NumExpr defaulting to 8 threads.
2025-04-25T18:53:15,028 [INFO ] pool-3-thread-2 TS_METRICS - CPUUtilization.Percent:0.0|#Level:Host|#hostname:amin-GF63-Thin-9SCXR,timestamp:1745581995
2025-04-25T18:53:15,029 [INFO ] pool-3-thread-2 TS_METRICS - DiskAvailable.Gigabytes:0.23894882202148438|#Level:Host|#hostname:amin-GF63-Thin-9SCXR,timestamp:1745581995
2025-04-25T18:53:15,029 [INFO ] pool-3-thread-2 TS_METRICS - DiskUsage.Gigabytes:95.99411392211914|#Level:Host|#hostname:amin-GF63-Thin-9SCXR,timestamp:1745581995
2025-04-25T18:53:15,029 [INFO ] pool-3-thread-2 TS_METRICS - DiskUtilization.Percent:99.8|#Level:Host|#hostname:amin-GF63-Thin-9SCXR,timestamp:1745581995
2025-04-25T18:53:15,029 [INFO ] pool-3-thread-2 TS_METRICS - GPUMemoryUtilization.Percent:3.1005859375|#Level:Host,DeviceId:0|#hostname:amin-GF63-Thin-9SCXR,timestamp:1745581995
2025-04-25T18:53:15,029 [INFO ] pool-3-thread-2 TS_METRICS - GPUMemoryUsed.Megabytes:127.0|#Level:Host,DeviceId:0|#hostname:amin-GF63-Thin-9SCXR,timestamp:1745581995
2025-04-25T18:53:15,029 [INFO ] pool-3-thread-2 TS_METRICS - GPUUtilization.Percent:0.0|#Level:Host,DeviceId:0|#hostname:amin-GF63-Thin-9SCXR,timestamp:1745581995
2025-04-25T18:53:15,029 [INFO ] pool-3-thread-2 TS_METRICS - MemoryAvailable.Megabytes:8554.78515625|#Level:Host|#hostname:amin-GF63-Thin-9SCXR,timestamp:1745581995
2025-04-25T18:53:15,029 [INFO ] pool-3-thread-2 TS_METRICS - MemoryUsed.Megabytes:6033.26171875|#Level:Host|#hostname:amin-GF63-Thin-9SCXR,timestamp:1745581995
2025-04-25T18:53:15,029 [INFO ] pool-3-thread-2 TS_METRICS - MemoryUtilization.Percent:46.0|#Level:Host|#hostname:amin-GF63-Thin-9SCXR,timestamp:1745581995
2025-04-25T18:54:14,963 [WARN ] pool-3-thread-2 org.pytorch.serve.metrics.MetricCollector - Parse metrics failed: NumExpr defaulting to 8 threads.
2025-04-25T18:54:14,963 [WARN ] pool-3-thread-2 org.pytorch.serve.metrics.MetricCollector - Parse metrics failed: NumExpr defaulting to 8 threads.
2025-04-25T18:54:15,142 [INFO ] pool-3-thread-2 TS_METRICS - CPUUtilization.Percent:0.0|#Level:Host|#hostname:amin-GF63-Thin-9SCXR,timestamp:1745582055
2025-04-25T18:54:15,143 [INFO ] pool-3-thread-2 TS_METRICS - DiskAvailable.Gigabytes:0.23895263671875|#Level:Host|#hostname:amin-GF63-Thin-9SCXR,timestamp:1745582055
2025-04-25T18:54:15,143 [INFO ] pool-3-thread-2 TS_METRICS - DiskUsage.Gigabytes:95.99411010742188|#Level:Host|#hostname:amin-GF63-Thin-9SCXR,timestamp:1745582055
2025-04-25T18:54:15,143 [INFO ] pool-3-thread-2 TS_METRICS - DiskUtilization.Percent:99.8|#Level:Host|#hostname:amin-GF63-Thin-9SCXR,timestamp:1745582055
2025-04-25T18:54:15,143 [INFO ] pool-3-thread-2 TS_METRICS - GPUMemoryUtilization.Percent:3.1005859375|#Level:Host,DeviceId:0|#hostname:amin-GF63-Thin-9SCXR,timestamp:1745582055
2025-04-25T18:54:15,143 [INFO ] pool-3-thread-2 TS_METRICS - GPUMemoryUsed.Megabytes:127.0|#Level:Host,DeviceId:0|#hostname:amin-GF63-Thin-9SCXR,timestamp:1745582055
2025-04-25T18:54:15,143 [INFO ] pool-3-thread-2 TS_METRICS - GPUUtilization.Percent:0.0|#Level:Host,DeviceId:0|#hostname:amin-GF63-Thin-9SCXR,timestamp:1745582055
2025-04-25T18:54:15,143 [INFO ] pool-3-thread-2 TS_METRICS - MemoryAvailable.Megabytes:8599.14453125|#Level:Host|#hostname:amin-GF63-Thin-9SCXR,timestamp:1745582055
2025-04-25T18:54:15,143 [INFO ] pool-3-thread-2 TS_METRICS - MemoryUsed.Megabytes:5962.69921875|#Level:Host|#hostname:amin-GF63-Thin-9SCXR,timestamp:1745582055
2025-04-25T18:54:15,143 [INFO ] pool-3-thread-2 TS_METRICS - MemoryUtilization.Percent:45.7|#Level:Host|#hostname:amin-GF63-Thin-9SCXR,timestamp:1745582055
2025-04-25T18:55:14,840 [WARN ] pool-3-thread-2 org.pytorch.serve.metrics.MetricCollector - Parse metrics failed: NumExpr defaulting to 8 threads.
2025-04-25T18:55:14,840 [WARN ] pool-3-thread-2 org.pytorch.serve.metrics.MetricCollector - Parse metrics failed: NumExpr defaulting to 8 threads.
2025-04-25T18:55:15,018 [INFO ] pool-3-thread-2 TS_METRICS - CPUUtilization.Percent:0.0|#Level:Host|#hostname:amin-GF63-Thin-9SCXR,timestamp:1745582115
2025-04-25T18:55:15,018 [INFO ] pool-3-thread-2 TS_METRICS - DiskAvailable.Gigabytes:0.2505950927734375|#Level:Host|#hostname:amin-GF63-Thin-9SCXR,timestamp:1745582115
2025-04-25T18:55:15,018 [INFO ] pool-3-thread-2 TS_METRICS - DiskUsage.Gigabytes:95.98249053955078|#Level:Host|#hostname:amin-GF63-Thin-9SCXR,timestamp:1745582115
2025-04-25T18:55:15,018 [INFO ] pool-3-thread-2 TS_METRICS - DiskUtilization.Percent:99.7|#Level:Host|#hostname:amin-GF63-Thin-9SCXR,timestamp:1745582115
2025-04-25T18:55:15,018 [INFO ] pool-3-thread-2 TS_METRICS - GPUMemoryUtilization.Percent:3.1005859375|#Level:Host,DeviceId:0|#hostname:amin-GF63-Thin-9SCXR,timestamp:1745582115
2025-04-25T18:55:15,018 [INFO ] pool-3-thread-2 TS_METRICS - GPUMemoryUsed.Megabytes:127.0|#Level:Host,DeviceId:0|#hostname:amin-GF63-Thin-9SCXR,timestamp:1745582115
2025-04-25T18:55:15,018 [INFO ] pool-3-thread-2 TS_METRICS - GPUUtilization.Percent:0.0|#Level:Host,DeviceId:0|#hostname:amin-GF63-Thin-9SCXR,timestamp:1745582115
2025-04-25T18:55:15,018 [INFO ] pool-3-thread-2 TS_METRICS - MemoryAvailable.Megabytes:12965.76171875|#Level:Host|#hostname:amin-GF63-Thin-9SCXR,timestamp:1745582115
2025-04-25T18:55:15,018 [INFO ] pool-3-thread-2 TS_METRICS - MemoryUsed.Megabytes:2133.76953125|#Level:Host|#hostname:amin-GF63-Thin-9SCXR,timestamp:1745582115
2025-04-25T18:55:15,018 [INFO ] pool-3-thread-2 TS_METRICS - MemoryUtilization.Percent:18.1|#Level:Host|#hostname:amin-GF63-Thin-9SCXR,timestamp:1745582115
2025-04-25T20:05:30,770 [DEBUG] main org.pytorch.serve.util.ConfigManager - xpu-smi not available or failed: Cannot run program "xpu-smi": error=2, No such file or directory
2025-04-25T20:05:30,770 [DEBUG] main org.pytorch.serve.util.ConfigManager - xpu-smi not available or failed: Cannot run program "xpu-smi": error=2, No such file or directory
2025-04-25T20:05:30,776 [WARN ] main org.pytorch.serve.util.ConfigManager - Your torchserve instance can access any URL to load models. When deploying to production, make sure to limit the set of allowed_urls in config.properties
2025-04-25T20:05:30,776 [WARN ] main org.pytorch.serve.util.ConfigManager - Your torchserve instance can access any URL to load models. When deploying to production, make sure to limit the set of allowed_urls in config.properties
2025-04-25T20:05:30,801 [INFO ] main org.pytorch.serve.servingsdk.impl.PluginsManager - Initializing plugins manager...
2025-04-25T20:05:30,801 [INFO ] main org.pytorch.serve.servingsdk.impl.PluginsManager - Initializing plugins manager...
2025-04-25T20:05:30,868 [INFO ] main org.pytorch.serve.metrics.configuration.MetricConfiguration - Successfully loaded metrics configuration from /home/amin/miniconda3/envs/deep-learning/lib/python3.9/site-packages/ts/configs/metrics.yaml
2025-04-25T20:05:30,868 [INFO ] main org.pytorch.serve.metrics.configuration.MetricConfiguration - Successfully loaded metrics configuration from /home/amin/miniconda3/envs/deep-learning/lib/python3.9/site-packages/ts/configs/metrics.yaml
2025-04-25T20:05:30,965 [INFO ] main org.pytorch.serve.ModelServer - 
Torchserve version: 0.12.0
TS Home: /home/amin/miniconda3/envs/deep-learning/lib/python3.9/site-packages
Current directory: /home/amin/PycharmProjects/PythonProject/Cifar10Classification
Temp directory: /tmp
Metrics config path: /home/amin/miniconda3/envs/deep-learning/lib/python3.9/site-packages/ts/configs/metrics.yaml
Number of GPUs: 1
Number of CPUs: 8
Max heap size: 3960 M
Python executable: /home/amin/miniconda3/envs/deep-learning/bin/python
Config file: config.properties
Inference address: http://127.0.0.1:8080
Management address: http://127.0.0.1:8081
Metrics address: http://127.0.0.1:8082
Model Store: /home/amin/PycharmProjects/PythonProject/Cifar10Classification/model-store
Initial Models: cifar10.mar
Log dir: /home/amin/PycharmProjects/PythonProject/Cifar10Classification/logs
Metrics dir: /home/amin/PycharmProjects/PythonProject/Cifar10Classification/logs
Netty threads: 4
Netty client threads: 0
Default workers per model: 1
Blacklist Regex: N/A
Maximum Response Size: 6553500
Maximum Request Size: 6553500
Limit Maximum Image Pixels: true
Prefer direct buffer: false
Allowed Urls: [file://.*|http(s)?://.*]
Custom python dependency for model allowed: false
Enable metrics API: true
Metrics mode: LOG
Disable system metrics: false
Workflow Store: /home/amin/PycharmProjects/PythonProject/Cifar10Classification/model-store
CPP log config: N/A
Model config: N/A
System metrics command: default
Model API enabled: false
2025-04-25T20:05:30,965 [INFO ] main org.pytorch.serve.ModelServer - 
Torchserve version: 0.12.0
TS Home: /home/amin/miniconda3/envs/deep-learning/lib/python3.9/site-packages
Current directory: /home/amin/PycharmProjects/PythonProject/Cifar10Classification
Temp directory: /tmp
Metrics config path: /home/amin/miniconda3/envs/deep-learning/lib/python3.9/site-packages/ts/configs/metrics.yaml
Number of GPUs: 1
Number of CPUs: 8
Max heap size: 3960 M
Python executable: /home/amin/miniconda3/envs/deep-learning/bin/python
Config file: config.properties
Inference address: http://127.0.0.1:8080
Management address: http://127.0.0.1:8081
Metrics address: http://127.0.0.1:8082
Model Store: /home/amin/PycharmProjects/PythonProject/Cifar10Classification/model-store
Initial Models: cifar10.mar
Log dir: /home/amin/PycharmProjects/PythonProject/Cifar10Classification/logs
Metrics dir: /home/amin/PycharmProjects/PythonProject/Cifar10Classification/logs
Netty threads: 4
Netty client threads: 0
Default workers per model: 1
Blacklist Regex: N/A
Maximum Response Size: 6553500
Maximum Request Size: 6553500
Limit Maximum Image Pixels: true
Prefer direct buffer: false
Allowed Urls: [file://.*|http(s)?://.*]
Custom python dependency for model allowed: false
Enable metrics API: true
Metrics mode: LOG
Disable system metrics: false
Workflow Store: /home/amin/PycharmProjects/PythonProject/Cifar10Classification/model-store
CPP log config: N/A
Model config: N/A
System metrics command: default
Model API enabled: false
2025-04-25T20:05:30,977 [INFO ] main org.pytorch.serve.servingsdk.impl.PluginsManager -  Loading snapshot serializer plugin...
2025-04-25T20:05:30,977 [INFO ] main org.pytorch.serve.servingsdk.impl.PluginsManager -  Loading snapshot serializer plugin...
2025-04-25T20:05:31,002 [INFO ] main org.pytorch.serve.ModelServer - Loading initial models: cifar10.mar
2025-04-25T20:05:31,002 [INFO ] main org.pytorch.serve.ModelServer - Loading initial models: cifar10.mar
2025-04-25T20:05:31,170 [DEBUG] main org.pytorch.serve.wlm.ModelVersionedRefs - Adding new version 1.0 for model cifar10
2025-04-25T20:05:31,170 [DEBUG] main org.pytorch.serve.wlm.ModelVersionedRefs - Adding new version 1.0 for model cifar10
2025-04-25T20:05:31,171 [DEBUG] main org.pytorch.serve.wlm.ModelVersionedRefs - Setting default version to 1.0 for model cifar10
2025-04-25T20:05:31,171 [DEBUG] main org.pytorch.serve.wlm.ModelVersionedRefs - Setting default version to 1.0 for model cifar10
2025-04-25T20:05:31,171 [INFO ] main org.pytorch.serve.wlm.ModelManager - Model cifar10 loaded.
2025-04-25T20:05:31,171 [INFO ] main org.pytorch.serve.wlm.ModelManager - Model cifar10 loaded.
2025-04-25T20:05:31,171 [DEBUG] main org.pytorch.serve.wlm.ModelManager - updateModel: cifar10, count: 1
2025-04-25T20:05:31,171 [DEBUG] main org.pytorch.serve.wlm.ModelManager - updateModel: cifar10, count: 1
2025-04-25T20:05:31,181 [DEBUG] W-9000-cifar10_1.0 org.pytorch.serve.wlm.WorkerLifeCycle - Worker cmdline: [/home/amin/miniconda3/envs/deep-learning/bin/python, /home/amin/miniconda3/envs/deep-learning/lib/python3.9/site-packages/ts/model_service_worker.py, --sock-type, unix, --sock-name, /tmp/.ts.sock.9000, --metrics-config, /home/amin/miniconda3/envs/deep-learning/lib/python3.9/site-packages/ts/configs/metrics.yaml]
2025-04-25T20:05:31,181 [DEBUG] W-9000-cifar10_1.0 org.pytorch.serve.wlm.WorkerLifeCycle - Worker cmdline: [/home/amin/miniconda3/envs/deep-learning/bin/python, /home/amin/miniconda3/envs/deep-learning/lib/python3.9/site-packages/ts/model_service_worker.py, --sock-type, unix, --sock-name, /tmp/.ts.sock.9000, --metrics-config, /home/amin/miniconda3/envs/deep-learning/lib/python3.9/site-packages/ts/configs/metrics.yaml]
2025-04-25T20:05:31,184 [INFO ] main org.pytorch.serve.ModelServer - Initialize Inference server with: EpollServerSocketChannel.
2025-04-25T20:05:31,184 [INFO ] main org.pytorch.serve.ModelServer - Initialize Inference server with: EpollServerSocketChannel.
2025-04-25T20:05:31,248 [INFO ] main org.pytorch.serve.ModelServer - Inference API bind to: http://127.0.0.1:8080
2025-04-25T20:05:31,248 [INFO ] main org.pytorch.serve.ModelServer - Inference API bind to: http://127.0.0.1:8080
2025-04-25T20:05:31,249 [INFO ] main org.pytorch.serve.ModelServer - Initialize Management server with: EpollServerSocketChannel.
2025-04-25T20:05:31,249 [INFO ] main org.pytorch.serve.ModelServer - Initialize Management server with: EpollServerSocketChannel.
2025-04-25T20:05:31,250 [INFO ] main org.pytorch.serve.ModelServer - Management API bind to: http://127.0.0.1:8081
2025-04-25T20:05:31,250 [INFO ] main org.pytorch.serve.ModelServer - Management API bind to: http://127.0.0.1:8081
2025-04-25T20:05:31,250 [INFO ] main org.pytorch.serve.ModelServer - Initialize Metrics server with: EpollServerSocketChannel.
2025-04-25T20:05:31,250 [INFO ] main org.pytorch.serve.ModelServer - Initialize Metrics server with: EpollServerSocketChannel.
2025-04-25T20:05:31,251 [INFO ] main org.pytorch.serve.ModelServer - Metrics API bind to: http://127.0.0.1:8082
2025-04-25T20:05:31,251 [INFO ] main org.pytorch.serve.ModelServer - Metrics API bind to: http://127.0.0.1:8082
2025-04-25T20:05:31,498 [WARN ] pool-3-thread-1 org.pytorch.serve.metrics.MetricCollector - worker pid is not available yet.
2025-04-25T20:05:31,498 [WARN ] pool-3-thread-1 org.pytorch.serve.metrics.MetricCollector - worker pid is not available yet.
2025-04-25T20:05:32,062 [WARN ] pool-3-thread-1 org.pytorch.serve.metrics.MetricCollector - Parse metrics failed: NumExpr defaulting to 8 threads.
2025-04-25T20:05:32,062 [WARN ] pool-3-thread-1 org.pytorch.serve.metrics.MetricCollector - Parse metrics failed: NumExpr defaulting to 8 threads.
2025-04-25T20:05:32,467 [INFO ] pool-3-thread-1 TS_METRICS - CPUUtilization.Percent:0.0|#Level:Host|#hostname:amin-GF63-Thin-9SCXR,timestamp:1745586332
2025-04-25T20:05:32,468 [INFO ] pool-3-thread-1 TS_METRICS - DiskAvailable.Gigabytes:0.23738479614257812|#Level:Host|#hostname:amin-GF63-Thin-9SCXR,timestamp:1745586332
2025-04-25T20:05:32,468 [INFO ] pool-3-thread-1 TS_METRICS - DiskUsage.Gigabytes:95.99567794799805|#Level:Host|#hostname:amin-GF63-Thin-9SCXR,timestamp:1745586332
2025-04-25T20:05:32,468 [INFO ] pool-3-thread-1 TS_METRICS - DiskUtilization.Percent:99.8|#Level:Host|#hostname:amin-GF63-Thin-9SCXR,timestamp:1745586332
2025-04-25T20:05:32,469 [INFO ] pool-3-thread-1 TS_METRICS - GPUMemoryUtilization.Percent:0.1220703125|#Level:Host,DeviceId:0|#hostname:amin-GF63-Thin-9SCXR,timestamp:1745586332
2025-04-25T20:05:32,469 [INFO ] pool-3-thread-1 TS_METRICS - GPUMemoryUsed.Megabytes:5.0|#Level:Host,DeviceId:0|#hostname:amin-GF63-Thin-9SCXR,timestamp:1745586332
2025-04-25T20:05:32,469 [INFO ] pool-3-thread-1 TS_METRICS - GPUUtilization.Percent:0.0|#Level:Host,DeviceId:0|#hostname:amin-GF63-Thin-9SCXR,timestamp:1745586332
2025-04-25T20:05:32,469 [INFO ] pool-3-thread-1 TS_METRICS - MemoryAvailable.Megabytes:11241.24609375|#Level:Host|#hostname:amin-GF63-Thin-9SCXR,timestamp:1745586332
2025-04-25T20:05:32,469 [INFO ] pool-3-thread-1 TS_METRICS - MemoryUsed.Megabytes:3459.66015625|#Level:Host|#hostname:amin-GF63-Thin-9SCXR,timestamp:1745586332
2025-04-25T20:05:32,470 [INFO ] pool-3-thread-1 TS_METRICS - MemoryUtilization.Percent:29.0|#Level:Host|#hostname:amin-GF63-Thin-9SCXR,timestamp:1745586332
2025-04-25T20:05:33,274 [INFO ] W-9000-cifar10_1.0-stdout MODEL_LOG - s_name_part0=/tmp/.ts.sock, s_name_part1=9000, pid=7353
2025-04-25T20:05:33,274 [INFO ] W-9000-cifar10_1.0-stdout MODEL_LOG - Listening on port: /tmp/.ts.sock.9000
2025-04-25T20:05:33,283 [INFO ] W-9000-cifar10_1.0-stdout MODEL_LOG - Successfully loaded /home/amin/miniconda3/envs/deep-learning/lib/python3.9/site-packages/ts/configs/metrics.yaml.
2025-04-25T20:05:33,283 [INFO ] W-9000-cifar10_1.0-stdout MODEL_LOG - [PID]7353
2025-04-25T20:05:33,283 [INFO ] W-9000-cifar10_1.0-stdout MODEL_LOG - Torch worker started.
2025-04-25T20:05:33,283 [INFO ] W-9000-cifar10_1.0-stdout MODEL_LOG - Python runtime: 3.9.21
2025-04-25T20:05:33,284 [DEBUG] W-9000-cifar10_1.0 org.pytorch.serve.wlm.WorkerThread - W-9000-cifar10_1.0 State change null -> WORKER_STARTED
2025-04-25T20:05:33,284 [DEBUG] W-9000-cifar10_1.0 org.pytorch.serve.wlm.WorkerThread - W-9000-cifar10_1.0 State change null -> WORKER_STARTED
2025-04-25T20:05:33,287 [INFO ] W-9000-cifar10_1.0 org.pytorch.serve.wlm.WorkerThread - Connecting to: /tmp/.ts.sock.9000
2025-04-25T20:05:33,287 [INFO ] W-9000-cifar10_1.0 org.pytorch.serve.wlm.WorkerThread - Connecting to: /tmp/.ts.sock.9000
2025-04-25T20:05:33,292 [INFO ] W-9000-cifar10_1.0-stdout MODEL_LOG - Connection accepted: /tmp/.ts.sock.9000.
2025-04-25T20:05:33,294 [DEBUG] W-9000-cifar10_1.0 org.pytorch.serve.wlm.WorkerThread - Flushing req.cmd LOAD repeats 1 to backend at: 1745586333294
2025-04-25T20:05:33,294 [DEBUG] W-9000-cifar10_1.0 org.pytorch.serve.wlm.WorkerThread - Flushing req.cmd LOAD repeats 1 to backend at: 1745586333294
2025-04-25T20:05:33,296 [INFO ] W-9000-cifar10_1.0 org.pytorch.serve.wlm.WorkerThread - Looping backend response at: 1745586333296
2025-04-25T20:05:33,296 [INFO ] W-9000-cifar10_1.0 org.pytorch.serve.wlm.WorkerThread - Looping backend response at: 1745586333296
2025-04-25T20:05:33,317 [INFO ] W-9000-cifar10_1.0-stdout MODEL_LOG - model_name: cifar10, batchSize: 1
2025-04-25T20:05:33,521 [INFO ] W-9000-cifar10_1.0-stdout MODEL_LOG - OpenVINO is not enabled
2025-04-25T20:05:33,521 [INFO ] W-9000-cifar10_1.0-stdout MODEL_LOG - proceeding without onnxruntime
2025-04-25T20:05:33,521 [INFO ] W-9000-cifar10_1.0-stdout MODEL_LOG - Torch TensorRT not enabled
2025-04-25T20:05:33,643 [INFO ] W-9000-cifar10_1.0 org.pytorch.serve.wlm.WorkerThread - Backend response time: 347
2025-04-25T20:05:33,643 [INFO ] W-9000-cifar10_1.0 org.pytorch.serve.wlm.WorkerThread - Backend response time: 347
2025-04-25T20:05:33,643 [DEBUG] W-9000-cifar10_1.0 org.pytorch.serve.wlm.WorkerThread - W-9000-cifar10_1.0 State change WORKER_STARTED -> WORKER_MODEL_LOADED
2025-04-25T20:05:33,643 [DEBUG] W-9000-cifar10_1.0 org.pytorch.serve.wlm.WorkerThread - W-9000-cifar10_1.0 State change WORKER_STARTED -> WORKER_MODEL_LOADED
2025-04-25T20:05:33,643 [INFO ] W-9000-cifar10_1.0 TS_METRICS - WorkerLoadTime.Milliseconds:2465.0|#WorkerName:W-9000-cifar10_1.0,Level:Host|#hostname:amin-GF63-Thin-9SCXR,timestamp:1745586333
2025-04-25T20:05:33,643 [INFO ] W-9000-cifar10_1.0 TS_METRICS - WorkerThreadTime.Milliseconds:2.0|#Level:Host|#hostname:amin-GF63-Thin-9SCXR,timestamp:1745586333
2025-04-25T20:05:58,464 [INFO ] epollEventLoopGroup-3-1 TS_METRICS - ts_inference_requests_total.Count:1.0|#model_name:cifar10,model_version:default|#hostname:amin-GF63-Thin-9SCXR,timestamp:1745586358
2025-04-25T20:05:58,465 [DEBUG] W-9000-cifar10_1.0 org.pytorch.serve.wlm.WorkerThread - Flushing req.cmd PREDICT repeats 1 to backend at: 1745586358465
2025-04-25T20:05:58,465 [DEBUG] W-9000-cifar10_1.0 org.pytorch.serve.wlm.WorkerThread - Flushing req.cmd PREDICT repeats 1 to backend at: 1745586358465
2025-04-25T20:05:58,466 [INFO ] W-9000-cifar10_1.0 org.pytorch.serve.wlm.WorkerThread - Looping backend response at: 1745586358466
2025-04-25T20:05:58,466 [INFO ] W-9000-cifar10_1.0 org.pytorch.serve.wlm.WorkerThread - Looping backend response at: 1745586358466
2025-04-25T20:05:58,467 [INFO ] W-9000-cifar10_1.0-stdout MODEL_LOG - Backend received inference at: 1745586358
2025-04-25T20:05:58,858 [INFO ] W-9000-cifar10_1.0-stdout org.pytorch.serve.wlm.WorkerLifeCycle - result=[METRICS]HandlerTime.Milliseconds:390.88|#ModelName:cifar10,Level:Model|#type:GAUGE|#hostname:amin-GF63-Thin-9SCXR,1745586358,122f8004-3b3e-492e-a936-fba510ecbcbc, pattern=[METRICS]
2025-04-25T20:05:58,858 [INFO ] W-9000-cifar10_1.0-stdout org.pytorch.serve.wlm.WorkerLifeCycle - result=[METRICS]HandlerTime.Milliseconds:390.88|#ModelName:cifar10,Level:Model|#type:GAUGE|#hostname:amin-GF63-Thin-9SCXR,1745586358,122f8004-3b3e-492e-a936-fba510ecbcbc, pattern=[METRICS]
2025-04-25T20:05:58,859 [INFO ] W-9000-cifar10_1.0 org.pytorch.serve.wlm.BatchAggregator - Sending response for jobId 122f8004-3b3e-492e-a936-fba510ecbcbc
2025-04-25T20:05:58,859 [INFO ] W-9000-cifar10_1.0 org.pytorch.serve.wlm.BatchAggregator - Sending response for jobId 122f8004-3b3e-492e-a936-fba510ecbcbc
2025-04-25T20:05:58,858 [INFO ] W-9000-cifar10_1.0-stdout MODEL_METRICS - HandlerTime.ms:390.88|#ModelName:cifar10,Level:Model|#hostname:amin-GF63-Thin-9SCXR,requestID:122f8004-3b3e-492e-a936-fba510ecbcbc,timestamp:1745586358
2025-04-25T20:05:58,859 [INFO ] W-9000-cifar10_1.0-stdout org.pytorch.serve.wlm.WorkerLifeCycle - result=[METRICS]PredictionTime.Milliseconds:391.05|#ModelName:cifar10,Level:Model|#type:GAUGE|#hostname:amin-GF63-Thin-9SCXR,1745586358,122f8004-3b3e-492e-a936-fba510ecbcbc, pattern=[METRICS]
2025-04-25T20:05:58,859 [INFO ] W-9000-cifar10_1.0-stdout org.pytorch.serve.wlm.WorkerLifeCycle - result=[METRICS]PredictionTime.Milliseconds:391.05|#ModelName:cifar10,Level:Model|#type:GAUGE|#hostname:amin-GF63-Thin-9SCXR,1745586358,122f8004-3b3e-492e-a936-fba510ecbcbc, pattern=[METRICS]
2025-04-25T20:05:58,859 [INFO ] W-9000-cifar10_1.0-stdout MODEL_METRICS - PredictionTime.ms:391.05|#ModelName:cifar10,Level:Model|#hostname:amin-GF63-Thin-9SCXR,requestID:122f8004-3b3e-492e-a936-fba510ecbcbc,timestamp:1745586358
2025-04-25T20:05:58,859 [INFO ] W-9000-cifar10_1.0 ACCESS_LOG - /127.0.0.1:34052 "POST /predictions/cifar10 HTTP/1.1" 200 397
2025-04-25T20:05:58,860 [INFO ] W-9000-cifar10_1.0 TS_METRICS - Requests2XX.Count:1.0|#Level:Host|#hostname:amin-GF63-Thin-9SCXR,timestamp:1745586358
2025-04-25T20:05:58,860 [INFO ] W-9000-cifar10_1.0 TS_METRICS - ts_inference_latency_microseconds.Microseconds:393685.323|#model_name:cifar10,model_version:default|#hostname:amin-GF63-Thin-9SCXR,timestamp:1745586358
2025-04-25T20:05:58,860 [INFO ] W-9000-cifar10_1.0 TS_METRICS - ts_queue_latency_microseconds.Microseconds:106.102|#model_name:cifar10,model_version:default|#hostname:amin-GF63-Thin-9SCXR,timestamp:1745586358
2025-04-25T20:05:58,860 [DEBUG] W-9000-cifar10_1.0 org.pytorch.serve.job.RestJob - Waiting time ns: 106102, Backend time ns: 394764993
2025-04-25T20:05:58,860 [DEBUG] W-9000-cifar10_1.0 org.pytorch.serve.job.RestJob - Waiting time ns: 106102, Backend time ns: 394764993
2025-04-25T20:05:58,860 [INFO ] W-9000-cifar10_1.0 TS_METRICS - QueueTime.Milliseconds:0.0|#Level:Host|#hostname:amin-GF63-Thin-9SCXR,timestamp:1745586358
2025-04-25T20:05:58,860 [INFO ] W-9000-cifar10_1.0 org.pytorch.serve.wlm.WorkerThread - Backend response time: 393
2025-04-25T20:05:58,860 [INFO ] W-9000-cifar10_1.0 org.pytorch.serve.wlm.WorkerThread - Backend response time: 393
2025-04-25T20:05:58,860 [INFO ] W-9000-cifar10_1.0 TS_METRICS - WorkerThreadTime.Milliseconds:2.0|#Level:Host|#hostname:amin-GF63-Thin-9SCXR,timestamp:1745586358
2025-04-25T20:06:31,728 [WARN ] pool-3-thread-1 org.pytorch.serve.metrics.MetricCollector - Parse metrics failed: NumExpr defaulting to 8 threads.
2025-04-25T20:06:31,728 [WARN ] pool-3-thread-1 org.pytorch.serve.metrics.MetricCollector - Parse metrics failed: NumExpr defaulting to 8 threads.
2025-04-25T20:06:31,916 [INFO ] pool-3-thread-1 TS_METRICS - CPUUtilization.Percent:0.0|#Level:Host|#hostname:amin-GF63-Thin-9SCXR,timestamp:1745586391
2025-04-25T20:06:31,916 [INFO ] pool-3-thread-1 TS_METRICS - DiskAvailable.Gigabytes:0.23728561401367188|#Level:Host|#hostname:amin-GF63-Thin-9SCXR,timestamp:1745586391
2025-04-25T20:06:31,916 [INFO ] pool-3-thread-1 TS_METRICS - DiskUsage.Gigabytes:95.99577713012695|#Level:Host|#hostname:amin-GF63-Thin-9SCXR,timestamp:1745586391
2025-04-25T20:06:31,916 [INFO ] pool-3-thread-1 TS_METRICS - DiskUtilization.Percent:99.8|#Level:Host|#hostname:amin-GF63-Thin-9SCXR,timestamp:1745586391
2025-04-25T20:06:31,917 [INFO ] pool-3-thread-1 TS_METRICS - GPUMemoryUtilization.Percent:3.1005859375|#Level:Host,DeviceId:0|#hostname:amin-GF63-Thin-9SCXR,timestamp:1745586391
2025-04-25T20:06:31,917 [INFO ] pool-3-thread-1 TS_METRICS - GPUMemoryUsed.Megabytes:127.0|#Level:Host,DeviceId:0|#hostname:amin-GF63-Thin-9SCXR,timestamp:1745586391
2025-04-25T20:06:31,917 [INFO ] pool-3-thread-1 TS_METRICS - GPUUtilization.Percent:0.0|#Level:Host,DeviceId:0|#hostname:amin-GF63-Thin-9SCXR,timestamp:1745586391
2025-04-25T20:06:31,917 [INFO ] pool-3-thread-1 TS_METRICS - MemoryAvailable.Megabytes:10894.67578125|#Level:Host|#hostname:amin-GF63-Thin-9SCXR,timestamp:1745586391
2025-04-25T20:06:31,917 [INFO ] pool-3-thread-1 TS_METRICS - MemoryUsed.Megabytes:3908.53515625|#Level:Host|#hostname:amin-GF63-Thin-9SCXR,timestamp:1745586391
2025-04-25T20:06:31,918 [INFO ] pool-3-thread-1 TS_METRICS - MemoryUtilization.Percent:31.2|#Level:Host|#hostname:amin-GF63-Thin-9SCXR,timestamp:1745586391
2025-04-25T20:07:31,754 [WARN ] pool-3-thread-1 org.pytorch.serve.metrics.MetricCollector - Parse metrics failed: NumExpr defaulting to 8 threads.
2025-04-25T20:07:31,754 [WARN ] pool-3-thread-1 org.pytorch.serve.metrics.MetricCollector - Parse metrics failed: NumExpr defaulting to 8 threads.
2025-04-25T20:07:31,927 [INFO ] pool-3-thread-1 TS_METRICS - CPUUtilization.Percent:0.0|#Level:Host|#hostname:amin-GF63-Thin-9SCXR,timestamp:1745586451
2025-04-25T20:07:31,927 [INFO ] pool-3-thread-1 TS_METRICS - DiskAvailable.Gigabytes:0.23717498779296875|#Level:Host|#hostname:amin-GF63-Thin-9SCXR,timestamp:1745586451
2025-04-25T20:07:31,927 [INFO ] pool-3-thread-1 TS_METRICS - DiskUsage.Gigabytes:95.99588775634766|#Level:Host|#hostname:amin-GF63-Thin-9SCXR,timestamp:1745586451
2025-04-25T20:07:31,927 [INFO ] pool-3-thread-1 TS_METRICS - DiskUtilization.Percent:99.8|#Level:Host|#hostname:amin-GF63-Thin-9SCXR,timestamp:1745586451
2025-04-25T20:07:31,928 [INFO ] pool-3-thread-1 TS_METRICS - GPUMemoryUtilization.Percent:3.1005859375|#Level:Host,DeviceId:0|#hostname:amin-GF63-Thin-9SCXR,timestamp:1745586451
2025-04-25T20:07:31,928 [INFO ] pool-3-thread-1 TS_METRICS - GPUMemoryUsed.Megabytes:127.0|#Level:Host,DeviceId:0|#hostname:amin-GF63-Thin-9SCXR,timestamp:1745586451
2025-04-25T20:07:31,928 [INFO ] pool-3-thread-1 TS_METRICS - GPUUtilization.Percent:0.0|#Level:Host,DeviceId:0|#hostname:amin-GF63-Thin-9SCXR,timestamp:1745586451
2025-04-25T20:07:31,928 [INFO ] pool-3-thread-1 TS_METRICS - MemoryAvailable.Megabytes:10943.140625|#Level:Host|#hostname:amin-GF63-Thin-9SCXR,timestamp:1745586451
2025-04-25T20:07:31,928 [INFO ] pool-3-thread-1 TS_METRICS - MemoryUsed.Megabytes:3854.7109375|#Level:Host|#hostname:amin-GF63-Thin-9SCXR,timestamp:1745586451
2025-04-25T20:07:31,928 [INFO ] pool-3-thread-1 TS_METRICS - MemoryUtilization.Percent:30.9|#Level:Host|#hostname:amin-GF63-Thin-9SCXR,timestamp:1745586451
2025-04-25T20:08:31,781 [WARN ] pool-3-thread-1 org.pytorch.serve.metrics.MetricCollector - Parse metrics failed: NumExpr defaulting to 8 threads.
2025-04-25T20:08:31,781 [WARN ] pool-3-thread-1 org.pytorch.serve.metrics.MetricCollector - Parse metrics failed: NumExpr defaulting to 8 threads.
2025-04-25T20:08:31,968 [INFO ] pool-3-thread-1 TS_METRICS - CPUUtilization.Percent:50.0|#Level:Host|#hostname:amin-GF63-Thin-9SCXR,timestamp:1745586511
2025-04-25T20:08:31,969 [INFO ] pool-3-thread-1 TS_METRICS - DiskAvailable.Gigabytes:0.23698806762695312|#Level:Host|#hostname:amin-GF63-Thin-9SCXR,timestamp:1745586511
2025-04-25T20:08:31,969 [INFO ] pool-3-thread-1 TS_METRICS - DiskUsage.Gigabytes:95.99607467651367|#Level:Host|#hostname:amin-GF63-Thin-9SCXR,timestamp:1745586511
2025-04-25T20:08:31,969 [INFO ] pool-3-thread-1 TS_METRICS - DiskUtilization.Percent:99.8|#Level:Host|#hostname:amin-GF63-Thin-9SCXR,timestamp:1745586511
2025-04-25T20:08:31,969 [INFO ] pool-3-thread-1 TS_METRICS - GPUMemoryUtilization.Percent:3.1005859375|#Level:Host,DeviceId:0|#hostname:amin-GF63-Thin-9SCXR,timestamp:1745586511
2025-04-25T20:08:31,969 [INFO ] pool-3-thread-1 TS_METRICS - GPUMemoryUsed.Megabytes:127.0|#Level:Host,DeviceId:0|#hostname:amin-GF63-Thin-9SCXR,timestamp:1745586511
2025-04-25T20:08:31,969 [INFO ] pool-3-thread-1 TS_METRICS - GPUUtilization.Percent:0.0|#Level:Host,DeviceId:0|#hostname:amin-GF63-Thin-9SCXR,timestamp:1745586511
2025-04-25T20:08:31,970 [INFO ] pool-3-thread-1 TS_METRICS - MemoryAvailable.Megabytes:10789.15234375|#Level:Host|#hostname:amin-GF63-Thin-9SCXR,timestamp:1745586511
2025-04-25T20:08:31,970 [INFO ] pool-3-thread-1 TS_METRICS - MemoryUsed.Megabytes:3963.71484375|#Level:Host|#hostname:amin-GF63-Thin-9SCXR,timestamp:1745586511
2025-04-25T20:08:31,970 [INFO ] pool-3-thread-1 TS_METRICS - MemoryUtilization.Percent:31.9|#Level:Host|#hostname:amin-GF63-Thin-9SCXR,timestamp:1745586511
2025-04-25T20:09:31,776 [WARN ] pool-3-thread-1 org.pytorch.serve.metrics.MetricCollector - Parse metrics failed: NumExpr defaulting to 8 threads.
2025-04-25T20:09:31,776 [WARN ] pool-3-thread-1 org.pytorch.serve.metrics.MetricCollector - Parse metrics failed: NumExpr defaulting to 8 threads.
2025-04-25T20:09:31,966 [INFO ] pool-3-thread-1 TS_METRICS - CPUUtilization.Percent:0.0|#Level:Host|#hostname:amin-GF63-Thin-9SCXR,timestamp:1745586571
2025-04-25T20:09:31,966 [INFO ] pool-3-thread-1 TS_METRICS - DiskAvailable.Gigabytes:0.236297607421875|#Level:Host|#hostname:amin-GF63-Thin-9SCXR,timestamp:1745586571
2025-04-25T20:09:31,966 [INFO ] pool-3-thread-1 TS_METRICS - DiskUsage.Gigabytes:95.99676513671875|#Level:Host|#hostname:amin-GF63-Thin-9SCXR,timestamp:1745586571
2025-04-25T20:09:31,966 [INFO ] pool-3-thread-1 TS_METRICS - DiskUtilization.Percent:99.8|#Level:Host|#hostname:amin-GF63-Thin-9SCXR,timestamp:1745586571
2025-04-25T20:09:31,967 [INFO ] pool-3-thread-1 TS_METRICS - GPUMemoryUtilization.Percent:3.1005859375|#Level:Host,DeviceId:0|#hostname:amin-GF63-Thin-9SCXR,timestamp:1745586571
2025-04-25T20:09:31,967 [INFO ] pool-3-thread-1 TS_METRICS - GPUMemoryUsed.Megabytes:127.0|#Level:Host,DeviceId:0|#hostname:amin-GF63-Thin-9SCXR,timestamp:1745586571
2025-04-25T20:09:31,967 [INFO ] pool-3-thread-1 TS_METRICS - GPUUtilization.Percent:0.0|#Level:Host,DeviceId:0|#hostname:amin-GF63-Thin-9SCXR,timestamp:1745586571
2025-04-25T20:09:31,967 [INFO ] pool-3-thread-1 TS_METRICS - MemoryAvailable.Megabytes:10641.4375|#Level:Host|#hostname:amin-GF63-Thin-9SCXR,timestamp:1745586571
2025-04-25T20:09:31,967 [INFO ] pool-3-thread-1 TS_METRICS - MemoryUsed.Megabytes:4075.265625|#Level:Host|#hostname:amin-GF63-Thin-9SCXR,timestamp:1745586571
2025-04-25T20:09:31,967 [INFO ] pool-3-thread-1 TS_METRICS - MemoryUtilization.Percent:32.8|#Level:Host|#hostname:amin-GF63-Thin-9SCXR,timestamp:1745586571
2025-04-25T20:10:31,775 [WARN ] pool-3-thread-1 org.pytorch.serve.metrics.MetricCollector - Parse metrics failed: NumExpr defaulting to 8 threads.
2025-04-25T20:10:31,775 [WARN ] pool-3-thread-1 org.pytorch.serve.metrics.MetricCollector - Parse metrics failed: NumExpr defaulting to 8 threads.
2025-04-25T20:10:31,985 [INFO ] pool-3-thread-1 TS_METRICS - CPUUtilization.Percent:0.0|#Level:Host|#hostname:amin-GF63-Thin-9SCXR,timestamp:1745586631
2025-04-25T20:10:31,985 [INFO ] pool-3-thread-1 TS_METRICS - DiskAvailable.Gigabytes:0.2362823486328125|#Level:Host|#hostname:amin-GF63-Thin-9SCXR,timestamp:1745586631
2025-04-25T20:10:31,986 [INFO ] pool-3-thread-1 TS_METRICS - DiskUsage.Gigabytes:95.99678039550781|#Level:Host|#hostname:amin-GF63-Thin-9SCXR,timestamp:1745586631
2025-04-25T20:10:31,986 [INFO ] pool-3-thread-1 TS_METRICS - DiskUtilization.Percent:99.8|#Level:Host|#hostname:amin-GF63-Thin-9SCXR,timestamp:1745586631
2025-04-25T20:10:31,986 [INFO ] pool-3-thread-1 TS_METRICS - GPUMemoryUtilization.Percent:3.1005859375|#Level:Host,DeviceId:0|#hostname:amin-GF63-Thin-9SCXR,timestamp:1745586631
2025-04-25T20:10:31,986 [INFO ] pool-3-thread-1 TS_METRICS - GPUMemoryUsed.Megabytes:127.0|#Level:Host,DeviceId:0|#hostname:amin-GF63-Thin-9SCXR,timestamp:1745586631
2025-04-25T20:10:31,986 [INFO ] pool-3-thread-1 TS_METRICS - GPUUtilization.Percent:0.0|#Level:Host,DeviceId:0|#hostname:amin-GF63-Thin-9SCXR,timestamp:1745586631
2025-04-25T20:10:31,986 [INFO ] pool-3-thread-1 TS_METRICS - MemoryAvailable.Megabytes:10650.8125|#Level:Host|#hostname:amin-GF63-Thin-9SCXR,timestamp:1745586631
2025-04-25T20:10:31,987 [INFO ] pool-3-thread-1 TS_METRICS - MemoryUsed.Megabytes:4093.1796875|#Level:Host|#hostname:amin-GF63-Thin-9SCXR,timestamp:1745586631
2025-04-25T20:10:31,987 [INFO ] pool-3-thread-1 TS_METRICS - MemoryUtilization.Percent:32.7|#Level:Host|#hostname:amin-GF63-Thin-9SCXR,timestamp:1745586631
2025-04-25T20:11:31,781 [WARN ] pool-3-thread-1 org.pytorch.serve.metrics.MetricCollector - Parse metrics failed: NumExpr defaulting to 8 threads.
2025-04-25T20:11:31,781 [WARN ] pool-3-thread-1 org.pytorch.serve.metrics.MetricCollector - Parse metrics failed: NumExpr defaulting to 8 threads.
2025-04-25T20:11:31,972 [INFO ] pool-3-thread-1 TS_METRICS - CPUUtilization.Percent:0.0|#Level:Host|#hostname:amin-GF63-Thin-9SCXR,timestamp:1745586691
2025-04-25T20:11:31,973 [INFO ] pool-3-thread-1 TS_METRICS - DiskAvailable.Gigabytes:0.23627471923828125|#Level:Host|#hostname:amin-GF63-Thin-9SCXR,timestamp:1745586691
2025-04-25T20:11:31,973 [INFO ] pool-3-thread-1 TS_METRICS - DiskUsage.Gigabytes:95.99678802490234|#Level:Host|#hostname:amin-GF63-Thin-9SCXR,timestamp:1745586691
2025-04-25T20:11:31,973 [INFO ] pool-3-thread-1 TS_METRICS - DiskUtilization.Percent:99.8|#Level:Host|#hostname:amin-GF63-Thin-9SCXR,timestamp:1745586691
2025-04-25T20:11:31,973 [INFO ] pool-3-thread-1 TS_METRICS - GPUMemoryUtilization.Percent:3.1005859375|#Level:Host,DeviceId:0|#hostname:amin-GF63-Thin-9SCXR,timestamp:1745586691
2025-04-25T20:11:31,973 [INFO ] pool-3-thread-1 TS_METRICS - GPUMemoryUsed.Megabytes:127.0|#Level:Host,DeviceId:0|#hostname:amin-GF63-Thin-9SCXR,timestamp:1745586691
2025-04-25T20:11:31,974 [INFO ] pool-3-thread-1 TS_METRICS - GPUUtilization.Percent:0.0|#Level:Host,DeviceId:0|#hostname:amin-GF63-Thin-9SCXR,timestamp:1745586691
2025-04-25T20:11:31,974 [INFO ] pool-3-thread-1 TS_METRICS - MemoryAvailable.Megabytes:10579.73828125|#Level:Host|#hostname:amin-GF63-Thin-9SCXR,timestamp:1745586691
2025-04-25T20:11:31,974 [INFO ] pool-3-thread-1 TS_METRICS - MemoryUsed.Megabytes:4157.3359375|#Level:Host|#hostname:amin-GF63-Thin-9SCXR,timestamp:1745586691
2025-04-25T20:11:31,974 [INFO ] pool-3-thread-1 TS_METRICS - MemoryUtilization.Percent:33.2|#Level:Host|#hostname:amin-GF63-Thin-9SCXR,timestamp:1745586691
2025-04-25T20:12:31,730 [WARN ] pool-3-thread-1 org.pytorch.serve.metrics.MetricCollector - Parse metrics failed: NumExpr defaulting to 8 threads.
2025-04-25T20:12:31,730 [WARN ] pool-3-thread-1 org.pytorch.serve.metrics.MetricCollector - Parse metrics failed: NumExpr defaulting to 8 threads.
2025-04-25T20:12:31,922 [INFO ] pool-3-thread-1 TS_METRICS - CPUUtilization.Percent:0.0|#Level:Host|#hostname:amin-GF63-Thin-9SCXR,timestamp:1745586751
2025-04-25T20:12:31,923 [INFO ] pool-3-thread-1 TS_METRICS - DiskAvailable.Gigabytes:0.23159408569335938|#Level:Host|#hostname:amin-GF63-Thin-9SCXR,timestamp:1745586751
2025-04-25T20:12:31,923 [INFO ] pool-3-thread-1 TS_METRICS - DiskUsage.Gigabytes:96.00146865844727|#Level:Host|#hostname:amin-GF63-Thin-9SCXR,timestamp:1745586751
2025-04-25T20:12:31,923 [INFO ] pool-3-thread-1 TS_METRICS - DiskUtilization.Percent:99.8|#Level:Host|#hostname:amin-GF63-Thin-9SCXR,timestamp:1745586751
2025-04-25T20:12:31,923 [INFO ] pool-3-thread-1 TS_METRICS - GPUMemoryUtilization.Percent:3.1005859375|#Level:Host,DeviceId:0|#hostname:amin-GF63-Thin-9SCXR,timestamp:1745586751
2025-04-25T20:12:31,923 [INFO ] pool-3-thread-1 TS_METRICS - GPUMemoryUsed.Megabytes:127.0|#Level:Host,DeviceId:0|#hostname:amin-GF63-Thin-9SCXR,timestamp:1745586751
2025-04-25T20:12:31,923 [INFO ] pool-3-thread-1 TS_METRICS - GPUUtilization.Percent:0.0|#Level:Host,DeviceId:0|#hostname:amin-GF63-Thin-9SCXR,timestamp:1745586751
2025-04-25T20:12:31,923 [INFO ] pool-3-thread-1 TS_METRICS - MemoryAvailable.Megabytes:10366.6171875|#Level:Host|#hostname:amin-GF63-Thin-9SCXR,timestamp:1745586751
2025-04-25T20:12:31,923 [INFO ] pool-3-thread-1 TS_METRICS - MemoryUsed.Megabytes:4359.7109375|#Level:Host|#hostname:amin-GF63-Thin-9SCXR,timestamp:1745586751
2025-04-25T20:12:31,924 [INFO ] pool-3-thread-1 TS_METRICS - MemoryUtilization.Percent:34.5|#Level:Host|#hostname:amin-GF63-Thin-9SCXR,timestamp:1745586751
2025-04-25T20:13:31,775 [WARN ] pool-3-thread-1 org.pytorch.serve.metrics.MetricCollector - Parse metrics failed: NumExpr defaulting to 8 threads.
2025-04-25T20:13:31,775 [WARN ] pool-3-thread-1 org.pytorch.serve.metrics.MetricCollector - Parse metrics failed: NumExpr defaulting to 8 threads.
2025-04-25T20:13:31,955 [INFO ] pool-3-thread-1 TS_METRICS - CPUUtilization.Percent:50.0|#Level:Host|#hostname:amin-GF63-Thin-9SCXR,timestamp:1745586811
2025-04-25T20:13:31,955 [INFO ] pool-3-thread-1 TS_METRICS - DiskAvailable.Gigabytes:0.2426910400390625|#Level:Host|#hostname:amin-GF63-Thin-9SCXR,timestamp:1745586811
2025-04-25T20:13:31,955 [INFO ] pool-3-thread-1 TS_METRICS - DiskUsage.Gigabytes:95.99037170410156|#Level:Host|#hostname:amin-GF63-Thin-9SCXR,timestamp:1745586811
2025-04-25T20:13:31,955 [INFO ] pool-3-thread-1 TS_METRICS - DiskUtilization.Percent:99.7|#Level:Host|#hostname:amin-GF63-Thin-9SCXR,timestamp:1745586811
2025-04-25T20:13:31,955 [INFO ] pool-3-thread-1 TS_METRICS - GPUMemoryUtilization.Percent:3.1005859375|#Level:Host,DeviceId:0|#hostname:amin-GF63-Thin-9SCXR,timestamp:1745586811
2025-04-25T20:13:31,955 [INFO ] pool-3-thread-1 TS_METRICS - GPUMemoryUsed.Megabytes:127.0|#Level:Host,DeviceId:0|#hostname:amin-GF63-Thin-9SCXR,timestamp:1745586811
2025-04-25T20:13:31,956 [INFO ] pool-3-thread-1 TS_METRICS - GPUUtilization.Percent:0.0|#Level:Host,DeviceId:0|#hostname:amin-GF63-Thin-9SCXR,timestamp:1745586811
2025-04-25T20:13:31,956 [INFO ] pool-3-thread-1 TS_METRICS - MemoryAvailable.Megabytes:10382.8125|#Level:Host|#hostname:amin-GF63-Thin-9SCXR,timestamp:1745586811
2025-04-25T20:13:31,956 [INFO ] pool-3-thread-1 TS_METRICS - MemoryUsed.Megabytes:4345.58203125|#Level:Host|#hostname:amin-GF63-Thin-9SCXR,timestamp:1745586811
2025-04-25T20:13:31,956 [INFO ] pool-3-thread-1 TS_METRICS - MemoryUtilization.Percent:34.4|#Level:Host|#hostname:amin-GF63-Thin-9SCXR,timestamp:1745586811
2025-04-25T20:14:31,799 [WARN ] pool-3-thread-1 org.pytorch.serve.metrics.MetricCollector - Parse metrics failed: NumExpr defaulting to 8 threads.
2025-04-25T20:14:31,799 [WARN ] pool-3-thread-1 org.pytorch.serve.metrics.MetricCollector - Parse metrics failed: NumExpr defaulting to 8 threads.
2025-04-25T20:14:31,996 [INFO ] pool-3-thread-1 TS_METRICS - CPUUtilization.Percent:0.0|#Level:Host|#hostname:amin-GF63-Thin-9SCXR,timestamp:1745586871
2025-04-25T20:14:31,998 [INFO ] pool-3-thread-1 TS_METRICS - DiskAvailable.Gigabytes:0.24268341064453125|#Level:Host|#hostname:amin-GF63-Thin-9SCXR,timestamp:1745586871
2025-04-25T20:14:31,998 [INFO ] pool-3-thread-1 TS_METRICS - DiskUsage.Gigabytes:95.9903793334961|#Level:Host|#hostname:amin-GF63-Thin-9SCXR,timestamp:1745586871
2025-04-25T20:14:31,999 [INFO ] pool-3-thread-1 TS_METRICS - DiskUtilization.Percent:99.7|#Level:Host|#hostname:amin-GF63-Thin-9SCXR,timestamp:1745586871
2025-04-25T20:14:32,000 [INFO ] pool-3-thread-1 TS_METRICS - GPUMemoryUtilization.Percent:3.1005859375|#Level:Host,DeviceId:0|#hostname:amin-GF63-Thin-9SCXR,timestamp:1745586872
2025-04-25T20:14:32,002 [INFO ] pool-3-thread-1 TS_METRICS - GPUMemoryUsed.Megabytes:127.0|#Level:Host,DeviceId:0|#hostname:amin-GF63-Thin-9SCXR,timestamp:1745586872
2025-04-25T20:14:32,003 [INFO ] pool-3-thread-1 TS_METRICS - GPUUtilization.Percent:0.0|#Level:Host,DeviceId:0|#hostname:amin-GF63-Thin-9SCXR,timestamp:1745586872
2025-04-25T20:14:32,003 [INFO ] pool-3-thread-1 TS_METRICS - MemoryAvailable.Megabytes:10309.578125|#Level:Host|#hostname:amin-GF63-Thin-9SCXR,timestamp:1745586872
2025-04-25T20:14:32,004 [INFO ] pool-3-thread-1 TS_METRICS - MemoryUsed.Megabytes:4477.60546875|#Level:Host|#hostname:amin-GF63-Thin-9SCXR,timestamp:1745586872
2025-04-25T20:14:32,004 [INFO ] pool-3-thread-1 TS_METRICS - MemoryUtilization.Percent:34.9|#Level:Host|#hostname:amin-GF63-Thin-9SCXR,timestamp:1745586872
2025-04-25T20:15:31,780 [WARN ] pool-3-thread-1 org.pytorch.serve.metrics.MetricCollector - Parse metrics failed: NumExpr defaulting to 8 threads.
2025-04-25T20:15:31,780 [WARN ] pool-3-thread-1 org.pytorch.serve.metrics.MetricCollector - Parse metrics failed: NumExpr defaulting to 8 threads.
2025-04-25T20:15:31,982 [INFO ] pool-3-thread-1 TS_METRICS - CPUUtilization.Percent:0.0|#Level:Host|#hostname:amin-GF63-Thin-9SCXR,timestamp:1745586931
2025-04-25T20:15:31,982 [INFO ] pool-3-thread-1 TS_METRICS - DiskAvailable.Gigabytes:0.24258804321289062|#Level:Host|#hostname:amin-GF63-Thin-9SCXR,timestamp:1745586931
2025-04-25T20:15:31,982 [INFO ] pool-3-thread-1 TS_METRICS - DiskUsage.Gigabytes:95.99047470092773|#Level:Host|#hostname:amin-GF63-Thin-9SCXR,timestamp:1745586931
2025-04-25T20:15:31,982 [INFO ] pool-3-thread-1 TS_METRICS - DiskUtilization.Percent:99.7|#Level:Host|#hostname:amin-GF63-Thin-9SCXR,timestamp:1745586931
2025-04-25T20:15:31,982 [INFO ] pool-3-thread-1 TS_METRICS - GPUMemoryUtilization.Percent:3.1005859375|#Level:Host,DeviceId:0|#hostname:amin-GF63-Thin-9SCXR,timestamp:1745586931
2025-04-25T20:15:31,983 [INFO ] pool-3-thread-1 TS_METRICS - GPUMemoryUsed.Megabytes:127.0|#Level:Host,DeviceId:0|#hostname:amin-GF63-Thin-9SCXR,timestamp:1745586931
2025-04-25T20:15:31,983 [INFO ] pool-3-thread-1 TS_METRICS - GPUUtilization.Percent:0.0|#Level:Host,DeviceId:0|#hostname:amin-GF63-Thin-9SCXR,timestamp:1745586931
2025-04-25T20:15:31,983 [INFO ] pool-3-thread-1 TS_METRICS - MemoryAvailable.Megabytes:10341.953125|#Level:Host|#hostname:amin-GF63-Thin-9SCXR,timestamp:1745586931
2025-04-25T20:15:31,983 [INFO ] pool-3-thread-1 TS_METRICS - MemoryUsed.Megabytes:4451.06640625|#Level:Host|#hostname:amin-GF63-Thin-9SCXR,timestamp:1745586931
2025-04-25T20:15:31,983 [INFO ] pool-3-thread-1 TS_METRICS - MemoryUtilization.Percent:34.7|#Level:Host|#hostname:amin-GF63-Thin-9SCXR,timestamp:1745586931
2025-04-25T20:16:31,770 [WARN ] pool-3-thread-1 org.pytorch.serve.metrics.MetricCollector - Parse metrics failed: NumExpr defaulting to 8 threads.
2025-04-25T20:16:31,770 [WARN ] pool-3-thread-1 org.pytorch.serve.metrics.MetricCollector - Parse metrics failed: NumExpr defaulting to 8 threads.
2025-04-25T20:16:31,971 [INFO ] pool-3-thread-1 TS_METRICS - CPUUtilization.Percent:0.0|#Level:Host|#hostname:amin-GF63-Thin-9SCXR,timestamp:1745586991
2025-04-25T20:16:31,972 [INFO ] pool-3-thread-1 TS_METRICS - DiskAvailable.Gigabytes:0.24280929565429688|#Level:Host|#hostname:amin-GF63-Thin-9SCXR,timestamp:1745586991
2025-04-25T20:16:31,972 [INFO ] pool-3-thread-1 TS_METRICS - DiskUsage.Gigabytes:95.99025344848633|#Level:Host|#hostname:amin-GF63-Thin-9SCXR,timestamp:1745586991
2025-04-25T20:16:31,973 [INFO ] pool-3-thread-1 TS_METRICS - DiskUtilization.Percent:99.7|#Level:Host|#hostname:amin-GF63-Thin-9SCXR,timestamp:1745586991
2025-04-25T20:16:31,973 [INFO ] pool-3-thread-1 TS_METRICS - GPUMemoryUtilization.Percent:3.1005859375|#Level:Host,DeviceId:0|#hostname:amin-GF63-Thin-9SCXR,timestamp:1745586991
2025-04-25T20:16:31,974 [INFO ] pool-3-thread-1 TS_METRICS - GPUMemoryUsed.Megabytes:127.0|#Level:Host,DeviceId:0|#hostname:amin-GF63-Thin-9SCXR,timestamp:1745586991
2025-04-25T20:16:31,974 [INFO ] pool-3-thread-1 TS_METRICS - GPUUtilization.Percent:0.0|#Level:Host,DeviceId:0|#hostname:amin-GF63-Thin-9SCXR,timestamp:1745586991
2025-04-25T20:16:31,975 [INFO ] pool-3-thread-1 TS_METRICS - MemoryAvailable.Megabytes:10312.91015625|#Level:Host|#hostname:amin-GF63-Thin-9SCXR,timestamp:1745586991
2025-04-25T20:16:31,975 [INFO ] pool-3-thread-1 TS_METRICS - MemoryUsed.Megabytes:4424.01171875|#Level:Host|#hostname:amin-GF63-Thin-9SCXR,timestamp:1745586991
2025-04-25T20:16:31,976 [INFO ] pool-3-thread-1 TS_METRICS - MemoryUtilization.Percent:34.9|#Level:Host|#hostname:amin-GF63-Thin-9SCXR,timestamp:1745586991
2025-04-25T20:17:31,729 [WARN ] pool-3-thread-1 org.pytorch.serve.metrics.MetricCollector - Parse metrics failed: NumExpr defaulting to 8 threads.
2025-04-25T20:17:31,729 [WARN ] pool-3-thread-1 org.pytorch.serve.metrics.MetricCollector - Parse metrics failed: NumExpr defaulting to 8 threads.
2025-04-25T20:17:31,909 [INFO ] pool-3-thread-1 TS_METRICS - CPUUtilization.Percent:0.0|#Level:Host|#hostname:amin-GF63-Thin-9SCXR,timestamp:1745587051
2025-04-25T20:17:31,910 [INFO ] pool-3-thread-1 TS_METRICS - DiskAvailable.Gigabytes:0.24272537231445312|#Level:Host|#hostname:amin-GF63-Thin-9SCXR,timestamp:1745587051
2025-04-25T20:17:31,910 [INFO ] pool-3-thread-1 TS_METRICS - DiskUsage.Gigabytes:95.99033737182617|#Level:Host|#hostname:amin-GF63-Thin-9SCXR,timestamp:1745587051
2025-04-25T20:17:31,910 [INFO ] pool-3-thread-1 TS_METRICS - DiskUtilization.Percent:99.7|#Level:Host|#hostname:amin-GF63-Thin-9SCXR,timestamp:1745587051
2025-04-25T20:17:31,910 [INFO ] pool-3-thread-1 TS_METRICS - GPUMemoryUtilization.Percent:3.1005859375|#Level:Host,DeviceId:0|#hostname:amin-GF63-Thin-9SCXR,timestamp:1745587051
2025-04-25T20:17:31,910 [INFO ] pool-3-thread-1 TS_METRICS - GPUMemoryUsed.Megabytes:127.0|#Level:Host,DeviceId:0|#hostname:amin-GF63-Thin-9SCXR,timestamp:1745587051
2025-04-25T20:17:31,910 [INFO ] pool-3-thread-1 TS_METRICS - GPUUtilization.Percent:0.0|#Level:Host,DeviceId:0|#hostname:amin-GF63-Thin-9SCXR,timestamp:1745587051
2025-04-25T20:17:31,911 [INFO ] pool-3-thread-1 TS_METRICS - MemoryAvailable.Megabytes:10228.59375|#Level:Host|#hostname:amin-GF63-Thin-9SCXR,timestamp:1745587051
2025-04-25T20:17:31,911 [INFO ] pool-3-thread-1 TS_METRICS - MemoryUsed.Megabytes:4547.140625|#Level:Host|#hostname:amin-GF63-Thin-9SCXR,timestamp:1745587051
2025-04-25T20:17:31,911 [INFO ] pool-3-thread-1 TS_METRICS - MemoryUtilization.Percent:35.4|#Level:Host|#hostname:amin-GF63-Thin-9SCXR,timestamp:1745587051
2025-04-25T20:18:31,770 [WARN ] pool-3-thread-1 org.pytorch.serve.metrics.MetricCollector - Parse metrics failed: NumExpr defaulting to 8 threads.
2025-04-25T20:18:31,770 [WARN ] pool-3-thread-1 org.pytorch.serve.metrics.MetricCollector - Parse metrics failed: NumExpr defaulting to 8 threads.
2025-04-25T20:18:31,979 [INFO ] pool-3-thread-1 TS_METRICS - CPUUtilization.Percent:0.0|#Level:Host|#hostname:amin-GF63-Thin-9SCXR,timestamp:1745587111
2025-04-25T20:18:31,979 [INFO ] pool-3-thread-1 TS_METRICS - DiskAvailable.Gigabytes:0.24272918701171875|#Level:Host|#hostname:amin-GF63-Thin-9SCXR,timestamp:1745587111
2025-04-25T20:18:31,979 [INFO ] pool-3-thread-1 TS_METRICS - DiskUsage.Gigabytes:95.9903335571289|#Level:Host|#hostname:amin-GF63-Thin-9SCXR,timestamp:1745587111
2025-04-25T20:18:31,979 [INFO ] pool-3-thread-1 TS_METRICS - DiskUtilization.Percent:99.7|#Level:Host|#hostname:amin-GF63-Thin-9SCXR,timestamp:1745587111
2025-04-25T20:18:31,979 [INFO ] pool-3-thread-1 TS_METRICS - GPUMemoryUtilization.Percent:3.1005859375|#Level:Host,DeviceId:0|#hostname:amin-GF63-Thin-9SCXR,timestamp:1745587111
2025-04-25T20:18:31,980 [INFO ] pool-3-thread-1 TS_METRICS - GPUMemoryUsed.Megabytes:127.0|#Level:Host,DeviceId:0|#hostname:amin-GF63-Thin-9SCXR,timestamp:1745587111
2025-04-25T20:18:31,980 [INFO ] pool-3-thread-1 TS_METRICS - GPUUtilization.Percent:0.0|#Level:Host,DeviceId:0|#hostname:amin-GF63-Thin-9SCXR,timestamp:1745587111
2025-04-25T20:18:31,980 [INFO ] pool-3-thread-1 TS_METRICS - MemoryAvailable.Megabytes:10204.42578125|#Level:Host|#hostname:amin-GF63-Thin-9SCXR,timestamp:1745587111
2025-04-25T20:18:31,980 [INFO ] pool-3-thread-1 TS_METRICS - MemoryUsed.Megabytes:4546.99609375|#Level:Host|#hostname:amin-GF63-Thin-9SCXR,timestamp:1745587111
2025-04-25T20:18:31,980 [INFO ] pool-3-thread-1 TS_METRICS - MemoryUtilization.Percent:35.6|#Level:Host|#hostname:amin-GF63-Thin-9SCXR,timestamp:1745587111
