2025-04-25T17:03:12,252 - CPUUtilization.Percent:0.0|#Level:Host|#hostname:amin-GF63-Thin-9SCXR,timestamp:1745575392
2025-04-25T17:03:12,252 - DiskAvailable.Gigabytes:0.230224609375|#Level:Host|#hostname:amin-GF63-Thin-9SCXR,timestamp:1745575392
2025-04-25T17:03:12,253 - DiskUsage.Gigabytes:96.00283813476562|#Level:Host|#hostname:amin-GF63-Thin-9SCXR,timestamp:1745575392
2025-04-25T17:03:12,253 - DiskUtilization.Percent:99.8|#Level:Host|#hostname:amin-GF63-Thin-9SCXR,timestamp:1745575392
2025-04-25T17:03:12,253 - GPUMemoryUtilization.Percent:0.1220703125|#Level:Host,DeviceId:0|#hostname:amin-GF63-Thin-9SCXR,timestamp:1745575392
2025-04-25T17:03:12,253 - GPUMemoryUsed.Megabytes:5.0|#Level:Host,DeviceId:0|#hostname:amin-GF63-Thin-9SCXR,timestamp:1745575392
2025-04-25T17:03:12,253 - GPUUtilization.Percent:0.0|#Level:Host,DeviceId:0|#hostname:amin-GF63-Thin-9SCXR,timestamp:1745575392
2025-04-25T17:03:12,254 - MemoryAvailable.Megabytes:10250.54296875|#Level:Host|#hostname:amin-GF63-Thin-9SCXR,timestamp:1745575392
2025-04-25T17:03:12,254 - MemoryUsed.Megabytes:4329.1015625|#Level:Host|#hostname:amin-GF63-Thin-9SCXR,timestamp:1745575392
2025-04-25T17:03:12,254 - MemoryUtilization.Percent:35.3|#Level:Host|#hostname:amin-GF63-Thin-9SCXR,timestamp:1745575392
2025-04-25T17:03:13,531 - WorkerThreadTime.Milliseconds:3.0|#Level:Host|#hostname:amin-GF63-Thin-9SCXR,timestamp:1745575393
2025-04-25T17:03:15,862 - WorkerThreadTime.Milliseconds:1.0|#Level:Host|#hostname:amin-GF63-Thin-9SCXR,timestamp:1745575395
2025-04-25T17:03:18,128 - WorkerThreadTime.Milliseconds:1.0|#Level:Host|#hostname:amin-GF63-Thin-9SCXR,timestamp:1745575398
2025-04-25T17:03:21,380 - WorkerThreadTime.Milliseconds:0.0|#Level:Host|#hostname:amin-GF63-Thin-9SCXR,timestamp:1745575401
2025-04-25T17:03:25,567 - WorkerThreadTime.Milliseconds:0.0|#Level:Host|#hostname:amin-GF63-Thin-9SCXR,timestamp:1745575405
2025-04-25T17:03:31,771 - WorkerThreadTime.Milliseconds:0.0|#Level:Host|#hostname:amin-GF63-Thin-9SCXR,timestamp:1745575411
2025-04-25T17:03:40,938 - WorkerThreadTime.Milliseconds:1.0|#Level:Host|#hostname:amin-GF63-Thin-9SCXR,timestamp:1745575420
2025-04-25T17:03:53,910 - Requests4XX.Count:1.0|#Level:Host|#hostname:amin-GF63-Thin-9SCXR,timestamp:1745575433
2025-04-25T17:03:56,624 - WorkerThreadTime.Milliseconds:1.0|#Level:Host|#hostname:amin-GF63-Thin-9SCXR,timestamp:1745575436
2025-04-25T17:04:02,129 - Requests4XX.Count:1.0|#Level:Host|#hostname:amin-GF63-Thin-9SCXR,timestamp:1745575442
2025-04-25T17:04:11,878 - CPUUtilization.Percent:0.0|#Level:Host|#hostname:amin-GF63-Thin-9SCXR,timestamp:1745575451
2025-04-25T17:04:11,878 - DiskAvailable.Gigabytes:0.23827362060546875|#Level:Host|#hostname:amin-GF63-Thin-9SCXR,timestamp:1745575451
2025-04-25T17:04:11,878 - DiskUsage.Gigabytes:95.99478912353516|#Level:Host|#hostname:amin-GF63-Thin-9SCXR,timestamp:1745575451
2025-04-25T17:04:11,878 - DiskUtilization.Percent:99.8|#Level:Host|#hostname:amin-GF63-Thin-9SCXR,timestamp:1745575451
2025-04-25T17:04:11,879 - GPUMemoryUtilization.Percent:0.1220703125|#Level:Host,DeviceId:0|#hostname:amin-GF63-Thin-9SCXR,timestamp:1745575451
2025-04-25T17:04:11,879 - GPUMemoryUsed.Megabytes:5.0|#Level:Host,DeviceId:0|#hostname:amin-GF63-Thin-9SCXR,timestamp:1745575451
2025-04-25T17:04:11,879 - GPUUtilization.Percent:0.0|#Level:Host,DeviceId:0|#hostname:amin-GF63-Thin-9SCXR,timestamp:1745575451
2025-04-25T17:04:11,879 - MemoryAvailable.Megabytes:10066.74609375|#Level:Host|#hostname:amin-GF63-Thin-9SCXR,timestamp:1745575451
2025-04-25T17:04:11,879 - MemoryUsed.Megabytes:4508.8671875|#Level:Host|#hostname:amin-GF63-Thin-9SCXR,timestamp:1745575451
2025-04-25T17:04:11,879 - MemoryUtilization.Percent:36.4|#Level:Host|#hostname:amin-GF63-Thin-9SCXR,timestamp:1745575451
2025-04-25T17:04:20,585 - WorkerThreadTime.Milliseconds:1.0|#Level:Host|#hostname:amin-GF63-Thin-9SCXR,timestamp:1745575460
2025-04-25T17:04:34,687 - CPUUtilization.Percent:0.0|#Level:Host|#hostname:amin-GF63-Thin-9SCXR,timestamp:1745575474
2025-04-25T17:04:34,688 - DiskAvailable.Gigabytes:0.23823165893554688|#Level:Host|#hostname:amin-GF63-Thin-9SCXR,timestamp:1745575474
2025-04-25T17:04:34,688 - DiskUsage.Gigabytes:95.99483108520508|#Level:Host|#hostname:amin-GF63-Thin-9SCXR,timestamp:1745575474
2025-04-25T17:04:34,689 - DiskUtilization.Percent:99.8|#Level:Host|#hostname:amin-GF63-Thin-9SCXR,timestamp:1745575474
2025-04-25T17:04:34,689 - GPUMemoryUtilization.Percent:0.1220703125|#Level:Host,DeviceId:0|#hostname:amin-GF63-Thin-9SCXR,timestamp:1745575474
2025-04-25T17:04:34,689 - GPUMemoryUsed.Megabytes:5.0|#Level:Host,DeviceId:0|#hostname:amin-GF63-Thin-9SCXR,timestamp:1745575474
2025-04-25T17:04:34,690 - GPUUtilization.Percent:0.0|#Level:Host,DeviceId:0|#hostname:amin-GF63-Thin-9SCXR,timestamp:1745575474
2025-04-25T17:04:34,690 - MemoryAvailable.Megabytes:10169.84765625|#Level:Host|#hostname:amin-GF63-Thin-9SCXR,timestamp:1745575474
2025-04-25T17:04:34,690 - MemoryUsed.Megabytes:4403.56640625|#Level:Host|#hostname:amin-GF63-Thin-9SCXR,timestamp:1745575474
2025-04-25T17:04:34,690 - MemoryUtilization.Percent:35.8|#Level:Host|#hostname:amin-GF63-Thin-9SCXR,timestamp:1745575474
2025-04-25T17:04:35,364 - WorkerThreadTime.Milliseconds:2.0|#Level:Host|#hostname:amin-GF63-Thin-9SCXR,timestamp:1745575475
2025-04-25T17:04:37,676 - WorkerThreadTime.Milliseconds:0.0|#Level:Host|#hostname:amin-GF63-Thin-9SCXR,timestamp:1745575477
2025-04-25T17:04:39,830 - WorkerThreadTime.Milliseconds:0.0|#Level:Host|#hostname:amin-GF63-Thin-9SCXR,timestamp:1745575479
2025-04-25T17:04:43,037 - WorkerThreadTime.Milliseconds:0.0|#Level:Host|#hostname:amin-GF63-Thin-9SCXR,timestamp:1745575483
2025-04-25T17:04:47,226 - WorkerThreadTime.Milliseconds:1.0|#Level:Host|#hostname:amin-GF63-Thin-9SCXR,timestamp:1745575487
2025-04-25T17:04:53,449 - WorkerThreadTime.Milliseconds:0.0|#Level:Host|#hostname:amin-GF63-Thin-9SCXR,timestamp:1745575493
2025-04-25T17:04:54,787 - Requests4XX.Count:1.0|#Level:Host|#hostname:amin-GF63-Thin-9SCXR,timestamp:1745575494
2025-04-25T17:05:04,202 - WorkerThreadTime.Milliseconds:0.0|#Level:Host|#hostname:amin-GF63-Thin-9SCXR,timestamp:1745575504
2025-04-25T17:05:18,424 - WorkerThreadTime.Milliseconds:0.0|#Level:Host|#hostname:amin-GF63-Thin-9SCXR,timestamp:1745575518
2025-04-25T17:05:35,491 - Requests4XX.Count:1.0|#Level:Host|#hostname:amin-GF63-Thin-9SCXR,timestamp:1745575535
2025-04-25T17:05:36,109 - CPUUtilization.Percent:0.0|#Level:Host|#hostname:amin-GF63-Thin-9SCXR,timestamp:1745575536
2025-04-25T17:05:36,109 - DiskAvailable.Gigabytes:0.23806381225585938|#Level:Host|#hostname:amin-GF63-Thin-9SCXR,timestamp:1745575536
2025-04-25T17:05:36,110 - DiskUsage.Gigabytes:95.99499893188477|#Level:Host|#hostname:amin-GF63-Thin-9SCXR,timestamp:1745575536
2025-04-25T17:05:36,110 - DiskUtilization.Percent:99.8|#Level:Host|#hostname:amin-GF63-Thin-9SCXR,timestamp:1745575536
2025-04-25T17:05:36,110 - GPUMemoryUtilization.Percent:0.1220703125|#Level:Host,DeviceId:0|#hostname:amin-GF63-Thin-9SCXR,timestamp:1745575536
2025-04-25T17:05:36,110 - GPUMemoryUsed.Megabytes:5.0|#Level:Host,DeviceId:0|#hostname:amin-GF63-Thin-9SCXR,timestamp:1745575536
2025-04-25T17:05:36,110 - GPUUtilization.Percent:0.0|#Level:Host,DeviceId:0|#hostname:amin-GF63-Thin-9SCXR,timestamp:1745575536
2025-04-25T17:05:36,110 - MemoryAvailable.Megabytes:10001.73828125|#Level:Host|#hostname:amin-GF63-Thin-9SCXR,timestamp:1745575536
2025-04-25T17:05:36,110 - MemoryUsed.Megabytes:4577.1640625|#Level:Host|#hostname:amin-GF63-Thin-9SCXR,timestamp:1745575536
2025-04-25T17:05:36,110 - MemoryUtilization.Percent:36.8|#Level:Host|#hostname:amin-GF63-Thin-9SCXR,timestamp:1745575536
2025-04-25T17:05:40,619 - WorkerThreadTime.Milliseconds:0.0|#Level:Host|#hostname:amin-GF63-Thin-9SCXR,timestamp:1745575540
2025-04-25T17:06:59,506 - CPUUtilization.Percent:50.0|#Level:Host|#hostname:amin-GF63-Thin-9SCXR,timestamp:1745575619
2025-04-25T17:06:59,507 - DiskAvailable.Gigabytes:0.24518966674804688|#Level:Host|#hostname:amin-GF63-Thin-9SCXR,timestamp:1745575619
2025-04-25T17:06:59,507 - DiskUsage.Gigabytes:95.98787307739258|#Level:Host|#hostname:amin-GF63-Thin-9SCXR,timestamp:1745575619
2025-04-25T17:06:59,507 - DiskUtilization.Percent:99.7|#Level:Host|#hostname:amin-GF63-Thin-9SCXR,timestamp:1745575619
2025-04-25T17:06:59,508 - GPUMemoryUtilization.Percent:0.1220703125|#Level:Host,DeviceId:0|#hostname:amin-GF63-Thin-9SCXR,timestamp:1745575619
2025-04-25T17:06:59,508 - GPUMemoryUsed.Megabytes:5.0|#Level:Host,DeviceId:0|#hostname:amin-GF63-Thin-9SCXR,timestamp:1745575619
2025-04-25T17:06:59,508 - GPUUtilization.Percent:0.0|#Level:Host,DeviceId:0|#hostname:amin-GF63-Thin-9SCXR,timestamp:1745575619
2025-04-25T17:06:59,508 - MemoryAvailable.Megabytes:10263.8203125|#Level:Host|#hostname:amin-GF63-Thin-9SCXR,timestamp:1745575619
2025-04-25T17:06:59,509 - MemoryUsed.Megabytes:4292.1328125|#Level:Host|#hostname:amin-GF63-Thin-9SCXR,timestamp:1745575619
2025-04-25T17:06:59,509 - MemoryUtilization.Percent:35.2|#Level:Host|#hostname:amin-GF63-Thin-9SCXR,timestamp:1745575619
2025-04-25T17:07:00,106 - WorkerThreadTime.Milliseconds:2.0|#Level:Host|#hostname:amin-GF63-Thin-9SCXR,timestamp:1745575620
2025-04-25T17:07:02,411 - WorkerThreadTime.Milliseconds:1.0|#Level:Host|#hostname:amin-GF63-Thin-9SCXR,timestamp:1745575622
2025-04-25T17:07:04,749 - WorkerThreadTime.Milliseconds:0.0|#Level:Host|#hostname:amin-GF63-Thin-9SCXR,timestamp:1745575624
2025-04-25T17:07:08,084 - WorkerThreadTime.Milliseconds:0.0|#Level:Host|#hostname:amin-GF63-Thin-9SCXR,timestamp:1745575628
2025-04-25T17:07:12,275 - WorkerThreadTime.Milliseconds:0.0|#Level:Host|#hostname:amin-GF63-Thin-9SCXR,timestamp:1745575632
2025-04-25T17:07:18,490 - WorkerThreadTime.Milliseconds:0.0|#Level:Host|#hostname:amin-GF63-Thin-9SCXR,timestamp:1745575638
2025-04-25T17:07:18,971 - Requests4XX.Count:1.0|#Level:Host|#hostname:amin-GF63-Thin-9SCXR,timestamp:1745575638
2025-04-25T17:07:27,698 - WorkerThreadTime.Milliseconds:0.0|#Level:Host|#hostname:amin-GF63-Thin-9SCXR,timestamp:1745575647
2025-04-25T17:07:43,439 - WorkerThreadTime.Milliseconds:2.0|#Level:Host|#hostname:amin-GF63-Thin-9SCXR,timestamp:1745575663
2025-04-25T17:07:59,472 - CPUUtilization.Percent:0.0|#Level:Host|#hostname:amin-GF63-Thin-9SCXR,timestamp:1745575679
2025-04-25T17:07:59,472 - DiskAvailable.Gigabytes:0.242767333984375|#Level:Host|#hostname:amin-GF63-Thin-9SCXR,timestamp:1745575679
2025-04-25T17:07:59,472 - DiskUsage.Gigabytes:95.99029541015625|#Level:Host|#hostname:amin-GF63-Thin-9SCXR,timestamp:1745575679
2025-04-25T17:07:59,473 - DiskUtilization.Percent:99.7|#Level:Host|#hostname:amin-GF63-Thin-9SCXR,timestamp:1745575679
2025-04-25T17:07:59,473 - GPUMemoryUtilization.Percent:0.1220703125|#Level:Host,DeviceId:0|#hostname:amin-GF63-Thin-9SCXR,timestamp:1745575679
2025-04-25T17:07:59,473 - GPUMemoryUsed.Megabytes:5.0|#Level:Host,DeviceId:0|#hostname:amin-GF63-Thin-9SCXR,timestamp:1745575679
2025-04-25T17:07:59,473 - GPUUtilization.Percent:0.0|#Level:Host,DeviceId:0|#hostname:amin-GF63-Thin-9SCXR,timestamp:1745575679
2025-04-25T17:07:59,473 - MemoryAvailable.Megabytes:9984.8984375|#Level:Host|#hostname:amin-GF63-Thin-9SCXR,timestamp:1745575679
2025-04-25T17:07:59,473 - MemoryUsed.Megabytes:4641.98046875|#Level:Host|#hostname:amin-GF63-Thin-9SCXR,timestamp:1745575679
2025-04-25T17:07:59,473 - MemoryUtilization.Percent:36.9|#Level:Host|#hostname:amin-GF63-Thin-9SCXR,timestamp:1745575679
2025-04-25T17:08:05,595 - WorkerThreadTime.Milliseconds:1.0|#Level:Host|#hostname:amin-GF63-Thin-9SCXR,timestamp:1745575685
2025-04-25T17:09:08,881 - CPUUtilization.Percent:0.0|#Level:Host|#hostname:amin-GF63-Thin-9SCXR,timestamp:1745575748
2025-04-25T17:09:08,881 - DiskAvailable.Gigabytes:0.24266815185546875|#Level:Host|#hostname:amin-GF63-Thin-9SCXR,timestamp:1745575748
2025-04-25T17:09:08,882 - DiskUsage.Gigabytes:95.99039459228516|#Level:Host|#hostname:amin-GF63-Thin-9SCXR,timestamp:1745575748
2025-04-25T17:09:08,882 - DiskUtilization.Percent:99.7|#Level:Host|#hostname:amin-GF63-Thin-9SCXR,timestamp:1745575748
2025-04-25T17:09:08,882 - GPUMemoryUtilization.Percent:0.1220703125|#Level:Host,DeviceId:0|#hostname:amin-GF63-Thin-9SCXR,timestamp:1745575748
2025-04-25T17:09:08,882 - GPUMemoryUsed.Megabytes:5.0|#Level:Host,DeviceId:0|#hostname:amin-GF63-Thin-9SCXR,timestamp:1745575748
2025-04-25T17:09:08,883 - GPUUtilization.Percent:0.0|#Level:Host,DeviceId:0|#hostname:amin-GF63-Thin-9SCXR,timestamp:1745575748
2025-04-25T17:09:08,883 - MemoryAvailable.Megabytes:10119.98046875|#Level:Host|#hostname:amin-GF63-Thin-9SCXR,timestamp:1745575748
2025-04-25T17:09:08,883 - MemoryUsed.Megabytes:4496.8203125|#Level:Host|#hostname:amin-GF63-Thin-9SCXR,timestamp:1745575748
2025-04-25T17:09:08,883 - MemoryUtilization.Percent:36.1|#Level:Host|#hostname:amin-GF63-Thin-9SCXR,timestamp:1745575748
2025-04-25T17:09:09,464 - WorkerThreadTime.Milliseconds:2.0|#Level:Host|#hostname:amin-GF63-Thin-9SCXR,timestamp:1745575749
2025-04-25T17:09:11,632 - WorkerThreadTime.Milliseconds:0.0|#Level:Host|#hostname:amin-GF63-Thin-9SCXR,timestamp:1745575751
2025-04-25T17:09:13,824 - WorkerThreadTime.Milliseconds:0.0|#Level:Host|#hostname:amin-GF63-Thin-9SCXR,timestamp:1745575753
2025-04-25T17:09:17,159 - WorkerThreadTime.Milliseconds:1.0|#Level:Host|#hostname:amin-GF63-Thin-9SCXR,timestamp:1745575757
2025-04-25T17:09:21,529 - WorkerThreadTime.Milliseconds:1.0|#Level:Host|#hostname:amin-GF63-Thin-9SCXR,timestamp:1745575761
2025-04-25T17:09:27,757 - WorkerThreadTime.Milliseconds:1.0|#Level:Host|#hostname:amin-GF63-Thin-9SCXR,timestamp:1745575767
2025-04-25T17:09:36,664 - ts_inference_requests_total.Count:1.0|#model_name:cifar10,model_version:default|#hostname:amin-GF63-Thin-9SCXR,timestamp:1745575776
2025-04-25T17:09:36,957 - WorkerThreadTime.Milliseconds:0.0|#Level:Host|#hostname:amin-GF63-Thin-9SCXR,timestamp:1745575776
2025-04-25T17:09:36,963 - Requests5XX.Count:1.0|#Level:Host|#hostname:amin-GF63-Thin-9SCXR,timestamp:1745575776
2025-04-25T17:09:45,910 - ts_inference_requests_total.Count:1.0|#model_name:cifar10,model_version:default|#hostname:amin-GF63-Thin-9SCXR,timestamp:1745575785
2025-04-25T17:09:52,719 - WorkerThreadTime.Milliseconds:0.0|#Level:Host|#hostname:amin-GF63-Thin-9SCXR,timestamp:1745575792
2025-04-25T17:09:52,720 - Requests5XX.Count:1.0|#Level:Host|#hostname:amin-GF63-Thin-9SCXR,timestamp:1745575792
2025-04-25T17:10:08,840 - CPUUtilization.Percent:0.0|#Level:Host|#hostname:amin-GF63-Thin-9SCXR,timestamp:1745575808
2025-04-25T17:10:08,840 - DiskAvailable.Gigabytes:0.24241256713867188|#Level:Host|#hostname:amin-GF63-Thin-9SCXR,timestamp:1745575808
2025-04-25T17:10:08,840 - DiskUsage.Gigabytes:95.99065017700195|#Level:Host|#hostname:amin-GF63-Thin-9SCXR,timestamp:1745575808
2025-04-25T17:10:08,840 - DiskUtilization.Percent:99.7|#Level:Host|#hostname:amin-GF63-Thin-9SCXR,timestamp:1745575808
2025-04-25T17:10:08,840 - GPUMemoryUtilization.Percent:0.1220703125|#Level:Host,DeviceId:0|#hostname:amin-GF63-Thin-9SCXR,timestamp:1745575808
2025-04-25T17:10:08,841 - GPUMemoryUsed.Megabytes:5.0|#Level:Host,DeviceId:0|#hostname:amin-GF63-Thin-9SCXR,timestamp:1745575808
2025-04-25T17:10:08,841 - GPUUtilization.Percent:0.0|#Level:Host,DeviceId:0|#hostname:amin-GF63-Thin-9SCXR,timestamp:1745575808
2025-04-25T17:10:08,841 - MemoryAvailable.Megabytes:9957.60546875|#Level:Host|#hostname:amin-GF63-Thin-9SCXR,timestamp:1745575808
2025-04-25T17:10:08,841 - MemoryUsed.Megabytes:4662.78125|#Level:Host|#hostname:amin-GF63-Thin-9SCXR,timestamp:1745575808
2025-04-25T17:10:08,841 - MemoryUtilization.Percent:37.1|#Level:Host|#hostname:amin-GF63-Thin-9SCXR,timestamp:1745575808
2025-04-25T17:10:14,887 - WorkerThreadTime.Milliseconds:0.0|#Level:Host|#hostname:amin-GF63-Thin-9SCXR,timestamp:1745575814
2025-04-25T17:10:51,604 - WorkerThreadTime.Milliseconds:1.0|#Level:Host|#hostname:amin-GF63-Thin-9SCXR,timestamp:1745575851
2025-04-25T17:11:49,464 - WorkerThreadTime.Milliseconds:1.0|#Level:Host|#hostname:amin-GF63-Thin-9SCXR,timestamp:1745575909
2025-04-25T17:13:42,081 - CPUUtilization.Percent:100.0|#Level:Host|#hostname:amin-GF63-Thin-9SCXR,timestamp:1745576022
2025-04-25T17:13:42,082 - DiskAvailable.Gigabytes:0.24113845825195312|#Level:Host|#hostname:amin-GF63-Thin-9SCXR,timestamp:1745576022
2025-04-25T17:13:42,082 - DiskUsage.Gigabytes:95.99192428588867|#Level:Host|#hostname:amin-GF63-Thin-9SCXR,timestamp:1745576022
2025-04-25T17:13:42,083 - DiskUtilization.Percent:99.7|#Level:Host|#hostname:amin-GF63-Thin-9SCXR,timestamp:1745576022
2025-04-25T17:13:42,083 - GPUMemoryUtilization.Percent:0.1220703125|#Level:Host,DeviceId:0|#hostname:amin-GF63-Thin-9SCXR,timestamp:1745576022
2025-04-25T17:13:42,083 - GPUMemoryUsed.Megabytes:5.0|#Level:Host,DeviceId:0|#hostname:amin-GF63-Thin-9SCXR,timestamp:1745576022
2025-04-25T17:13:42,083 - GPUUtilization.Percent:0.0|#Level:Host,DeviceId:0|#hostname:amin-GF63-Thin-9SCXR,timestamp:1745576022
2025-04-25T17:13:42,084 - MemoryAvailable.Megabytes:10000.98046875|#Level:Host|#hostname:amin-GF63-Thin-9SCXR,timestamp:1745576022
2025-04-25T17:13:42,084 - MemoryUsed.Megabytes:4595.55078125|#Level:Host|#hostname:amin-GF63-Thin-9SCXR,timestamp:1745576022
2025-04-25T17:13:42,084 - MemoryUtilization.Percent:36.8|#Level:Host|#hostname:amin-GF63-Thin-9SCXR,timestamp:1745576022
2025-04-25T17:13:42,718 - WorkerLoadTime.Milliseconds:1314.0|#WorkerName:W-9000-cifar10_1.0,Level:Host|#hostname:amin-GF63-Thin-9SCXR,timestamp:1745576022
2025-04-25T17:13:42,718 - WorkerThreadTime.Milliseconds:2.0|#Level:Host|#hostname:amin-GF63-Thin-9SCXR,timestamp:1745576022
2025-04-25T17:13:56,412 - Requests4XX.Count:1.0|#Level:Host|#hostname:amin-GF63-Thin-9SCXR,timestamp:1745576036
2025-04-25T17:14:26,970 - CPUUtilization.Percent:50.0|#Level:Host|#hostname:amin-GF63-Thin-9SCXR,timestamp:1745576066
2025-04-25T17:14:26,970 - DiskAvailable.Gigabytes:0.24106597900390625|#Level:Host|#hostname:amin-GF63-Thin-9SCXR,timestamp:1745576066
2025-04-25T17:14:26,971 - DiskUsage.Gigabytes:95.99199676513672|#Level:Host|#hostname:amin-GF63-Thin-9SCXR,timestamp:1745576066
2025-04-25T17:14:26,971 - DiskUtilization.Percent:99.7|#Level:Host|#hostname:amin-GF63-Thin-9SCXR,timestamp:1745576066
2025-04-25T17:14:26,971 - GPUMemoryUtilization.Percent:0.1220703125|#Level:Host,DeviceId:0|#hostname:amin-GF63-Thin-9SCXR,timestamp:1745576066
2025-04-25T17:14:26,972 - GPUMemoryUsed.Megabytes:5.0|#Level:Host,DeviceId:0|#hostname:amin-GF63-Thin-9SCXR,timestamp:1745576066
2025-04-25T17:14:26,972 - GPUUtilization.Percent:0.0|#Level:Host,DeviceId:0|#hostname:amin-GF63-Thin-9SCXR,timestamp:1745576066
2025-04-25T17:14:26,972 - MemoryAvailable.Megabytes:10016.4453125|#Level:Host|#hostname:amin-GF63-Thin-9SCXR,timestamp:1745576066
2025-04-25T17:14:26,972 - MemoryUsed.Megabytes:4596.5859375|#Level:Host|#hostname:amin-GF63-Thin-9SCXR,timestamp:1745576066
2025-04-25T17:14:26,973 - MemoryUtilization.Percent:36.7|#Level:Host|#hostname:amin-GF63-Thin-9SCXR,timestamp:1745576066
2025-04-25T17:14:27,621 - WorkerLoadTime.Milliseconds:1354.0|#WorkerName:W-9000-cifar10_1.0,Level:Host|#hostname:amin-GF63-Thin-9SCXR,timestamp:1745576067
2025-04-25T17:14:27,622 - WorkerThreadTime.Milliseconds:2.0|#Level:Host|#hostname:amin-GF63-Thin-9SCXR,timestamp:1745576067
2025-04-25T17:14:41,151 - ts_inference_requests_total.Count:1.0|#model_name:cifar10,model_version:default|#hostname:amin-GF63-Thin-9SCXR,timestamp:1745576081
2025-04-25T17:14:41,170 - Requests5XX.Count:1.0|#Level:Host|#hostname:amin-GF63-Thin-9SCXR,timestamp:1745576081
2025-04-25T17:14:41,171 - WorkerThreadTime.Milliseconds:5.0|#Level:Host|#hostname:amin-GF63-Thin-9SCXR,timestamp:1745576081
2025-04-25T17:15:26,965 - CPUUtilization.Percent:0.0|#Level:Host|#hostname:amin-GF63-Thin-9SCXR,timestamp:1745576126
2025-04-25T17:15:26,965 - DiskAvailable.Gigabytes:0.24096298217773438|#Level:Host|#hostname:amin-GF63-Thin-9SCXR,timestamp:1745576126
2025-04-25T17:15:26,966 - DiskUsage.Gigabytes:95.99209976196289|#Level:Host|#hostname:amin-GF63-Thin-9SCXR,timestamp:1745576126
2025-04-25T17:15:26,966 - DiskUtilization.Percent:99.7|#Level:Host|#hostname:amin-GF63-Thin-9SCXR,timestamp:1745576126
2025-04-25T17:15:26,966 - GPUMemoryUtilization.Percent:1.9287109375|#Level:Host,DeviceId:0|#hostname:amin-GF63-Thin-9SCXR,timestamp:1745576126
2025-04-25T17:15:26,966 - GPUMemoryUsed.Megabytes:79.0|#Level:Host,DeviceId:0|#hostname:amin-GF63-Thin-9SCXR,timestamp:1745576126
2025-04-25T17:15:26,966 - GPUUtilization.Percent:0.0|#Level:Host,DeviceId:0|#hostname:amin-GF63-Thin-9SCXR,timestamp:1745576126
2025-04-25T17:15:26,966 - MemoryAvailable.Megabytes:9746.640625|#Level:Host|#hostname:amin-GF63-Thin-9SCXR,timestamp:1745576126
2025-04-25T17:15:26,967 - MemoryUsed.Megabytes:4854.87890625|#Level:Host|#hostname:amin-GF63-Thin-9SCXR,timestamp:1745576126
2025-04-25T17:15:26,967 - MemoryUtilization.Percent:38.4|#Level:Host|#hostname:amin-GF63-Thin-9SCXR,timestamp:1745576126
2025-04-25T17:16:34,985 - CPUUtilization.Percent:0.0|#Level:Host|#hostname:amin-GF63-Thin-9SCXR,timestamp:1745576194
2025-04-25T17:16:34,986 - DiskAvailable.Gigabytes:0.24431991577148438|#Level:Host|#hostname:amin-GF63-Thin-9SCXR,timestamp:1745576194
2025-04-25T17:16:34,987 - DiskUsage.Gigabytes:95.98874282836914|#Level:Host|#hostname:amin-GF63-Thin-9SCXR,timestamp:1745576194
2025-04-25T17:16:34,987 - DiskUtilization.Percent:99.7|#Level:Host|#hostname:amin-GF63-Thin-9SCXR,timestamp:1745576194
2025-04-25T17:16:34,987 - GPUMemoryUtilization.Percent:0.1220703125|#Level:Host,DeviceId:0|#hostname:amin-GF63-Thin-9SCXR,timestamp:1745576194
2025-04-25T17:16:34,987 - GPUMemoryUsed.Megabytes:5.0|#Level:Host,DeviceId:0|#hostname:amin-GF63-Thin-9SCXR,timestamp:1745576194
2025-04-25T17:16:34,988 - GPUUtilization.Percent:0.0|#Level:Host,DeviceId:0|#hostname:amin-GF63-Thin-9SCXR,timestamp:1745576194
2025-04-25T17:16:34,988 - MemoryAvailable.Megabytes:10084.34765625|#Level:Host|#hostname:amin-GF63-Thin-9SCXR,timestamp:1745576194
2025-04-25T17:16:34,988 - MemoryUsed.Megabytes:4523.58984375|#Level:Host|#hostname:amin-GF63-Thin-9SCXR,timestamp:1745576194
2025-04-25T17:16:34,988 - MemoryUtilization.Percent:36.3|#Level:Host|#hostname:amin-GF63-Thin-9SCXR,timestamp:1745576194
2025-04-25T17:16:35,673 - WorkerLoadTime.Milliseconds:1470.0|#WorkerName:W-9000-cifar10_1.0,Level:Host|#hostname:amin-GF63-Thin-9SCXR,timestamp:1745576195
2025-04-25T17:16:35,674 - WorkerThreadTime.Milliseconds:3.0|#Level:Host|#hostname:amin-GF63-Thin-9SCXR,timestamp:1745576195
2025-04-25T17:16:41,755 - ts_inference_requests_total.Count:1.0|#model_name:cifar10,model_version:default|#hostname:amin-GF63-Thin-9SCXR,timestamp:1745576201
2025-04-25T17:16:42,235 - Requests2XX.Count:1.0|#Level:Host|#hostname:amin-GF63-Thin-9SCXR,timestamp:1745576202
2025-04-25T17:16:42,235 - ts_inference_latency_microseconds.Microseconds:478408.803|#model_name:cifar10,model_version:default|#hostname:amin-GF63-Thin-9SCXR,timestamp:1745576202
2025-04-25T17:16:42,235 - ts_queue_latency_microseconds.Microseconds:154.307|#model_name:cifar10,model_version:default|#hostname:amin-GF63-Thin-9SCXR,timestamp:1745576202
2025-04-25T17:16:42,236 - QueueTime.Milliseconds:0.0|#Level:Host|#hostname:amin-GF63-Thin-9SCXR,timestamp:1745576202
2025-04-25T17:16:42,236 - WorkerThreadTime.Milliseconds:3.0|#Level:Host|#hostname:amin-GF63-Thin-9SCXR,timestamp:1745576202
2025-04-25T17:16:53,843 - ts_inference_requests_total.Count:1.0|#model_name:cifar10,model_version:default|#hostname:amin-GF63-Thin-9SCXR,timestamp:1745576213
2025-04-25T17:16:53,873 - Requests2XX.Count:1.0|#Level:Host|#hostname:amin-GF63-Thin-9SCXR,timestamp:1745576213
2025-04-25T17:16:53,874 - ts_inference_latency_microseconds.Microseconds:28430.879|#model_name:cifar10,model_version:default|#hostname:amin-GF63-Thin-9SCXR,timestamp:1745576213
2025-04-25T17:16:53,874 - ts_queue_latency_microseconds.Microseconds:121.685|#model_name:cifar10,model_version:default|#hostname:amin-GF63-Thin-9SCXR,timestamp:1745576213
2025-04-25T17:16:53,874 - QueueTime.Milliseconds:0.0|#Level:Host|#hostname:amin-GF63-Thin-9SCXR,timestamp:1745576213
2025-04-25T17:16:53,875 - WorkerThreadTime.Milliseconds:1.0|#Level:Host|#hostname:amin-GF63-Thin-9SCXR,timestamp:1745576213
2025-04-25T17:17:34,937 - CPUUtilization.Percent:0.0|#Level:Host|#hostname:amin-GF63-Thin-9SCXR,timestamp:1745576254
2025-04-25T17:17:34,937 - DiskAvailable.Gigabytes:0.24393463134765625|#Level:Host|#hostname:amin-GF63-Thin-9SCXR,timestamp:1745576254
2025-04-25T17:17:34,937 - DiskUsage.Gigabytes:95.98912811279297|#Level:Host|#hostname:amin-GF63-Thin-9SCXR,timestamp:1745576254
2025-04-25T17:17:34,938 - DiskUtilization.Percent:99.7|#Level:Host|#hostname:amin-GF63-Thin-9SCXR,timestamp:1745576254
2025-04-25T17:17:34,938 - GPUMemoryUtilization.Percent:3.1005859375|#Level:Host,DeviceId:0|#hostname:amin-GF63-Thin-9SCXR,timestamp:1745576254
2025-04-25T17:17:34,938 - GPUMemoryUsed.Megabytes:127.0|#Level:Host,DeviceId:0|#hostname:amin-GF63-Thin-9SCXR,timestamp:1745576254
2025-04-25T17:17:34,938 - GPUUtilization.Percent:0.0|#Level:Host,DeviceId:0|#hostname:amin-GF63-Thin-9SCXR,timestamp:1745576254
2025-04-25T17:17:34,938 - MemoryAvailable.Megabytes:9665.84765625|#Level:Host|#hostname:amin-GF63-Thin-9SCXR,timestamp:1745576254
2025-04-25T17:17:34,938 - MemoryUsed.Megabytes:4958.64453125|#Level:Host|#hostname:amin-GF63-Thin-9SCXR,timestamp:1745576254
2025-04-25T17:17:34,939 - MemoryUtilization.Percent:39.0|#Level:Host|#hostname:amin-GF63-Thin-9SCXR,timestamp:1745576254
2025-04-25T17:17:59,889 - ts_inference_requests_total.Count:1.0|#model_name:cifar10,model_version:default|#hostname:amin-GF63-Thin-9SCXR,timestamp:1745576279
2025-04-25T17:17:59,929 - Requests2XX.Count:1.0|#Level:Host|#hostname:amin-GF63-Thin-9SCXR,timestamp:1745576279
2025-04-25T17:17:59,929 - ts_inference_latency_microseconds.Microseconds:38778.577|#model_name:cifar10,model_version:default|#hostname:amin-GF63-Thin-9SCXR,timestamp:1745576279
2025-04-25T17:17:59,929 - ts_queue_latency_microseconds.Microseconds:55.467|#model_name:cifar10,model_version:default|#hostname:amin-GF63-Thin-9SCXR,timestamp:1745576279
2025-04-25T17:17:59,929 - QueueTime.Milliseconds:0.0|#Level:Host|#hostname:amin-GF63-Thin-9SCXR,timestamp:1745576279
2025-04-25T17:17:59,929 - WorkerThreadTime.Milliseconds:1.0|#Level:Host|#hostname:amin-GF63-Thin-9SCXR,timestamp:1745576279
2025-04-25T17:18:04,320 - ts_inference_requests_total.Count:1.0|#model_name:cifar10,model_version:default|#hostname:amin-GF63-Thin-9SCXR,timestamp:1745576284
2025-04-25T17:18:04,342 - Requests2XX.Count:1.0|#Level:Host|#hostname:amin-GF63-Thin-9SCXR,timestamp:1745576284
2025-04-25T17:18:04,343 - ts_inference_latency_microseconds.Microseconds:21840.595|#model_name:cifar10,model_version:default|#hostname:amin-GF63-Thin-9SCXR,timestamp:1745576284
2025-04-25T17:18:04,343 - ts_queue_latency_microseconds.Microseconds:64.198|#model_name:cifar10,model_version:default|#hostname:amin-GF63-Thin-9SCXR,timestamp:1745576284
2025-04-25T17:18:04,343 - QueueTime.Milliseconds:0.0|#Level:Host|#hostname:amin-GF63-Thin-9SCXR,timestamp:1745576284
2025-04-25T17:18:04,343 - WorkerThreadTime.Milliseconds:2.0|#Level:Host|#hostname:amin-GF63-Thin-9SCXR,timestamp:1745576284
2025-04-25T17:18:24,218 - ts_inference_requests_total.Count:1.0|#model_name:cifar10,model_version:default|#hostname:amin-GF63-Thin-9SCXR,timestamp:1745576304
2025-04-25T17:18:24,256 - Requests2XX.Count:1.0|#Level:Host|#hostname:amin-GF63-Thin-9SCXR,timestamp:1745576304
2025-04-25T17:18:24,256 - ts_inference_latency_microseconds.Microseconds:34461.58|#model_name:cifar10,model_version:default|#hostname:amin-GF63-Thin-9SCXR,timestamp:1745576304
2025-04-25T17:18:24,256 - ts_queue_latency_microseconds.Microseconds:58.707|#model_name:cifar10,model_version:default|#hostname:amin-GF63-Thin-9SCXR,timestamp:1745576304
2025-04-25T17:18:24,256 - QueueTime.Milliseconds:0.0|#Level:Host|#hostname:amin-GF63-Thin-9SCXR,timestamp:1745576304
2025-04-25T17:18:24,257 - WorkerThreadTime.Milliseconds:4.0|#Level:Host|#hostname:amin-GF63-Thin-9SCXR,timestamp:1745576304
2025-04-25T17:18:34,991 - CPUUtilization.Percent:0.0|#Level:Host|#hostname:amin-GF63-Thin-9SCXR,timestamp:1745576314
2025-04-25T17:18:34,992 - DiskAvailable.Gigabytes:0.2437744140625|#Level:Host|#hostname:amin-GF63-Thin-9SCXR,timestamp:1745576314
2025-04-25T17:18:34,992 - DiskUsage.Gigabytes:95.98928833007812|#Level:Host|#hostname:amin-GF63-Thin-9SCXR,timestamp:1745576314
2025-04-25T17:18:34,992 - DiskUtilization.Percent:99.7|#Level:Host|#hostname:amin-GF63-Thin-9SCXR,timestamp:1745576314
2025-04-25T17:18:34,992 - GPUMemoryUtilization.Percent:3.1005859375|#Level:Host,DeviceId:0|#hostname:amin-GF63-Thin-9SCXR,timestamp:1745576314
2025-04-25T17:18:34,992 - GPUMemoryUsed.Megabytes:127.0|#Level:Host,DeviceId:0|#hostname:amin-GF63-Thin-9SCXR,timestamp:1745576314
2025-04-25T17:18:34,992 - GPUUtilization.Percent:0.0|#Level:Host,DeviceId:0|#hostname:amin-GF63-Thin-9SCXR,timestamp:1745576314
2025-04-25T17:18:34,992 - MemoryAvailable.Megabytes:9637.54296875|#Level:Host|#hostname:amin-GF63-Thin-9SCXR,timestamp:1745576314
2025-04-25T17:18:34,992 - MemoryUsed.Megabytes:4966.55078125|#Level:Host|#hostname:amin-GF63-Thin-9SCXR,timestamp:1745576314
2025-04-25T17:18:34,993 - MemoryUtilization.Percent:39.1|#Level:Host|#hostname:amin-GF63-Thin-9SCXR,timestamp:1745576314
2025-04-25T17:19:34,891 - CPUUtilization.Percent:0.0|#Level:Host|#hostname:amin-GF63-Thin-9SCXR,timestamp:1745576374
2025-04-25T17:19:34,892 - DiskAvailable.Gigabytes:0.24364852905273438|#Level:Host|#hostname:amin-GF63-Thin-9SCXR,timestamp:1745576374
2025-04-25T17:19:34,892 - DiskUsage.Gigabytes:95.98941421508789|#Level:Host|#hostname:amin-GF63-Thin-9SCXR,timestamp:1745576374
2025-04-25T17:19:34,892 - DiskUtilization.Percent:99.7|#Level:Host|#hostname:amin-GF63-Thin-9SCXR,timestamp:1745576374
2025-04-25T17:19:34,892 - GPUMemoryUtilization.Percent:3.1005859375|#Level:Host,DeviceId:0|#hostname:amin-GF63-Thin-9SCXR,timestamp:1745576374
2025-04-25T17:19:34,892 - GPUMemoryUsed.Megabytes:127.0|#Level:Host,DeviceId:0|#hostname:amin-GF63-Thin-9SCXR,timestamp:1745576374
2025-04-25T17:19:34,892 - GPUUtilization.Percent:0.0|#Level:Host,DeviceId:0|#hostname:amin-GF63-Thin-9SCXR,timestamp:1745576374
2025-04-25T17:19:34,892 - MemoryAvailable.Megabytes:9609.85546875|#Level:Host|#hostname:amin-GF63-Thin-9SCXR,timestamp:1745576374
2025-04-25T17:19:34,893 - MemoryUsed.Megabytes:4958.9765625|#Level:Host|#hostname:amin-GF63-Thin-9SCXR,timestamp:1745576374
2025-04-25T17:19:34,893 - MemoryUtilization.Percent:39.3|#Level:Host|#hostname:amin-GF63-Thin-9SCXR,timestamp:1745576374
2025-04-25T17:20:34,861 - CPUUtilization.Percent:0.0|#Level:Host|#hostname:amin-GF63-Thin-9SCXR,timestamp:1745576434
2025-04-25T17:20:34,861 - DiskAvailable.Gigabytes:0.2439422607421875|#Level:Host|#hostname:amin-GF63-Thin-9SCXR,timestamp:1745576434
2025-04-25T17:20:34,861 - DiskUsage.Gigabytes:95.98912048339844|#Level:Host|#hostname:amin-GF63-Thin-9SCXR,timestamp:1745576434
2025-04-25T17:20:34,862 - DiskUtilization.Percent:99.7|#Level:Host|#hostname:amin-GF63-Thin-9SCXR,timestamp:1745576434
2025-04-25T17:20:34,862 - GPUMemoryUtilization.Percent:3.1005859375|#Level:Host,DeviceId:0|#hostname:amin-GF63-Thin-9SCXR,timestamp:1745576434
2025-04-25T17:20:34,862 - GPUMemoryUsed.Megabytes:127.0|#Level:Host,DeviceId:0|#hostname:amin-GF63-Thin-9SCXR,timestamp:1745576434
2025-04-25T17:20:34,862 - GPUUtilization.Percent:0.0|#Level:Host,DeviceId:0|#hostname:amin-GF63-Thin-9SCXR,timestamp:1745576434
2025-04-25T17:20:34,862 - MemoryAvailable.Megabytes:9488.109375|#Level:Host|#hostname:amin-GF63-Thin-9SCXR,timestamp:1745576434
2025-04-25T17:20:34,862 - MemoryUsed.Megabytes:5050.38671875|#Level:Host|#hostname:amin-GF63-Thin-9SCXR,timestamp:1745576434
2025-04-25T17:20:34,862 - MemoryUtilization.Percent:40.1|#Level:Host|#hostname:amin-GF63-Thin-9SCXR,timestamp:1745576434
2025-04-25T17:21:34,914 - CPUUtilization.Percent:0.0|#Level:Host|#hostname:amin-GF63-Thin-9SCXR,timestamp:1745576494
2025-04-25T17:21:34,914 - DiskAvailable.Gigabytes:0.24350357055664062|#Level:Host|#hostname:amin-GF63-Thin-9SCXR,timestamp:1745576494
2025-04-25T17:21:34,914 - DiskUsage.Gigabytes:95.98955917358398|#Level:Host|#hostname:amin-GF63-Thin-9SCXR,timestamp:1745576494
2025-04-25T17:21:34,915 - DiskUtilization.Percent:99.7|#Level:Host|#hostname:amin-GF63-Thin-9SCXR,timestamp:1745576494
2025-04-25T17:21:34,915 - GPUMemoryUtilization.Percent:3.1005859375|#Level:Host,DeviceId:0|#hostname:amin-GF63-Thin-9SCXR,timestamp:1745576494
2025-04-25T17:21:34,915 - GPUMemoryUsed.Megabytes:127.0|#Level:Host,DeviceId:0|#hostname:amin-GF63-Thin-9SCXR,timestamp:1745576494
2025-04-25T17:21:34,915 - GPUUtilization.Percent:0.0|#Level:Host,DeviceId:0|#hostname:amin-GF63-Thin-9SCXR,timestamp:1745576494
2025-04-25T17:21:34,915 - MemoryAvailable.Megabytes:9555.19140625|#Level:Host|#hostname:amin-GF63-Thin-9SCXR,timestamp:1745576494
2025-04-25T17:21:34,915 - MemoryUsed.Megabytes:5041.2890625|#Level:Host|#hostname:amin-GF63-Thin-9SCXR,timestamp:1745576494
2025-04-25T17:21:34,915 - MemoryUtilization.Percent:39.7|#Level:Host|#hostname:amin-GF63-Thin-9SCXR,timestamp:1745576494
2025-04-25T17:22:34,904 - CPUUtilization.Percent:0.0|#Level:Host|#hostname:amin-GF63-Thin-9SCXR,timestamp:1745576554
2025-04-25T17:22:34,904 - DiskAvailable.Gigabytes:0.24340438842773438|#Level:Host|#hostname:amin-GF63-Thin-9SCXR,timestamp:1745576554
2025-04-25T17:22:34,904 - DiskUsage.Gigabytes:95.98965835571289|#Level:Host|#hostname:amin-GF63-Thin-9SCXR,timestamp:1745576554
2025-04-25T17:22:34,905 - DiskUtilization.Percent:99.7|#Level:Host|#hostname:amin-GF63-Thin-9SCXR,timestamp:1745576554
2025-04-25T17:22:34,905 - GPUMemoryUtilization.Percent:3.1005859375|#Level:Host,DeviceId:0|#hostname:amin-GF63-Thin-9SCXR,timestamp:1745576554
2025-04-25T17:22:34,905 - GPUMemoryUsed.Megabytes:127.0|#Level:Host,DeviceId:0|#hostname:amin-GF63-Thin-9SCXR,timestamp:1745576554
2025-04-25T17:22:34,905 - GPUUtilization.Percent:0.0|#Level:Host,DeviceId:0|#hostname:amin-GF63-Thin-9SCXR,timestamp:1745576554
2025-04-25T17:22:34,905 - MemoryAvailable.Megabytes:9530.6328125|#Level:Host|#hostname:amin-GF63-Thin-9SCXR,timestamp:1745576554
2025-04-25T17:22:34,905 - MemoryUsed.Megabytes:5065.3984375|#Level:Host|#hostname:amin-GF63-Thin-9SCXR,timestamp:1745576554
2025-04-25T17:22:34,905 - MemoryUtilization.Percent:39.8|#Level:Host|#hostname:amin-GF63-Thin-9SCXR,timestamp:1745576554
2025-04-25T17:23:34,867 - CPUUtilization.Percent:0.0|#Level:Host|#hostname:amin-GF63-Thin-9SCXR,timestamp:1745576614
2025-04-25T17:23:34,867 - DiskAvailable.Gigabytes:0.24337387084960938|#Level:Host|#hostname:amin-GF63-Thin-9SCXR,timestamp:1745576614
2025-04-25T17:23:34,867 - DiskUsage.Gigabytes:95.98968887329102|#Level:Host|#hostname:amin-GF63-Thin-9SCXR,timestamp:1745576614
2025-04-25T17:23:34,867 - DiskUtilization.Percent:99.7|#Level:Host|#hostname:amin-GF63-Thin-9SCXR,timestamp:1745576614
2025-04-25T17:23:34,867 - GPUMemoryUtilization.Percent:3.1005859375|#Level:Host,DeviceId:0|#hostname:amin-GF63-Thin-9SCXR,timestamp:1745576614
2025-04-25T17:23:34,868 - GPUMemoryUsed.Megabytes:127.0|#Level:Host,DeviceId:0|#hostname:amin-GF63-Thin-9SCXR,timestamp:1745576614
2025-04-25T17:23:34,868 - GPUUtilization.Percent:0.0|#Level:Host,DeviceId:0|#hostname:amin-GF63-Thin-9SCXR,timestamp:1745576614
2025-04-25T17:23:34,868 - MemoryAvailable.Megabytes:9549.91015625|#Level:Host|#hostname:amin-GF63-Thin-9SCXR,timestamp:1745576614
2025-04-25T17:23:34,868 - MemoryUsed.Megabytes:5047.0546875|#Level:Host|#hostname:amin-GF63-Thin-9SCXR,timestamp:1745576614
2025-04-25T17:23:34,868 - MemoryUtilization.Percent:39.7|#Level:Host|#hostname:amin-GF63-Thin-9SCXR,timestamp:1745576614
2025-04-25T17:24:34,892 - CPUUtilization.Percent:0.0|#Level:Host|#hostname:amin-GF63-Thin-9SCXR,timestamp:1745576674
2025-04-25T17:24:34,893 - DiskAvailable.Gigabytes:0.24332427978515625|#Level:Host|#hostname:amin-GF63-Thin-9SCXR,timestamp:1745576674
2025-04-25T17:24:34,893 - DiskUsage.Gigabytes:95.98973846435547|#Level:Host|#hostname:amin-GF63-Thin-9SCXR,timestamp:1745576674
2025-04-25T17:24:34,893 - DiskUtilization.Percent:99.7|#Level:Host|#hostname:amin-GF63-Thin-9SCXR,timestamp:1745576674
2025-04-25T17:24:34,893 - GPUMemoryUtilization.Percent:3.1005859375|#Level:Host,DeviceId:0|#hostname:amin-GF63-Thin-9SCXR,timestamp:1745576674
2025-04-25T17:24:34,893 - GPUMemoryUsed.Megabytes:127.0|#Level:Host,DeviceId:0|#hostname:amin-GF63-Thin-9SCXR,timestamp:1745576674
2025-04-25T17:24:34,893 - GPUUtilization.Percent:0.0|#Level:Host,DeviceId:0|#hostname:amin-GF63-Thin-9SCXR,timestamp:1745576674
2025-04-25T17:24:34,893 - MemoryAvailable.Megabytes:9552.0078125|#Level:Host|#hostname:amin-GF63-Thin-9SCXR,timestamp:1745576674
2025-04-25T17:24:34,894 - MemoryUsed.Megabytes:5039.32421875|#Level:Host|#hostname:amin-GF63-Thin-9SCXR,timestamp:1745576674
2025-04-25T17:24:34,894 - MemoryUtilization.Percent:39.7|#Level:Host|#hostname:amin-GF63-Thin-9SCXR,timestamp:1745576674
2025-04-25T17:25:34,922 - CPUUtilization.Percent:0.0|#Level:Host|#hostname:amin-GF63-Thin-9SCXR,timestamp:1745576734
2025-04-25T17:25:34,922 - DiskAvailable.Gigabytes:0.2432098388671875|#Level:Host|#hostname:amin-GF63-Thin-9SCXR,timestamp:1745576734
2025-04-25T17:25:34,922 - DiskUsage.Gigabytes:95.98985290527344|#Level:Host|#hostname:amin-GF63-Thin-9SCXR,timestamp:1745576734
2025-04-25T17:25:34,922 - DiskUtilization.Percent:99.7|#Level:Host|#hostname:amin-GF63-Thin-9SCXR,timestamp:1745576734
2025-04-25T17:25:34,922 - GPUMemoryUtilization.Percent:3.1005859375|#Level:Host,DeviceId:0|#hostname:amin-GF63-Thin-9SCXR,timestamp:1745576734
2025-04-25T17:25:34,923 - GPUMemoryUsed.Megabytes:127.0|#Level:Host,DeviceId:0|#hostname:amin-GF63-Thin-9SCXR,timestamp:1745576734
2025-04-25T17:25:34,923 - GPUUtilization.Percent:0.0|#Level:Host,DeviceId:0|#hostname:amin-GF63-Thin-9SCXR,timestamp:1745576734
2025-04-25T17:25:34,923 - MemoryAvailable.Megabytes:9553.3046875|#Level:Host|#hostname:amin-GF63-Thin-9SCXR,timestamp:1745576734
2025-04-25T17:25:34,923 - MemoryUsed.Megabytes:5103.65625|#Level:Host|#hostname:amin-GF63-Thin-9SCXR,timestamp:1745576734
2025-04-25T17:25:34,923 - MemoryUtilization.Percent:39.7|#Level:Host|#hostname:amin-GF63-Thin-9SCXR,timestamp:1745576734
2025-04-25T17:26:34,856 - CPUUtilization.Percent:0.0|#Level:Host|#hostname:amin-GF63-Thin-9SCXR,timestamp:1745576794
2025-04-25T17:26:34,856 - DiskAvailable.Gigabytes:0.24300384521484375|#Level:Host|#hostname:amin-GF63-Thin-9SCXR,timestamp:1745576794
2025-04-25T17:26:34,857 - DiskUsage.Gigabytes:95.99005889892578|#Level:Host|#hostname:amin-GF63-Thin-9SCXR,timestamp:1745576794
2025-04-25T17:26:34,857 - DiskUtilization.Percent:99.7|#Level:Host|#hostname:amin-GF63-Thin-9SCXR,timestamp:1745576794
2025-04-25T17:26:34,857 - GPUMemoryUtilization.Percent:3.1005859375|#Level:Host,DeviceId:0|#hostname:amin-GF63-Thin-9SCXR,timestamp:1745576794
2025-04-25T17:26:34,857 - GPUMemoryUsed.Megabytes:127.0|#Level:Host,DeviceId:0|#hostname:amin-GF63-Thin-9SCXR,timestamp:1745576794
2025-04-25T17:26:34,857 - GPUUtilization.Percent:0.0|#Level:Host,DeviceId:0|#hostname:amin-GF63-Thin-9SCXR,timestamp:1745576794
2025-04-25T17:26:34,857 - MemoryAvailable.Megabytes:9594.65625|#Level:Host|#hostname:amin-GF63-Thin-9SCXR,timestamp:1745576794
2025-04-25T17:26:34,857 - MemoryUsed.Megabytes:5055.2421875|#Level:Host|#hostname:amin-GF63-Thin-9SCXR,timestamp:1745576794
2025-04-25T17:26:34,857 - MemoryUtilization.Percent:39.4|#Level:Host|#hostname:amin-GF63-Thin-9SCXR,timestamp:1745576794
2025-04-25T17:27:34,933 - CPUUtilization.Percent:0.0|#Level:Host|#hostname:amin-GF63-Thin-9SCXR,timestamp:1745576854
2025-04-25T17:27:34,933 - DiskAvailable.Gigabytes:0.24283218383789062|#Level:Host|#hostname:amin-GF63-Thin-9SCXR,timestamp:1745576854
2025-04-25T17:27:34,933 - DiskUsage.Gigabytes:95.99023056030273|#Level:Host|#hostname:amin-GF63-Thin-9SCXR,timestamp:1745576854
2025-04-25T17:27:34,933 - DiskUtilization.Percent:99.7|#Level:Host|#hostname:amin-GF63-Thin-9SCXR,timestamp:1745576854
2025-04-25T17:27:34,933 - GPUMemoryUtilization.Percent:3.1005859375|#Level:Host,DeviceId:0|#hostname:amin-GF63-Thin-9SCXR,timestamp:1745576854
2025-04-25T17:27:34,933 - GPUMemoryUsed.Megabytes:127.0|#Level:Host,DeviceId:0|#hostname:amin-GF63-Thin-9SCXR,timestamp:1745576854
2025-04-25T17:27:34,934 - GPUUtilization.Percent:0.0|#Level:Host,DeviceId:0|#hostname:amin-GF63-Thin-9SCXR,timestamp:1745576854
2025-04-25T17:27:34,934 - MemoryAvailable.Megabytes:9456.703125|#Level:Host|#hostname:amin-GF63-Thin-9SCXR,timestamp:1745576854
2025-04-25T17:27:34,934 - MemoryUsed.Megabytes:5113.5859375|#Level:Host|#hostname:amin-GF63-Thin-9SCXR,timestamp:1745576854
2025-04-25T17:27:34,934 - MemoryUtilization.Percent:40.3|#Level:Host|#hostname:amin-GF63-Thin-9SCXR,timestamp:1745576854
2025-04-25T17:28:34,882 - CPUUtilization.Percent:0.0|#Level:Host|#hostname:amin-GF63-Thin-9SCXR,timestamp:1745576914
2025-04-25T17:28:34,882 - DiskAvailable.Gigabytes:0.242706298828125|#Level:Host|#hostname:amin-GF63-Thin-9SCXR,timestamp:1745576914
2025-04-25T17:28:34,883 - DiskUsage.Gigabytes:95.9903564453125|#Level:Host|#hostname:amin-GF63-Thin-9SCXR,timestamp:1745576914
2025-04-25T17:28:34,883 - DiskUtilization.Percent:99.7|#Level:Host|#hostname:amin-GF63-Thin-9SCXR,timestamp:1745576914
2025-04-25T17:28:34,883 - GPUMemoryUtilization.Percent:3.1005859375|#Level:Host,DeviceId:0|#hostname:amin-GF63-Thin-9SCXR,timestamp:1745576914
2025-04-25T17:28:34,883 - GPUMemoryUsed.Megabytes:127.0|#Level:Host,DeviceId:0|#hostname:amin-GF63-Thin-9SCXR,timestamp:1745576914
2025-04-25T17:28:34,883 - GPUUtilization.Percent:0.0|#Level:Host,DeviceId:0|#hostname:amin-GF63-Thin-9SCXR,timestamp:1745576914
2025-04-25T17:28:34,883 - MemoryAvailable.Megabytes:9549.5078125|#Level:Host|#hostname:amin-GF63-Thin-9SCXR,timestamp:1745576914
2025-04-25T17:28:34,883 - MemoryUsed.Megabytes:5054.296875|#Level:Host|#hostname:amin-GF63-Thin-9SCXR,timestamp:1745576914
2025-04-25T17:28:34,883 - MemoryUtilization.Percent:39.7|#Level:Host|#hostname:amin-GF63-Thin-9SCXR,timestamp:1745576914
2025-04-25T17:29:34,899 - CPUUtilization.Percent:0.0|#Level:Host|#hostname:amin-GF63-Thin-9SCXR,timestamp:1745576974
2025-04-25T17:29:34,899 - DiskAvailable.Gigabytes:0.24253463745117188|#Level:Host|#hostname:amin-GF63-Thin-9SCXR,timestamp:1745576974
2025-04-25T17:29:34,899 - DiskUsage.Gigabytes:95.99052810668945|#Level:Host|#hostname:amin-GF63-Thin-9SCXR,timestamp:1745576974
2025-04-25T17:29:34,899 - DiskUtilization.Percent:99.7|#Level:Host|#hostname:amin-GF63-Thin-9SCXR,timestamp:1745576974
2025-04-25T17:29:34,899 - GPUMemoryUtilization.Percent:3.1005859375|#Level:Host,DeviceId:0|#hostname:amin-GF63-Thin-9SCXR,timestamp:1745576974
2025-04-25T17:29:34,900 - GPUMemoryUsed.Megabytes:127.0|#Level:Host,DeviceId:0|#hostname:amin-GF63-Thin-9SCXR,timestamp:1745576974
2025-04-25T17:29:34,900 - GPUUtilization.Percent:0.0|#Level:Host,DeviceId:0|#hostname:amin-GF63-Thin-9SCXR,timestamp:1745576974
2025-04-25T17:29:34,900 - MemoryAvailable.Megabytes:9521.24609375|#Level:Host|#hostname:amin-GF63-Thin-9SCXR,timestamp:1745576974
2025-04-25T17:29:34,900 - MemoryUsed.Megabytes:5132.08203125|#Level:Host|#hostname:amin-GF63-Thin-9SCXR,timestamp:1745576974
2025-04-25T17:29:34,900 - MemoryUtilization.Percent:39.9|#Level:Host|#hostname:amin-GF63-Thin-9SCXR,timestamp:1745576974
2025-04-25T17:30:34,874 - CPUUtilization.Percent:0.0|#Level:Host|#hostname:amin-GF63-Thin-9SCXR,timestamp:1745577034
2025-04-25T17:30:34,874 - DiskAvailable.Gigabytes:0.24242782592773438|#Level:Host|#hostname:amin-GF63-Thin-9SCXR,timestamp:1745577034
2025-04-25T17:30:34,874 - DiskUsage.Gigabytes:95.99063491821289|#Level:Host|#hostname:amin-GF63-Thin-9SCXR,timestamp:1745577034
2025-04-25T17:30:34,874 - DiskUtilization.Percent:99.7|#Level:Host|#hostname:amin-GF63-Thin-9SCXR,timestamp:1745577034
2025-04-25T17:30:34,874 - GPUMemoryUtilization.Percent:3.1005859375|#Level:Host,DeviceId:0|#hostname:amin-GF63-Thin-9SCXR,timestamp:1745577034
2025-04-25T17:30:34,874 - GPUMemoryUsed.Megabytes:127.0|#Level:Host,DeviceId:0|#hostname:amin-GF63-Thin-9SCXR,timestamp:1745577034
2025-04-25T17:30:34,874 - GPUUtilization.Percent:0.0|#Level:Host,DeviceId:0|#hostname:amin-GF63-Thin-9SCXR,timestamp:1745577034
2025-04-25T17:30:34,874 - MemoryAvailable.Megabytes:9562.82421875|#Level:Host|#hostname:amin-GF63-Thin-9SCXR,timestamp:1745577034
2025-04-25T17:30:34,874 - MemoryUsed.Megabytes:5089.92578125|#Level:Host|#hostname:amin-GF63-Thin-9SCXR,timestamp:1745577034
2025-04-25T17:30:34,875 - MemoryUtilization.Percent:39.6|#Level:Host|#hostname:amin-GF63-Thin-9SCXR,timestamp:1745577034
2025-04-25T17:31:34,891 - CPUUtilization.Percent:50.0|#Level:Host|#hostname:amin-GF63-Thin-9SCXR,timestamp:1745577094
2025-04-25T17:31:34,891 - DiskAvailable.Gigabytes:0.24207687377929688|#Level:Host|#hostname:amin-GF63-Thin-9SCXR,timestamp:1745577094
2025-04-25T17:31:34,892 - DiskUsage.Gigabytes:95.99098587036133|#Level:Host|#hostname:amin-GF63-Thin-9SCXR,timestamp:1745577094
2025-04-25T17:31:34,892 - DiskUtilization.Percent:99.7|#Level:Host|#hostname:amin-GF63-Thin-9SCXR,timestamp:1745577094
2025-04-25T17:31:34,892 - GPUMemoryUtilization.Percent:3.1005859375|#Level:Host,DeviceId:0|#hostname:amin-GF63-Thin-9SCXR,timestamp:1745577094
2025-04-25T17:31:34,892 - GPUMemoryUsed.Megabytes:127.0|#Level:Host,DeviceId:0|#hostname:amin-GF63-Thin-9SCXR,timestamp:1745577094
2025-04-25T17:31:34,892 - GPUUtilization.Percent:0.0|#Level:Host,DeviceId:0|#hostname:amin-GF63-Thin-9SCXR,timestamp:1745577094
2025-04-25T17:31:34,892 - MemoryAvailable.Megabytes:9465.55078125|#Level:Host|#hostname:amin-GF63-Thin-9SCXR,timestamp:1745577094
2025-04-25T17:31:34,892 - MemoryUsed.Megabytes:5196.9453125|#Level:Host|#hostname:amin-GF63-Thin-9SCXR,timestamp:1745577094
2025-04-25T17:31:34,892 - MemoryUtilization.Percent:40.2|#Level:Host|#hostname:amin-GF63-Thin-9SCXR,timestamp:1745577094
2025-04-25T17:32:34,896 - CPUUtilization.Percent:0.0|#Level:Host|#hostname:amin-GF63-Thin-9SCXR,timestamp:1745577154
2025-04-25T17:32:34,896 - DiskAvailable.Gigabytes:0.24200820922851562|#Level:Host|#hostname:amin-GF63-Thin-9SCXR,timestamp:1745577154
2025-04-25T17:32:34,907 - DiskUsage.Gigabytes:95.99105453491211|#Level:Host|#hostname:amin-GF63-Thin-9SCXR,timestamp:1745577154
2025-04-25T17:32:34,907 - DiskUtilization.Percent:99.7|#Level:Host|#hostname:amin-GF63-Thin-9SCXR,timestamp:1745577154
2025-04-25T17:32:34,907 - GPUMemoryUtilization.Percent:3.1005859375|#Level:Host,DeviceId:0|#hostname:amin-GF63-Thin-9SCXR,timestamp:1745577154
2025-04-25T17:32:34,907 - GPUMemoryUsed.Megabytes:127.0|#Level:Host,DeviceId:0|#hostname:amin-GF63-Thin-9SCXR,timestamp:1745577154
2025-04-25T17:32:34,907 - GPUUtilization.Percent:0.0|#Level:Host,DeviceId:0|#hostname:amin-GF63-Thin-9SCXR,timestamp:1745577154
2025-04-25T17:32:34,907 - MemoryAvailable.Megabytes:9516.14453125|#Level:Host|#hostname:amin-GF63-Thin-9SCXR,timestamp:1745577154
2025-04-25T17:32:34,908 - MemoryUsed.Megabytes:5126.078125|#Level:Host|#hostname:amin-GF63-Thin-9SCXR,timestamp:1745577154
2025-04-25T17:32:34,908 - MemoryUtilization.Percent:39.9|#Level:Host|#hostname:amin-GF63-Thin-9SCXR,timestamp:1745577154
2025-04-25T17:57:32,229 - CPUUtilization.Percent:0.0|#Level:Host|#hostname:amin-GF63-Thin-9SCXR,timestamp:1745578652
2025-04-25T17:57:32,230 - DiskAvailable.Gigabytes:0.23856353759765625|#Level:Host|#hostname:amin-GF63-Thin-9SCXR,timestamp:1745578652
2025-04-25T17:57:32,230 - DiskUsage.Gigabytes:95.99449920654297|#Level:Host|#hostname:amin-GF63-Thin-9SCXR,timestamp:1745578652
2025-04-25T17:57:32,230 - DiskUtilization.Percent:99.8|#Level:Host|#hostname:amin-GF63-Thin-9SCXR,timestamp:1745578652
2025-04-25T17:57:32,231 - GPUMemoryUtilization.Percent:0.1220703125|#Level:Host,DeviceId:0|#hostname:amin-GF63-Thin-9SCXR,timestamp:1745578652
2025-04-25T17:57:32,231 - GPUMemoryUsed.Megabytes:5.0|#Level:Host,DeviceId:0|#hostname:amin-GF63-Thin-9SCXR,timestamp:1745578652
2025-04-25T17:57:32,231 - GPUUtilization.Percent:0.0|#Level:Host,DeviceId:0|#hostname:amin-GF63-Thin-9SCXR,timestamp:1745578652
2025-04-25T17:57:32,231 - MemoryAvailable.Megabytes:9942.60546875|#Level:Host|#hostname:amin-GF63-Thin-9SCXR,timestamp:1745578652
2025-04-25T17:57:32,231 - MemoryUsed.Megabytes:4677.8984375|#Level:Host|#hostname:amin-GF63-Thin-9SCXR,timestamp:1745578652
2025-04-25T17:57:32,232 - MemoryUtilization.Percent:37.2|#Level:Host|#hostname:amin-GF63-Thin-9SCXR,timestamp:1745578652
2025-04-25T17:57:34,015 - WorkerLoadTime.Milliseconds:2534.0|#WorkerName:W-9000-cifar10_1.0,Level:Host|#hostname:amin-GF63-Thin-9SCXR,timestamp:1745578654
2025-04-25T17:57:34,015 - WorkerThreadTime.Milliseconds:1.0|#Level:Host|#hostname:amin-GF63-Thin-9SCXR,timestamp:1745578654
2025-04-25T17:57:37,962 - ts_inference_requests_total.Count:1.0|#model_name:cifar10,model_version:default|#hostname:amin-GF63-Thin-9SCXR,timestamp:1745578657
2025-04-25T17:57:37,969 - Requests5XX.Count:1.0|#Level:Host|#hostname:amin-GF63-Thin-9SCXR,timestamp:1745578657
2025-04-25T17:57:37,970 - WorkerThreadTime.Milliseconds:4.0|#Level:Host|#hostname:amin-GF63-Thin-9SCXR,timestamp:1745578657
2025-04-25T17:57:44,187 - ts_inference_requests_total.Count:1.0|#model_name:cifar10,model_version:default|#hostname:amin-GF63-Thin-9SCXR,timestamp:1745578664
2025-04-25T17:57:44,189 - Requests5XX.Count:1.0|#Level:Host|#hostname:amin-GF63-Thin-9SCXR,timestamp:1745578664
2025-04-25T17:57:44,189 - WorkerThreadTime.Milliseconds:2.0|#Level:Host|#hostname:amin-GF63-Thin-9SCXR,timestamp:1745578664
2025-04-25T17:58:32,150 - CPUUtilization.Percent:0.0|#Level:Host|#hostname:amin-GF63-Thin-9SCXR,timestamp:1745578712
2025-04-25T17:58:32,150 - DiskAvailable.Gigabytes:0.2385101318359375|#Level:Host|#hostname:amin-GF63-Thin-9SCXR,timestamp:1745578712
2025-04-25T17:58:32,150 - DiskUsage.Gigabytes:95.99455261230469|#Level:Host|#hostname:amin-GF63-Thin-9SCXR,timestamp:1745578712
2025-04-25T17:58:32,151 - DiskUtilization.Percent:99.8|#Level:Host|#hostname:amin-GF63-Thin-9SCXR,timestamp:1745578712
2025-04-25T17:58:32,151 - GPUMemoryUtilization.Percent:1.9287109375|#Level:Host,DeviceId:0|#hostname:amin-GF63-Thin-9SCXR,timestamp:1745578712
2025-04-25T17:58:32,151 - GPUMemoryUsed.Megabytes:79.0|#Level:Host,DeviceId:0|#hostname:amin-GF63-Thin-9SCXR,timestamp:1745578712
2025-04-25T17:58:32,151 - GPUUtilization.Percent:0.0|#Level:Host,DeviceId:0|#hostname:amin-GF63-Thin-9SCXR,timestamp:1745578712
2025-04-25T17:58:32,151 - MemoryAvailable.Megabytes:9613.5859375|#Level:Host|#hostname:amin-GF63-Thin-9SCXR,timestamp:1745578712
2025-04-25T17:58:32,151 - MemoryUsed.Megabytes:4992.3203125|#Level:Host|#hostname:amin-GF63-Thin-9SCXR,timestamp:1745578712
2025-04-25T17:58:32,151 - MemoryUtilization.Percent:39.3|#Level:Host|#hostname:amin-GF63-Thin-9SCXR,timestamp:1745578712
2025-04-25T17:58:37,140 - ts_inference_requests_total.Count:1.0|#model_name:cifar10,model_version:default|#hostname:amin-GF63-Thin-9SCXR,timestamp:1745578717
2025-04-25T17:58:37,142 - Requests5XX.Count:1.0|#Level:Host|#hostname:amin-GF63-Thin-9SCXR,timestamp:1745578717
2025-04-25T17:58:37,143 - WorkerThreadTime.Milliseconds:1.0|#Level:Host|#hostname:amin-GF63-Thin-9SCXR,timestamp:1745578717
2025-04-25T17:58:39,840 - ts_inference_requests_total.Count:1.0|#model_name:cifar10,model_version:default|#hostname:amin-GF63-Thin-9SCXR,timestamp:1745578719
2025-04-25T17:58:39,842 - Requests5XX.Count:1.0|#Level:Host|#hostname:amin-GF63-Thin-9SCXR,timestamp:1745578719
2025-04-25T17:58:39,843 - WorkerThreadTime.Milliseconds:1.0|#Level:Host|#hostname:amin-GF63-Thin-9SCXR,timestamp:1745578719
2025-04-25T17:58:45,499 - ts_inference_requests_total.Count:1.0|#model_name:cifar10,model_version:default|#hostname:amin-GF63-Thin-9SCXR,timestamp:1745578725
2025-04-25T17:58:45,505 - Requests5XX.Count:1.0|#Level:Host|#hostname:amin-GF63-Thin-9SCXR,timestamp:1745578725
2025-04-25T17:58:45,519 - WorkerThreadTime.Milliseconds:16.0|#Level:Host|#hostname:amin-GF63-Thin-9SCXR,timestamp:1745578725
2025-04-25T17:59:35,439 - CPUUtilization.Percent:0.0|#Level:Host|#hostname:amin-GF63-Thin-9SCXR,timestamp:1745578775
2025-04-25T17:59:35,439 - DiskAvailable.Gigabytes:0.240814208984375|#Level:Host|#hostname:amin-GF63-Thin-9SCXR,timestamp:1745578775
2025-04-25T17:59:35,440 - DiskUsage.Gigabytes:95.99224853515625|#Level:Host|#hostname:amin-GF63-Thin-9SCXR,timestamp:1745578775
2025-04-25T17:59:35,440 - DiskUtilization.Percent:99.7|#Level:Host|#hostname:amin-GF63-Thin-9SCXR,timestamp:1745578775
2025-04-25T17:59:35,440 - GPUMemoryUtilization.Percent:0.1220703125|#Level:Host,DeviceId:0|#hostname:amin-GF63-Thin-9SCXR,timestamp:1745578775
2025-04-25T17:59:35,440 - GPUMemoryUsed.Megabytes:5.0|#Level:Host,DeviceId:0|#hostname:amin-GF63-Thin-9SCXR,timestamp:1745578775
2025-04-25T17:59:35,440 - GPUUtilization.Percent:0.0|#Level:Host,DeviceId:0|#hostname:amin-GF63-Thin-9SCXR,timestamp:1745578775
2025-04-25T17:59:35,441 - MemoryAvailable.Megabytes:9868.75390625|#Level:Host|#hostname:amin-GF63-Thin-9SCXR,timestamp:1745578775
2025-04-25T17:59:35,441 - MemoryUsed.Megabytes:4745.53125|#Level:Host|#hostname:amin-GF63-Thin-9SCXR,timestamp:1745578775
2025-04-25T17:59:35,441 - MemoryUtilization.Percent:37.7|#Level:Host|#hostname:amin-GF63-Thin-9SCXR,timestamp:1745578775
2025-04-25T17:59:36,627 - WorkerLoadTime.Milliseconds:1859.0|#WorkerName:W-9000-cifar10_1.0,Level:Host|#hostname:amin-GF63-Thin-9SCXR,timestamp:1745578776
2025-04-25T17:59:36,627 - WorkerThreadTime.Milliseconds:1.0|#Level:Host|#hostname:amin-GF63-Thin-9SCXR,timestamp:1745578776
2025-04-25T17:59:42,897 - ts_inference_requests_total.Count:1.0|#model_name:cifar10,model_version:default|#hostname:amin-GF63-Thin-9SCXR,timestamp:1745578782
2025-04-25T17:59:43,081 - Requests5XX.Count:1.0|#Level:Host|#hostname:amin-GF63-Thin-9SCXR,timestamp:1745578783
2025-04-25T17:59:43,083 - WorkerThreadTime.Milliseconds:5.0|#Level:Host|#hostname:amin-GF63-Thin-9SCXR,timestamp:1745578783
2025-04-25T18:00:35,407 - CPUUtilization.Percent:50.0|#Level:Host|#hostname:amin-GF63-Thin-9SCXR,timestamp:1745578835
2025-04-25T18:00:35,407 - DiskAvailable.Gigabytes:0.24074935913085938|#Level:Host|#hostname:amin-GF63-Thin-9SCXR,timestamp:1745578835
2025-04-25T18:00:35,408 - DiskUsage.Gigabytes:95.99231338500977|#Level:Host|#hostname:amin-GF63-Thin-9SCXR,timestamp:1745578835
2025-04-25T18:00:35,408 - DiskUtilization.Percent:99.7|#Level:Host|#hostname:amin-GF63-Thin-9SCXR,timestamp:1745578835
2025-04-25T18:00:35,408 - GPUMemoryUtilization.Percent:2.6123046875|#Level:Host,DeviceId:0|#hostname:amin-GF63-Thin-9SCXR,timestamp:1745578835
2025-04-25T18:00:35,408 - GPUMemoryUsed.Megabytes:107.0|#Level:Host,DeviceId:0|#hostname:amin-GF63-Thin-9SCXR,timestamp:1745578835
2025-04-25T18:00:35,408 - GPUUtilization.Percent:0.0|#Level:Host,DeviceId:0|#hostname:amin-GF63-Thin-9SCXR,timestamp:1745578835
2025-04-25T18:00:35,408 - MemoryAvailable.Megabytes:9551.3046875|#Level:Host|#hostname:amin-GF63-Thin-9SCXR,timestamp:1745578835
2025-04-25T18:00:35,409 - MemoryUsed.Megabytes:5065.234375|#Level:Host|#hostname:amin-GF63-Thin-9SCXR,timestamp:1745578835
2025-04-25T18:00:35,409 - MemoryUtilization.Percent:39.7|#Level:Host|#hostname:amin-GF63-Thin-9SCXR,timestamp:1745578835
2025-04-25T18:01:15,044 - CPUUtilization.Percent:50.0|#Level:Host|#hostname:amin-GF63-Thin-9SCXR,timestamp:1745578875
2025-04-25T18:01:15,045 - DiskAvailable.Gigabytes:0.240509033203125|#Level:Host|#hostname:amin-GF63-Thin-9SCXR,timestamp:1745578875
2025-04-25T18:01:15,045 - DiskUsage.Gigabytes:95.9925537109375|#Level:Host|#hostname:amin-GF63-Thin-9SCXR,timestamp:1745578875
2025-04-25T18:01:15,045 - DiskUtilization.Percent:99.8|#Level:Host|#hostname:amin-GF63-Thin-9SCXR,timestamp:1745578875
2025-04-25T18:01:15,045 - GPUMemoryUtilization.Percent:0.1220703125|#Level:Host,DeviceId:0|#hostname:amin-GF63-Thin-9SCXR,timestamp:1745578875
2025-04-25T18:01:15,045 - GPUMemoryUsed.Megabytes:5.0|#Level:Host,DeviceId:0|#hostname:amin-GF63-Thin-9SCXR,timestamp:1745578875
2025-04-25T18:01:15,046 - GPUUtilization.Percent:0.0|#Level:Host,DeviceId:0|#hostname:amin-GF63-Thin-9SCXR,timestamp:1745578875
2025-04-25T18:01:15,046 - MemoryAvailable.Megabytes:9879.875|#Level:Host|#hostname:amin-GF63-Thin-9SCXR,timestamp:1745578875
2025-04-25T18:01:15,046 - MemoryUsed.Megabytes:4743.625|#Level:Host|#hostname:amin-GF63-Thin-9SCXR,timestamp:1745578875
2025-04-25T18:01:15,046 - MemoryUtilization.Percent:37.6|#Level:Host|#hostname:amin-GF63-Thin-9SCXR,timestamp:1745578875
2025-04-25T18:01:15,629 - WorkerLoadTime.Milliseconds:1293.0|#WorkerName:W-9000-cifar10_1.0,Level:Host|#hostname:amin-GF63-Thin-9SCXR,timestamp:1745578875
2025-04-25T18:01:15,629 - WorkerThreadTime.Milliseconds:2.0|#Level:Host|#hostname:amin-GF63-Thin-9SCXR,timestamp:1745578875
2025-04-25T18:01:29,485 - ts_inference_requests_total.Count:1.0|#model_name:cifar10,model_version:default|#hostname:amin-GF63-Thin-9SCXR,timestamp:1745578889
2025-04-25T18:01:29,647 - Requests2XX.Count:1.0|#Level:Host|#hostname:amin-GF63-Thin-9SCXR,timestamp:1745578889
2025-04-25T18:01:29,647 - ts_inference_latency_microseconds.Microseconds:160541.798|#model_name:cifar10,model_version:default|#hostname:amin-GF63-Thin-9SCXR,timestamp:1745578889
2025-04-25T18:01:29,647 - ts_queue_latency_microseconds.Microseconds:110.404|#model_name:cifar10,model_version:default|#hostname:amin-GF63-Thin-9SCXR,timestamp:1745578889
2025-04-25T18:01:29,647 - QueueTime.Milliseconds:0.0|#Level:Host|#hostname:amin-GF63-Thin-9SCXR,timestamp:1745578889
2025-04-25T18:01:29,648 - WorkerThreadTime.Milliseconds:2.0|#Level:Host|#hostname:amin-GF63-Thin-9SCXR,timestamp:1745578889
2025-04-25T18:02:14,987 - CPUUtilization.Percent:50.0|#Level:Host|#hostname:amin-GF63-Thin-9SCXR,timestamp:1745578934
2025-04-25T18:02:14,988 - DiskAvailable.Gigabytes:0.24113082885742188|#Level:Host|#hostname:amin-GF63-Thin-9SCXR,timestamp:1745578934
2025-04-25T18:02:14,988 - DiskUsage.Gigabytes:95.9919319152832|#Level:Host|#hostname:amin-GF63-Thin-9SCXR,timestamp:1745578934
2025-04-25T18:02:14,988 - DiskUtilization.Percent:99.7|#Level:Host|#hostname:amin-GF63-Thin-9SCXR,timestamp:1745578934
2025-04-25T18:02:14,988 - GPUMemoryUtilization.Percent:3.1005859375|#Level:Host,DeviceId:0|#hostname:amin-GF63-Thin-9SCXR,timestamp:1745578934
2025-04-25T18:02:14,988 - GPUMemoryUsed.Megabytes:127.0|#Level:Host,DeviceId:0|#hostname:amin-GF63-Thin-9SCXR,timestamp:1745578934
2025-04-25T18:02:14,989 - GPUUtilization.Percent:0.0|#Level:Host,DeviceId:0|#hostname:amin-GF63-Thin-9SCXR,timestamp:1745578934
2025-04-25T18:02:14,989 - MemoryAvailable.Megabytes:9540.37890625|#Level:Host|#hostname:amin-GF63-Thin-9SCXR,timestamp:1745578934
2025-04-25T18:02:14,989 - MemoryUsed.Megabytes:5039.625|#Level:Host|#hostname:amin-GF63-Thin-9SCXR,timestamp:1745578934
2025-04-25T18:02:14,989 - MemoryUtilization.Percent:39.8|#Level:Host|#hostname:amin-GF63-Thin-9SCXR,timestamp:1745578934
2025-04-25T18:03:14,991 - CPUUtilization.Percent:0.0|#Level:Host|#hostname:amin-GF63-Thin-9SCXR,timestamp:1745578994
2025-04-25T18:03:14,991 - DiskAvailable.Gigabytes:0.24112701416015625|#Level:Host|#hostname:amin-GF63-Thin-9SCXR,timestamp:1745578994
2025-04-25T18:03:14,991 - DiskUsage.Gigabytes:95.99193572998047|#Level:Host|#hostname:amin-GF63-Thin-9SCXR,timestamp:1745578994
2025-04-25T18:03:14,992 - DiskUtilization.Percent:99.7|#Level:Host|#hostname:amin-GF63-Thin-9SCXR,timestamp:1745578994
2025-04-25T18:03:14,992 - GPUMemoryUtilization.Percent:3.1005859375|#Level:Host,DeviceId:0|#hostname:amin-GF63-Thin-9SCXR,timestamp:1745578994
2025-04-25T18:03:14,992 - GPUMemoryUsed.Megabytes:127.0|#Level:Host,DeviceId:0|#hostname:amin-GF63-Thin-9SCXR,timestamp:1745578994
2025-04-25T18:03:14,992 - GPUUtilization.Percent:0.0|#Level:Host,DeviceId:0|#hostname:amin-GF63-Thin-9SCXR,timestamp:1745578994
2025-04-25T18:03:14,992 - MemoryAvailable.Megabytes:9553.66796875|#Level:Host|#hostname:amin-GF63-Thin-9SCXR,timestamp:1745578994
2025-04-25T18:03:14,992 - MemoryUsed.Megabytes:5046.1328125|#Level:Host|#hostname:amin-GF63-Thin-9SCXR,timestamp:1745578994
2025-04-25T18:03:14,993 - MemoryUtilization.Percent:39.7|#Level:Host|#hostname:amin-GF63-Thin-9SCXR,timestamp:1745578994
2025-04-25T18:04:14,990 - CPUUtilization.Percent:0.0|#Level:Host|#hostname:amin-GF63-Thin-9SCXR,timestamp:1745579054
2025-04-25T18:04:14,990 - DiskAvailable.Gigabytes:0.2410888671875|#Level:Host|#hostname:amin-GF63-Thin-9SCXR,timestamp:1745579054
2025-04-25T18:04:14,990 - DiskUsage.Gigabytes:95.99197387695312|#Level:Host|#hostname:amin-GF63-Thin-9SCXR,timestamp:1745579054
2025-04-25T18:04:14,990 - DiskUtilization.Percent:99.7|#Level:Host|#hostname:amin-GF63-Thin-9SCXR,timestamp:1745579054
2025-04-25T18:04:14,991 - GPUMemoryUtilization.Percent:3.1005859375|#Level:Host,DeviceId:0|#hostname:amin-GF63-Thin-9SCXR,timestamp:1745579054
2025-04-25T18:04:14,991 - GPUMemoryUsed.Megabytes:127.0|#Level:Host,DeviceId:0|#hostname:amin-GF63-Thin-9SCXR,timestamp:1745579054
2025-04-25T18:04:14,991 - GPUUtilization.Percent:0.0|#Level:Host,DeviceId:0|#hostname:amin-GF63-Thin-9SCXR,timestamp:1745579054
2025-04-25T18:04:14,991 - MemoryAvailable.Megabytes:9413.85546875|#Level:Host|#hostname:amin-GF63-Thin-9SCXR,timestamp:1745579054
2025-04-25T18:04:14,991 - MemoryUsed.Megabytes:5253.9296875|#Level:Host|#hostname:amin-GF63-Thin-9SCXR,timestamp:1745579054
2025-04-25T18:04:14,991 - MemoryUtilization.Percent:40.6|#Level:Host|#hostname:amin-GF63-Thin-9SCXR,timestamp:1745579054
2025-04-25T18:05:14,953 - CPUUtilization.Percent:0.0|#Level:Host|#hostname:amin-GF63-Thin-9SCXR,timestamp:1745579114
2025-04-25T18:05:14,953 - DiskAvailable.Gigabytes:0.24047470092773438|#Level:Host|#hostname:amin-GF63-Thin-9SCXR,timestamp:1745579114
2025-04-25T18:05:14,953 - DiskUsage.Gigabytes:95.99258804321289|#Level:Host|#hostname:amin-GF63-Thin-9SCXR,timestamp:1745579114
2025-04-25T18:05:14,953 - DiskUtilization.Percent:99.8|#Level:Host|#hostname:amin-GF63-Thin-9SCXR,timestamp:1745579114
2025-04-25T18:05:14,954 - GPUMemoryUtilization.Percent:3.1005859375|#Level:Host,DeviceId:0|#hostname:amin-GF63-Thin-9SCXR,timestamp:1745579114
2025-04-25T18:05:14,954 - GPUMemoryUsed.Megabytes:127.0|#Level:Host,DeviceId:0|#hostname:amin-GF63-Thin-9SCXR,timestamp:1745579114
2025-04-25T18:05:14,954 - GPUUtilization.Percent:0.0|#Level:Host,DeviceId:0|#hostname:amin-GF63-Thin-9SCXR,timestamp:1745579114
2025-04-25T18:05:14,954 - MemoryAvailable.Megabytes:9580.2421875|#Level:Host|#hostname:amin-GF63-Thin-9SCXR,timestamp:1745579114
2025-04-25T18:05:14,954 - MemoryUsed.Megabytes:5170.625|#Level:Host|#hostname:amin-GF63-Thin-9SCXR,timestamp:1745579114
2025-04-25T18:05:14,954 - MemoryUtilization.Percent:39.5|#Level:Host|#hostname:amin-GF63-Thin-9SCXR,timestamp:1745579114
2025-04-25T18:06:15,041 - CPUUtilization.Percent:0.0|#Level:Host|#hostname:amin-GF63-Thin-9SCXR,timestamp:1745579175
2025-04-25T18:06:15,041 - DiskAvailable.Gigabytes:0.24056625366210938|#Level:Host|#hostname:amin-GF63-Thin-9SCXR,timestamp:1745579175
2025-04-25T18:06:15,041 - DiskUsage.Gigabytes:95.99249649047852|#Level:Host|#hostname:amin-GF63-Thin-9SCXR,timestamp:1745579175
2025-04-25T18:06:15,041 - DiskUtilization.Percent:99.8|#Level:Host|#hostname:amin-GF63-Thin-9SCXR,timestamp:1745579175
2025-04-25T18:06:15,041 - GPUMemoryUtilization.Percent:3.1005859375|#Level:Host,DeviceId:0|#hostname:amin-GF63-Thin-9SCXR,timestamp:1745579175
2025-04-25T18:06:15,042 - GPUMemoryUsed.Megabytes:127.0|#Level:Host,DeviceId:0|#hostname:amin-GF63-Thin-9SCXR,timestamp:1745579175
2025-04-25T18:06:15,042 - GPUUtilization.Percent:0.0|#Level:Host,DeviceId:0|#hostname:amin-GF63-Thin-9SCXR,timestamp:1745579175
2025-04-25T18:06:15,042 - MemoryAvailable.Megabytes:9612.65625|#Level:Host|#hostname:amin-GF63-Thin-9SCXR,timestamp:1745579175
2025-04-25T18:06:15,042 - MemoryUsed.Megabytes:5080.6875|#Level:Host|#hostname:amin-GF63-Thin-9SCXR,timestamp:1745579175
2025-04-25T18:06:15,042 - MemoryUtilization.Percent:39.3|#Level:Host|#hostname:amin-GF63-Thin-9SCXR,timestamp:1745579175
2025-04-25T18:07:15,140 - CPUUtilization.Percent:0.0|#Level:Host|#hostname:amin-GF63-Thin-9SCXR,timestamp:1745579235
2025-04-25T18:07:15,141 - DiskAvailable.Gigabytes:0.24053573608398438|#Level:Host|#hostname:amin-GF63-Thin-9SCXR,timestamp:1745579235
2025-04-25T18:07:15,141 - DiskUsage.Gigabytes:95.99252700805664|#Level:Host|#hostname:amin-GF63-Thin-9SCXR,timestamp:1745579235
2025-04-25T18:07:15,141 - DiskUtilization.Percent:99.8|#Level:Host|#hostname:amin-GF63-Thin-9SCXR,timestamp:1745579235
2025-04-25T18:07:15,141 - GPUMemoryUtilization.Percent:3.1005859375|#Level:Host,DeviceId:0|#hostname:amin-GF63-Thin-9SCXR,timestamp:1745579235
2025-04-25T18:07:15,142 - GPUMemoryUsed.Megabytes:127.0|#Level:Host,DeviceId:0|#hostname:amin-GF63-Thin-9SCXR,timestamp:1745579235
2025-04-25T18:07:15,142 - GPUUtilization.Percent:0.0|#Level:Host,DeviceId:0|#hostname:amin-GF63-Thin-9SCXR,timestamp:1745579235
2025-04-25T18:07:15,142 - MemoryAvailable.Megabytes:9336.5625|#Level:Host|#hostname:amin-GF63-Thin-9SCXR,timestamp:1745579235
2025-04-25T18:07:15,142 - MemoryUsed.Megabytes:5330.27734375|#Level:Host|#hostname:amin-GF63-Thin-9SCXR,timestamp:1745579235
2025-04-25T18:07:15,142 - MemoryUtilization.Percent:41.0|#Level:Host|#hostname:amin-GF63-Thin-9SCXR,timestamp:1745579235
2025-04-25T18:08:15,052 - CPUUtilization.Percent:0.0|#Level:Host|#hostname:amin-GF63-Thin-9SCXR,timestamp:1745579295
2025-04-25T18:08:15,052 - DiskAvailable.Gigabytes:0.24010467529296875|#Level:Host|#hostname:amin-GF63-Thin-9SCXR,timestamp:1745579295
2025-04-25T18:08:15,052 - DiskUsage.Gigabytes:95.99295806884766|#Level:Host|#hostname:amin-GF63-Thin-9SCXR,timestamp:1745579295
2025-04-25T18:08:15,052 - DiskUtilization.Percent:99.8|#Level:Host|#hostname:amin-GF63-Thin-9SCXR,timestamp:1745579295
2025-04-25T18:08:15,053 - GPUMemoryUtilization.Percent:3.1005859375|#Level:Host,DeviceId:0|#hostname:amin-GF63-Thin-9SCXR,timestamp:1745579295
2025-04-25T18:08:15,053 - GPUMemoryUsed.Megabytes:127.0|#Level:Host,DeviceId:0|#hostname:amin-GF63-Thin-9SCXR,timestamp:1745579295
2025-04-25T18:08:15,053 - GPUUtilization.Percent:0.0|#Level:Host,DeviceId:0|#hostname:amin-GF63-Thin-9SCXR,timestamp:1745579295
2025-04-25T18:08:15,053 - MemoryAvailable.Megabytes:9364.00390625|#Level:Host|#hostname:amin-GF63-Thin-9SCXR,timestamp:1745579295
2025-04-25T18:08:15,053 - MemoryUsed.Megabytes:5293.9296875|#Level:Host|#hostname:amin-GF63-Thin-9SCXR,timestamp:1745579295
2025-04-25T18:08:15,053 - MemoryUtilization.Percent:40.9|#Level:Host|#hostname:amin-GF63-Thin-9SCXR,timestamp:1745579295
2025-04-25T18:09:15,027 - CPUUtilization.Percent:0.0|#Level:Host|#hostname:amin-GF63-Thin-9SCXR,timestamp:1745579355
2025-04-25T18:09:15,027 - DiskAvailable.Gigabytes:0.23999404907226562|#Level:Host|#hostname:amin-GF63-Thin-9SCXR,timestamp:1745579355
2025-04-25T18:09:15,027 - DiskUsage.Gigabytes:95.99306869506836|#Level:Host|#hostname:amin-GF63-Thin-9SCXR,timestamp:1745579355
2025-04-25T18:09:15,028 - DiskUtilization.Percent:99.8|#Level:Host|#hostname:amin-GF63-Thin-9SCXR,timestamp:1745579355
2025-04-25T18:09:15,028 - GPUMemoryUtilization.Percent:3.1005859375|#Level:Host,DeviceId:0|#hostname:amin-GF63-Thin-9SCXR,timestamp:1745579355
2025-04-25T18:09:15,028 - GPUMemoryUsed.Megabytes:127.0|#Level:Host,DeviceId:0|#hostname:amin-GF63-Thin-9SCXR,timestamp:1745579355
2025-04-25T18:09:15,028 - GPUUtilization.Percent:0.0|#Level:Host,DeviceId:0|#hostname:amin-GF63-Thin-9SCXR,timestamp:1745579355
2025-04-25T18:09:15,028 - MemoryAvailable.Megabytes:9401.203125|#Level:Host|#hostname:amin-GF63-Thin-9SCXR,timestamp:1745579355
2025-04-25T18:09:15,028 - MemoryUsed.Megabytes:5289.08984375|#Level:Host|#hostname:amin-GF63-Thin-9SCXR,timestamp:1745579355
2025-04-25T18:09:15,028 - MemoryUtilization.Percent:40.6|#Level:Host|#hostname:amin-GF63-Thin-9SCXR,timestamp:1745579355
2025-04-25T18:10:15,045 - CPUUtilization.Percent:0.0|#Level:Host|#hostname:amin-GF63-Thin-9SCXR,timestamp:1745579415
2025-04-25T18:10:15,046 - DiskAvailable.Gigabytes:0.23987960815429688|#Level:Host|#hostname:amin-GF63-Thin-9SCXR,timestamp:1745579415
2025-04-25T18:10:15,046 - DiskUsage.Gigabytes:95.99318313598633|#Level:Host|#hostname:amin-GF63-Thin-9SCXR,timestamp:1745579415
2025-04-25T18:10:15,046 - DiskUtilization.Percent:99.8|#Level:Host|#hostname:amin-GF63-Thin-9SCXR,timestamp:1745579415
2025-04-25T18:10:15,047 - GPUMemoryUtilization.Percent:3.1005859375|#Level:Host,DeviceId:0|#hostname:amin-GF63-Thin-9SCXR,timestamp:1745579415
2025-04-25T18:10:15,047 - GPUMemoryUsed.Megabytes:127.0|#Level:Host,DeviceId:0|#hostname:amin-GF63-Thin-9SCXR,timestamp:1745579415
2025-04-25T18:10:15,047 - GPUUtilization.Percent:0.0|#Level:Host,DeviceId:0|#hostname:amin-GF63-Thin-9SCXR,timestamp:1745579415
2025-04-25T18:10:15,047 - MemoryAvailable.Megabytes:9440.96484375|#Level:Host|#hostname:amin-GF63-Thin-9SCXR,timestamp:1745579415
2025-04-25T18:10:15,047 - MemoryUsed.Megabytes:5253.40234375|#Level:Host|#hostname:amin-GF63-Thin-9SCXR,timestamp:1745579415
2025-04-25T18:10:15,048 - MemoryUtilization.Percent:40.4|#Level:Host|#hostname:amin-GF63-Thin-9SCXR,timestamp:1745579415
2025-04-25T18:11:15,007 - CPUUtilization.Percent:0.0|#Level:Host|#hostname:amin-GF63-Thin-9SCXR,timestamp:1745579475
2025-04-25T18:11:15,007 - DiskAvailable.Gigabytes:0.23943710327148438|#Level:Host|#hostname:amin-GF63-Thin-9SCXR,timestamp:1745579475
2025-04-25T18:11:15,007 - DiskUsage.Gigabytes:95.99362564086914|#Level:Host|#hostname:amin-GF63-Thin-9SCXR,timestamp:1745579475
2025-04-25T18:11:15,007 - DiskUtilization.Percent:99.8|#Level:Host|#hostname:amin-GF63-Thin-9SCXR,timestamp:1745579475
2025-04-25T18:11:15,007 - GPUMemoryUtilization.Percent:3.1005859375|#Level:Host,DeviceId:0|#hostname:amin-GF63-Thin-9SCXR,timestamp:1745579475
2025-04-25T18:11:15,008 - GPUMemoryUsed.Megabytes:127.0|#Level:Host,DeviceId:0|#hostname:amin-GF63-Thin-9SCXR,timestamp:1745579475
2025-04-25T18:11:15,008 - GPUUtilization.Percent:0.0|#Level:Host,DeviceId:0|#hostname:amin-GF63-Thin-9SCXR,timestamp:1745579475
2025-04-25T18:11:15,008 - MemoryAvailable.Megabytes:9367.78125|#Level:Host|#hostname:amin-GF63-Thin-9SCXR,timestamp:1745579475
2025-04-25T18:11:15,008 - MemoryUsed.Megabytes:5316.99609375|#Level:Host|#hostname:amin-GF63-Thin-9SCXR,timestamp:1745579475
2025-04-25T18:11:15,009 - MemoryUtilization.Percent:40.8|#Level:Host|#hostname:amin-GF63-Thin-9SCXR,timestamp:1745579475
2025-04-25T18:12:15,102 - CPUUtilization.Percent:0.0|#Level:Host|#hostname:amin-GF63-Thin-9SCXR,timestamp:1745579535
2025-04-25T18:12:15,103 - DiskAvailable.Gigabytes:0.23919677734375|#Level:Host|#hostname:amin-GF63-Thin-9SCXR,timestamp:1745579535
2025-04-25T18:12:15,103 - DiskUsage.Gigabytes:95.99386596679688|#Level:Host|#hostname:amin-GF63-Thin-9SCXR,timestamp:1745579535
2025-04-25T18:12:15,104 - DiskUtilization.Percent:99.8|#Level:Host|#hostname:amin-GF63-Thin-9SCXR,timestamp:1745579535
2025-04-25T18:12:15,104 - GPUMemoryUtilization.Percent:3.1005859375|#Level:Host,DeviceId:0|#hostname:amin-GF63-Thin-9SCXR,timestamp:1745579535
2025-04-25T18:12:15,104 - GPUMemoryUsed.Megabytes:127.0|#Level:Host,DeviceId:0|#hostname:amin-GF63-Thin-9SCXR,timestamp:1745579535
2025-04-25T18:12:15,104 - GPUUtilization.Percent:0.0|#Level:Host,DeviceId:0|#hostname:amin-GF63-Thin-9SCXR,timestamp:1745579535
2025-04-25T18:12:15,104 - MemoryAvailable.Megabytes:9444.55078125|#Level:Host|#hostname:amin-GF63-Thin-9SCXR,timestamp:1745579535
2025-04-25T18:12:15,104 - MemoryUsed.Megabytes:5252.26953125|#Level:Host|#hostname:amin-GF63-Thin-9SCXR,timestamp:1745579535
2025-04-25T18:12:15,104 - MemoryUtilization.Percent:40.4|#Level:Host|#hostname:amin-GF63-Thin-9SCXR,timestamp:1745579535
2025-04-25T18:13:15,047 - CPUUtilization.Percent:0.0|#Level:Host|#hostname:amin-GF63-Thin-9SCXR,timestamp:1745579595
2025-04-25T18:13:15,047 - DiskAvailable.Gigabytes:0.2387542724609375|#Level:Host|#hostname:amin-GF63-Thin-9SCXR,timestamp:1745579595
2025-04-25T18:13:15,047 - DiskUsage.Gigabytes:95.99430847167969|#Level:Host|#hostname:amin-GF63-Thin-9SCXR,timestamp:1745579595
2025-04-25T18:13:15,048 - DiskUtilization.Percent:99.8|#Level:Host|#hostname:amin-GF63-Thin-9SCXR,timestamp:1745579595
2025-04-25T18:13:15,048 - GPUMemoryUtilization.Percent:3.1005859375|#Level:Host,DeviceId:0|#hostname:amin-GF63-Thin-9SCXR,timestamp:1745579595
2025-04-25T18:13:15,048 - GPUMemoryUsed.Megabytes:127.0|#Level:Host,DeviceId:0|#hostname:amin-GF63-Thin-9SCXR,timestamp:1745579595
2025-04-25T18:13:15,048 - GPUUtilization.Percent:0.0|#Level:Host,DeviceId:0|#hostname:amin-GF63-Thin-9SCXR,timestamp:1745579595
2025-04-25T18:13:15,048 - MemoryAvailable.Megabytes:9384.65234375|#Level:Host|#hostname:amin-GF63-Thin-9SCXR,timestamp:1745579595
2025-04-25T18:13:15,048 - MemoryUsed.Megabytes:5302.015625|#Level:Host|#hostname:amin-GF63-Thin-9SCXR,timestamp:1745579595
2025-04-25T18:13:15,048 - MemoryUtilization.Percent:40.7|#Level:Host|#hostname:amin-GF63-Thin-9SCXR,timestamp:1745579595
2025-04-25T18:14:15,328 - CPUUtilization.Percent:50.0|#Level:Host|#hostname:amin-GF63-Thin-9SCXR,timestamp:1745579655
2025-04-25T18:14:15,329 - DiskAvailable.Gigabytes:0.23836898803710938|#Level:Host|#hostname:amin-GF63-Thin-9SCXR,timestamp:1745579655
2025-04-25T18:14:15,329 - DiskUsage.Gigabytes:95.99469375610352|#Level:Host|#hostname:amin-GF63-Thin-9SCXR,timestamp:1745579655
2025-04-25T18:14:15,330 - DiskUtilization.Percent:99.8|#Level:Host|#hostname:amin-GF63-Thin-9SCXR,timestamp:1745579655
2025-04-25T18:14:15,330 - GPUMemoryUtilization.Percent:3.1005859375|#Level:Host,DeviceId:0|#hostname:amin-GF63-Thin-9SCXR,timestamp:1745579655
2025-04-25T18:14:15,330 - GPUMemoryUsed.Megabytes:127.0|#Level:Host,DeviceId:0|#hostname:amin-GF63-Thin-9SCXR,timestamp:1745579655
2025-04-25T18:14:15,331 - GPUUtilization.Percent:0.0|#Level:Host,DeviceId:0|#hostname:amin-GF63-Thin-9SCXR,timestamp:1745579655
2025-04-25T18:14:15,331 - MemoryAvailable.Megabytes:9339.546875|#Level:Host|#hostname:amin-GF63-Thin-9SCXR,timestamp:1745579655
2025-04-25T18:14:15,331 - MemoryUsed.Megabytes:5349.984375|#Level:Host|#hostname:amin-GF63-Thin-9SCXR,timestamp:1745579655
2025-04-25T18:14:15,331 - MemoryUtilization.Percent:41.0|#Level:Host|#hostname:amin-GF63-Thin-9SCXR,timestamp:1745579655
2025-04-25T18:15:15,377 - CPUUtilization.Percent:20.0|#Level:Host|#hostname:amin-GF63-Thin-9SCXR,timestamp:1745579715
2025-04-25T18:15:15,377 - DiskAvailable.Gigabytes:0.23850250244140625|#Level:Host|#hostname:amin-GF63-Thin-9SCXR,timestamp:1745579715
2025-04-25T18:15:15,378 - DiskUsage.Gigabytes:95.99456024169922|#Level:Host|#hostname:amin-GF63-Thin-9SCXR,timestamp:1745579715
2025-04-25T18:15:15,378 - DiskUtilization.Percent:99.8|#Level:Host|#hostname:amin-GF63-Thin-9SCXR,timestamp:1745579715
2025-04-25T18:15:15,378 - GPUMemoryUtilization.Percent:3.1005859375|#Level:Host,DeviceId:0|#hostname:amin-GF63-Thin-9SCXR,timestamp:1745579715
2025-04-25T18:15:15,378 - GPUMemoryUsed.Megabytes:127.0|#Level:Host,DeviceId:0|#hostname:amin-GF63-Thin-9SCXR,timestamp:1745579715
2025-04-25T18:15:15,378 - GPUUtilization.Percent:0.0|#Level:Host,DeviceId:0|#hostname:amin-GF63-Thin-9SCXR,timestamp:1745579715
2025-04-25T18:15:15,378 - MemoryAvailable.Megabytes:9489.953125|#Level:Host|#hostname:amin-GF63-Thin-9SCXR,timestamp:1745579715
2025-04-25T18:15:15,378 - MemoryUsed.Megabytes:5188.05078125|#Level:Host|#hostname:amin-GF63-Thin-9SCXR,timestamp:1745579715
2025-04-25T18:15:15,379 - MemoryUtilization.Percent:40.1|#Level:Host|#hostname:amin-GF63-Thin-9SCXR,timestamp:1745579715
2025-04-25T18:16:15,248 - CPUUtilization.Percent:0.0|#Level:Host|#hostname:amin-GF63-Thin-9SCXR,timestamp:1745579775
2025-04-25T18:16:15,249 - DiskAvailable.Gigabytes:0.23833465576171875|#Level:Host|#hostname:amin-GF63-Thin-9SCXR,timestamp:1745579775
2025-04-25T18:16:15,249 - DiskUsage.Gigabytes:95.9947280883789|#Level:Host|#hostname:amin-GF63-Thin-9SCXR,timestamp:1745579775
2025-04-25T18:16:15,249 - DiskUtilization.Percent:99.8|#Level:Host|#hostname:amin-GF63-Thin-9SCXR,timestamp:1745579775
2025-04-25T18:16:15,249 - GPUMemoryUtilization.Percent:3.1005859375|#Level:Host,DeviceId:0|#hostname:amin-GF63-Thin-9SCXR,timestamp:1745579775
2025-04-25T18:16:15,249 - GPUMemoryUsed.Megabytes:127.0|#Level:Host,DeviceId:0|#hostname:amin-GF63-Thin-9SCXR,timestamp:1745579775
2025-04-25T18:16:15,249 - GPUUtilization.Percent:0.0|#Level:Host,DeviceId:0|#hostname:amin-GF63-Thin-9SCXR,timestamp:1745579775
2025-04-25T18:16:15,249 - MemoryAvailable.Megabytes:9407.95703125|#Level:Host|#hostname:amin-GF63-Thin-9SCXR,timestamp:1745579775
2025-04-25T18:16:15,249 - MemoryUsed.Megabytes:5283.515625|#Level:Host|#hostname:amin-GF63-Thin-9SCXR,timestamp:1745579775
2025-04-25T18:16:15,249 - MemoryUtilization.Percent:40.6|#Level:Host|#hostname:amin-GF63-Thin-9SCXR,timestamp:1745579775
2025-04-25T18:17:15,300 - CPUUtilization.Percent:62.5|#Level:Host|#hostname:amin-GF63-Thin-9SCXR,timestamp:1745579835
2025-04-25T18:17:15,300 - DiskAvailable.Gigabytes:0.23820877075195312|#Level:Host|#hostname:amin-GF63-Thin-9SCXR,timestamp:1745579835
2025-04-25T18:17:15,301 - DiskUsage.Gigabytes:95.99485397338867|#Level:Host|#hostname:amin-GF63-Thin-9SCXR,timestamp:1745579835
2025-04-25T18:17:15,301 - DiskUtilization.Percent:99.8|#Level:Host|#hostname:amin-GF63-Thin-9SCXR,timestamp:1745579835
2025-04-25T18:17:15,301 - GPUMemoryUtilization.Percent:3.1005859375|#Level:Host,DeviceId:0|#hostname:amin-GF63-Thin-9SCXR,timestamp:1745579835
2025-04-25T18:17:15,301 - GPUMemoryUsed.Megabytes:127.0|#Level:Host,DeviceId:0|#hostname:amin-GF63-Thin-9SCXR,timestamp:1745579835
2025-04-25T18:17:15,301 - GPUUtilization.Percent:0.0|#Level:Host,DeviceId:0|#hostname:amin-GF63-Thin-9SCXR,timestamp:1745579835
2025-04-25T18:17:15,302 - MemoryAvailable.Megabytes:9419.0390625|#Level:Host|#hostname:amin-GF63-Thin-9SCXR,timestamp:1745579835
2025-04-25T18:17:15,302 - MemoryUsed.Megabytes:5267.8984375|#Level:Host|#hostname:amin-GF63-Thin-9SCXR,timestamp:1745579835
2025-04-25T18:17:15,302 - MemoryUtilization.Percent:40.5|#Level:Host|#hostname:amin-GF63-Thin-9SCXR,timestamp:1745579835
2025-04-25T18:18:15,130 - CPUUtilization.Percent:0.0|#Level:Host|#hostname:amin-GF63-Thin-9SCXR,timestamp:1745579895
2025-04-25T18:18:15,131 - DiskAvailable.Gigabytes:0.23821258544921875|#Level:Host|#hostname:amin-GF63-Thin-9SCXR,timestamp:1745579895
2025-04-25T18:18:15,131 - DiskUsage.Gigabytes:95.9948501586914|#Level:Host|#hostname:amin-GF63-Thin-9SCXR,timestamp:1745579895
2025-04-25T18:18:15,131 - DiskUtilization.Percent:99.8|#Level:Host|#hostname:amin-GF63-Thin-9SCXR,timestamp:1745579895
2025-04-25T18:18:15,131 - GPUMemoryUtilization.Percent:3.1005859375|#Level:Host,DeviceId:0|#hostname:amin-GF63-Thin-9SCXR,timestamp:1745579895
2025-04-25T18:18:15,132 - GPUMemoryUsed.Megabytes:127.0|#Level:Host,DeviceId:0|#hostname:amin-GF63-Thin-9SCXR,timestamp:1745579895
2025-04-25T18:18:15,132 - GPUUtilization.Percent:0.0|#Level:Host,DeviceId:0|#hostname:amin-GF63-Thin-9SCXR,timestamp:1745579895
2025-04-25T18:18:15,132 - MemoryAvailable.Megabytes:9366.515625|#Level:Host|#hostname:amin-GF63-Thin-9SCXR,timestamp:1745579895
2025-04-25T18:18:15,132 - MemoryUsed.Megabytes:5332.5|#Level:Host|#hostname:amin-GF63-Thin-9SCXR,timestamp:1745579895
2025-04-25T18:18:15,132 - MemoryUtilization.Percent:40.8|#Level:Host|#hostname:amin-GF63-Thin-9SCXR,timestamp:1745579895
2025-04-25T18:19:15,112 - CPUUtilization.Percent:0.0|#Level:Host|#hostname:amin-GF63-Thin-9SCXR,timestamp:1745579955
2025-04-25T18:19:15,112 - DiskAvailable.Gigabytes:0.23805618286132812|#Level:Host|#hostname:amin-GF63-Thin-9SCXR,timestamp:1745579955
2025-04-25T18:19:15,113 - DiskUsage.Gigabytes:95.9950065612793|#Level:Host|#hostname:amin-GF63-Thin-9SCXR,timestamp:1745579955
2025-04-25T18:19:15,113 - DiskUtilization.Percent:99.8|#Level:Host|#hostname:amin-GF63-Thin-9SCXR,timestamp:1745579955
2025-04-25T18:19:15,113 - GPUMemoryUtilization.Percent:3.1005859375|#Level:Host,DeviceId:0|#hostname:amin-GF63-Thin-9SCXR,timestamp:1745579955
2025-04-25T18:19:15,113 - GPUMemoryUsed.Megabytes:127.0|#Level:Host,DeviceId:0|#hostname:amin-GF63-Thin-9SCXR,timestamp:1745579955
2025-04-25T18:19:15,113 - GPUUtilization.Percent:0.0|#Level:Host,DeviceId:0|#hostname:amin-GF63-Thin-9SCXR,timestamp:1745579955
2025-04-25T18:19:15,113 - MemoryAvailable.Megabytes:9251.73046875|#Level:Host|#hostname:amin-GF63-Thin-9SCXR,timestamp:1745579955
2025-04-25T18:19:15,113 - MemoryUsed.Megabytes:5447.60546875|#Level:Host|#hostname:amin-GF63-Thin-9SCXR,timestamp:1745579955
2025-04-25T18:19:15,113 - MemoryUtilization.Percent:41.6|#Level:Host|#hostname:amin-GF63-Thin-9SCXR,timestamp:1745579955
2025-04-25T18:20:15,281 - CPUUtilization.Percent:33.3|#Level:Host|#hostname:amin-GF63-Thin-9SCXR,timestamp:1745580015
2025-04-25T18:20:15,282 - DiskAvailable.Gigabytes:0.2377471923828125|#Level:Host|#hostname:amin-GF63-Thin-9SCXR,timestamp:1745580015
2025-04-25T18:20:15,282 - DiskUsage.Gigabytes:95.99531555175781|#Level:Host|#hostname:amin-GF63-Thin-9SCXR,timestamp:1745580015
2025-04-25T18:20:15,282 - DiskUtilization.Percent:99.8|#Level:Host|#hostname:amin-GF63-Thin-9SCXR,timestamp:1745580015
2025-04-25T18:20:15,282 - GPUMemoryUtilization.Percent:3.1005859375|#Level:Host,DeviceId:0|#hostname:amin-GF63-Thin-9SCXR,timestamp:1745580015
2025-04-25T18:20:15,282 - GPUMemoryUsed.Megabytes:127.0|#Level:Host,DeviceId:0|#hostname:amin-GF63-Thin-9SCXR,timestamp:1745580015
2025-04-25T18:20:15,282 - GPUUtilization.Percent:0.0|#Level:Host,DeviceId:0|#hostname:amin-GF63-Thin-9SCXR,timestamp:1745580015
2025-04-25T18:20:15,283 - MemoryAvailable.Megabytes:9247.40625|#Level:Host|#hostname:amin-GF63-Thin-9SCXR,timestamp:1745580015
2025-04-25T18:20:15,283 - MemoryUsed.Megabytes:5452.03125|#Level:Host|#hostname:amin-GF63-Thin-9SCXR,timestamp:1745580015
2025-04-25T18:20:15,283 - MemoryUtilization.Percent:41.6|#Level:Host|#hostname:amin-GF63-Thin-9SCXR,timestamp:1745580015
2025-04-25T18:21:15,024 - CPUUtilization.Percent:0.0|#Level:Host|#hostname:amin-GF63-Thin-9SCXR,timestamp:1745580075
2025-04-25T18:21:15,025 - DiskAvailable.Gigabytes:0.23740768432617188|#Level:Host|#hostname:amin-GF63-Thin-9SCXR,timestamp:1745580075
2025-04-25T18:21:15,025 - DiskUsage.Gigabytes:95.99565505981445|#Level:Host|#hostname:amin-GF63-Thin-9SCXR,timestamp:1745580075
2025-04-25T18:21:15,025 - DiskUtilization.Percent:99.8|#Level:Host|#hostname:amin-GF63-Thin-9SCXR,timestamp:1745580075
2025-04-25T18:21:15,026 - GPUMemoryUtilization.Percent:3.1005859375|#Level:Host,DeviceId:0|#hostname:amin-GF63-Thin-9SCXR,timestamp:1745580075
2025-04-25T18:21:15,026 - GPUMemoryUsed.Megabytes:127.0|#Level:Host,DeviceId:0|#hostname:amin-GF63-Thin-9SCXR,timestamp:1745580075
2025-04-25T18:21:15,026 - GPUUtilization.Percent:0.0|#Level:Host,DeviceId:0|#hostname:amin-GF63-Thin-9SCXR,timestamp:1745580075
2025-04-25T18:21:15,026 - MemoryAvailable.Megabytes:9293.21875|#Level:Host|#hostname:amin-GF63-Thin-9SCXR,timestamp:1745580075
2025-04-25T18:21:15,026 - MemoryUsed.Megabytes:5406.12890625|#Level:Host|#hostname:amin-GF63-Thin-9SCXR,timestamp:1745580075
2025-04-25T18:21:15,026 - MemoryUtilization.Percent:41.3|#Level:Host|#hostname:amin-GF63-Thin-9SCXR,timestamp:1745580075
2025-04-25T18:22:15,393 - CPUUtilization.Percent:42.9|#Level:Host|#hostname:amin-GF63-Thin-9SCXR,timestamp:1745580135
2025-04-25T18:22:15,394 - DiskAvailable.Gigabytes:0.23698043823242188|#Level:Host|#hostname:amin-GF63-Thin-9SCXR,timestamp:1745580135
2025-04-25T18:22:15,394 - DiskUsage.Gigabytes:95.9960823059082|#Level:Host|#hostname:amin-GF63-Thin-9SCXR,timestamp:1745580135
2025-04-25T18:22:15,394 - DiskUtilization.Percent:99.8|#Level:Host|#hostname:amin-GF63-Thin-9SCXR,timestamp:1745580135
2025-04-25T18:22:15,394 - GPUMemoryUtilization.Percent:3.1005859375|#Level:Host,DeviceId:0|#hostname:amin-GF63-Thin-9SCXR,timestamp:1745580135
2025-04-25T18:22:15,394 - GPUMemoryUsed.Megabytes:127.0|#Level:Host,DeviceId:0|#hostname:amin-GF63-Thin-9SCXR,timestamp:1745580135
2025-04-25T18:22:15,394 - GPUUtilization.Percent:0.0|#Level:Host,DeviceId:0|#hostname:amin-GF63-Thin-9SCXR,timestamp:1745580135
2025-04-25T18:22:15,394 - MemoryAvailable.Megabytes:9265.81640625|#Level:Host|#hostname:amin-GF63-Thin-9SCXR,timestamp:1745580135
2025-04-25T18:22:15,395 - MemoryUsed.Megabytes:5430.203125|#Level:Host|#hostname:amin-GF63-Thin-9SCXR,timestamp:1745580135
2025-04-25T18:22:15,395 - MemoryUtilization.Percent:41.5|#Level:Host|#hostname:amin-GF63-Thin-9SCXR,timestamp:1745580135
2025-04-25T18:23:15,110 - CPUUtilization.Percent:50.0|#Level:Host|#hostname:amin-GF63-Thin-9SCXR,timestamp:1745580195
2025-04-25T18:23:15,110 - DiskAvailable.Gigabytes:0.23663711547851562|#Level:Host|#hostname:amin-GF63-Thin-9SCXR,timestamp:1745580195
2025-04-25T18:23:15,111 - DiskUsage.Gigabytes:95.99642562866211|#Level:Host|#hostname:amin-GF63-Thin-9SCXR,timestamp:1745580195
2025-04-25T18:23:15,111 - DiskUtilization.Percent:99.8|#Level:Host|#hostname:amin-GF63-Thin-9SCXR,timestamp:1745580195
2025-04-25T18:23:15,111 - GPUMemoryUtilization.Percent:3.1005859375|#Level:Host,DeviceId:0|#hostname:amin-GF63-Thin-9SCXR,timestamp:1745580195
2025-04-25T18:23:15,111 - GPUMemoryUsed.Megabytes:127.0|#Level:Host,DeviceId:0|#hostname:amin-GF63-Thin-9SCXR,timestamp:1745580195
2025-04-25T18:23:15,111 - GPUUtilization.Percent:0.0|#Level:Host,DeviceId:0|#hostname:amin-GF63-Thin-9SCXR,timestamp:1745580195
2025-04-25T18:23:15,111 - MemoryAvailable.Megabytes:9207.92578125|#Level:Host|#hostname:amin-GF63-Thin-9SCXR,timestamp:1745580195
2025-04-25T18:23:15,111 - MemoryUsed.Megabytes:5491.265625|#Level:Host|#hostname:amin-GF63-Thin-9SCXR,timestamp:1745580195
2025-04-25T18:23:15,111 - MemoryUtilization.Percent:41.9|#Level:Host|#hostname:amin-GF63-Thin-9SCXR,timestamp:1745580195
2025-04-25T18:24:15,084 - CPUUtilization.Percent:0.0|#Level:Host|#hostname:amin-GF63-Thin-9SCXR,timestamp:1745580255
2025-04-25T18:24:15,084 - DiskAvailable.Gigabytes:0.23468399047851562|#Level:Host|#hostname:amin-GF63-Thin-9SCXR,timestamp:1745580255
2025-04-25T18:24:15,084 - DiskUsage.Gigabytes:95.99837875366211|#Level:Host|#hostname:amin-GF63-Thin-9SCXR,timestamp:1745580255
2025-04-25T18:24:15,084 - DiskUtilization.Percent:99.8|#Level:Host|#hostname:amin-GF63-Thin-9SCXR,timestamp:1745580255
2025-04-25T18:24:15,085 - GPUMemoryUtilization.Percent:3.1005859375|#Level:Host,DeviceId:0|#hostname:amin-GF63-Thin-9SCXR,timestamp:1745580255
2025-04-25T18:24:15,085 - GPUMemoryUsed.Megabytes:127.0|#Level:Host,DeviceId:0|#hostname:amin-GF63-Thin-9SCXR,timestamp:1745580255
2025-04-25T18:24:15,085 - GPUUtilization.Percent:0.0|#Level:Host,DeviceId:0|#hostname:amin-GF63-Thin-9SCXR,timestamp:1745580255
2025-04-25T18:24:15,085 - MemoryAvailable.Megabytes:9229.23046875|#Level:Host|#hostname:amin-GF63-Thin-9SCXR,timestamp:1745580255
2025-04-25T18:24:15,085 - MemoryUsed.Megabytes:5453.78515625|#Level:Host|#hostname:amin-GF63-Thin-9SCXR,timestamp:1745580255
2025-04-25T18:24:15,085 - MemoryUtilization.Percent:41.7|#Level:Host|#hostname:amin-GF63-Thin-9SCXR,timestamp:1745580255
2025-04-25T18:25:15,296 - CPUUtilization.Percent:20.0|#Level:Host|#hostname:amin-GF63-Thin-9SCXR,timestamp:1745580315
2025-04-25T18:25:15,296 - DiskAvailable.Gigabytes:0.2335662841796875|#Level:Host|#hostname:amin-GF63-Thin-9SCXR,timestamp:1745580315
2025-04-25T18:25:15,296 - DiskUsage.Gigabytes:95.99949645996094|#Level:Host|#hostname:amin-GF63-Thin-9SCXR,timestamp:1745580315
2025-04-25T18:25:15,296 - DiskUtilization.Percent:99.8|#Level:Host|#hostname:amin-GF63-Thin-9SCXR,timestamp:1745580315
2025-04-25T18:25:15,296 - GPUMemoryUtilization.Percent:3.1005859375|#Level:Host,DeviceId:0|#hostname:amin-GF63-Thin-9SCXR,timestamp:1745580315
2025-04-25T18:25:15,296 - GPUMemoryUsed.Megabytes:127.0|#Level:Host,DeviceId:0|#hostname:amin-GF63-Thin-9SCXR,timestamp:1745580315
2025-04-25T18:25:15,297 - GPUUtilization.Percent:0.0|#Level:Host,DeviceId:0|#hostname:amin-GF63-Thin-9SCXR,timestamp:1745580315
2025-04-25T18:25:15,297 - MemoryAvailable.Megabytes:9164.30078125|#Level:Host|#hostname:amin-GF63-Thin-9SCXR,timestamp:1745580315
2025-04-25T18:25:15,297 - MemoryUsed.Megabytes:5518.47265625|#Level:Host|#hostname:amin-GF63-Thin-9SCXR,timestamp:1745580315
2025-04-25T18:25:15,297 - MemoryUtilization.Percent:42.1|#Level:Host|#hostname:amin-GF63-Thin-9SCXR,timestamp:1745580315
2025-04-25T18:26:15,067 - CPUUtilization.Percent:0.0|#Level:Host|#hostname:amin-GF63-Thin-9SCXR,timestamp:1745580375
2025-04-25T18:26:15,067 - DiskAvailable.Gigabytes:0.23218917846679688|#Level:Host|#hostname:amin-GF63-Thin-9SCXR,timestamp:1745580375
2025-04-25T18:26:15,067 - DiskUsage.Gigabytes:96.00087356567383|#Level:Host|#hostname:amin-GF63-Thin-9SCXR,timestamp:1745580375
2025-04-25T18:26:15,067 - DiskUtilization.Percent:99.8|#Level:Host|#hostname:amin-GF63-Thin-9SCXR,timestamp:1745580375
2025-04-25T18:26:15,068 - GPUMemoryUtilization.Percent:3.1005859375|#Level:Host,DeviceId:0|#hostname:amin-GF63-Thin-9SCXR,timestamp:1745580375
2025-04-25T18:26:15,068 - GPUMemoryUsed.Megabytes:127.0|#Level:Host,DeviceId:0|#hostname:amin-GF63-Thin-9SCXR,timestamp:1745580375
2025-04-25T18:26:15,068 - GPUUtilization.Percent:0.0|#Level:Host,DeviceId:0|#hostname:amin-GF63-Thin-9SCXR,timestamp:1745580375
2025-04-25T18:26:15,068 - MemoryAvailable.Megabytes:9194.75390625|#Level:Host|#hostname:amin-GF63-Thin-9SCXR,timestamp:1745580375
2025-04-25T18:26:15,068 - MemoryUsed.Megabytes:5468.44921875|#Level:Host|#hostname:amin-GF63-Thin-9SCXR,timestamp:1745580375
2025-04-25T18:26:15,068 - MemoryUtilization.Percent:41.9|#Level:Host|#hostname:amin-GF63-Thin-9SCXR,timestamp:1745580375
2025-04-25T18:27:15,117 - CPUUtilization.Percent:0.0|#Level:Host|#hostname:amin-GF63-Thin-9SCXR,timestamp:1745580435
2025-04-25T18:27:15,117 - DiskAvailable.Gigabytes:0.23926544189453125|#Level:Host|#hostname:amin-GF63-Thin-9SCXR,timestamp:1745580435
2025-04-25T18:27:15,117 - DiskUsage.Gigabytes:95.9937973022461|#Level:Host|#hostname:amin-GF63-Thin-9SCXR,timestamp:1745580435
2025-04-25T18:27:15,117 - DiskUtilization.Percent:99.8|#Level:Host|#hostname:amin-GF63-Thin-9SCXR,timestamp:1745580435
2025-04-25T18:27:15,118 - GPUMemoryUtilization.Percent:3.1005859375|#Level:Host,DeviceId:0|#hostname:amin-GF63-Thin-9SCXR,timestamp:1745580435
2025-04-25T18:27:15,118 - GPUMemoryUsed.Megabytes:127.0|#Level:Host,DeviceId:0|#hostname:amin-GF63-Thin-9SCXR,timestamp:1745580435
2025-04-25T18:27:15,118 - GPUUtilization.Percent:0.0|#Level:Host,DeviceId:0|#hostname:amin-GF63-Thin-9SCXR,timestamp:1745580435
2025-04-25T18:27:15,118 - MemoryAvailable.Megabytes:9254.8671875|#Level:Host|#hostname:amin-GF63-Thin-9SCXR,timestamp:1745580435
2025-04-25T18:27:15,118 - MemoryUsed.Megabytes:5334.36328125|#Level:Host|#hostname:amin-GF63-Thin-9SCXR,timestamp:1745580435
2025-04-25T18:27:15,118 - MemoryUtilization.Percent:41.6|#Level:Host|#hostname:amin-GF63-Thin-9SCXR,timestamp:1745580435
2025-04-25T18:28:15,099 - CPUUtilization.Percent:0.0|#Level:Host|#hostname:amin-GF63-Thin-9SCXR,timestamp:1745580495
2025-04-25T18:28:15,099 - DiskAvailable.Gigabytes:0.23931503295898438|#Level:Host|#hostname:amin-GF63-Thin-9SCXR,timestamp:1745580495
2025-04-25T18:28:15,099 - DiskUsage.Gigabytes:95.99374771118164|#Level:Host|#hostname:amin-GF63-Thin-9SCXR,timestamp:1745580495
2025-04-25T18:28:15,099 - DiskUtilization.Percent:99.8|#Level:Host|#hostname:amin-GF63-Thin-9SCXR,timestamp:1745580495
2025-04-25T18:28:15,099 - GPUMemoryUtilization.Percent:3.1005859375|#Level:Host,DeviceId:0|#hostname:amin-GF63-Thin-9SCXR,timestamp:1745580495
2025-04-25T18:28:15,099 - GPUMemoryUsed.Megabytes:127.0|#Level:Host,DeviceId:0|#hostname:amin-GF63-Thin-9SCXR,timestamp:1745580495
2025-04-25T18:28:15,099 - GPUUtilization.Percent:0.0|#Level:Host,DeviceId:0|#hostname:amin-GF63-Thin-9SCXR,timestamp:1745580495
2025-04-25T18:28:15,099 - MemoryAvailable.Megabytes:9360.2734375|#Level:Host|#hostname:amin-GF63-Thin-9SCXR,timestamp:1745580495
2025-04-25T18:28:15,099 - MemoryUsed.Megabytes:5274.75390625|#Level:Host|#hostname:amin-GF63-Thin-9SCXR,timestamp:1745580495
2025-04-25T18:28:15,099 - MemoryUtilization.Percent:40.9|#Level:Host|#hostname:amin-GF63-Thin-9SCXR,timestamp:1745580495
2025-04-25T18:29:15,114 - CPUUtilization.Percent:50.0|#Level:Host|#hostname:amin-GF63-Thin-9SCXR,timestamp:1745580555
2025-04-25T18:29:15,114 - DiskAvailable.Gigabytes:0.23933029174804688|#Level:Host|#hostname:amin-GF63-Thin-9SCXR,timestamp:1745580555
2025-04-25T18:29:15,114 - DiskUsage.Gigabytes:95.99373245239258|#Level:Host|#hostname:amin-GF63-Thin-9SCXR,timestamp:1745580555
2025-04-25T18:29:15,114 - DiskUtilization.Percent:99.8|#Level:Host|#hostname:amin-GF63-Thin-9SCXR,timestamp:1745580555
2025-04-25T18:29:15,115 - GPUMemoryUtilization.Percent:3.1005859375|#Level:Host,DeviceId:0|#hostname:amin-GF63-Thin-9SCXR,timestamp:1745580555
2025-04-25T18:29:15,115 - GPUMemoryUsed.Megabytes:127.0|#Level:Host,DeviceId:0|#hostname:amin-GF63-Thin-9SCXR,timestamp:1745580555
2025-04-25T18:29:15,115 - GPUUtilization.Percent:0.0|#Level:Host,DeviceId:0|#hostname:amin-GF63-Thin-9SCXR,timestamp:1745580555
2025-04-25T18:29:15,115 - MemoryAvailable.Megabytes:9362.578125|#Level:Host|#hostname:amin-GF63-Thin-9SCXR,timestamp:1745580555
2025-04-25T18:29:15,115 - MemoryUsed.Megabytes:5278.69140625|#Level:Host|#hostname:amin-GF63-Thin-9SCXR,timestamp:1745580555
2025-04-25T18:29:15,115 - MemoryUtilization.Percent:40.9|#Level:Host|#hostname:amin-GF63-Thin-9SCXR,timestamp:1745580555
2025-04-25T18:30:15,075 - CPUUtilization.Percent:50.0|#Level:Host|#hostname:amin-GF63-Thin-9SCXR,timestamp:1745580615
2025-04-25T18:30:15,076 - DiskAvailable.Gigabytes:0.23929977416992188|#Level:Host|#hostname:amin-GF63-Thin-9SCXR,timestamp:1745580615
2025-04-25T18:30:15,076 - DiskUsage.Gigabytes:95.9937629699707|#Level:Host|#hostname:amin-GF63-Thin-9SCXR,timestamp:1745580615
2025-04-25T18:30:15,076 - DiskUtilization.Percent:99.8|#Level:Host|#hostname:amin-GF63-Thin-9SCXR,timestamp:1745580615
2025-04-25T18:30:15,076 - GPUMemoryUtilization.Percent:3.1005859375|#Level:Host,DeviceId:0|#hostname:amin-GF63-Thin-9SCXR,timestamp:1745580615
2025-04-25T18:30:15,076 - GPUMemoryUsed.Megabytes:127.0|#Level:Host,DeviceId:0|#hostname:amin-GF63-Thin-9SCXR,timestamp:1745580615
2025-04-25T18:30:15,076 - GPUUtilization.Percent:0.0|#Level:Host,DeviceId:0|#hostname:amin-GF63-Thin-9SCXR,timestamp:1745580615
2025-04-25T18:30:15,076 - MemoryAvailable.Megabytes:9320.72265625|#Level:Host|#hostname:amin-GF63-Thin-9SCXR,timestamp:1745580615
2025-04-25T18:30:15,076 - MemoryUsed.Megabytes:5310.0|#Level:Host|#hostname:amin-GF63-Thin-9SCXR,timestamp:1745580615
2025-04-25T18:30:15,076 - MemoryUtilization.Percent:41.1|#Level:Host|#hostname:amin-GF63-Thin-9SCXR,timestamp:1745580615
2025-04-25T18:31:15,079 - CPUUtilization.Percent:0.0|#Level:Host|#hostname:amin-GF63-Thin-9SCXR,timestamp:1745580675
2025-04-25T18:31:15,079 - DiskAvailable.Gigabytes:0.23905563354492188|#Level:Host|#hostname:amin-GF63-Thin-9SCXR,timestamp:1745580675
2025-04-25T18:31:15,079 - DiskUsage.Gigabytes:95.9940071105957|#Level:Host|#hostname:amin-GF63-Thin-9SCXR,timestamp:1745580675
2025-04-25T18:31:15,079 - DiskUtilization.Percent:99.8|#Level:Host|#hostname:amin-GF63-Thin-9SCXR,timestamp:1745580675
2025-04-25T18:31:15,079 - GPUMemoryUtilization.Percent:3.1005859375|#Level:Host,DeviceId:0|#hostname:amin-GF63-Thin-9SCXR,timestamp:1745580675
2025-04-25T18:31:15,080 - GPUMemoryUsed.Megabytes:127.0|#Level:Host,DeviceId:0|#hostname:amin-GF63-Thin-9SCXR,timestamp:1745580675
2025-04-25T18:31:15,080 - GPUUtilization.Percent:0.0|#Level:Host,DeviceId:0|#hostname:amin-GF63-Thin-9SCXR,timestamp:1745580675
2025-04-25T18:31:15,080 - MemoryAvailable.Megabytes:9407.6953125|#Level:Host|#hostname:amin-GF63-Thin-9SCXR,timestamp:1745580675
2025-04-25T18:31:15,080 - MemoryUsed.Megabytes:5258.4765625|#Level:Host|#hostname:amin-GF63-Thin-9SCXR,timestamp:1745580675
2025-04-25T18:31:15,080 - MemoryUtilization.Percent:40.6|#Level:Host|#hostname:amin-GF63-Thin-9SCXR,timestamp:1745580675
2025-04-25T18:32:15,086 - CPUUtilization.Percent:0.0|#Level:Host|#hostname:amin-GF63-Thin-9SCXR,timestamp:1745580735
2025-04-25T18:32:15,087 - DiskAvailable.Gigabytes:0.23907852172851562|#Level:Host|#hostname:amin-GF63-Thin-9SCXR,timestamp:1745580735
2025-04-25T18:32:15,087 - DiskUsage.Gigabytes:95.99398422241211|#Level:Host|#hostname:amin-GF63-Thin-9SCXR,timestamp:1745580735
2025-04-25T18:32:15,087 - DiskUtilization.Percent:99.8|#Level:Host|#hostname:amin-GF63-Thin-9SCXR,timestamp:1745580735
2025-04-25T18:32:15,087 - GPUMemoryUtilization.Percent:3.1005859375|#Level:Host,DeviceId:0|#hostname:amin-GF63-Thin-9SCXR,timestamp:1745580735
2025-04-25T18:32:15,087 - GPUMemoryUsed.Megabytes:127.0|#Level:Host,DeviceId:0|#hostname:amin-GF63-Thin-9SCXR,timestamp:1745580735
2025-04-25T18:32:15,087 - GPUUtilization.Percent:0.0|#Level:Host,DeviceId:0|#hostname:amin-GF63-Thin-9SCXR,timestamp:1745580735
2025-04-25T18:32:15,087 - MemoryAvailable.Megabytes:9469.6015625|#Level:Host|#hostname:amin-GF63-Thin-9SCXR,timestamp:1745580735
2025-04-25T18:32:15,087 - MemoryUsed.Megabytes:5182.42578125|#Level:Host|#hostname:amin-GF63-Thin-9SCXR,timestamp:1745580735
2025-04-25T18:32:15,087 - MemoryUtilization.Percent:40.2|#Level:Host|#hostname:amin-GF63-Thin-9SCXR,timestamp:1745580735
2025-04-25T18:33:15,088 - CPUUtilization.Percent:0.0|#Level:Host|#hostname:amin-GF63-Thin-9SCXR,timestamp:1745580795
2025-04-25T18:33:15,088 - DiskAvailable.Gigabytes:0.2390899658203125|#Level:Host|#hostname:amin-GF63-Thin-9SCXR,timestamp:1745580795
2025-04-25T18:33:15,089 - DiskUsage.Gigabytes:95.99397277832031|#Level:Host|#hostname:amin-GF63-Thin-9SCXR,timestamp:1745580795
2025-04-25T18:33:15,089 - DiskUtilization.Percent:99.8|#Level:Host|#hostname:amin-GF63-Thin-9SCXR,timestamp:1745580795
2025-04-25T18:33:15,089 - GPUMemoryUtilization.Percent:3.1005859375|#Level:Host,DeviceId:0|#hostname:amin-GF63-Thin-9SCXR,timestamp:1745580795
2025-04-25T18:33:15,089 - GPUMemoryUsed.Megabytes:127.0|#Level:Host,DeviceId:0|#hostname:amin-GF63-Thin-9SCXR,timestamp:1745580795
2025-04-25T18:33:15,089 - GPUUtilization.Percent:0.0|#Level:Host,DeviceId:0|#hostname:amin-GF63-Thin-9SCXR,timestamp:1745580795
2025-04-25T18:33:15,089 - MemoryAvailable.Megabytes:9425.70703125|#Level:Host|#hostname:amin-GF63-Thin-9SCXR,timestamp:1745580795
2025-04-25T18:33:15,089 - MemoryUsed.Megabytes:5231.21484375|#Level:Host|#hostname:amin-GF63-Thin-9SCXR,timestamp:1745580795
2025-04-25T18:33:15,089 - MemoryUtilization.Percent:40.5|#Level:Host|#hostname:amin-GF63-Thin-9SCXR,timestamp:1745580795
2025-04-25T18:34:15,083 - CPUUtilization.Percent:50.0|#Level:Host|#hostname:amin-GF63-Thin-9SCXR,timestamp:1745580855
2025-04-25T18:34:15,083 - DiskAvailable.Gigabytes:0.23913955688476562|#Level:Host|#hostname:amin-GF63-Thin-9SCXR,timestamp:1745580855
2025-04-25T18:34:15,084 - DiskUsage.Gigabytes:95.99392318725586|#Level:Host|#hostname:amin-GF63-Thin-9SCXR,timestamp:1745580855
2025-04-25T18:34:15,084 - DiskUtilization.Percent:99.8|#Level:Host|#hostname:amin-GF63-Thin-9SCXR,timestamp:1745580855
2025-04-25T18:34:15,084 - GPUMemoryUtilization.Percent:3.1005859375|#Level:Host,DeviceId:0|#hostname:amin-GF63-Thin-9SCXR,timestamp:1745580855
2025-04-25T18:34:15,084 - GPUMemoryUsed.Megabytes:127.0|#Level:Host,DeviceId:0|#hostname:amin-GF63-Thin-9SCXR,timestamp:1745580855
2025-04-25T18:34:15,084 - GPUUtilization.Percent:0.0|#Level:Host,DeviceId:0|#hostname:amin-GF63-Thin-9SCXR,timestamp:1745580855
2025-04-25T18:34:15,084 - MemoryAvailable.Megabytes:9348.359375|#Level:Host|#hostname:amin-GF63-Thin-9SCXR,timestamp:1745580855
2025-04-25T18:34:15,084 - MemoryUsed.Megabytes:5278.40234375|#Level:Host|#hostname:amin-GF63-Thin-9SCXR,timestamp:1745580855
2025-04-25T18:34:15,084 - MemoryUtilization.Percent:41.0|#Level:Host|#hostname:amin-GF63-Thin-9SCXR,timestamp:1745580855
2025-04-25T18:35:15,070 - CPUUtilization.Percent:33.3|#Level:Host|#hostname:amin-GF63-Thin-9SCXR,timestamp:1745580915
2025-04-25T18:35:15,070 - DiskAvailable.Gigabytes:0.23909759521484375|#Level:Host|#hostname:amin-GF63-Thin-9SCXR,timestamp:1745580915
2025-04-25T18:35:15,070 - DiskUsage.Gigabytes:95.99396514892578|#Level:Host|#hostname:amin-GF63-Thin-9SCXR,timestamp:1745580915
2025-04-25T18:35:15,070 - DiskUtilization.Percent:99.8|#Level:Host|#hostname:amin-GF63-Thin-9SCXR,timestamp:1745580915
2025-04-25T18:35:15,070 - GPUMemoryUtilization.Percent:3.1005859375|#Level:Host,DeviceId:0|#hostname:amin-GF63-Thin-9SCXR,timestamp:1745580915
2025-04-25T18:35:15,070 - GPUMemoryUsed.Megabytes:127.0|#Level:Host,DeviceId:0|#hostname:amin-GF63-Thin-9SCXR,timestamp:1745580915
2025-04-25T18:35:15,071 - GPUUtilization.Percent:0.0|#Level:Host,DeviceId:0|#hostname:amin-GF63-Thin-9SCXR,timestamp:1745580915
2025-04-25T18:35:15,071 - MemoryAvailable.Megabytes:8688.78125|#Level:Host|#hostname:amin-GF63-Thin-9SCXR,timestamp:1745580915
2025-04-25T18:35:15,071 - MemoryUsed.Megabytes:5667.32421875|#Level:Host|#hostname:amin-GF63-Thin-9SCXR,timestamp:1745580915
2025-04-25T18:35:15,071 - MemoryUtilization.Percent:45.1|#Level:Host|#hostname:amin-GF63-Thin-9SCXR,timestamp:1745580915
2025-04-25T18:36:15,128 - CPUUtilization.Percent:50.0|#Level:Host|#hostname:amin-GF63-Thin-9SCXR,timestamp:1745580975
2025-04-25T18:36:15,128 - DiskAvailable.Gigabytes:0.23817062377929688|#Level:Host|#hostname:amin-GF63-Thin-9SCXR,timestamp:1745580975
2025-04-25T18:36:15,128 - DiskUsage.Gigabytes:95.99489212036133|#Level:Host|#hostname:amin-GF63-Thin-9SCXR,timestamp:1745580975
2025-04-25T18:36:15,129 - DiskUtilization.Percent:99.8|#Level:Host|#hostname:amin-GF63-Thin-9SCXR,timestamp:1745580975
2025-04-25T18:36:15,129 - GPUMemoryUtilization.Percent:3.1005859375|#Level:Host,DeviceId:0|#hostname:amin-GF63-Thin-9SCXR,timestamp:1745580975
2025-04-25T18:36:15,129 - GPUMemoryUsed.Megabytes:127.0|#Level:Host,DeviceId:0|#hostname:amin-GF63-Thin-9SCXR,timestamp:1745580975
2025-04-25T18:36:15,129 - GPUUtilization.Percent:0.0|#Level:Host,DeviceId:0|#hostname:amin-GF63-Thin-9SCXR,timestamp:1745580975
2025-04-25T18:36:15,129 - MemoryAvailable.Megabytes:8929.0078125|#Level:Host|#hostname:amin-GF63-Thin-9SCXR,timestamp:1745580975
2025-04-25T18:36:15,129 - MemoryUsed.Megabytes:5600.9140625|#Level:Host|#hostname:amin-GF63-Thin-9SCXR,timestamp:1745580975
2025-04-25T18:36:15,129 - MemoryUtilization.Percent:43.6|#Level:Host|#hostname:amin-GF63-Thin-9SCXR,timestamp:1745580975
2025-04-25T18:37:15,076 - CPUUtilization.Percent:33.3|#Level:Host|#hostname:amin-GF63-Thin-9SCXR,timestamp:1745581035
2025-04-25T18:37:15,076 - DiskAvailable.Gigabytes:0.23769760131835938|#Level:Host|#hostname:amin-GF63-Thin-9SCXR,timestamp:1745581035
2025-04-25T18:37:15,077 - DiskUsage.Gigabytes:95.99536514282227|#Level:Host|#hostname:amin-GF63-Thin-9SCXR,timestamp:1745581035
2025-04-25T18:37:15,077 - DiskUtilization.Percent:99.8|#Level:Host|#hostname:amin-GF63-Thin-9SCXR,timestamp:1745581035
2025-04-25T18:37:15,077 - GPUMemoryUtilization.Percent:3.1005859375|#Level:Host,DeviceId:0|#hostname:amin-GF63-Thin-9SCXR,timestamp:1745581035
2025-04-25T18:37:15,077 - GPUMemoryUsed.Megabytes:127.0|#Level:Host,DeviceId:0|#hostname:amin-GF63-Thin-9SCXR,timestamp:1745581035
2025-04-25T18:37:15,077 - GPUUtilization.Percent:0.0|#Level:Host,DeviceId:0|#hostname:amin-GF63-Thin-9SCXR,timestamp:1745581035
2025-04-25T18:37:15,077 - MemoryAvailable.Megabytes:8506.03125|#Level:Host|#hostname:amin-GF63-Thin-9SCXR,timestamp:1745581035
2025-04-25T18:37:15,077 - MemoryUsed.Megabytes:6114.8046875|#Level:Host|#hostname:amin-GF63-Thin-9SCXR,timestamp:1745581035
2025-04-25T18:37:15,077 - MemoryUtilization.Percent:46.3|#Level:Host|#hostname:amin-GF63-Thin-9SCXR,timestamp:1745581035
2025-04-25T18:38:15,096 - CPUUtilization.Percent:0.0|#Level:Host|#hostname:amin-GF63-Thin-9SCXR,timestamp:1745581095
2025-04-25T18:38:15,096 - DiskAvailable.Gigabytes:0.23787307739257812|#Level:Host|#hostname:amin-GF63-Thin-9SCXR,timestamp:1745581095
2025-04-25T18:38:15,096 - DiskUsage.Gigabytes:95.99518966674805|#Level:Host|#hostname:amin-GF63-Thin-9SCXR,timestamp:1745581095
2025-04-25T18:38:15,096 - DiskUtilization.Percent:99.8|#Level:Host|#hostname:amin-GF63-Thin-9SCXR,timestamp:1745581095
2025-04-25T18:38:15,096 - GPUMemoryUtilization.Percent:3.1005859375|#Level:Host,DeviceId:0|#hostname:amin-GF63-Thin-9SCXR,timestamp:1745581095
2025-04-25T18:38:15,096 - GPUMemoryUsed.Megabytes:127.0|#Level:Host,DeviceId:0|#hostname:amin-GF63-Thin-9SCXR,timestamp:1745581095
2025-04-25T18:38:15,097 - GPUUtilization.Percent:0.0|#Level:Host,DeviceId:0|#hostname:amin-GF63-Thin-9SCXR,timestamp:1745581095
2025-04-25T18:38:15,097 - MemoryAvailable.Megabytes:8779.6171875|#Level:Host|#hostname:amin-GF63-Thin-9SCXR,timestamp:1745581095
2025-04-25T18:38:15,097 - MemoryUsed.Megabytes:5841.375|#Level:Host|#hostname:amin-GF63-Thin-9SCXR,timestamp:1745581095
2025-04-25T18:38:15,097 - MemoryUtilization.Percent:44.6|#Level:Host|#hostname:amin-GF63-Thin-9SCXR,timestamp:1745581095
2025-04-25T18:39:15,036 - CPUUtilization.Percent:0.0|#Level:Host|#hostname:amin-GF63-Thin-9SCXR,timestamp:1745581155
2025-04-25T18:39:15,037 - DiskAvailable.Gigabytes:0.2377777099609375|#Level:Host|#hostname:amin-GF63-Thin-9SCXR,timestamp:1745581155
2025-04-25T18:39:15,037 - DiskUsage.Gigabytes:95.99528503417969|#Level:Host|#hostname:amin-GF63-Thin-9SCXR,timestamp:1745581155
2025-04-25T18:39:15,037 - DiskUtilization.Percent:99.8|#Level:Host|#hostname:amin-GF63-Thin-9SCXR,timestamp:1745581155
2025-04-25T18:39:15,037 - GPUMemoryUtilization.Percent:3.1005859375|#Level:Host,DeviceId:0|#hostname:amin-GF63-Thin-9SCXR,timestamp:1745581155
2025-04-25T18:39:15,037 - GPUMemoryUsed.Megabytes:127.0|#Level:Host,DeviceId:0|#hostname:amin-GF63-Thin-9SCXR,timestamp:1745581155
2025-04-25T18:39:15,037 - GPUUtilization.Percent:0.0|#Level:Host,DeviceId:0|#hostname:amin-GF63-Thin-9SCXR,timestamp:1745581155
2025-04-25T18:39:15,037 - MemoryAvailable.Megabytes:8580.26953125|#Level:Host|#hostname:amin-GF63-Thin-9SCXR,timestamp:1745581155
2025-04-25T18:39:15,037 - MemoryUsed.Megabytes:6006.65625|#Level:Host|#hostname:amin-GF63-Thin-9SCXR,timestamp:1745581155
2025-04-25T18:39:15,037 - MemoryUtilization.Percent:45.8|#Level:Host|#hostname:amin-GF63-Thin-9SCXR,timestamp:1745581155
2025-04-25T18:40:14,998 - CPUUtilization.Percent:0.0|#Level:Host|#hostname:amin-GF63-Thin-9SCXR,timestamp:1745581214
2025-04-25T18:40:14,998 - DiskAvailable.Gigabytes:0.23761367797851562|#Level:Host|#hostname:amin-GF63-Thin-9SCXR,timestamp:1745581214
2025-04-25T18:40:14,998 - DiskUsage.Gigabytes:95.99544906616211|#Level:Host|#hostname:amin-GF63-Thin-9SCXR,timestamp:1745581214
2025-04-25T18:40:14,998 - DiskUtilization.Percent:99.8|#Level:Host|#hostname:amin-GF63-Thin-9SCXR,timestamp:1745581214
2025-04-25T18:40:14,998 - GPUMemoryUtilization.Percent:3.1005859375|#Level:Host,DeviceId:0|#hostname:amin-GF63-Thin-9SCXR,timestamp:1745581214
2025-04-25T18:40:14,999 - GPUMemoryUsed.Megabytes:127.0|#Level:Host,DeviceId:0|#hostname:amin-GF63-Thin-9SCXR,timestamp:1745581214
2025-04-25T18:40:14,999 - GPUUtilization.Percent:0.0|#Level:Host,DeviceId:0|#hostname:amin-GF63-Thin-9SCXR,timestamp:1745581214
2025-04-25T18:40:14,999 - MemoryAvailable.Megabytes:8751.88671875|#Level:Host|#hostname:amin-GF63-Thin-9SCXR,timestamp:1745581214
2025-04-25T18:40:14,999 - MemoryUsed.Megabytes:5861.98046875|#Level:Host|#hostname:amin-GF63-Thin-9SCXR,timestamp:1745581214
2025-04-25T18:40:14,999 - MemoryUtilization.Percent:44.7|#Level:Host|#hostname:amin-GF63-Thin-9SCXR,timestamp:1745581214
2025-04-25T18:41:15,082 - CPUUtilization.Percent:50.0|#Level:Host|#hostname:amin-GF63-Thin-9SCXR,timestamp:1745581275
2025-04-25T18:41:15,082 - DiskAvailable.Gigabytes:0.23741531372070312|#Level:Host|#hostname:amin-GF63-Thin-9SCXR,timestamp:1745581275
2025-04-25T18:41:15,082 - DiskUsage.Gigabytes:95.99564743041992|#Level:Host|#hostname:amin-GF63-Thin-9SCXR,timestamp:1745581275
2025-04-25T18:41:15,083 - DiskUtilization.Percent:99.8|#Level:Host|#hostname:amin-GF63-Thin-9SCXR,timestamp:1745581275
2025-04-25T18:41:15,083 - GPUMemoryUtilization.Percent:3.1005859375|#Level:Host,DeviceId:0|#hostname:amin-GF63-Thin-9SCXR,timestamp:1745581275
2025-04-25T18:41:15,083 - GPUMemoryUsed.Megabytes:127.0|#Level:Host,DeviceId:0|#hostname:amin-GF63-Thin-9SCXR,timestamp:1745581275
2025-04-25T18:41:15,083 - GPUUtilization.Percent:0.0|#Level:Host,DeviceId:0|#hostname:amin-GF63-Thin-9SCXR,timestamp:1745581275
2025-04-25T18:41:15,083 - MemoryAvailable.Megabytes:8722.12109375|#Level:Host|#hostname:amin-GF63-Thin-9SCXR,timestamp:1745581275
2025-04-25T18:41:15,083 - MemoryUsed.Megabytes:5888.49609375|#Level:Host|#hostname:amin-GF63-Thin-9SCXR,timestamp:1745581275
2025-04-25T18:41:15,083 - MemoryUtilization.Percent:44.9|#Level:Host|#hostname:amin-GF63-Thin-9SCXR,timestamp:1745581275
2025-04-25T18:42:15,088 - CPUUtilization.Percent:0.0|#Level:Host|#hostname:amin-GF63-Thin-9SCXR,timestamp:1745581335
2025-04-25T18:42:15,088 - DiskAvailable.Gigabytes:0.237457275390625|#Level:Host|#hostname:amin-GF63-Thin-9SCXR,timestamp:1745581335
2025-04-25T18:42:15,088 - DiskUsage.Gigabytes:95.99560546875|#Level:Host|#hostname:amin-GF63-Thin-9SCXR,timestamp:1745581335
2025-04-25T18:42:15,088 - DiskUtilization.Percent:99.8|#Level:Host|#hostname:amin-GF63-Thin-9SCXR,timestamp:1745581335
2025-04-25T18:42:15,088 - GPUMemoryUtilization.Percent:3.1005859375|#Level:Host,DeviceId:0|#hostname:amin-GF63-Thin-9SCXR,timestamp:1745581335
2025-04-25T18:42:15,088 - GPUMemoryUsed.Megabytes:127.0|#Level:Host,DeviceId:0|#hostname:amin-GF63-Thin-9SCXR,timestamp:1745581335
2025-04-25T18:42:15,088 - GPUUtilization.Percent:0.0|#Level:Host,DeviceId:0|#hostname:amin-GF63-Thin-9SCXR,timestamp:1745581335
2025-04-25T18:42:15,089 - MemoryAvailable.Megabytes:8779.28515625|#Level:Host|#hostname:amin-GF63-Thin-9SCXR,timestamp:1745581335
2025-04-25T18:42:15,089 - MemoryUsed.Megabytes:5838.5859375|#Level:Host|#hostname:amin-GF63-Thin-9SCXR,timestamp:1745581335
2025-04-25T18:42:15,089 - MemoryUtilization.Percent:44.6|#Level:Host|#hostname:amin-GF63-Thin-9SCXR,timestamp:1745581335
2025-04-25T18:43:15,017 - CPUUtilization.Percent:0.0|#Level:Host|#hostname:amin-GF63-Thin-9SCXR,timestamp:1745581395
2025-04-25T18:43:15,018 - DiskAvailable.Gigabytes:0.2374267578125|#Level:Host|#hostname:amin-GF63-Thin-9SCXR,timestamp:1745581395
2025-04-25T18:43:15,018 - DiskUsage.Gigabytes:95.99563598632812|#Level:Host|#hostname:amin-GF63-Thin-9SCXR,timestamp:1745581395
2025-04-25T18:43:15,018 - DiskUtilization.Percent:99.8|#Level:Host|#hostname:amin-GF63-Thin-9SCXR,timestamp:1745581395
2025-04-25T18:43:15,018 - GPUMemoryUtilization.Percent:3.1005859375|#Level:Host,DeviceId:0|#hostname:amin-GF63-Thin-9SCXR,timestamp:1745581395
2025-04-25T18:43:15,018 - GPUMemoryUsed.Megabytes:127.0|#Level:Host,DeviceId:0|#hostname:amin-GF63-Thin-9SCXR,timestamp:1745581395
2025-04-25T18:43:15,018 - GPUUtilization.Percent:0.0|#Level:Host,DeviceId:0|#hostname:amin-GF63-Thin-9SCXR,timestamp:1745581395
2025-04-25T18:43:15,018 - MemoryAvailable.Megabytes:8544.91796875|#Level:Host|#hostname:amin-GF63-Thin-9SCXR,timestamp:1745581395
2025-04-25T18:43:15,018 - MemoryUsed.Megabytes:6078.03125|#Level:Host|#hostname:amin-GF63-Thin-9SCXR,timestamp:1745581395
2025-04-25T18:43:15,018 - MemoryUtilization.Percent:46.0|#Level:Host|#hostname:amin-GF63-Thin-9SCXR,timestamp:1745581395
2025-04-25T18:44:15,125 - CPUUtilization.Percent:0.0|#Level:Host|#hostname:amin-GF63-Thin-9SCXR,timestamp:1745581455
2025-04-25T18:44:15,126 - DiskAvailable.Gigabytes:0.2370758056640625|#Level:Host|#hostname:amin-GF63-Thin-9SCXR,timestamp:1745581455
2025-04-25T18:44:15,126 - DiskUsage.Gigabytes:95.99598693847656|#Level:Host|#hostname:amin-GF63-Thin-9SCXR,timestamp:1745581455
2025-04-25T18:44:15,126 - DiskUtilization.Percent:99.8|#Level:Host|#hostname:amin-GF63-Thin-9SCXR,timestamp:1745581455
2025-04-25T18:44:15,126 - GPUMemoryUtilization.Percent:3.1005859375|#Level:Host,DeviceId:0|#hostname:amin-GF63-Thin-9SCXR,timestamp:1745581455
2025-04-25T18:44:15,126 - GPUMemoryUsed.Megabytes:127.0|#Level:Host,DeviceId:0|#hostname:amin-GF63-Thin-9SCXR,timestamp:1745581455
2025-04-25T18:44:15,126 - GPUUtilization.Percent:0.0|#Level:Host,DeviceId:0|#hostname:amin-GF63-Thin-9SCXR,timestamp:1745581455
2025-04-25T18:44:15,126 - MemoryAvailable.Megabytes:8870.41015625|#Level:Host|#hostname:amin-GF63-Thin-9SCXR,timestamp:1745581455
2025-04-25T18:44:15,126 - MemoryUsed.Megabytes:5747.01953125|#Level:Host|#hostname:amin-GF63-Thin-9SCXR,timestamp:1745581455
2025-04-25T18:44:15,126 - MemoryUtilization.Percent:44.0|#Level:Host|#hostname:amin-GF63-Thin-9SCXR,timestamp:1745581455
2025-04-25T18:45:15,083 - CPUUtilization.Percent:0.0|#Level:Host|#hostname:amin-GF63-Thin-9SCXR,timestamp:1745581515
2025-04-25T18:45:15,083 - DiskAvailable.Gigabytes:0.23707962036132812|#Level:Host|#hostname:amin-GF63-Thin-9SCXR,timestamp:1745581515
2025-04-25T18:45:15,084 - DiskUsage.Gigabytes:95.9959831237793|#Level:Host|#hostname:amin-GF63-Thin-9SCXR,timestamp:1745581515
2025-04-25T18:45:15,084 - DiskUtilization.Percent:99.8|#Level:Host|#hostname:amin-GF63-Thin-9SCXR,timestamp:1745581515
2025-04-25T18:45:15,084 - GPUMemoryUtilization.Percent:3.1005859375|#Level:Host,DeviceId:0|#hostname:amin-GF63-Thin-9SCXR,timestamp:1745581515
2025-04-25T18:45:15,084 - GPUMemoryUsed.Megabytes:127.0|#Level:Host,DeviceId:0|#hostname:amin-GF63-Thin-9SCXR,timestamp:1745581515
2025-04-25T18:45:15,084 - GPUUtilization.Percent:0.0|#Level:Host,DeviceId:0|#hostname:amin-GF63-Thin-9SCXR,timestamp:1745581515
2025-04-25T18:45:15,084 - MemoryAvailable.Megabytes:8808.328125|#Level:Host|#hostname:amin-GF63-Thin-9SCXR,timestamp:1745581515
2025-04-25T18:45:15,084 - MemoryUsed.Megabytes:5809.03125|#Level:Host|#hostname:amin-GF63-Thin-9SCXR,timestamp:1745581515
2025-04-25T18:45:15,084 - MemoryUtilization.Percent:44.4|#Level:Host|#hostname:amin-GF63-Thin-9SCXR,timestamp:1745581515
2025-04-25T18:46:15,085 - CPUUtilization.Percent:0.0|#Level:Host|#hostname:amin-GF63-Thin-9SCXR,timestamp:1745581575
2025-04-25T18:46:15,085 - DiskAvailable.Gigabytes:0.23702239990234375|#Level:Host|#hostname:amin-GF63-Thin-9SCXR,timestamp:1745581575
2025-04-25T18:46:15,085 - DiskUsage.Gigabytes:95.99604034423828|#Level:Host|#hostname:amin-GF63-Thin-9SCXR,timestamp:1745581575
2025-04-25T18:46:15,085 - DiskUtilization.Percent:99.8|#Level:Host|#hostname:amin-GF63-Thin-9SCXR,timestamp:1745581575
2025-04-25T18:46:15,085 - GPUMemoryUtilization.Percent:3.1005859375|#Level:Host,DeviceId:0|#hostname:amin-GF63-Thin-9SCXR,timestamp:1745581575
2025-04-25T18:46:15,085 - GPUMemoryUsed.Megabytes:127.0|#Level:Host,DeviceId:0|#hostname:amin-GF63-Thin-9SCXR,timestamp:1745581575
2025-04-25T18:46:15,085 - GPUUtilization.Percent:0.0|#Level:Host,DeviceId:0|#hostname:amin-GF63-Thin-9SCXR,timestamp:1745581575
2025-04-25T18:46:15,085 - MemoryAvailable.Megabytes:8769.25|#Level:Host|#hostname:amin-GF63-Thin-9SCXR,timestamp:1745581575
2025-04-25T18:46:15,085 - MemoryUsed.Megabytes:5847.984375|#Level:Host|#hostname:amin-GF63-Thin-9SCXR,timestamp:1745581575
2025-04-25T18:46:15,085 - MemoryUtilization.Percent:44.6|#Level:Host|#hostname:amin-GF63-Thin-9SCXR,timestamp:1745581575
2025-04-25T18:47:15,108 - CPUUtilization.Percent:50.0|#Level:Host|#hostname:amin-GF63-Thin-9SCXR,timestamp:1745581635
2025-04-25T18:47:15,109 - DiskAvailable.Gigabytes:0.23696517944335938|#Level:Host|#hostname:amin-GF63-Thin-9SCXR,timestamp:1745581635
2025-04-25T18:47:15,109 - DiskUsage.Gigabytes:95.99609756469727|#Level:Host|#hostname:amin-GF63-Thin-9SCXR,timestamp:1745581635
2025-04-25T18:47:15,109 - DiskUtilization.Percent:99.8|#Level:Host|#hostname:amin-GF63-Thin-9SCXR,timestamp:1745581635
2025-04-25T18:47:15,109 - GPUMemoryUtilization.Percent:3.1005859375|#Level:Host,DeviceId:0|#hostname:amin-GF63-Thin-9SCXR,timestamp:1745581635
2025-04-25T18:47:15,110 - GPUMemoryUsed.Megabytes:127.0|#Level:Host,DeviceId:0|#hostname:amin-GF63-Thin-9SCXR,timestamp:1745581635
2025-04-25T18:47:15,110 - GPUUtilization.Percent:0.0|#Level:Host,DeviceId:0|#hostname:amin-GF63-Thin-9SCXR,timestamp:1745581635
2025-04-25T18:47:15,110 - MemoryAvailable.Megabytes:8796.75390625|#Level:Host|#hostname:amin-GF63-Thin-9SCXR,timestamp:1745581635
2025-04-25T18:47:15,110 - MemoryUsed.Megabytes:5817.5390625|#Level:Host|#hostname:amin-GF63-Thin-9SCXR,timestamp:1745581635
2025-04-25T18:47:15,110 - MemoryUtilization.Percent:44.4|#Level:Host|#hostname:amin-GF63-Thin-9SCXR,timestamp:1745581635
2025-04-25T18:48:15,023 - CPUUtilization.Percent:0.0|#Level:Host|#hostname:amin-GF63-Thin-9SCXR,timestamp:1745581695
2025-04-25T18:48:15,023 - DiskAvailable.Gigabytes:0.23683929443359375|#Level:Host|#hostname:amin-GF63-Thin-9SCXR,timestamp:1745581695
2025-04-25T18:48:15,023 - DiskUsage.Gigabytes:95.99622344970703|#Level:Host|#hostname:amin-GF63-Thin-9SCXR,timestamp:1745581695
2025-04-25T18:48:15,023 - DiskUtilization.Percent:99.8|#Level:Host|#hostname:amin-GF63-Thin-9SCXR,timestamp:1745581695
2025-04-25T18:48:15,023 - GPUMemoryUtilization.Percent:3.1005859375|#Level:Host,DeviceId:0|#hostname:amin-GF63-Thin-9SCXR,timestamp:1745581695
2025-04-25T18:48:15,023 - GPUMemoryUsed.Megabytes:127.0|#Level:Host,DeviceId:0|#hostname:amin-GF63-Thin-9SCXR,timestamp:1745581695
2025-04-25T18:48:15,023 - GPUUtilization.Percent:0.0|#Level:Host,DeviceId:0|#hostname:amin-GF63-Thin-9SCXR,timestamp:1745581695
2025-04-25T18:48:15,023 - MemoryAvailable.Megabytes:8553.52734375|#Level:Host|#hostname:amin-GF63-Thin-9SCXR,timestamp:1745581695
2025-04-25T18:48:15,023 - MemoryUsed.Megabytes:6070.3125|#Level:Host|#hostname:amin-GF63-Thin-9SCXR,timestamp:1745581695
2025-04-25T18:48:15,023 - MemoryUtilization.Percent:46.0|#Level:Host|#hostname:amin-GF63-Thin-9SCXR,timestamp:1745581695
2025-04-25T18:49:15,094 - CPUUtilization.Percent:0.0|#Level:Host|#hostname:amin-GF63-Thin-9SCXR,timestamp:1745581755
2025-04-25T18:49:15,095 - DiskAvailable.Gigabytes:0.23679351806640625|#Level:Host|#hostname:amin-GF63-Thin-9SCXR,timestamp:1745581755
2025-04-25T18:49:15,095 - DiskUsage.Gigabytes:95.99626922607422|#Level:Host|#hostname:amin-GF63-Thin-9SCXR,timestamp:1745581755
2025-04-25T18:49:15,095 - DiskUtilization.Percent:99.8|#Level:Host|#hostname:amin-GF63-Thin-9SCXR,timestamp:1745581755
2025-04-25T18:49:15,095 - GPUMemoryUtilization.Percent:3.1005859375|#Level:Host,DeviceId:0|#hostname:amin-GF63-Thin-9SCXR,timestamp:1745581755
2025-04-25T18:49:15,095 - GPUMemoryUsed.Megabytes:127.0|#Level:Host,DeviceId:0|#hostname:amin-GF63-Thin-9SCXR,timestamp:1745581755
2025-04-25T18:49:15,095 - GPUUtilization.Percent:0.0|#Level:Host,DeviceId:0|#hostname:amin-GF63-Thin-9SCXR,timestamp:1745581755
2025-04-25T18:49:15,095 - MemoryAvailable.Megabytes:8666.671875|#Level:Host|#hostname:amin-GF63-Thin-9SCXR,timestamp:1745581755
2025-04-25T18:49:15,095 - MemoryUsed.Megabytes:5901.46484375|#Level:Host|#hostname:amin-GF63-Thin-9SCXR,timestamp:1745581755
2025-04-25T18:49:15,095 - MemoryUtilization.Percent:45.3|#Level:Host|#hostname:amin-GF63-Thin-9SCXR,timestamp:1745581755
2025-04-25T18:50:15,087 - CPUUtilization.Percent:0.0|#Level:Host|#hostname:amin-GF63-Thin-9SCXR,timestamp:1745581815
2025-04-25T18:50:15,087 - DiskAvailable.Gigabytes:0.23674392700195312|#Level:Host|#hostname:amin-GF63-Thin-9SCXR,timestamp:1745581815
2025-04-25T18:50:15,087 - DiskUsage.Gigabytes:95.99631881713867|#Level:Host|#hostname:amin-GF63-Thin-9SCXR,timestamp:1745581815
2025-04-25T18:50:15,087 - DiskUtilization.Percent:99.8|#Level:Host|#hostname:amin-GF63-Thin-9SCXR,timestamp:1745581815
2025-04-25T18:50:15,087 - GPUMemoryUtilization.Percent:3.1005859375|#Level:Host,DeviceId:0|#hostname:amin-GF63-Thin-9SCXR,timestamp:1745581815
2025-04-25T18:50:15,087 - GPUMemoryUsed.Megabytes:127.0|#Level:Host,DeviceId:0|#hostname:amin-GF63-Thin-9SCXR,timestamp:1745581815
2025-04-25T18:50:15,088 - GPUUtilization.Percent:0.0|#Level:Host,DeviceId:0|#hostname:amin-GF63-Thin-9SCXR,timestamp:1745581815
2025-04-25T18:50:15,088 - MemoryAvailable.Megabytes:8725.7421875|#Level:Host|#hostname:amin-GF63-Thin-9SCXR,timestamp:1745581815
2025-04-25T18:50:15,088 - MemoryUsed.Megabytes:5880.44140625|#Level:Host|#hostname:amin-GF63-Thin-9SCXR,timestamp:1745581815
2025-04-25T18:50:15,088 - MemoryUtilization.Percent:44.9|#Level:Host|#hostname:amin-GF63-Thin-9SCXR,timestamp:1745581815
2025-04-25T18:51:15,097 - CPUUtilization.Percent:0.0|#Level:Host|#hostname:amin-GF63-Thin-9SCXR,timestamp:1745581875
2025-04-25T18:51:15,097 - DiskAvailable.Gigabytes:0.23647308349609375|#Level:Host|#hostname:amin-GF63-Thin-9SCXR,timestamp:1745581875
2025-04-25T18:51:15,097 - DiskUsage.Gigabytes:95.99658966064453|#Level:Host|#hostname:amin-GF63-Thin-9SCXR,timestamp:1745581875
2025-04-25T18:51:15,097 - DiskUtilization.Percent:99.8|#Level:Host|#hostname:amin-GF63-Thin-9SCXR,timestamp:1745581875
2025-04-25T18:51:15,097 - GPUMemoryUtilization.Percent:3.1005859375|#Level:Host,DeviceId:0|#hostname:amin-GF63-Thin-9SCXR,timestamp:1745581875
2025-04-25T18:51:15,097 - GPUMemoryUsed.Megabytes:127.0|#Level:Host,DeviceId:0|#hostname:amin-GF63-Thin-9SCXR,timestamp:1745581875
2025-04-25T18:51:15,097 - GPUUtilization.Percent:0.0|#Level:Host,DeviceId:0|#hostname:amin-GF63-Thin-9SCXR,timestamp:1745581875
2025-04-25T18:51:15,097 - MemoryAvailable.Megabytes:8595.28125|#Level:Host|#hostname:amin-GF63-Thin-9SCXR,timestamp:1745581875
2025-04-25T18:51:15,097 - MemoryUsed.Megabytes:5973.41015625|#Level:Host|#hostname:amin-GF63-Thin-9SCXR,timestamp:1745581875
2025-04-25T18:51:15,097 - MemoryUtilization.Percent:45.7|#Level:Host|#hostname:amin-GF63-Thin-9SCXR,timestamp:1745581875
2025-04-25T18:52:15,083 - CPUUtilization.Percent:0.0|#Level:Host|#hostname:amin-GF63-Thin-9SCXR,timestamp:1745581935
2025-04-25T18:52:15,084 - DiskAvailable.Gigabytes:0.23898696899414062|#Level:Host|#hostname:amin-GF63-Thin-9SCXR,timestamp:1745581935
2025-04-25T18:52:15,084 - DiskUsage.Gigabytes:95.99407577514648|#Level:Host|#hostname:amin-GF63-Thin-9SCXR,timestamp:1745581935
2025-04-25T18:52:15,084 - DiskUtilization.Percent:99.8|#Level:Host|#hostname:amin-GF63-Thin-9SCXR,timestamp:1745581935
2025-04-25T18:52:15,084 - GPUMemoryUtilization.Percent:3.1005859375|#Level:Host,DeviceId:0|#hostname:amin-GF63-Thin-9SCXR,timestamp:1745581935
2025-04-25T18:52:15,084 - GPUMemoryUsed.Megabytes:127.0|#Level:Host,DeviceId:0|#hostname:amin-GF63-Thin-9SCXR,timestamp:1745581935
2025-04-25T18:52:15,084 - GPUUtilization.Percent:0.0|#Level:Host,DeviceId:0|#hostname:amin-GF63-Thin-9SCXR,timestamp:1745581935
2025-04-25T18:52:15,084 - MemoryAvailable.Megabytes:8682.21875|#Level:Host|#hostname:amin-GF63-Thin-9SCXR,timestamp:1745581935
2025-04-25T18:52:15,084 - MemoryUsed.Megabytes:5928.69921875|#Level:Host|#hostname:amin-GF63-Thin-9SCXR,timestamp:1745581935
2025-04-25T18:52:15,084 - MemoryUtilization.Percent:45.2|#Level:Host|#hostname:amin-GF63-Thin-9SCXR,timestamp:1745581935
2025-04-25T18:53:15,028 - CPUUtilization.Percent:0.0|#Level:Host|#hostname:amin-GF63-Thin-9SCXR,timestamp:1745581995
2025-04-25T18:53:15,029 - DiskAvailable.Gigabytes:0.23894882202148438|#Level:Host|#hostname:amin-GF63-Thin-9SCXR,timestamp:1745581995
2025-04-25T18:53:15,029 - DiskUsage.Gigabytes:95.99411392211914|#Level:Host|#hostname:amin-GF63-Thin-9SCXR,timestamp:1745581995
2025-04-25T18:53:15,029 - DiskUtilization.Percent:99.8|#Level:Host|#hostname:amin-GF63-Thin-9SCXR,timestamp:1745581995
2025-04-25T18:53:15,029 - GPUMemoryUtilization.Percent:3.1005859375|#Level:Host,DeviceId:0|#hostname:amin-GF63-Thin-9SCXR,timestamp:1745581995
2025-04-25T18:53:15,029 - GPUMemoryUsed.Megabytes:127.0|#Level:Host,DeviceId:0|#hostname:amin-GF63-Thin-9SCXR,timestamp:1745581995
2025-04-25T18:53:15,029 - GPUUtilization.Percent:0.0|#Level:Host,DeviceId:0|#hostname:amin-GF63-Thin-9SCXR,timestamp:1745581995
2025-04-25T18:53:15,029 - MemoryAvailable.Megabytes:8554.78515625|#Level:Host|#hostname:amin-GF63-Thin-9SCXR,timestamp:1745581995
2025-04-25T18:53:15,029 - MemoryUsed.Megabytes:6033.26171875|#Level:Host|#hostname:amin-GF63-Thin-9SCXR,timestamp:1745581995
2025-04-25T18:53:15,029 - MemoryUtilization.Percent:46.0|#Level:Host|#hostname:amin-GF63-Thin-9SCXR,timestamp:1745581995
2025-04-25T18:54:15,142 - CPUUtilization.Percent:0.0|#Level:Host|#hostname:amin-GF63-Thin-9SCXR,timestamp:1745582055
2025-04-25T18:54:15,143 - DiskAvailable.Gigabytes:0.23895263671875|#Level:Host|#hostname:amin-GF63-Thin-9SCXR,timestamp:1745582055
2025-04-25T18:54:15,143 - DiskUsage.Gigabytes:95.99411010742188|#Level:Host|#hostname:amin-GF63-Thin-9SCXR,timestamp:1745582055
2025-04-25T18:54:15,143 - DiskUtilization.Percent:99.8|#Level:Host|#hostname:amin-GF63-Thin-9SCXR,timestamp:1745582055
2025-04-25T18:54:15,143 - GPUMemoryUtilization.Percent:3.1005859375|#Level:Host,DeviceId:0|#hostname:amin-GF63-Thin-9SCXR,timestamp:1745582055
2025-04-25T18:54:15,143 - GPUMemoryUsed.Megabytes:127.0|#Level:Host,DeviceId:0|#hostname:amin-GF63-Thin-9SCXR,timestamp:1745582055
2025-04-25T18:54:15,143 - GPUUtilization.Percent:0.0|#Level:Host,DeviceId:0|#hostname:amin-GF63-Thin-9SCXR,timestamp:1745582055
2025-04-25T18:54:15,143 - MemoryAvailable.Megabytes:8599.14453125|#Level:Host|#hostname:amin-GF63-Thin-9SCXR,timestamp:1745582055
2025-04-25T18:54:15,143 - MemoryUsed.Megabytes:5962.69921875|#Level:Host|#hostname:amin-GF63-Thin-9SCXR,timestamp:1745582055
2025-04-25T18:54:15,143 - MemoryUtilization.Percent:45.7|#Level:Host|#hostname:amin-GF63-Thin-9SCXR,timestamp:1745582055
2025-04-25T18:55:15,018 - CPUUtilization.Percent:0.0|#Level:Host|#hostname:amin-GF63-Thin-9SCXR,timestamp:1745582115
2025-04-25T18:55:15,018 - DiskAvailable.Gigabytes:0.2505950927734375|#Level:Host|#hostname:amin-GF63-Thin-9SCXR,timestamp:1745582115
2025-04-25T18:55:15,018 - DiskUsage.Gigabytes:95.98249053955078|#Level:Host|#hostname:amin-GF63-Thin-9SCXR,timestamp:1745582115
2025-04-25T18:55:15,018 - DiskUtilization.Percent:99.7|#Level:Host|#hostname:amin-GF63-Thin-9SCXR,timestamp:1745582115
2025-04-25T18:55:15,018 - GPUMemoryUtilization.Percent:3.1005859375|#Level:Host,DeviceId:0|#hostname:amin-GF63-Thin-9SCXR,timestamp:1745582115
2025-04-25T18:55:15,018 - GPUMemoryUsed.Megabytes:127.0|#Level:Host,DeviceId:0|#hostname:amin-GF63-Thin-9SCXR,timestamp:1745582115
2025-04-25T18:55:15,018 - GPUUtilization.Percent:0.0|#Level:Host,DeviceId:0|#hostname:amin-GF63-Thin-9SCXR,timestamp:1745582115
2025-04-25T18:55:15,018 - MemoryAvailable.Megabytes:12965.76171875|#Level:Host|#hostname:amin-GF63-Thin-9SCXR,timestamp:1745582115
2025-04-25T18:55:15,018 - MemoryUsed.Megabytes:2133.76953125|#Level:Host|#hostname:amin-GF63-Thin-9SCXR,timestamp:1745582115
2025-04-25T18:55:15,018 - MemoryUtilization.Percent:18.1|#Level:Host|#hostname:amin-GF63-Thin-9SCXR,timestamp:1745582115
2025-04-25T20:05:32,467 - CPUUtilization.Percent:0.0|#Level:Host|#hostname:amin-GF63-Thin-9SCXR,timestamp:1745586332
2025-04-25T20:05:32,468 - DiskAvailable.Gigabytes:0.23738479614257812|#Level:Host|#hostname:amin-GF63-Thin-9SCXR,timestamp:1745586332
2025-04-25T20:05:32,468 - DiskUsage.Gigabytes:95.99567794799805|#Level:Host|#hostname:amin-GF63-Thin-9SCXR,timestamp:1745586332
2025-04-25T20:05:32,468 - DiskUtilization.Percent:99.8|#Level:Host|#hostname:amin-GF63-Thin-9SCXR,timestamp:1745586332
2025-04-25T20:05:32,469 - GPUMemoryUtilization.Percent:0.1220703125|#Level:Host,DeviceId:0|#hostname:amin-GF63-Thin-9SCXR,timestamp:1745586332
2025-04-25T20:05:32,469 - GPUMemoryUsed.Megabytes:5.0|#Level:Host,DeviceId:0|#hostname:amin-GF63-Thin-9SCXR,timestamp:1745586332
2025-04-25T20:05:32,469 - GPUUtilization.Percent:0.0|#Level:Host,DeviceId:0|#hostname:amin-GF63-Thin-9SCXR,timestamp:1745586332
2025-04-25T20:05:32,469 - MemoryAvailable.Megabytes:11241.24609375|#Level:Host|#hostname:amin-GF63-Thin-9SCXR,timestamp:1745586332
2025-04-25T20:05:32,469 - MemoryUsed.Megabytes:3459.66015625|#Level:Host|#hostname:amin-GF63-Thin-9SCXR,timestamp:1745586332
2025-04-25T20:05:32,470 - MemoryUtilization.Percent:29.0|#Level:Host|#hostname:amin-GF63-Thin-9SCXR,timestamp:1745586332
2025-04-25T20:05:33,643 - WorkerLoadTime.Milliseconds:2465.0|#WorkerName:W-9000-cifar10_1.0,Level:Host|#hostname:amin-GF63-Thin-9SCXR,timestamp:1745586333
2025-04-25T20:05:33,643 - WorkerThreadTime.Milliseconds:2.0|#Level:Host|#hostname:amin-GF63-Thin-9SCXR,timestamp:1745586333
2025-04-25T20:05:58,464 - ts_inference_requests_total.Count:1.0|#model_name:cifar10,model_version:default|#hostname:amin-GF63-Thin-9SCXR,timestamp:1745586358
2025-04-25T20:05:58,860 - Requests2XX.Count:1.0|#Level:Host|#hostname:amin-GF63-Thin-9SCXR,timestamp:1745586358
2025-04-25T20:05:58,860 - ts_inference_latency_microseconds.Microseconds:393685.323|#model_name:cifar10,model_version:default|#hostname:amin-GF63-Thin-9SCXR,timestamp:1745586358
2025-04-25T20:05:58,860 - ts_queue_latency_microseconds.Microseconds:106.102|#model_name:cifar10,model_version:default|#hostname:amin-GF63-Thin-9SCXR,timestamp:1745586358
2025-04-25T20:05:58,860 - QueueTime.Milliseconds:0.0|#Level:Host|#hostname:amin-GF63-Thin-9SCXR,timestamp:1745586358
2025-04-25T20:05:58,860 - WorkerThreadTime.Milliseconds:2.0|#Level:Host|#hostname:amin-GF63-Thin-9SCXR,timestamp:1745586358
2025-04-25T20:06:31,916 - CPUUtilization.Percent:0.0|#Level:Host|#hostname:amin-GF63-Thin-9SCXR,timestamp:1745586391
2025-04-25T20:06:31,916 - DiskAvailable.Gigabytes:0.23728561401367188|#Level:Host|#hostname:amin-GF63-Thin-9SCXR,timestamp:1745586391
2025-04-25T20:06:31,916 - DiskUsage.Gigabytes:95.99577713012695|#Level:Host|#hostname:amin-GF63-Thin-9SCXR,timestamp:1745586391
2025-04-25T20:06:31,916 - DiskUtilization.Percent:99.8|#Level:Host|#hostname:amin-GF63-Thin-9SCXR,timestamp:1745586391
2025-04-25T20:06:31,917 - GPUMemoryUtilization.Percent:3.1005859375|#Level:Host,DeviceId:0|#hostname:amin-GF63-Thin-9SCXR,timestamp:1745586391
2025-04-25T20:06:31,917 - GPUMemoryUsed.Megabytes:127.0|#Level:Host,DeviceId:0|#hostname:amin-GF63-Thin-9SCXR,timestamp:1745586391
2025-04-25T20:06:31,917 - GPUUtilization.Percent:0.0|#Level:Host,DeviceId:0|#hostname:amin-GF63-Thin-9SCXR,timestamp:1745586391
2025-04-25T20:06:31,917 - MemoryAvailable.Megabytes:10894.67578125|#Level:Host|#hostname:amin-GF63-Thin-9SCXR,timestamp:1745586391
2025-04-25T20:06:31,917 - MemoryUsed.Megabytes:3908.53515625|#Level:Host|#hostname:amin-GF63-Thin-9SCXR,timestamp:1745586391
2025-04-25T20:06:31,918 - MemoryUtilization.Percent:31.2|#Level:Host|#hostname:amin-GF63-Thin-9SCXR,timestamp:1745586391
2025-04-25T20:07:31,927 - CPUUtilization.Percent:0.0|#Level:Host|#hostname:amin-GF63-Thin-9SCXR,timestamp:1745586451
2025-04-25T20:07:31,927 - DiskAvailable.Gigabytes:0.23717498779296875|#Level:Host|#hostname:amin-GF63-Thin-9SCXR,timestamp:1745586451
2025-04-25T20:07:31,927 - DiskUsage.Gigabytes:95.99588775634766|#Level:Host|#hostname:amin-GF63-Thin-9SCXR,timestamp:1745586451
2025-04-25T20:07:31,927 - DiskUtilization.Percent:99.8|#Level:Host|#hostname:amin-GF63-Thin-9SCXR,timestamp:1745586451
2025-04-25T20:07:31,928 - GPUMemoryUtilization.Percent:3.1005859375|#Level:Host,DeviceId:0|#hostname:amin-GF63-Thin-9SCXR,timestamp:1745586451
2025-04-25T20:07:31,928 - GPUMemoryUsed.Megabytes:127.0|#Level:Host,DeviceId:0|#hostname:amin-GF63-Thin-9SCXR,timestamp:1745586451
2025-04-25T20:07:31,928 - GPUUtilization.Percent:0.0|#Level:Host,DeviceId:0|#hostname:amin-GF63-Thin-9SCXR,timestamp:1745586451
2025-04-25T20:07:31,928 - MemoryAvailable.Megabytes:10943.140625|#Level:Host|#hostname:amin-GF63-Thin-9SCXR,timestamp:1745586451
2025-04-25T20:07:31,928 - MemoryUsed.Megabytes:3854.7109375|#Level:Host|#hostname:amin-GF63-Thin-9SCXR,timestamp:1745586451
2025-04-25T20:07:31,928 - MemoryUtilization.Percent:30.9|#Level:Host|#hostname:amin-GF63-Thin-9SCXR,timestamp:1745586451
2025-04-25T20:08:31,968 - CPUUtilization.Percent:50.0|#Level:Host|#hostname:amin-GF63-Thin-9SCXR,timestamp:1745586511
2025-04-25T20:08:31,969 - DiskAvailable.Gigabytes:0.23698806762695312|#Level:Host|#hostname:amin-GF63-Thin-9SCXR,timestamp:1745586511
2025-04-25T20:08:31,969 - DiskUsage.Gigabytes:95.99607467651367|#Level:Host|#hostname:amin-GF63-Thin-9SCXR,timestamp:1745586511
2025-04-25T20:08:31,969 - DiskUtilization.Percent:99.8|#Level:Host|#hostname:amin-GF63-Thin-9SCXR,timestamp:1745586511
2025-04-25T20:08:31,969 - GPUMemoryUtilization.Percent:3.1005859375|#Level:Host,DeviceId:0|#hostname:amin-GF63-Thin-9SCXR,timestamp:1745586511
2025-04-25T20:08:31,969 - GPUMemoryUsed.Megabytes:127.0|#Level:Host,DeviceId:0|#hostname:amin-GF63-Thin-9SCXR,timestamp:1745586511
2025-04-25T20:08:31,969 - GPUUtilization.Percent:0.0|#Level:Host,DeviceId:0|#hostname:amin-GF63-Thin-9SCXR,timestamp:1745586511
2025-04-25T20:08:31,970 - MemoryAvailable.Megabytes:10789.15234375|#Level:Host|#hostname:amin-GF63-Thin-9SCXR,timestamp:1745586511
2025-04-25T20:08:31,970 - MemoryUsed.Megabytes:3963.71484375|#Level:Host|#hostname:amin-GF63-Thin-9SCXR,timestamp:1745586511
2025-04-25T20:08:31,970 - MemoryUtilization.Percent:31.9|#Level:Host|#hostname:amin-GF63-Thin-9SCXR,timestamp:1745586511
2025-04-25T20:09:31,966 - CPUUtilization.Percent:0.0|#Level:Host|#hostname:amin-GF63-Thin-9SCXR,timestamp:1745586571
2025-04-25T20:09:31,966 - DiskAvailable.Gigabytes:0.236297607421875|#Level:Host|#hostname:amin-GF63-Thin-9SCXR,timestamp:1745586571
2025-04-25T20:09:31,966 - DiskUsage.Gigabytes:95.99676513671875|#Level:Host|#hostname:amin-GF63-Thin-9SCXR,timestamp:1745586571
2025-04-25T20:09:31,966 - DiskUtilization.Percent:99.8|#Level:Host|#hostname:amin-GF63-Thin-9SCXR,timestamp:1745586571
2025-04-25T20:09:31,967 - GPUMemoryUtilization.Percent:3.1005859375|#Level:Host,DeviceId:0|#hostname:amin-GF63-Thin-9SCXR,timestamp:1745586571
2025-04-25T20:09:31,967 - GPUMemoryUsed.Megabytes:127.0|#Level:Host,DeviceId:0|#hostname:amin-GF63-Thin-9SCXR,timestamp:1745586571
2025-04-25T20:09:31,967 - GPUUtilization.Percent:0.0|#Level:Host,DeviceId:0|#hostname:amin-GF63-Thin-9SCXR,timestamp:1745586571
2025-04-25T20:09:31,967 - MemoryAvailable.Megabytes:10641.4375|#Level:Host|#hostname:amin-GF63-Thin-9SCXR,timestamp:1745586571
2025-04-25T20:09:31,967 - MemoryUsed.Megabytes:4075.265625|#Level:Host|#hostname:amin-GF63-Thin-9SCXR,timestamp:1745586571
2025-04-25T20:09:31,967 - MemoryUtilization.Percent:32.8|#Level:Host|#hostname:amin-GF63-Thin-9SCXR,timestamp:1745586571
2025-04-25T20:10:31,985 - CPUUtilization.Percent:0.0|#Level:Host|#hostname:amin-GF63-Thin-9SCXR,timestamp:1745586631
2025-04-25T20:10:31,985 - DiskAvailable.Gigabytes:0.2362823486328125|#Level:Host|#hostname:amin-GF63-Thin-9SCXR,timestamp:1745586631
2025-04-25T20:10:31,986 - DiskUsage.Gigabytes:95.99678039550781|#Level:Host|#hostname:amin-GF63-Thin-9SCXR,timestamp:1745586631
2025-04-25T20:10:31,986 - DiskUtilization.Percent:99.8|#Level:Host|#hostname:amin-GF63-Thin-9SCXR,timestamp:1745586631
2025-04-25T20:10:31,986 - GPUMemoryUtilization.Percent:3.1005859375|#Level:Host,DeviceId:0|#hostname:amin-GF63-Thin-9SCXR,timestamp:1745586631
2025-04-25T20:10:31,986 - GPUMemoryUsed.Megabytes:127.0|#Level:Host,DeviceId:0|#hostname:amin-GF63-Thin-9SCXR,timestamp:1745586631
2025-04-25T20:10:31,986 - GPUUtilization.Percent:0.0|#Level:Host,DeviceId:0|#hostname:amin-GF63-Thin-9SCXR,timestamp:1745586631
2025-04-25T20:10:31,986 - MemoryAvailable.Megabytes:10650.8125|#Level:Host|#hostname:amin-GF63-Thin-9SCXR,timestamp:1745586631
2025-04-25T20:10:31,987 - MemoryUsed.Megabytes:4093.1796875|#Level:Host|#hostname:amin-GF63-Thin-9SCXR,timestamp:1745586631
2025-04-25T20:10:31,987 - MemoryUtilization.Percent:32.7|#Level:Host|#hostname:amin-GF63-Thin-9SCXR,timestamp:1745586631
2025-04-25T20:11:31,972 - CPUUtilization.Percent:0.0|#Level:Host|#hostname:amin-GF63-Thin-9SCXR,timestamp:1745586691
2025-04-25T20:11:31,973 - DiskAvailable.Gigabytes:0.23627471923828125|#Level:Host|#hostname:amin-GF63-Thin-9SCXR,timestamp:1745586691
2025-04-25T20:11:31,973 - DiskUsage.Gigabytes:95.99678802490234|#Level:Host|#hostname:amin-GF63-Thin-9SCXR,timestamp:1745586691
2025-04-25T20:11:31,973 - DiskUtilization.Percent:99.8|#Level:Host|#hostname:amin-GF63-Thin-9SCXR,timestamp:1745586691
2025-04-25T20:11:31,973 - GPUMemoryUtilization.Percent:3.1005859375|#Level:Host,DeviceId:0|#hostname:amin-GF63-Thin-9SCXR,timestamp:1745586691
2025-04-25T20:11:31,973 - GPUMemoryUsed.Megabytes:127.0|#Level:Host,DeviceId:0|#hostname:amin-GF63-Thin-9SCXR,timestamp:1745586691
2025-04-25T20:11:31,974 - GPUUtilization.Percent:0.0|#Level:Host,DeviceId:0|#hostname:amin-GF63-Thin-9SCXR,timestamp:1745586691
2025-04-25T20:11:31,974 - MemoryAvailable.Megabytes:10579.73828125|#Level:Host|#hostname:amin-GF63-Thin-9SCXR,timestamp:1745586691
2025-04-25T20:11:31,974 - MemoryUsed.Megabytes:4157.3359375|#Level:Host|#hostname:amin-GF63-Thin-9SCXR,timestamp:1745586691
2025-04-25T20:11:31,974 - MemoryUtilization.Percent:33.2|#Level:Host|#hostname:amin-GF63-Thin-9SCXR,timestamp:1745586691
2025-04-25T20:12:31,922 - CPUUtilization.Percent:0.0|#Level:Host|#hostname:amin-GF63-Thin-9SCXR,timestamp:1745586751
2025-04-25T20:12:31,923 - DiskAvailable.Gigabytes:0.23159408569335938|#Level:Host|#hostname:amin-GF63-Thin-9SCXR,timestamp:1745586751
2025-04-25T20:12:31,923 - DiskUsage.Gigabytes:96.00146865844727|#Level:Host|#hostname:amin-GF63-Thin-9SCXR,timestamp:1745586751
2025-04-25T20:12:31,923 - DiskUtilization.Percent:99.8|#Level:Host|#hostname:amin-GF63-Thin-9SCXR,timestamp:1745586751
2025-04-25T20:12:31,923 - GPUMemoryUtilization.Percent:3.1005859375|#Level:Host,DeviceId:0|#hostname:amin-GF63-Thin-9SCXR,timestamp:1745586751
2025-04-25T20:12:31,923 - GPUMemoryUsed.Megabytes:127.0|#Level:Host,DeviceId:0|#hostname:amin-GF63-Thin-9SCXR,timestamp:1745586751
2025-04-25T20:12:31,923 - GPUUtilization.Percent:0.0|#Level:Host,DeviceId:0|#hostname:amin-GF63-Thin-9SCXR,timestamp:1745586751
2025-04-25T20:12:31,923 - MemoryAvailable.Megabytes:10366.6171875|#Level:Host|#hostname:amin-GF63-Thin-9SCXR,timestamp:1745586751
2025-04-25T20:12:31,923 - MemoryUsed.Megabytes:4359.7109375|#Level:Host|#hostname:amin-GF63-Thin-9SCXR,timestamp:1745586751
2025-04-25T20:12:31,924 - MemoryUtilization.Percent:34.5|#Level:Host|#hostname:amin-GF63-Thin-9SCXR,timestamp:1745586751
2025-04-25T20:13:31,955 - CPUUtilization.Percent:50.0|#Level:Host|#hostname:amin-GF63-Thin-9SCXR,timestamp:1745586811
2025-04-25T20:13:31,955 - DiskAvailable.Gigabytes:0.2426910400390625|#Level:Host|#hostname:amin-GF63-Thin-9SCXR,timestamp:1745586811
2025-04-25T20:13:31,955 - DiskUsage.Gigabytes:95.99037170410156|#Level:Host|#hostname:amin-GF63-Thin-9SCXR,timestamp:1745586811
2025-04-25T20:13:31,955 - DiskUtilization.Percent:99.7|#Level:Host|#hostname:amin-GF63-Thin-9SCXR,timestamp:1745586811
2025-04-25T20:13:31,955 - GPUMemoryUtilization.Percent:3.1005859375|#Level:Host,DeviceId:0|#hostname:amin-GF63-Thin-9SCXR,timestamp:1745586811
2025-04-25T20:13:31,955 - GPUMemoryUsed.Megabytes:127.0|#Level:Host,DeviceId:0|#hostname:amin-GF63-Thin-9SCXR,timestamp:1745586811
2025-04-25T20:13:31,956 - GPUUtilization.Percent:0.0|#Level:Host,DeviceId:0|#hostname:amin-GF63-Thin-9SCXR,timestamp:1745586811
2025-04-25T20:13:31,956 - MemoryAvailable.Megabytes:10382.8125|#Level:Host|#hostname:amin-GF63-Thin-9SCXR,timestamp:1745586811
2025-04-25T20:13:31,956 - MemoryUsed.Megabytes:4345.58203125|#Level:Host|#hostname:amin-GF63-Thin-9SCXR,timestamp:1745586811
2025-04-25T20:13:31,956 - MemoryUtilization.Percent:34.4|#Level:Host|#hostname:amin-GF63-Thin-9SCXR,timestamp:1745586811
2025-04-25T20:14:31,996 - CPUUtilization.Percent:0.0|#Level:Host|#hostname:amin-GF63-Thin-9SCXR,timestamp:1745586871
2025-04-25T20:14:31,998 - DiskAvailable.Gigabytes:0.24268341064453125|#Level:Host|#hostname:amin-GF63-Thin-9SCXR,timestamp:1745586871
2025-04-25T20:14:31,998 - DiskUsage.Gigabytes:95.9903793334961|#Level:Host|#hostname:amin-GF63-Thin-9SCXR,timestamp:1745586871
2025-04-25T20:14:31,999 - DiskUtilization.Percent:99.7|#Level:Host|#hostname:amin-GF63-Thin-9SCXR,timestamp:1745586871
2025-04-25T20:14:32,000 - GPUMemoryUtilization.Percent:3.1005859375|#Level:Host,DeviceId:0|#hostname:amin-GF63-Thin-9SCXR,timestamp:1745586872
2025-04-25T20:14:32,002 - GPUMemoryUsed.Megabytes:127.0|#Level:Host,DeviceId:0|#hostname:amin-GF63-Thin-9SCXR,timestamp:1745586872
2025-04-25T20:14:32,003 - GPUUtilization.Percent:0.0|#Level:Host,DeviceId:0|#hostname:amin-GF63-Thin-9SCXR,timestamp:1745586872
2025-04-25T20:14:32,003 - MemoryAvailable.Megabytes:10309.578125|#Level:Host|#hostname:amin-GF63-Thin-9SCXR,timestamp:1745586872
2025-04-25T20:14:32,004 - MemoryUsed.Megabytes:4477.60546875|#Level:Host|#hostname:amin-GF63-Thin-9SCXR,timestamp:1745586872
2025-04-25T20:14:32,004 - MemoryUtilization.Percent:34.9|#Level:Host|#hostname:amin-GF63-Thin-9SCXR,timestamp:1745586872
2025-04-25T20:15:31,982 - CPUUtilization.Percent:0.0|#Level:Host|#hostname:amin-GF63-Thin-9SCXR,timestamp:1745586931
2025-04-25T20:15:31,982 - DiskAvailable.Gigabytes:0.24258804321289062|#Level:Host|#hostname:amin-GF63-Thin-9SCXR,timestamp:1745586931
2025-04-25T20:15:31,982 - DiskUsage.Gigabytes:95.99047470092773|#Level:Host|#hostname:amin-GF63-Thin-9SCXR,timestamp:1745586931
2025-04-25T20:15:31,982 - DiskUtilization.Percent:99.7|#Level:Host|#hostname:amin-GF63-Thin-9SCXR,timestamp:1745586931
2025-04-25T20:15:31,982 - GPUMemoryUtilization.Percent:3.1005859375|#Level:Host,DeviceId:0|#hostname:amin-GF63-Thin-9SCXR,timestamp:1745586931
2025-04-25T20:15:31,983 - GPUMemoryUsed.Megabytes:127.0|#Level:Host,DeviceId:0|#hostname:amin-GF63-Thin-9SCXR,timestamp:1745586931
2025-04-25T20:15:31,983 - GPUUtilization.Percent:0.0|#Level:Host,DeviceId:0|#hostname:amin-GF63-Thin-9SCXR,timestamp:1745586931
2025-04-25T20:15:31,983 - MemoryAvailable.Megabytes:10341.953125|#Level:Host|#hostname:amin-GF63-Thin-9SCXR,timestamp:1745586931
2025-04-25T20:15:31,983 - MemoryUsed.Megabytes:4451.06640625|#Level:Host|#hostname:amin-GF63-Thin-9SCXR,timestamp:1745586931
2025-04-25T20:15:31,983 - MemoryUtilization.Percent:34.7|#Level:Host|#hostname:amin-GF63-Thin-9SCXR,timestamp:1745586931
2025-04-25T20:16:31,971 - CPUUtilization.Percent:0.0|#Level:Host|#hostname:amin-GF63-Thin-9SCXR,timestamp:1745586991
2025-04-25T20:16:31,972 - DiskAvailable.Gigabytes:0.24280929565429688|#Level:Host|#hostname:amin-GF63-Thin-9SCXR,timestamp:1745586991
2025-04-25T20:16:31,972 - DiskUsage.Gigabytes:95.99025344848633|#Level:Host|#hostname:amin-GF63-Thin-9SCXR,timestamp:1745586991
2025-04-25T20:16:31,973 - DiskUtilization.Percent:99.7|#Level:Host|#hostname:amin-GF63-Thin-9SCXR,timestamp:1745586991
2025-04-25T20:16:31,973 - GPUMemoryUtilization.Percent:3.1005859375|#Level:Host,DeviceId:0|#hostname:amin-GF63-Thin-9SCXR,timestamp:1745586991
2025-04-25T20:16:31,974 - GPUMemoryUsed.Megabytes:127.0|#Level:Host,DeviceId:0|#hostname:amin-GF63-Thin-9SCXR,timestamp:1745586991
2025-04-25T20:16:31,974 - GPUUtilization.Percent:0.0|#Level:Host,DeviceId:0|#hostname:amin-GF63-Thin-9SCXR,timestamp:1745586991
2025-04-25T20:16:31,975 - MemoryAvailable.Megabytes:10312.91015625|#Level:Host|#hostname:amin-GF63-Thin-9SCXR,timestamp:1745586991
2025-04-25T20:16:31,975 - MemoryUsed.Megabytes:4424.01171875|#Level:Host|#hostname:amin-GF63-Thin-9SCXR,timestamp:1745586991
2025-04-25T20:16:31,976 - MemoryUtilization.Percent:34.9|#Level:Host|#hostname:amin-GF63-Thin-9SCXR,timestamp:1745586991
2025-04-25T20:17:31,909 - CPUUtilization.Percent:0.0|#Level:Host|#hostname:amin-GF63-Thin-9SCXR,timestamp:1745587051
2025-04-25T20:17:31,910 - DiskAvailable.Gigabytes:0.24272537231445312|#Level:Host|#hostname:amin-GF63-Thin-9SCXR,timestamp:1745587051
2025-04-25T20:17:31,910 - DiskUsage.Gigabytes:95.99033737182617|#Level:Host|#hostname:amin-GF63-Thin-9SCXR,timestamp:1745587051
2025-04-25T20:17:31,910 - DiskUtilization.Percent:99.7|#Level:Host|#hostname:amin-GF63-Thin-9SCXR,timestamp:1745587051
2025-04-25T20:17:31,910 - GPUMemoryUtilization.Percent:3.1005859375|#Level:Host,DeviceId:0|#hostname:amin-GF63-Thin-9SCXR,timestamp:1745587051
2025-04-25T20:17:31,910 - GPUMemoryUsed.Megabytes:127.0|#Level:Host,DeviceId:0|#hostname:amin-GF63-Thin-9SCXR,timestamp:1745587051
2025-04-25T20:17:31,910 - GPUUtilization.Percent:0.0|#Level:Host,DeviceId:0|#hostname:amin-GF63-Thin-9SCXR,timestamp:1745587051
2025-04-25T20:17:31,911 - MemoryAvailable.Megabytes:10228.59375|#Level:Host|#hostname:amin-GF63-Thin-9SCXR,timestamp:1745587051
2025-04-25T20:17:31,911 - MemoryUsed.Megabytes:4547.140625|#Level:Host|#hostname:amin-GF63-Thin-9SCXR,timestamp:1745587051
2025-04-25T20:17:31,911 - MemoryUtilization.Percent:35.4|#Level:Host|#hostname:amin-GF63-Thin-9SCXR,timestamp:1745587051
2025-04-25T20:18:31,979 - CPUUtilization.Percent:0.0|#Level:Host|#hostname:amin-GF63-Thin-9SCXR,timestamp:1745587111
2025-04-25T20:18:31,979 - DiskAvailable.Gigabytes:0.24272918701171875|#Level:Host|#hostname:amin-GF63-Thin-9SCXR,timestamp:1745587111
2025-04-25T20:18:31,979 - DiskUsage.Gigabytes:95.9903335571289|#Level:Host|#hostname:amin-GF63-Thin-9SCXR,timestamp:1745587111
2025-04-25T20:18:31,979 - DiskUtilization.Percent:99.7|#Level:Host|#hostname:amin-GF63-Thin-9SCXR,timestamp:1745587111
2025-04-25T20:18:31,979 - GPUMemoryUtilization.Percent:3.1005859375|#Level:Host,DeviceId:0|#hostname:amin-GF63-Thin-9SCXR,timestamp:1745587111
2025-04-25T20:18:31,980 - GPUMemoryUsed.Megabytes:127.0|#Level:Host,DeviceId:0|#hostname:amin-GF63-Thin-9SCXR,timestamp:1745587111
2025-04-25T20:18:31,980 - GPUUtilization.Percent:0.0|#Level:Host,DeviceId:0|#hostname:amin-GF63-Thin-9SCXR,timestamp:1745587111
2025-04-25T20:18:31,980 - MemoryAvailable.Megabytes:10204.42578125|#Level:Host|#hostname:amin-GF63-Thin-9SCXR,timestamp:1745587111
2025-04-25T20:18:31,980 - MemoryUsed.Megabytes:4546.99609375|#Level:Host|#hostname:amin-GF63-Thin-9SCXR,timestamp:1745587111
2025-04-25T20:18:31,980 - MemoryUtilization.Percent:35.6|#Level:Host|#hostname:amin-GF63-Thin-9SCXR,timestamp:1745587111
